experiment_version,dataset,forecast_origin,model_id,graph_mode,seed,max_epochs,min_epochs,early_stopping_patience,early_stopping_min_relative_improvement,batch_size,optimizer,learning_rate,full_run_task_id,execution_stage,loss,inner_validation_definition,refit_policy,input_contract,node_ids_sha256,data_slice_sha256,graph_sha256,embedding_sha256,placebo_permutation_sha256,source_commit_or_lock,config_sha256,metric_protocol_sha256,adapter_status,control_faithfulness,prohibited_files,planned_status
FULL_UNIFIED_RUN_V1,M5,2015-12-07,seasonal_naive,none,13,,,,,4,native,,v1_0001_m5_20151207_seasonal_naive_s13,stage_2,log1p_huber_delta_1,latest locked 28-day rolling origin strictly before formal origin,reinitialize same seed; all pre-origin rolling samples; e_star epochs,configs/adapter_common_contract.yaml,0fdc80620cf8962630e75c1fa2432803a694bdd75347ebc77b3093fc02c15c5f,24f14f88e9945d2a7fb67744b119a74daf41bf279d2a3b941fb03feff77657e4,4e848b74ea357e0224e7040a2b5ea8d3cfd77d9b55bb869887df86ed6bfc2751,not_applicable,not_applicable,existing_source_locks.csv|compatibility_config_hash:15120158aaa48625c00f34b8cc1572b184fc98569bd1df31445ff86a5d54baa5,e6a9759eec74735c27f556ca1b69d374f5ed9b8062cf2b075e198f1be3af6aff,d7c77384eedf44b83bb464f03081bda024ebcdf3ebd2c5ef3e38acffa7bbfeef,adapter_ready,forecast_model,,pending
FULL_UNIFIED_RUN_V1,M5,2016-01-04,seasonal_naive,none,13,,,,,4,native,,v1_0002_m5_20160104_seasonal_naive_s13,stage_2,log1p_huber_delta_1,latest locked 28-day rolling origin strictly before formal origin,reinitialize same seed; all pre-origin rolling samples; e_star epochs,configs/adapter_common_contract.yaml,0fdc80620cf8962630e75c1fa2432803a694bdd75347ebc77b3093fc02c15c5f,f363d22b50ee5ecf935d764748129bbf4e83b2417ab50854a465cae0c12fccbf,3016e2d14ad01bc58bf8bc0ed0e99fd89d95ae1895eb99367eaa330b9cef355d,not_applicable,not_applicable,existing_source_locks.csv|compatibility_config_hash:15120158aaa48625c00f34b8cc1572b184fc98569bd1df31445ff86a5d54baa5,9ec15a6ac928218108735a98b6e7a1f914d8089bb08dc40786788d3af3ad1074,d7c77384eedf44b83bb464f03081bda024ebcdf3ebd2c5ef3e38acffa7bbfeef,adapter_ready,forecast_model,,pending
FULL_UNIFIED_RUN_V1,M5,2016-02-01,seasonal_naive,none,13,,,,,4,native,,v1_0003_m5_20160201_seasonal_naive_s13,stage_2,log1p_huber_delta_1,latest locked 28-day rolling origin strictly before formal origin,reinitialize same seed; all pre-origin rolling samples; e_star epochs,configs/adapter_common_contract.yaml,0fdc80620cf8962630e75c1fa2432803a694bdd75347ebc77b3093fc02c15c5f,84ec5e1a462241b724bdb52169726ffe86647b20efbad04d01b949a8b9fc2a01,3016e2d14ad01bc58bf8bc0ed0e99fd89d95ae1895eb99367eaa330b9cef355d,not_applicable,not_applicable,existing_source_locks.csv|compatibility_config_hash:15120158aaa48625c00f34b8cc1572b184fc98569bd1df31445ff86a5d54baa5,2ef3454da0229e133a990a306c9a3a480f93c790a1d37be32fe30819ed28848a,d7c77384eedf44b83bb464f03081bda024ebcdf3ebd2c5ef3e38acffa7bbfeef,adapter_ready,forecast_model,,pending
FULL_UNIFIED_RUN_V1,Favorita,2017-03-01,seasonal_naive,none,13,,,,,4,native,,v1_0004_favorita_20170301_seasonal_naive_s13,stage_2,log1p_huber_delta_1,latest locked 28-day rolling origin strictly before formal origin,reinitialize same seed; all pre-origin rolling samples; e_star epochs,configs/adapter_common_contract.yaml,99f53feff701ca0e8ddb39eaf4c2384b14067b4e69669a6d805e4efea668fb19,cd0beeec37632daa955a38f9eba4e42ab5553d9daac470a0028c402132af43b1,55dc80374cd57120ded1af94a404fe3169d392e3a0e2c0f29bd6d1a2eed1002e,not_applicable,not_applicable,existing_source_locks.csv|compatibility_config_hash:15120158aaa48625c00f34b8cc1572b184fc98569bd1df31445ff86a5d54baa5,90230acaa09332c2fd5a95ca4d8e553d7c47c8e41b0816e769b73504a065e364,d7c77384eedf44b83bb464f03081bda024ebcdf3ebd2c5ef3e38acffa7bbfeef,adapter_ready,forecast_model,,pending
FULL_UNIFIED_RUN_V1,Favorita,2017-03-29,seasonal_naive,none,13,,,,,4,native,,v1_0005_favorita_20170329_seasonal_naive_s13,stage_2,log1p_huber_delta_1,latest locked 28-day rolling origin strictly before formal origin,reinitialize same seed; all pre-origin rolling samples; e_star epochs,configs/adapter_common_contract.yaml,99f53feff701ca0e8ddb39eaf4c2384b14067b4e69669a6d805e4efea668fb19,345dabcf47b0f7e1fb1895e4c61f5d5ebffaa56e09a9f5b2d7896f439c70937b,61b843616ad20b3c0f66e85ec548fd8ee39336145e3b216b3e7363c867264271,not_applicable,not_applicable,existing_source_locks.csv|compatibility_config_hash:15120158aaa48625c00f34b8cc1572b184fc98569bd1df31445ff86a5d54baa5,54be18f219c51ddc770a171f37b9ebc97949c9637f6ff2a0b1ffc80ec3a33528,d7c77384eedf44b83bb464f03081bda024ebcdf3ebd2c5ef3e38acffa7bbfeef,adapter_ready,forecast_model,,pending
FULL_UNIFIED_RUN_V1,Favorita,2017-04-26,seasonal_naive,none,13,,,,,4,native,,v1_0006_favorita_20170426_seasonal_naive_s13,stage_2,log1p_huber_delta_1,latest locked 28-day rolling origin strictly before formal origin,reinitialize same seed; all pre-origin rolling samples; e_star epochs,configs/adapter_common_contract.yaml,99f53feff701ca0e8ddb39eaf4c2384b14067b4e69669a6d805e4efea668fb19,c488ebe713d35972ff5a908aa6c2090b4ea444972f31abbf215c0d17998dda91,c5ea41145b284ccabb9c8485eff0a16b0d7d6e25e5c1c3c30f9e41f0516db7ad,not_applicable,not_applicable,existing_source_locks.csv|compatibility_config_hash:15120158aaa48625c00f34b8cc1572b184fc98569bd1df31445ff86a5d54baa5,f34f531077b61f0ed30d936895f02542b7ff579f13025e0803005a51f65142f2,d7c77384eedf44b83bb464f03081bda024ebcdf3ebd2c5ef3e38acffa7bbfeef,adapter_ready,forecast_model,,pending
FULL_UNIFIED_RUN_V1,Store Item,2017-05-22,seasonal_naive,none,13,,,,,4,native,,v1_0007_store_item_20170522_seasonal_naive_s13,stage_2,log1p_huber_delta_1,latest locked 28-day rolling origin strictly before formal origin,reinitialize same seed; all pre-origin rolling samples; e_star epochs,configs/adapter_common_contract.yaml,99f53feff701ca0e8ddb39eaf4c2384b14067b4e69669a6d805e4efea668fb19,96f573b570f1b2d301538d41f90dacef49f3190e6f15d4c0105641fefebfcd31,16faaf5314d2d656099b5dfcf1294a6e3ae99741f8f303dcc812754898b52246,not_applicable,not_applicable,existing_source_locks.csv|compatibility_config_hash:15120158aaa48625c00f34b8cc1572b184fc98569bd1df31445ff86a5d54baa5,9865da6aaf46dbb0cd419a9c20e42aab847f590832881e9e9f3823c9a492728c,d7c77384eedf44b83bb464f03081bda024ebcdf3ebd2c5ef3e38acffa7bbfeef,adapter_ready,forecast_model,test.csv|sample_submission.csv|sealed_independent_test,pending
FULL_UNIFIED_RUN_V1,Store Item,2017-06-19,seasonal_naive,none,13,,,,,4,native,,v1_0008_store_item_20170619_seasonal_naive_s13,stage_2,log1p_huber_delta_1,latest locked 28-day rolling origin strictly before formal origin,reinitialize same seed; all pre-origin rolling samples; e_star epochs,configs/adapter_common_contract.yaml,99f53feff701ca0e8ddb39eaf4c2384b14067b4e69669a6d805e4efea668fb19,28beca4732b3f14a100f847605d2098885a415ba97668113a3ccce044ffb107d,0fbc52c84fd91f7cae2d2b0d15d8eb3627c8926e5b3fe3208f25e73f9d77146e,not_applicable,not_applicable,existing_source_locks.csv|compatibility_config_hash:15120158aaa48625c00f34b8cc1572b184fc98569bd1df31445ff86a5d54baa5,4f77d20f5094dd691be584683fef1824d7f2b94b60c35c1778369098c642a971,d7c77384eedf44b83bb464f03081bda024ebcdf3ebd2c5ef3e38acffa7bbfeef,adapter_ready,forecast_model,test.csv|sample_submission.csv|sealed_independent_test,pending
FULL_UNIFIED_RUN_V1,Store Item,2017-07-17,seasonal_naive,none,13,,,,,4,native,,v1_0009_store_item_20170717_seasonal_naive_s13,stage_2,log1p_huber_delta_1,latest locked 28-day rolling origin strictly before formal origin,reinitialize same seed; all pre-origin rolling samples; e_star epochs,configs/adapter_common_contract.yaml,99f53feff701ca0e8ddb39eaf4c2384b14067b4e69669a6d805e4efea668fb19,cb704e15bf73a80e87151fc7a786498308b0888b5b69c93a6c61d1fdd789036d,34d53ca2bc8d880fcab243b4a0c32e211cbc184f8aa88af0a0cc7daa0679b437,not_applicable,not_applicable,existing_source_locks.csv|compatibility_config_hash:15120158aaa48625c00f34b8cc1572b184fc98569bd1df31445ff86a5d54baa5,21a23ca6456026a3ec2d5bef731b11fdbc84e741451f728ed1f803157ea4fb69,d7c77384eedf44b83bb464f03081bda024ebcdf3ebd2c5ef3e38acffa7bbfeef,adapter_ready,forecast_model,test.csv|sample_submission.csv|sealed_independent_test,pending
FULL_UNIFIED_RUN_V1,M5,2015-12-07,global_lightgbm,none,13,,,7,0.001,4,native,,v1_0010_m5_20151207_global_lightgbm_s13,stage_2,log1p_huber_delta_1,latest locked 28-day rolling origin strictly before formal origin,reinitialize same seed; all pre-origin rolling samples; e_star epochs,configs/adapter_common_contract.yaml,0fdc80620cf8962630e75c1fa2432803a694bdd75347ebc77b3093fc02c15c5f,24f14f88e9945d2a7fb67744b119a74daf41bf279d2a3b941fb03feff77657e4,4e848b74ea357e0224e7040a2b5ea8d3cfd77d9b55bb869887df86ed6bfc2751,not_applicable,not_applicable,existing_source_locks.csv|compatibility_config_hash:15120158aaa48625c00f34b8cc1572b184fc98569bd1df31445ff86a5d54baa5,193ef103c54c766d35057c2a1a4bc0f5866319ab20f4156783fe6cd6d7a3388e,d7c77384eedf44b83bb464f03081bda024ebcdf3ebd2c5ef3e38acffa7bbfeef,adapter_ready,forecast_model,,pending
FULL_UNIFIED_RUN_V1,M5,2016-01-04,global_lightgbm,none,13,,,7,0.001,4,native,,v1_0011_m5_20160104_global_lightgbm_s13,stage_2,log1p_huber_delta_1,latest locked 28-day rolling origin strictly before formal origin,reinitialize same seed; all pre-origin rolling samples; e_star epochs,configs/adapter_common_contract.yaml,0fdc80620cf8962630e75c1fa2432803a694bdd75347ebc77b3093fc02c15c5f,f363d22b50ee5ecf935d764748129bbf4e83b2417ab50854a465cae0c12fccbf,3016e2d14ad01bc58bf8bc0ed0e99fd89d95ae1895eb99367eaa330b9cef355d,not_applicable,not_applicable,existing_source_locks.csv|compatibility_config_hash:15120158aaa48625c00f34b8cc1572b184fc98569bd1df31445ff86a5d54baa5,0062a100e0ff4072d8da42833514cb1f9185b32a7f0cc6c2a3964aa61199c347,d7c77384eedf44b83bb464f03081bda024ebcdf3ebd2c5ef3e38acffa7bbfeef,adapter_ready,forecast_model,,pending
FULL_UNIFIED_RUN_V1,M5,2016-02-01,global_lightgbm,none,13,,,7,0.001,4,native,,v1_0012_m5_20160201_global_lightgbm_s13,stage_2,log1p_huber_delta_1,latest locked 28-day rolling origin strictly before formal origin,reinitialize same seed; all pre-origin rolling samples; e_star epochs,configs/adapter_common_contract.yaml,0fdc80620cf8962630e75c1fa2432803a694bdd75347ebc77b3093fc02c15c5f,84ec5e1a462241b724bdb52169726ffe86647b20efbad04d01b949a8b9fc2a01,3016e2d14ad01bc58bf8bc0ed0e99fd89d95ae1895eb99367eaa330b9cef355d,not_applicable,not_applicable,existing_source_locks.csv|compatibility_config_hash:15120158aaa48625c00f34b8cc1572b184fc98569bd1df31445ff86a5d54baa5,ce833df7d70a6aaa419d22811497ddbb2457764d7bd3e1846bbec412943b7f9a,d7c77384eedf44b83bb464f03081bda024ebcdf3ebd2c5ef3e38acffa7bbfeef,adapter_ready,forecast_model,,pending
FULL_UNIFIED_RUN_V1,Favorita,2017-03-01,global_lightgbm,none,13,,,7,0.001,4,native,,v1_0013_favorita_20170301_global_lightgbm_s13,stage_2,log1p_huber_delta_1,latest locked 28-day rolling origin strictly before formal origin,reinitialize same seed; all pre-origin rolling samples; e_star epochs,configs/adapter_common_contract.yaml,99f53feff701ca0e8ddb39eaf4c2384b14067b4e69669a6d805e4efea668fb19,cd0beeec37632daa955a38f9eba4e42ab5553d9daac470a0028c402132af43b1,55dc80374cd57120ded1af94a404fe3169d392e3a0e2c0f29bd6d1a2eed1002e,not_applicable,not_applicable,existing_source_locks.csv|compatibility_config_hash:15120158aaa48625c00f34b8cc1572b184fc98569bd1df31445ff86a5d54baa5,943c3314b79dd7eca017716c918c714e93b095f85390281a6315701660a9d554,d7c77384eedf44b83bb464f03081bda024ebcdf3ebd2c5ef3e38acffa7bbfeef,adapter_ready,forecast_model,,pending
FULL_UNIFIED_RUN_V1,Favorita,2017-03-29,global_lightgbm,none,13,,,7,0.001,4,native,,v1_0014_favorita_20170329_global_lightgbm_s13,stage_2,log1p_huber_delta_1,latest locked 28-day rolling origin strictly before formal origin,reinitialize same seed; all pre-origin rolling samples; e_star epochs,configs/adapter_common_contract.yaml,99f53feff701ca0e8ddb39eaf4c2384b14067b4e69669a6d805e4efea668fb19,345dabcf47b0f7e1fb1895e4c61f5d5ebffaa56e09a9f5b2d7896f439c70937b,61b843616ad20b3c0f66e85ec548fd8ee39336145e3b216b3e7363c867264271,not_applicable,not_applicable,existing_source_locks.csv|compatibility_config_hash:15120158aaa48625c00f34b8cc1572b184fc98569bd1df31445ff86a5d54baa5,7bf093e7697d4c38b808a5585eaab886440d3c862c30c6657bcdbbe6086ff7b2,d7c77384eedf44b83bb464f03081bda024ebcdf3ebd2c5ef3e38acffa7bbfeef,adapter_ready,forecast_model,,pending
FULL_UNIFIED_RUN_V1,Favorita,2017-04-26,global_lightgbm,none,13,,,7,0.001,4,native,,v1_0015_favorita_20170426_global_lightgbm_s13,stage_2,log1p_huber_delta_1,latest locked 28-day rolling origin strictly before formal origin,reinitialize same seed; all pre-origin rolling samples; e_star epochs,configs/adapter_common_contract.yaml,99f53feff701ca0e8ddb39eaf4c2384b14067b4e69669a6d805e4efea668fb19,c488ebe713d35972ff5a908aa6c2090b4ea444972f31abbf215c0d17998dda91,c5ea41145b284ccabb9c8485eff0a16b0d7d6e25e5c1c3c30f9e41f0516db7ad,not_applicable,not_applicable,existing_source_locks.csv|compatibility_config_hash:15120158aaa48625c00f34b8cc1572b184fc98569bd1df31445ff86a5d54baa5,07afe46be93fafe475145ba7e8e8c30f99a2818737a6dc172e840fe113d6302a,d7c77384eedf44b83bb464f03081bda024ebcdf3ebd2c5ef3e38acffa7bbfeef,adapter_ready,forecast_model,,pending
FULL_UNIFIED_RUN_V1,Store Item,2017-05-22,global_lightgbm,none,13,,,7,0.001,4,native,,v1_0016_store_item_20170522_global_lightgbm_s13,stage_2,log1p_huber_delta_1,latest locked 28-day rolling origin strictly before formal origin,reinitialize same seed; all pre-origin rolling samples; e_star epochs,configs/adapter_common_contract.yaml,99f53feff701ca0e8ddb39eaf4c2384b14067b4e69669a6d805e4efea668fb19,96f573b570f1b2d301538d41f90dacef49f3190e6f15d4c0105641fefebfcd31,16faaf5314d2d656099b5dfcf1294a6e3ae99741f8f303dcc812754898b52246,not_applicable,not_applicable,existing_source_locks.csv|compatibility_config_hash:15120158aaa48625c00f34b8cc1572b184fc98569bd1df31445ff86a5d54baa5,9c56dbb15504f098841eef5a5b07f4dd6ae89b4595fb6cdafc27d5f13e706888,d7c77384eedf44b83bb464f03081bda024ebcdf3ebd2c5ef3e38acffa7bbfeef,adapter_ready,forecast_model,test.csv|sample_submission.csv|sealed_independent_test,pending
FULL_UNIFIED_RUN_V1,Store Item,2017-06-19,global_lightgbm,none,13,,,7,0.001,4,native,,v1_0017_store_item_20170619_global_lightgbm_s13,stage_2,log1p_huber_delta_1,latest locked 28-day rolling origin strictly before formal origin,reinitialize same seed; all pre-origin rolling samples; e_star epochs,configs/adapter_common_contract.yaml,99f53feff701ca0e8ddb39eaf4c2384b14067b4e69669a6d805e4efea668fb19,28beca4732b3f14a100f847605d2098885a415ba97668113a3ccce044ffb107d,0fbc52c84fd91f7cae2d2b0d15d8eb3627c8926e5b3fe3208f25e73f9d77146e,not_applicable,not_applicable,existing_source_locks.csv|compatibility_config_hash:15120158aaa48625c00f34b8cc1572b184fc98569bd1df31445ff86a5d54baa5,7a36ea654154df9d707b1f77cee2a6e4facb8513041e75c48c211231df958529,d7c77384eedf44b83bb464f03081bda024ebcdf3ebd2c5ef3e38acffa7bbfeef,adapter_ready,forecast_model,test.csv|sample_submission.csv|sealed_independent_test,pending
FULL_UNIFIED_RUN_V1,Store Item,2017-07-17,global_lightgbm,none,13,,,7,0.001,4,native,,v1_0018_store_item_20170717_global_lightgbm_s13,stage_2,log1p_huber_delta_1,latest locked 28-day rolling origin strictly before formal origin,reinitialize same seed; all pre-origin rolling samples; e_star epochs,configs/adapter_common_contract.yaml,99f53feff701ca0e8ddb39eaf4c2384b14067b4e69669a6d805e4efea668fb19,cb704e15bf73a80e87151fc7a786498308b0888b5b69c93a6c61d1fdd789036d,34d53ca2bc8d880fcab243b4a0c32e211cbc184f8aa88af0a0cc7daa0679b437,not_applicable,not_applicable,existing_source_locks.csv|compatibility_config_hash:15120158aaa48625c00f34b8cc1572b184fc98569bd1df31445ff86a5d54baa5,693bcb28c3c0fcdc5e11d309c290275610f758a7a75e5bd6eb5b0a88de7176e3,d7c77384eedf44b83bb464f03081bda024ebcdf3ebd2c5ef3e38acffa7bbfeef,adapter_ready,forecast_model,test.csv|sample_submission.csv|sealed_independent_test,pending
FULL_UNIFIED_RUN_V1,M5,2015-12-07,tcn_no_graph,no_graph,13,50,10,7,0.001,4,Adam,0.001,v1_0019_m5_20151207_tcn_no_graph_s13,stage_1,log1p_huber_delta_1,latest locked 28-day rolling origin strictly before formal origin,reinitialize same seed; all pre-origin rolling samples; e_star epochs,configs/adapter_common_contract.yaml,0fdc80620cf8962630e75c1fa2432803a694bdd75347ebc77b3093fc02c15c5f,24f14f88e9945d2a7fb67744b119a74daf41bf279d2a3b941fb03feff77657e4,identity_90x90,not_applicable,not_applicable,existing_source_locks.csv|compatibility_config_hash:15120158aaa48625c00f34b8cc1572b184fc98569bd1df31445ff86a5d54baa5,c19e90dc05d6ddb641349a56d3ccf7c0ef7a06e48cee4c066b70ede07b8a4cf5,d7c77384eedf44b83bb464f03081bda024ebcdf3ebd2c5ef3e38acffa7bbfeef,adapter_ready,matched_no_graph,,pending
FULL_UNIFIED_RUN_V1,M5,2015-12-07,tcn_no_graph,no_graph,29,50,10,7,0.001,4,Adam,0.001,v1_0020_m5_20151207_tcn_no_graph_s29,stage_1,log1p_huber_delta_1,latest locked 28-day rolling origin strictly before formal origin,reinitialize same seed; all pre-origin rolling samples; e_star epochs,configs/adapter_common_contract.yaml,0fdc80620cf8962630e75c1fa2432803a694bdd75347ebc77b3093fc02c15c5f,24f14f88e9945d2a7fb67744b119a74daf41bf279d2a3b941fb03feff77657e4,identity_90x90,not_applicable,not_applicable,existing_source_locks.csv|compatibility_config_hash:15120158aaa48625c00f34b8cc1572b184fc98569bd1df31445ff86a5d54baa5,10233fbafa4d18edfdd68ef8170f0b604da9b29a381568f38973436b22c087f5,d7c77384eedf44b83bb464f03081bda024ebcdf3ebd2c5ef3e38acffa7bbfeef,adapter_ready,matched_no_graph,,pending
FULL_UNIFIED_RUN_V1,M5,2015-12-07,tcn_no_graph,no_graph,47,50,10,7,0.001,4,Adam,0.001,v1_0021_m5_20151207_tcn_no_graph_s47,stage_1,log1p_huber_delta_1,latest locked 28-day rolling origin strictly before formal origin,reinitialize same seed; all pre-origin rolling samples; e_star epochs,configs/adapter_common_contract.yaml,0fdc80620cf8962630e75c1fa2432803a694bdd75347ebc77b3093fc02c15c5f,24f14f88e9945d2a7fb67744b119a74daf41bf279d2a3b941fb03feff77657e4,identity_90x90,not_applicable,not_applicable,existing_source_locks.csv|compatibility_config_hash:15120158aaa48625c00f34b8cc1572b184fc98569bd1df31445ff86a5d54baa5,3c701d2df00661157158a0a7e8e6c23da9dfd5abdaf102266bc2af0cc52a8c57,d7c77384eedf44b83bb464f03081bda024ebcdf3ebd2c5ef3e38acffa7bbfeef,adapter_ready,matched_no_graph,,pending
FULL_UNIFIED_RUN_V1,M5,2016-01-04,tcn_no_graph,no_graph,13,50,10,7,0.001,4,Adam,0.001,v1_0022_m5_20160104_tcn_no_graph_s13,stage_1,log1p_huber_delta_1,latest locked 28-day rolling origin strictly before formal origin,reinitialize same seed; all pre-origin rolling samples; e_star epochs,configs/adapter_common_contract.yaml,0fdc80620cf8962630e75c1fa2432803a694bdd75347ebc77b3093fc02c15c5f,f363d22b50ee5ecf935d764748129bbf4e83b2417ab50854a465cae0c12fccbf,identity_90x90,not_applicable,not_applicable,existing_source_locks.csv|compatibility_config_hash:15120158aaa48625c00f34b8cc1572b184fc98569bd1df31445ff86a5d54baa5,3a436ded815931d6e4ddfa77170a156dc740d219a8e7c02a15aa633ebf757a81,d7c77384eedf44b83bb464f03081bda024ebcdf3ebd2c5ef3e38acffa7bbfeef,adapter_ready,matched_no_graph,,pending
FULL_UNIFIED_RUN_V1,M5,2016-01-04,tcn_no_graph,no_graph,29,50,10,7,0.001,4,Adam,0.001,v1_0023_m5_20160104_tcn_no_graph_s29,stage_1,log1p_huber_delta_1,latest locked 28-day rolling origin strictly before formal origin,reinitialize same seed; all pre-origin rolling samples; e_star epochs,configs/adapter_common_contract.yaml,0fdc80620cf8962630e75c1fa2432803a694bdd75347ebc77b3093fc02c15c5f,f363d22b50ee5ecf935d764748129bbf4e83b2417ab50854a465cae0c12fccbf,identity_90x90,not_applicable,not_applicable,existing_source_locks.csv|compatibility_config_hash:15120158aaa48625c00f34b8cc1572b184fc98569bd1df31445ff86a5d54baa5,276a4d262ccd487c6190421bef05f59b010f24be8b7df50b5dd2889cd5dad95e,d7c77384eedf44b83bb464f03081bda024ebcdf3ebd2c5ef3e38acffa7bbfeef,adapter_ready,matched_no_graph,,pending
FULL_UNIFIED_RUN_V1,M5,2016-01-04,tcn_no_graph,no_graph,47,50,10,7,0.001,4,Adam,0.001,v1_0024_m5_20160104_tcn_no_graph_s47,stage_1,log1p_huber_delta_1,latest locked 28-day rolling origin strictly before formal origin,reinitialize same seed; all pre-origin rolling samples; e_star epochs,configs/adapter_common_contract.yaml,0fdc80620cf8962630e75c1fa2432803a694bdd75347ebc77b3093fc02c15c5f,f363d22b50ee5ecf935d764748129bbf4e83b2417ab50854a465cae0c12fccbf,identity_90x90,not_applicable,not_applicable,existing_source_locks.csv|compatibility_config_hash:15120158aaa48625c00f34b8cc1572b184fc98569bd1df31445ff86a5d54baa5,fadbddd37b4eac6ed787a6f5173db9e1eea421dbeda7235218fce245e6561037,d7c77384eedf44b83bb464f03081bda024ebcdf3ebd2c5ef3e38acffa7bbfeef,adapter_ready,matched_no_graph,,pending
FULL_UNIFIED_RUN_V1,M5,2016-02-01,tcn_no_graph,no_graph,13,50,10,7,0.001,4,Adam,0.001,v1_0025_m5_20160201_tcn_no_graph_s13,stage_1,log1p_huber_delta_1,latest locked 28-day rolling origin strictly before formal origin,reinitialize same seed; all pre-origin rolling samples; e_star epochs,configs/adapter_common_contract.yaml,0fdc80620cf8962630e75c1fa2432803a694bdd75347ebc77b3093fc02c15c5f,84ec5e1a462241b724bdb52169726ffe86647b20efbad04d01b949a8b9fc2a01,identity_90x90,not_applicable,not_applicable,existing_source_locks.csv|compatibility_config_hash:15120158aaa48625c00f34b8cc1572b184fc98569bd1df31445ff86a5d54baa5,5ba7e6561c44f1f006af72e2e460db3ee8212c6eeaf1aea93ef935540a28b2d3,d7c77384eedf44b83bb464f03081bda024ebcdf3ebd2c5ef3e38acffa7bbfeef,adapter_ready,matched_no_graph,,pending
FULL_UNIFIED_RUN_V1,M5,2016-02-01,tcn_no_graph,no_graph,29,50,10,7,0.001,4,Adam,0.001,v1_0026_m5_20160201_tcn_no_graph_s29,stage_1,log1p_huber_delta_1,latest locked 28-day rolling origin strictly before formal origin,reinitialize same seed; all pre-origin rolling samples; e_star epochs,configs/adapter_common_contract.yaml,0fdc80620cf8962630e75c1fa2432803a694bdd75347ebc77b3093fc02c15c5f,84ec5e1a462241b724bdb52169726ffe86647b20efbad04d01b949a8b9fc2a01,identity_90x90,not_applicable,not_applicable,existing_source_locks.csv|compatibility_config_hash:15120158aaa48625c00f34b8cc1572b184fc98569bd1df31445ff86a5d54baa5,b9dc96291b33cfe83d16a8502af99df6aba34c8c418ac0ea3fd0e24fcb4e0a67,d7c77384eedf44b83bb464f03081bda024ebcdf3ebd2c5ef3e38acffa7bbfeef,adapter_ready,matched_no_graph,,pending
FULL_UNIFIED_RUN_V1,M5,2016-02-01,tcn_no_graph,no_graph,47,50,10,7,0.001,4,Adam,0.001,v1_0027_m5_20160201_tcn_no_graph_s47,stage_1,log1p_huber_delta_1,latest locked 28-day rolling origin strictly before formal origin,reinitialize same seed; all pre-origin rolling samples; e_star epochs,configs/adapter_common_contract.yaml,0fdc80620cf8962630e75c1fa2432803a694bdd75347ebc77b3093fc02c15c5f,84ec5e1a462241b724bdb52169726ffe86647b20efbad04d01b949a8b9fc2a01,identity_90x90,not_applicable,not_applicable,existing_source_locks.csv|compatibility_config_hash:15120158aaa48625c00f34b8cc1572b184fc98569bd1df31445ff86a5d54baa5,c1533c7d9a19380efd0b003abbf2f6ae78e78bc57f45c5ed79ae2ae0a6bf2e6a,d7c77384eedf44b83bb464f03081bda024ebcdf3ebd2c5ef3e38acffa7bbfeef,adapter_ready,matched_no_graph,,pending
FULL_UNIFIED_RUN_V1,Favorita,2017-03-01,tcn_no_graph,no_graph,13,50,10,7,0.001,4,Adam,0.001,v1_0028_favorita_20170301_tcn_no_graph_s13,stage_1,log1p_huber_delta_1,latest locked 28-day rolling origin strictly before formal origin,reinitialize same seed; all pre-origin rolling samples; e_star epochs,configs/adapter_common_contract.yaml,99f53feff701ca0e8ddb39eaf4c2384b14067b4e69669a6d805e4efea668fb19,cd0beeec37632daa955a38f9eba4e42ab5553d9daac470a0028c402132af43b1,identity_90x90,not_applicable,not_applicable,existing_source_locks.csv|compatibility_config_hash:15120158aaa48625c00f34b8cc1572b184fc98569bd1df31445ff86a5d54baa5,6157a25acba00ca552c1528f68b6f47b89d5022527b9de62cc43999f76960e68,d7c77384eedf44b83bb464f03081bda024ebcdf3ebd2c5ef3e38acffa7bbfeef,adapter_ready,matched_no_graph,,pending
FULL_UNIFIED_RUN_V1,Favorita,2017-03-01,tcn_no_graph,no_graph,29,50,10,7,0.001,4,Adam,0.001,v1_0029_favorita_20170301_tcn_no_graph_s29,stage_1,log1p_huber_delta_1,latest locked 28-day rolling origin strictly before formal origin,reinitialize same seed; all pre-origin rolling samples; e_star epochs,configs/adapter_common_contract.yaml,99f53feff701ca0e8ddb39eaf4c2384b14067b4e69669a6d805e4efea668fb19,cd0beeec37632daa955a38f9eba4e42ab5553d9daac470a0028c402132af43b1,identity_90x90,not_applicable,not_applicable,existing_source_locks.csv|compatibility_config_hash:15120158aaa48625c00f34b8cc1572b184fc98569bd1df31445ff86a5d54baa5,8279d852fbb8dcbf7b02f6f13186757820646ffa4077c6f1a8072800aa151710,d7c77384eedf44b83bb464f03081bda024ebcdf3ebd2c5ef3e38acffa7bbfeef,adapter_ready,matched_no_graph,,pending
FULL_UNIFIED_RUN_V1,Favorita,2017-03-01,tcn_no_graph,no_graph,47,50,10,7,0.001,4,Adam,0.001,v1_0030_favorita_20170301_tcn_no_graph_s47,stage_1,log1p_huber_delta_1,latest locked 28-day rolling origin strictly before formal origin,reinitialize same seed; all pre-origin rolling samples; e_star epochs,configs/adapter_common_contract.yaml,99f53feff701ca0e8ddb39eaf4c2384b14067b4e69669a6d805e4efea668fb19,cd0beeec37632daa955a38f9eba4e42ab5553d9daac470a0028c402132af43b1,identity_90x90,not_applicable,not_applicable,existing_source_locks.csv|compatibility_config_hash:15120158aaa48625c00f34b8cc1572b184fc98569bd1df31445ff86a5d54baa5,7a0a6f6173676a423f7c988f74bb35cf9898e8cf0ea23a44408034edbfe88492,d7c77384eedf44b83bb464f03081bda024ebcdf3ebd2c5ef3e38acffa7bbfeef,adapter_ready,matched_no_graph,,pending
FULL_UNIFIED_RUN_V1,Favorita,2017-03-29,tcn_no_graph,no_graph,13,50,10,7,0.001,4,Adam,0.001,v1_0031_favorita_20170329_tcn_no_graph_s13,stage_1,log1p_huber_delta_1,latest locked 28-day rolling origin strictly before formal origin,reinitialize same seed; all pre-origin rolling samples; e_star epochs,configs/adapter_common_contract.yaml,99f53feff701ca0e8ddb39eaf4c2384b14067b4e69669a6d805e4efea668fb19,345dabcf47b0f7e1fb1895e4c61f5d5ebffaa56e09a9f5b2d7896f439c70937b,identity_90x90,not_applicable,not_applicable,existing_source_locks.csv|compatibility_config_hash:15120158aaa48625c00f34b8cc1572b184fc98569bd1df31445ff86a5d54baa5,75bb1133fda31d12866bad60a7e63457c8606c6d2eb56c2a6572dd0db9cc6655,d7c77384eedf44b83bb464f03081bda024ebcdf3ebd2c5ef3e38acffa7bbfeef,adapter_ready,matched_no_graph,,pending
FULL_UNIFIED_RUN_V1,Favorita,2017-03-29,tcn_no_graph,no_graph,29,50,10,7,0.001,4,Adam,0.001,v1_0032_favorita_20170329_tcn_no_graph_s29,stage_1,log1p_huber_delta_1,latest locked 28-day rolling origin strictly before formal origin,reinitialize same seed; all pre-origin rolling samples; e_star epochs,configs/adapter_common_contract.yaml,99f53feff701ca0e8ddb39eaf4c2384b14067b4e69669a6d805e4efea668fb19,345dabcf47b0f7e1fb1895e4c61f5d5ebffaa56e09a9f5b2d7896f439c70937b,identity_90x90,not_applicable,not_applicable,existing_source_locks.csv|compatibility_config_hash:15120158aaa48625c00f34b8cc1572b184fc98569bd1df31445ff86a5d54baa5,19e7d0307f46710389e83129e1ac007f2045b86eb7d4394536e19c18b59f5aaa,d7c77384eedf44b83bb464f03081bda024ebcdf3ebd2c5ef3e38acffa7bbfeef,adapter_ready,matched_no_graph,,pending
FULL_UNIFIED_RUN_V1,Favorita,2017-03-29,tcn_no_graph,no_graph,47,50,10,7,0.001,4,Adam,0.001,v1_0033_favorita_20170329_tcn_no_graph_s47,stage_1,log1p_huber_delta_1,latest locked 28-day rolling origin strictly before formal origin,reinitialize same seed; all pre-origin rolling samples; e_star epochs,configs/adapter_common_contract.yaml,99f53feff701ca0e8ddb39eaf4c2384b14067b4e69669a6d805e4efea668fb19,345dabcf47b0f7e1fb1895e4c61f5d5ebffaa56e09a9f5b2d7896f439c70937b,identity_90x90,not_applicable,not_applicable,existing_source_locks.csv|compatibility_config_hash:15120158aaa48625c00f34b8cc1572b184fc98569bd1df31445ff86a5d54baa5,08666debefde5651e9b3fdc4130d538ff8a73ed3bcbbf0f4c65f8cd7b237d9df,d7c77384eedf44b83bb464f03081bda024ebcdf3ebd2c5ef3e38acffa7bbfeef,adapter_ready,matched_no_graph,,pending
FULL_UNIFIED_RUN_V1,Favorita,2017-04-26,tcn_no_graph,no_graph,13,50,10,7,0.001,4,Adam,0.001,v1_0034_favorita_20170426_tcn_no_graph_s13,stage_1,log1p_huber_delta_1,latest locked 28-day rolling origin strictly before formal origin,reinitialize same seed; all pre-origin rolling samples; e_star epochs,configs/adapter_common_contract.yaml,99f53feff701ca0e8ddb39eaf4c2384b14067b4e69669a6d805e4efea668fb19,c488ebe713d35972ff5a908aa6c2090b4ea444972f31abbf215c0d17998dda91,identity_90x90,not_applicable,not_applicable,existing_source_locks.csv|compatibility_config_hash:15120158aaa48625c00f34b8cc1572b184fc98569bd1df31445ff86a5d54baa5,6b82372a5a98e4de2449ea6c26202d3c361c95e972b8ed2d7627437cd661b424,d7c77384eedf44b83bb464f03081bda024ebcdf3ebd2c5ef3e38acffa7bbfeef,adapter_ready,matched_no_graph,,pending
FULL_UNIFIED_RUN_V1,Favorita,2017-04-26,tcn_no_graph,no_graph,29,50,10,7,0.001,4,Adam,0.001,v1_0035_favorita_20170426_tcn_no_graph_s29,stage_1,log1p_huber_delta_1,latest locked 28-day rolling origin strictly before formal origin,reinitialize same seed; all pre-origin rolling samples; e_star epochs,configs/adapter_common_contract.yaml,99f53feff701ca0e8ddb39eaf4c2384b14067b4e69669a6d805e4efea668fb19,c488ebe713d35972ff5a908aa6c2090b4ea444972f31abbf215c0d17998dda91,identity_90x90,not_applicable,not_applicable,existing_source_locks.csv|compatibility_config_hash:15120158aaa48625c00f34b8cc1572b184fc98569bd1df31445ff86a5d54baa5,746a1d8e6bff8e9fc4454e89256b9972f31f4c56f1e6f896dcde048c8abcb389,d7c77384eedf44b83bb464f03081bda024ebcdf3ebd2c5ef3e38acffa7bbfeef,adapter_ready,matched_no_graph,,pending
FULL_UNIFIED_RUN_V1,Favorita,2017-04-26,tcn_no_graph,no_graph,47,50,10,7,0.001,4,Adam,0.001,v1_0036_favorita_20170426_tcn_no_graph_s47,stage_1,log1p_huber_delta_1,latest locked 28-day rolling origin strictly before formal origin,reinitialize same seed; all pre-origin rolling samples; e_star epochs,configs/adapter_common_contract.yaml,99f53feff701ca0e8ddb39eaf4c2384b14067b4e69669a6d805e4efea668fb19,c488ebe713d35972ff5a908aa6c2090b4ea444972f31abbf215c0d17998dda91,identity_90x90,not_applicable,not_applicable,existing_source_locks.csv|compatibility_config_hash:15120158aaa48625c00f34b8cc1572b184fc98569bd1df31445ff86a5d54baa5,2aa6b8c1c7f823ffdbdf023588068e80b3acc9e04f6c8276342d8b6d812d1d06,d7c77384eedf44b83bb464f03081bda024ebcdf3ebd2c5ef3e38acffa7bbfeef,adapter_ready,matched_no_graph,,pending
FULL_UNIFIED_RUN_V1,Store Item,2017-05-22,tcn_no_graph,no_graph,13,50,10,7,0.001,4,Adam,0.001,v1_0037_store_item_20170522_tcn_no_graph_s13,stage_1,log1p_huber_delta_1,latest locked 28-day rolling origin strictly before formal origin,reinitialize same seed; all pre-origin rolling samples; e_star epochs,configs/adapter_common_contract.yaml,99f53feff701ca0e8ddb39eaf4c2384b14067b4e69669a6d805e4efea668fb19,96f573b570f1b2d301538d41f90dacef49f3190e6f15d4c0105641fefebfcd31,identity_90x90,not_applicable,not_applicable,existing_source_locks.csv|compatibility_config_hash:15120158aaa48625c00f34b8cc1572b184fc98569bd1df31445ff86a5d54baa5,34d114efd79fa4fa5e192b85a0b1a654f24aacde63d54091f94651ef684e35fd,d7c77384eedf44b83bb464f03081bda024ebcdf3ebd2c5ef3e38acffa7bbfeef,adapter_ready,matched_no_graph,test.csv|sample_submission.csv|sealed_independent_test,pending
FULL_UNIFIED_RUN_V1,Store Item,2017-05-22,tcn_no_graph,no_graph,29,50,10,7,0.001,4,Adam,0.001,v1_0038_store_item_20170522_tcn_no_graph_s29,stage_1,log1p_huber_delta_1,latest locked 28-day rolling origin strictly before formal origin,reinitialize same seed; all pre-origin rolling samples; e_star epochs,configs/adapter_common_contract.yaml,99f53feff701ca0e8ddb39eaf4c2384b14067b4e69669a6d805e4efea668fb19,96f573b570f1b2d301538d41f90dacef49f3190e6f15d4c0105641fefebfcd31,identity_90x90,not_applicable,not_applicable,existing_source_locks.csv|compatibility_config_hash:15120158aaa48625c00f34b8cc1572b184fc98569bd1df31445ff86a5d54baa5,d2d32193a5ee5e4062e9b24eb7b26b20d4034d2ab13c956f96e2f42bcd250a4b,d7c77384eedf44b83bb464f03081bda024ebcdf3ebd2c5ef3e38acffa7bbfeef,adapter_ready,matched_no_graph,test.csv|sample_submission.csv|sealed_independent_test,pending
FULL_UNIFIED_RUN_V1,Store Item,2017-05-22,tcn_no_graph,no_graph,47,50,10,7,0.001,4,Adam,0.001,v1_0039_store_item_20170522_tcn_no_graph_s47,stage_1,log1p_huber_delta_1,latest locked 28-day rolling origin strictly before formal origin,reinitialize same seed; all pre-origin rolling samples; e_star epochs,configs/adapter_common_contract.yaml,99f53feff701ca0e8ddb39eaf4c2384b14067b4e69669a6d805e4efea668fb19,96f573b570f1b2d301538d41f90dacef49f3190e6f15d4c0105641fefebfcd31,identity_90x90,not_applicable,not_applicable,existing_source_locks.csv|compatibility_config_hash:15120158aaa48625c00f34b8cc1572b184fc98569bd1df31445ff86a5d54baa5,fe86d20cb521de7644861aa2279ebc23e5ef323f6c4e14fb72f02a13dfff3dc5,d7c77384eedf44b83bb464f03081bda024ebcdf3ebd2c5ef3e38acffa7bbfeef,adapter_ready,matched_no_graph,test.csv|sample_submission.csv|sealed_independent_test,pending
FULL_UNIFIED_RUN_V1,Store Item,2017-06-19,tcn_no_graph,no_graph,13,50,10,7,0.001,4,Adam,0.001,v1_0040_store_item_20170619_tcn_no_graph_s13,stage_1,log1p_huber_delta_1,latest locked 28-day rolling origin strictly before formal origin,reinitialize same seed; all pre-origin rolling samples; e_star epochs,configs/adapter_common_contract.yaml,99f53feff701ca0e8ddb39eaf4c2384b14067b4e69669a6d805e4efea668fb19,28beca4732b3f14a100f847605d2098885a415ba97668113a3ccce044ffb107d,identity_90x90,not_applicable,not_applicable,existing_source_locks.csv|compatibility_config_hash:15120158aaa48625c00f34b8cc1572b184fc98569bd1df31445ff86a5d54baa5,a8a6554d7c07709982ea1bddacb32a6ac472cbc76ab451f7a3c84d6af7397bea,d7c77384eedf44b83bb464f03081bda024ebcdf3ebd2c5ef3e38acffa7bbfeef,adapter_ready,matched_no_graph,test.csv|sample_submission.csv|sealed_independent_test,pending
FULL_UNIFIED_RUN_V1,Store Item,2017-06-19,tcn_no_graph,no_graph,29,50,10,7,0.001,4,Adam,0.001,v1_0041_store_item_20170619_tcn_no_graph_s29,stage_1,log1p_huber_delta_1,latest locked 28-day rolling origin strictly before formal origin,reinitialize same seed; all pre-origin rolling samples; e_star epochs,configs/adapter_common_contract.yaml,99f53feff701ca0e8ddb39eaf4c2384b14067b4e69669a6d805e4efea668fb19,28beca4732b3f14a100f847605d2098885a415ba97668113a3ccce044ffb107d,identity_90x90,not_applicable,not_applicable,existing_source_locks.csv|compatibility_config_hash:15120158aaa48625c00f34b8cc1572b184fc98569bd1df31445ff86a5d54baa5,c829b2424aafaec5988fbbae8039d7091432bfc975fd7a8f434d065d8d86a4a1,d7c77384eedf44b83bb464f03081bda024ebcdf3ebd2c5ef3e38acffa7bbfeef,adapter_ready,matched_no_graph,test.csv|sample_submission.csv|sealed_independent_test,pending
FULL_UNIFIED_RUN_V1,Store Item,2017-06-19,tcn_no_graph,no_graph,47,50,10,7,0.001,4,Adam,0.001,v1_0042_store_item_20170619_tcn_no_graph_s47,stage_1,log1p_huber_delta_1,latest locked 28-day rolling origin strictly before formal origin,reinitialize same seed; all pre-origin rolling samples; e_star epochs,configs/adapter_common_contract.yaml,99f53feff701ca0e8ddb39eaf4c2384b14067b4e69669a6d805e4efea668fb19,28beca4732b3f14a100f847605d2098885a415ba97668113a3ccce044ffb107d,identity_90x90,not_applicable,not_applicable,existing_source_locks.csv|compatibility_config_hash:15120158aaa48625c00f34b8cc1572b184fc98569bd1df31445ff86a5d54baa5,09d40c2ba3c31a2381d22a63bc2ea727fe79a919ed8c2480b6951c42c56a0f38,d7c77384eedf44b83bb464f03081bda024ebcdf3ebd2c5ef3e38acffa7bbfeef,adapter_ready,matched_no_graph,test.csv|sample_submission.csv|sealed_independent_test,pending
FULL_UNIFIED_RUN_V1,Store Item,2017-07-17,tcn_no_graph,no_graph,13,50,10,7,0.001,4,Adam,0.001,v1_0043_store_item_20170717_tcn_no_graph_s13,stage_1,log1p_huber_delta_1,latest locked 28-day rolling origin strictly before formal origin,reinitialize same seed; all pre-origin rolling samples; e_star epochs,configs/adapter_common_contract.yaml,99f53feff701ca0e8ddb39eaf4c2384b14067b4e69669a6d805e4efea668fb19,cb704e15bf73a80e87151fc7a786498308b0888b5b69c93a6c61d1fdd789036d,identity_90x90,not_applicable,not_applicable,existing_source_locks.csv|compatibility_config_hash:15120158aaa48625c00f34b8cc1572b184fc98569bd1df31445ff86a5d54baa5,d7e3d84edb05034934cc90f5e47a8e30b4e422c7ef087fee4555d4cbe1ee1378,d7c77384eedf44b83bb464f03081bda024ebcdf3ebd2c5ef3e38acffa7bbfeef,adapter_ready,matched_no_graph,test.csv|sample_submission.csv|sealed_independent_test,pending
FULL_UNIFIED_RUN_V1,Store Item,2017-07-17,tcn_no_graph,no_graph,29,50,10,7,0.001,4,Adam,0.001,v1_0044_store_item_20170717_tcn_no_graph_s29,stage_1,log1p_huber_delta_1,latest locked 28-day rolling origin strictly before formal origin,reinitialize same seed; all pre-origin rolling samples; e_star epochs,configs/adapter_common_contract.yaml,99f53feff701ca0e8ddb39eaf4c2384b14067b4e69669a6d805e4efea668fb19,cb704e15bf73a80e87151fc7a786498308b0888b5b69c93a6c61d1fdd789036d,identity_90x90,not_applicable,not_applicable,existing_source_locks.csv|compatibility_config_hash:15120158aaa48625c00f34b8cc1572b184fc98569bd1df31445ff86a5d54baa5,dd1f9ad222b72eb49a943e6a888e0d638854ff93ff47a31fdf83af70a7e2df79,d7c77384eedf44b83bb464f03081bda024ebcdf3ebd2c5ef3e38acffa7bbfeef,adapter_ready,matched_no_graph,test.csv|sample_submission.csv|sealed_independent_test,pending
FULL_UNIFIED_RUN_V1,Store Item,2017-07-17,tcn_no_graph,no_graph,47,50,10,7,0.001,4,Adam,0.001,v1_0045_store_item_20170717_tcn_no_graph_s47,stage_1,log1p_huber_delta_1,latest locked 28-day rolling origin strictly before formal origin,reinitialize same seed; all pre-origin rolling samples; e_star epochs,configs/adapter_common_contract.yaml,99f53feff701ca0e8ddb39eaf4c2384b14067b4e69669a6d805e4efea668fb19,cb704e15bf73a80e87151fc7a786498308b0888b5b69c93a6c61d1fdd789036d,identity_90x90,not_applicable,not_applicable,existing_source_locks.csv|compatibility_config_hash:15120158aaa48625c00f34b8cc1572b184fc98569bd1df31445ff86a5d54baa5,cd5c0024bcd75a641c78d7670d5dea36225d6ba88aa9bf51df19e9b01e3c4313,d7c77384eedf44b83bb464f03081bda024ebcdf3ebd2c5ef3e38acffa7bbfeef,adapter_ready,matched_no_graph,test.csv|sample_submission.csv|sealed_independent_test,pending
FULL_UNIFIED_RUN_V1,M5,2015-12-07,tcn_business,native,13,50,10,7,0.001,4,Adam,0.001,v1_0046_m5_20151207_tcn_business_s13,stage_2,log1p_huber_delta_1,latest locked 28-day rolling origin strictly before formal origin,reinitialize same seed; all pre-origin rolling samples; e_star epochs,configs/adapter_common_contract.yaml,0fdc80620cf8962630e75c1fa2432803a694bdd75347ebc77b3093fc02c15c5f,24f14f88e9945d2a7fb67744b119a74daf41bf279d2a3b941fb03feff77657e4,4e848b74ea357e0224e7040a2b5ea8d3cfd77d9b55bb869887df86ed6bfc2751,not_applicable,not_applicable,existing_source_locks.csv|compatibility_config_hash:15120158aaa48625c00f34b8cc1572b184fc98569bd1df31445ff86a5d54baa5,3a72ee3a0379921de4a08c3da9b0d3bddf9b9c80b3b018f5b755b6f192bb6a22,d7c77384eedf44b83bb464f03081bda024ebcdf3ebd2c5ef3e38acffa7bbfeef,adapter_ready,graph_enabled,,pending
FULL_UNIFIED_RUN_V1,M5,2015-12-07,tcn_business,native,29,50,10,7,0.001,4,Adam,0.001,v1_0047_m5_20151207_tcn_business_s29,stage_2,log1p_huber_delta_1,latest locked 28-day rolling origin strictly before formal origin,reinitialize same seed; all pre-origin rolling samples; e_star epochs,configs/adapter_common_contract.yaml,0fdc80620cf8962630e75c1fa2432803a694bdd75347ebc77b3093fc02c15c5f,24f14f88e9945d2a7fb67744b119a74daf41bf279d2a3b941fb03feff77657e4,4e848b74ea357e0224e7040a2b5ea8d3cfd77d9b55bb869887df86ed6bfc2751,not_applicable,not_applicable,existing_source_locks.csv|compatibility_config_hash:15120158aaa48625c00f34b8cc1572b184fc98569bd1df31445ff86a5d54baa5,e09aa97625fa404264415b230571f69d8872ecd9b1bc4e1a8d67bd63dad61eb7,d7c77384eedf44b83bb464f03081bda024ebcdf3ebd2c5ef3e38acffa7bbfeef,adapter_ready,graph_enabled,,pending
FULL_UNIFIED_RUN_V1,M5,2015-12-07,tcn_business,native,47,50,10,7,0.001,4,Adam,0.001,v1_0048_m5_20151207_tcn_business_s47,stage_2,log1p_huber_delta_1,latest locked 28-day rolling origin strictly before formal origin,reinitialize same seed; all pre-origin rolling samples; e_star epochs,configs/adapter_common_contract.yaml,0fdc80620cf8962630e75c1fa2432803a694bdd75347ebc77b3093fc02c15c5f,24f14f88e9945d2a7fb67744b119a74daf41bf279d2a3b941fb03feff77657e4,4e848b74ea357e0224e7040a2b5ea8d3cfd77d9b55bb869887df86ed6bfc2751,not_applicable,not_applicable,existing_source_locks.csv|compatibility_config_hash:15120158aaa48625c00f34b8cc1572b184fc98569bd1df31445ff86a5d54baa5,e9df02679d31640f4b17aa26b52fe97d25336ee2f59b0272af3fbdabd257c44c,d7c77384eedf44b83bb464f03081bda024ebcdf3ebd2c5ef3e38acffa7bbfeef,adapter_ready,graph_enabled,,pending
FULL_UNIFIED_RUN_V1,M5,2016-01-04,tcn_business,native,13,50,10,7,0.001,4,Adam,0.001,v1_0049_m5_20160104_tcn_business_s13,stage_2,log1p_huber_delta_1,latest locked 28-day rolling origin strictly before formal origin,reinitialize same seed; all pre-origin rolling samples; e_star epochs,configs/adapter_common_contract.yaml,0fdc80620cf8962630e75c1fa2432803a694bdd75347ebc77b3093fc02c15c5f,f363d22b50ee5ecf935d764748129bbf4e83b2417ab50854a465cae0c12fccbf,3016e2d14ad01bc58bf8bc0ed0e99fd89d95ae1895eb99367eaa330b9cef355d,not_applicable,not_applicable,existing_source_locks.csv|compatibility_config_hash:15120158aaa48625c00f34b8cc1572b184fc98569bd1df31445ff86a5d54baa5,08334ca08ca77752a5299862c24bbf2d8ecd1fd1cc5ab3f1cccc3179bd4317e5,d7c77384eedf44b83bb464f03081bda024ebcdf3ebd2c5ef3e38acffa7bbfeef,adapter_ready,graph_enabled,,pending
FULL_UNIFIED_RUN_V1,M5,2016-01-04,tcn_business,native,29,50,10,7,0.001,4,Adam,0.001,v1_0050_m5_20160104_tcn_business_s29,stage_2,log1p_huber_delta_1,latest locked 28-day rolling origin strictly before formal origin,reinitialize same seed; all pre-origin rolling samples; e_star epochs,configs/adapter_common_contract.yaml,0fdc80620cf8962630e75c1fa2432803a694bdd75347ebc77b3093fc02c15c5f,f363d22b50ee5ecf935d764748129bbf4e83b2417ab50854a465cae0c12fccbf,3016e2d14ad01bc58bf8bc0ed0e99fd89d95ae1895eb99367eaa330b9cef355d,not_applicable,not_applicable,existing_source_locks.csv|compatibility_config_hash:15120158aaa48625c00f34b8cc1572b184fc98569bd1df31445ff86a5d54baa5,3b4fa2e5e8f5e9c34495219a572d4332aa4dda2d45aebb611a7f74c3f58a2dfb,d7c77384eedf44b83bb464f03081bda024ebcdf3ebd2c5ef3e38acffa7bbfeef,adapter_ready,graph_enabled,,pending
FULL_UNIFIED_RUN_V1,M5,2016-01-04,tcn_business,native,47,50,10,7,0.001,4,Adam,0.001,v1_0051_m5_20160104_tcn_business_s47,stage_2,log1p_huber_delta_1,latest locked 28-day rolling origin strictly before formal origin,reinitialize same seed; all pre-origin rolling samples; e_star epochs,configs/adapter_common_contract.yaml,0fdc80620cf8962630e75c1fa2432803a694bdd75347ebc77b3093fc02c15c5f,f363d22b50ee5ecf935d764748129bbf4e83b2417ab50854a465cae0c12fccbf,3016e2d14ad01bc58bf8bc0ed0e99fd89d95ae1895eb99367eaa330b9cef355d,not_applicable,not_applicable,existing_source_locks.csv|compatibility_config_hash:15120158aaa48625c00f34b8cc1572b184fc98569bd1df31445ff86a5d54baa5,7db9fb55f0a03d463954439c84f455279447071dfab2d58ea64cda9e2cc3b61a,d7c77384eedf44b83bb464f03081bda024ebcdf3ebd2c5ef3e38acffa7bbfeef,adapter_ready,graph_enabled,,pending
FULL_UNIFIED_RUN_V1,M5,2016-02-01,tcn_business,native,13,50,10,7,0.001,4,Adam,0.001,v1_0052_m5_20160201_tcn_business_s13,stage_2,log1p_huber_delta_1,latest locked 28-day rolling origin strictly before formal origin,reinitialize same seed; all pre-origin rolling samples; e_star epochs,configs/adapter_common_contract.yaml,0fdc80620cf8962630e75c1fa2432803a694bdd75347ebc77b3093fc02c15c5f,84ec5e1a462241b724bdb52169726ffe86647b20efbad04d01b949a8b9fc2a01,3016e2d14ad01bc58bf8bc0ed0e99fd89d95ae1895eb99367eaa330b9cef355d,not_applicable,not_applicable,existing_source_locks.csv|compatibility_config_hash:15120158aaa48625c00f34b8cc1572b184fc98569bd1df31445ff86a5d54baa5,6e6df3f4edae1308f21d62ca487db082e5af97c401064a85b777e74318dd2b82,d7c77384eedf44b83bb464f03081bda024ebcdf3ebd2c5ef3e38acffa7bbfeef,adapter_ready,graph_enabled,,pending
FULL_UNIFIED_RUN_V1,M5,2016-02-01,tcn_business,native,29,50,10,7,0.001,4,Adam,0.001,v1_0053_m5_20160201_tcn_business_s29,stage_2,log1p_huber_delta_1,latest locked 28-day rolling origin strictly before formal origin,reinitialize same seed; all pre-origin rolling samples; e_star epochs,configs/adapter_common_contract.yaml,0fdc80620cf8962630e75c1fa2432803a694bdd75347ebc77b3093fc02c15c5f,84ec5e1a462241b724bdb52169726ffe86647b20efbad04d01b949a8b9fc2a01,3016e2d14ad01bc58bf8bc0ed0e99fd89d95ae1895eb99367eaa330b9cef355d,not_applicable,not_applicable,existing_source_locks.csv|compatibility_config_hash:15120158aaa48625c00f34b8cc1572b184fc98569bd1df31445ff86a5d54baa5,e111d87d99dd8b90d0284b3b59f88b9adf9d6f32698abefc0bad6af4731a16a2,d7c77384eedf44b83bb464f03081bda024ebcdf3ebd2c5ef3e38acffa7bbfeef,adapter_ready,graph_enabled,,pending
FULL_UNIFIED_RUN_V1,M5,2016-02-01,tcn_business,native,47,50,10,7,0.001,4,Adam,0.001,v1_0054_m5_20160201_tcn_business_s47,stage_2,log1p_huber_delta_1,latest locked 28-day rolling origin strictly before formal origin,reinitialize same seed; all pre-origin rolling samples; e_star epochs,configs/adapter_common_contract.yaml,0fdc80620cf8962630e75c1fa2432803a694bdd75347ebc77b3093fc02c15c5f,84ec5e1a462241b724bdb52169726ffe86647b20efbad04d01b949a8b9fc2a01,3016e2d14ad01bc58bf8bc0ed0e99fd89d95ae1895eb99367eaa330b9cef355d,not_applicable,not_applicable,existing_source_locks.csv|compatibility_config_hash:15120158aaa48625c00f34b8cc1572b184fc98569bd1df31445ff86a5d54baa5,ea622d49f6944236c4628a55f5b810f86c81c27251a4ebcc01e69af6aaf95ca6,d7c77384eedf44b83bb464f03081bda024ebcdf3ebd2c5ef3e38acffa7bbfeef,adapter_ready,graph_enabled,,pending
FULL_UNIFIED_RUN_V1,Favorita,2017-03-01,tcn_business,native,13,50,10,7,0.001,4,Adam,0.001,v1_0055_favorita_20170301_tcn_business_s13,stage_2,log1p_huber_delta_1,latest locked 28-day rolling origin strictly before formal origin,reinitialize same seed; all pre-origin rolling samples; e_star epochs,configs/adapter_common_contract.yaml,99f53feff701ca0e8ddb39eaf4c2384b14067b4e69669a6d805e4efea668fb19,cd0beeec37632daa955a38f9eba4e42ab5553d9daac470a0028c402132af43b1,55dc80374cd57120ded1af94a404fe3169d392e3a0e2c0f29bd6d1a2eed1002e,not_applicable,not_applicable,existing_source_locks.csv|compatibility_config_hash:15120158aaa48625c00f34b8cc1572b184fc98569bd1df31445ff86a5d54baa5,2c510ea8f5c97816bbdae7a2d63dd072a3b20bc168e75c44de7ae19068305b68,d7c77384eedf44b83bb464f03081bda024ebcdf3ebd2c5ef3e38acffa7bbfeef,adapter_ready,graph_enabled,,pending
FULL_UNIFIED_RUN_V1,Favorita,2017-03-01,tcn_business,native,29,50,10,7,0.001,4,Adam,0.001,v1_0056_favorita_20170301_tcn_business_s29,stage_2,log1p_huber_delta_1,latest locked 28-day rolling origin strictly before formal origin,reinitialize same seed; all pre-origin rolling samples; e_star epochs,configs/adapter_common_contract.yaml,99f53feff701ca0e8ddb39eaf4c2384b14067b4e69669a6d805e4efea668fb19,cd0beeec37632daa955a38f9eba4e42ab5553d9daac470a0028c402132af43b1,55dc80374cd57120ded1af94a404fe3169d392e3a0e2c0f29bd6d1a2eed1002e,not_applicable,not_applicable,existing_source_locks.csv|compatibility_config_hash:15120158aaa48625c00f34b8cc1572b184fc98569bd1df31445ff86a5d54baa5,6f5df3a34b983447afe0228817260e6406451861ce1242d5eb3c523a200bc822,d7c77384eedf44b83bb464f03081bda024ebcdf3ebd2c5ef3e38acffa7bbfeef,adapter_ready,graph_enabled,,pending
FULL_UNIFIED_RUN_V1,Favorita,2017-03-01,tcn_business,native,47,50,10,7,0.001,4,Adam,0.001,v1_0057_favorita_20170301_tcn_business_s47,stage_2,log1p_huber_delta_1,latest locked 28-day rolling origin strictly before formal origin,reinitialize same seed; all pre-origin rolling samples; e_star epochs,configs/adapter_common_contract.yaml,99f53feff701ca0e8ddb39eaf4c2384b14067b4e69669a6d805e4efea668fb19,cd0beeec37632daa955a38f9eba4e42ab5553d9daac470a0028c402132af43b1,55dc80374cd57120ded1af94a404fe3169d392e3a0e2c0f29bd6d1a2eed1002e,not_applicable,not_applicable,existing_source_locks.csv|compatibility_config_hash:15120158aaa48625c00f34b8cc1572b184fc98569bd1df31445ff86a5d54baa5,2699d9754b4d5c91db3eee70864a087bd439889720c8f1e8df7bda05cbc194c6,d7c77384eedf44b83bb464f03081bda024ebcdf3ebd2c5ef3e38acffa7bbfeef,adapter_ready,graph_enabled,,pending
FULL_UNIFIED_RUN_V1,Favorita,2017-03-29,tcn_business,native,13,50,10,7,0.001,4,Adam,0.001,v1_0058_favorita_20170329_tcn_business_s13,stage_2,log1p_huber_delta_1,latest locked 28-day rolling origin strictly before formal origin,reinitialize same seed; all pre-origin rolling samples; e_star epochs,configs/adapter_common_contract.yaml,99f53feff701ca0e8ddb39eaf4c2384b14067b4e69669a6d805e4efea668fb19,345dabcf47b0f7e1fb1895e4c61f5d5ebffaa56e09a9f5b2d7896f439c70937b,61b843616ad20b3c0f66e85ec548fd8ee39336145e3b216b3e7363c867264271,not_applicable,not_applicable,existing_source_locks.csv|compatibility_config_hash:15120158aaa48625c00f34b8cc1572b184fc98569bd1df31445ff86a5d54baa5,2fd62af0ce8e674b0decc42bccb78ee08761df62e8a2fdc78a4207a0590fca43,d7c77384eedf44b83bb464f03081bda024ebcdf3ebd2c5ef3e38acffa7bbfeef,adapter_ready,graph_enabled,,pending
FULL_UNIFIED_RUN_V1,Favorita,2017-03-29,tcn_business,native,29,50,10,7,0.001,4,Adam,0.001,v1_0059_favorita_20170329_tcn_business_s29,stage_2,log1p_huber_delta_1,latest locked 28-day rolling origin strictly before formal origin,reinitialize same seed; all pre-origin rolling samples; e_star epochs,configs/adapter_common_contract.yaml,99f53feff701ca0e8ddb39eaf4c2384b14067b4e69669a6d805e4efea668fb19,345dabcf47b0f7e1fb1895e4c61f5d5ebffaa56e09a9f5b2d7896f439c70937b,61b843616ad20b3c0f66e85ec548fd8ee39336145e3b216b3e7363c867264271,not_applicable,not_applicable,existing_source_locks.csv|compatibility_config_hash:15120158aaa48625c00f34b8cc1572b184fc98569bd1df31445ff86a5d54baa5,cf5dfe33304da9e513833df4611c61d1f9d8893426fb8344bea86b29a1704cad,d7c77384eedf44b83bb464f03081bda024ebcdf3ebd2c5ef3e38acffa7bbfeef,adapter_ready,graph_enabled,,pending
FULL_UNIFIED_RUN_V1,Favorita,2017-03-29,tcn_business,native,47,50,10,7,0.001,4,Adam,0.001,v1_0060_favorita_20170329_tcn_business_s47,stage_2,log1p_huber_delta_1,latest locked 28-day rolling origin strictly before formal origin,reinitialize same seed; all pre-origin rolling samples; e_star epochs,configs/adapter_common_contract.yaml,99f53feff701ca0e8ddb39eaf4c2384b14067b4e69669a6d805e4efea668fb19,345dabcf47b0f7e1fb1895e4c61f5d5ebffaa56e09a9f5b2d7896f439c70937b,61b843616ad20b3c0f66e85ec548fd8ee39336145e3b216b3e7363c867264271,not_applicable,not_applicable,existing_source_locks.csv|compatibility_config_hash:15120158aaa48625c00f34b8cc1572b184fc98569bd1df31445ff86a5d54baa5,74c07199dc76bed22a7e2b616e22c0be6e50d1ab0c54de00516618d3751e78fa,d7c77384eedf44b83bb464f03081bda024ebcdf3ebd2c5ef3e38acffa7bbfeef,adapter_ready,graph_enabled,,pending
FULL_UNIFIED_RUN_V1,Favorita,2017-04-26,tcn_business,native,13,50,10,7,0.001,4,Adam,0.001,v1_0061_favorita_20170426_tcn_business_s13,stage_2,log1p_huber_delta_1,latest locked 28-day rolling origin strictly before formal origin,reinitialize same seed; all pre-origin rolling samples; e_star epochs,configs/adapter_common_contract.yaml,99f53feff701ca0e8ddb39eaf4c2384b14067b4e69669a6d805e4efea668fb19,c488ebe713d35972ff5a908aa6c2090b4ea444972f31abbf215c0d17998dda91,c5ea41145b284ccabb9c8485eff0a16b0d7d6e25e5c1c3c30f9e41f0516db7ad,not_applicable,not_applicable,existing_source_locks.csv|compatibility_config_hash:15120158aaa48625c00f34b8cc1572b184fc98569bd1df31445ff86a5d54baa5,7abee605778247378061ec08423285c923113ee47f28ecb5022a7d50c5e1151e,d7c77384eedf44b83bb464f03081bda024ebcdf3ebd2c5ef3e38acffa7bbfeef,adapter_ready,graph_enabled,,pending
FULL_UNIFIED_RUN_V1,Favorita,2017-04-26,tcn_business,native,29,50,10,7,0.001,4,Adam,0.001,v1_0062_favorita_20170426_tcn_business_s29,stage_2,log1p_huber_delta_1,latest locked 28-day rolling origin strictly before formal origin,reinitialize same seed; all pre-origin rolling samples; e_star epochs,configs/adapter_common_contract.yaml,99f53feff701ca0e8ddb39eaf4c2384b14067b4e69669a6d805e4efea668fb19,c488ebe713d35972ff5a908aa6c2090b4ea444972f31abbf215c0d17998dda91,c5ea41145b284ccabb9c8485eff0a16b0d7d6e25e5c1c3c30f9e41f0516db7ad,not_applicable,not_applicable,existing_source_locks.csv|compatibility_config_hash:15120158aaa48625c00f34b8cc1572b184fc98569bd1df31445ff86a5d54baa5,a0134b2ff7fcdaae90cf553313cadd37775f2b225c5ee9cab166b3cea02702d9,d7c77384eedf44b83bb464f03081bda024ebcdf3ebd2c5ef3e38acffa7bbfeef,adapter_ready,graph_enabled,,pending
FULL_UNIFIED_RUN_V1,Favorita,2017-04-26,tcn_business,native,47,50,10,7,0.001,4,Adam,0.001,v1_0063_favorita_20170426_tcn_business_s47,stage_2,log1p_huber_delta_1,latest locked 28-day rolling origin strictly before formal origin,reinitialize same seed; all pre-origin rolling samples; e_star epochs,configs/adapter_common_contract.yaml,99f53feff701ca0e8ddb39eaf4c2384b14067b4e69669a6d805e4efea668fb19,c488ebe713d35972ff5a908aa6c2090b4ea444972f31abbf215c0d17998dda91,c5ea41145b284ccabb9c8485eff0a16b0d7d6e25e5c1c3c30f9e41f0516db7ad,not_applicable,not_applicable,existing_source_locks.csv|compatibility_config_hash:15120158aaa48625c00f34b8cc1572b184fc98569bd1df31445ff86a5d54baa5,f9fc861129bd010d8c76d2f404c22cd20766ea7c58703b9824161b6082e512db,d7c77384eedf44b83bb464f03081bda024ebcdf3ebd2c5ef3e38acffa7bbfeef,adapter_ready,graph_enabled,,pending
FULL_UNIFIED_RUN_V1,Store Item,2017-05-22,tcn_business,native,13,50,10,7,0.001,4,Adam,0.001,v1_0064_store_item_20170522_tcn_business_s13,stage_2,log1p_huber_delta_1,latest locked 28-day rolling origin strictly before formal origin,reinitialize same seed; all pre-origin rolling samples; e_star epochs,configs/adapter_common_contract.yaml,99f53feff701ca0e8ddb39eaf4c2384b14067b4e69669a6d805e4efea668fb19,96f573b570f1b2d301538d41f90dacef49f3190e6f15d4c0105641fefebfcd31,16faaf5314d2d656099b5dfcf1294a6e3ae99741f8f303dcc812754898b52246,not_applicable,not_applicable,existing_source_locks.csv|compatibility_config_hash:15120158aaa48625c00f34b8cc1572b184fc98569bd1df31445ff86a5d54baa5,6fb2f87fb0f9595df016c2f1c73990889577305b3259001420680303749a58e6,d7c77384eedf44b83bb464f03081bda024ebcdf3ebd2c5ef3e38acffa7bbfeef,adapter_ready,graph_enabled,test.csv|sample_submission.csv|sealed_independent_test,pending
FULL_UNIFIED_RUN_V1,Store Item,2017-05-22,tcn_business,native,29,50,10,7,0.001,4,Adam,0.001,v1_0065_store_item_20170522_tcn_business_s29,stage_2,log1p_huber_delta_1,latest locked 28-day rolling origin strictly before formal origin,reinitialize same seed; all pre-origin rolling samples; e_star epochs,configs/adapter_common_contract.yaml,99f53feff701ca0e8ddb39eaf4c2384b14067b4e69669a6d805e4efea668fb19,96f573b570f1b2d301538d41f90dacef49f3190e6f15d4c0105641fefebfcd31,16faaf5314d2d656099b5dfcf1294a6e3ae99741f8f303dcc812754898b52246,not_applicable,not_applicable,existing_source_locks.csv|compatibility_config_hash:15120158aaa48625c00f34b8cc1572b184fc98569bd1df31445ff86a5d54baa5,8ceb00b7403287e875a70095e9ffca28a0014c6de4a16d07ad87d2c9b5193979,d7c77384eedf44b83bb464f03081bda024ebcdf3ebd2c5ef3e38acffa7bbfeef,adapter_ready,graph_enabled,test.csv|sample_submission.csv|sealed_independent_test,pending
FULL_UNIFIED_RUN_V1,Store Item,2017-05-22,tcn_business,native,47,50,10,7,0.001,4,Adam,0.001,v1_0066_store_item_20170522_tcn_business_s47,stage_2,log1p_huber_delta_1,latest locked 28-day rolling origin strictly before formal origin,reinitialize same seed; all pre-origin rolling samples; e_star epochs,configs/adapter_common_contract.yaml,99f53feff701ca0e8ddb39eaf4c2384b14067b4e69669a6d805e4efea668fb19,96f573b570f1b2d301538d41f90dacef49f3190e6f15d4c0105641fefebfcd31,16faaf5314d2d656099b5dfcf1294a6e3ae99741f8f303dcc812754898b52246,not_applicable,not_applicable,existing_source_locks.csv|compatibility_config_hash:15120158aaa48625c00f34b8cc1572b184fc98569bd1df31445ff86a5d54baa5,5b5a4bdebf195df1298c8b9dc0bba51e69f74785ebdd8d3d432aab0ed9df4013,d7c77384eedf44b83bb464f03081bda024ebcdf3ebd2c5ef3e38acffa7bbfeef,adapter_ready,graph_enabled,test.csv|sample_submission.csv|sealed_independent_test,pending
FULL_UNIFIED_RUN_V1,Store Item,2017-06-19,tcn_business,native,13,50,10,7,0.001,4,Adam,0.001,v1_0067_store_item_20170619_tcn_business_s13,stage_2,log1p_huber_delta_1,latest locked 28-day rolling origin strictly before formal origin,reinitialize same seed; all pre-origin rolling samples; e_star epochs,configs/adapter_common_contract.yaml,99f53feff701ca0e8ddb39eaf4c2384b14067b4e69669a6d805e4efea668fb19,28beca4732b3f14a100f847605d2098885a415ba97668113a3ccce044ffb107d,0fbc52c84fd91f7cae2d2b0d15d8eb3627c8926e5b3fe3208f25e73f9d77146e,not_applicable,not_applicable,existing_source_locks.csv|compatibility_config_hash:15120158aaa48625c00f34b8cc1572b184fc98569bd1df31445ff86a5d54baa5,f5e8c8a284b563c69ab113d419c609544beb426926d53f4d1089e9ac5d8d1fa8,d7c77384eedf44b83bb464f03081bda024ebcdf3ebd2c5ef3e38acffa7bbfeef,adapter_ready,graph_enabled,test.csv|sample_submission.csv|sealed_independent_test,pending
FULL_UNIFIED_RUN_V1,Store Item,2017-06-19,tcn_business,native,29,50,10,7,0.001,4,Adam,0.001,v1_0068_store_item_20170619_tcn_business_s29,stage_2,log1p_huber_delta_1,latest locked 28-day rolling origin strictly before formal origin,reinitialize same seed; all pre-origin rolling samples; e_star epochs,configs/adapter_common_contract.yaml,99f53feff701ca0e8ddb39eaf4c2384b14067b4e69669a6d805e4efea668fb19,28beca4732b3f14a100f847605d2098885a415ba97668113a3ccce044ffb107d,0fbc52c84fd91f7cae2d2b0d15d8eb3627c8926e5b3fe3208f25e73f9d77146e,not_applicable,not_applicable,existing_source_locks.csv|compatibility_config_hash:15120158aaa48625c00f34b8cc1572b184fc98569bd1df31445ff86a5d54baa5,3d39f5607ca63037189dd227f735896c3d329109610b77120777e7a0919f2dac,d7c77384eedf44b83bb464f03081bda024ebcdf3ebd2c5ef3e38acffa7bbfeef,adapter_ready,graph_enabled,test.csv|sample_submission.csv|sealed_independent_test,pending
FULL_UNIFIED_RUN_V1,Store Item,2017-06-19,tcn_business,native,47,50,10,7,0.001,4,Adam,0.001,v1_0069_store_item_20170619_tcn_business_s47,stage_2,log1p_huber_delta_1,latest locked 28-day rolling origin strictly before formal origin,reinitialize same seed; all pre-origin rolling samples; e_star epochs,configs/adapter_common_contract.yaml,99f53feff701ca0e8ddb39eaf4c2384b14067b4e69669a6d805e4efea668fb19,28beca4732b3f14a100f847605d2098885a415ba97668113a3ccce044ffb107d,0fbc52c84fd91f7cae2d2b0d15d8eb3627c8926e5b3fe3208f25e73f9d77146e,not_applicable,not_applicable,existing_source_locks.csv|compatibility_config_hash:15120158aaa48625c00f34b8cc1572b184fc98569bd1df31445ff86a5d54baa5,0d46857ed0f3acbb2271ace22f2469993d38e3dbba10ab227d277cc15689d993,d7c77384eedf44b83bb464f03081bda024ebcdf3ebd2c5ef3e38acffa7bbfeef,adapter_ready,graph_enabled,test.csv|sample_submission.csv|sealed_independent_test,pending
FULL_UNIFIED_RUN_V1,Store Item,2017-07-17,tcn_business,native,13,50,10,7,0.001,4,Adam,0.001,v1_0070_store_item_20170717_tcn_business_s13,stage_2,log1p_huber_delta_1,latest locked 28-day rolling origin strictly before formal origin,reinitialize same seed; all pre-origin rolling samples; e_star epochs,configs/adapter_common_contract.yaml,99f53feff701ca0e8ddb39eaf4c2384b14067b4e69669a6d805e4efea668fb19,cb704e15bf73a80e87151fc7a786498308b0888b5b69c93a6c61d1fdd789036d,34d53ca2bc8d880fcab243b4a0c32e211cbc184f8aa88af0a0cc7daa0679b437,not_applicable,not_applicable,existing_source_locks.csv|compatibility_config_hash:15120158aaa48625c00f34b8cc1572b184fc98569bd1df31445ff86a5d54baa5,291816c9efea97b8490bcba4d8f31ca95fa0d00001a7df204dd7aa441441e5fa,d7c77384eedf44b83bb464f03081bda024ebcdf3ebd2c5ef3e38acffa7bbfeef,adapter_ready,graph_enabled,test.csv|sample_submission.csv|sealed_independent_test,pending
FULL_UNIFIED_RUN_V1,Store Item,2017-07-17,tcn_business,native,29,50,10,7,0.001,4,Adam,0.001,v1_0071_store_item_20170717_tcn_business_s29,stage_2,log1p_huber_delta_1,latest locked 28-day rolling origin strictly before formal origin,reinitialize same seed; all pre-origin rolling samples; e_star epochs,configs/adapter_common_contract.yaml,99f53feff701ca0e8ddb39eaf4c2384b14067b4e69669a6d805e4efea668fb19,cb704e15bf73a80e87151fc7a786498308b0888b5b69c93a6c61d1fdd789036d,34d53ca2bc8d880fcab243b4a0c32e211cbc184f8aa88af0a0cc7daa0679b437,not_applicable,not_applicable,existing_source_locks.csv|compatibility_config_hash:15120158aaa48625c00f34b8cc1572b184fc98569bd1df31445ff86a5d54baa5,b1f9a4cf50533d8f87046150132a2426d88a18058f5168fe5bea76786ce9154d,d7c77384eedf44b83bb464f03081bda024ebcdf3ebd2c5ef3e38acffa7bbfeef,adapter_ready,graph_enabled,test.csv|sample_submission.csv|sealed_independent_test,pending
FULL_UNIFIED_RUN_V1,Store Item,2017-07-17,tcn_business,native,47,50,10,7,0.001,4,Adam,0.001,v1_0072_store_item_20170717_tcn_business_s47,stage_2,log1p_huber_delta_1,latest locked 28-day rolling origin strictly before formal origin,reinitialize same seed; all pre-origin rolling samples; e_star epochs,configs/adapter_common_contract.yaml,99f53feff701ca0e8ddb39eaf4c2384b14067b4e69669a6d805e4efea668fb19,cb704e15bf73a80e87151fc7a786498308b0888b5b69c93a6c61d1fdd789036d,34d53ca2bc8d880fcab243b4a0c32e211cbc184f8aa88af0a0cc7daa0679b437,not_applicable,not_applicable,existing_source_locks.csv|compatibility_config_hash:15120158aaa48625c00f34b8cc1572b184fc98569bd1df31445ff86a5d54baa5,215c7ba9d473f76a0db5be3e991e536930773c56efa06111eda8077021844e76,d7c77384eedf44b83bb464f03081bda024ebcdf3ebd2c5ef3e38acffa7bbfeef,adapter_ready,graph_enabled,test.csv|sample_submission.csv|sealed_independent_test,pending
FULL_UNIFIED_RUN_V1,M5,2015-12-07,tcn_stat_equal,equal_weight,13,50,10,7,0.001,4,Adam,0.001,v1_0073_m5_20151207_tcn_stat_equal_s13,stage_2,log1p_huber_delta_1,latest locked 28-day rolling origin strictly before formal origin,reinitialize same seed; all pre-origin rolling samples; e_star epochs,configs/adapter_common_contract.yaml,0fdc80620cf8962630e75c1fa2432803a694bdd75347ebc77b3093fc02c15c5f,24f14f88e9945d2a7fb67744b119a74daf41bf279d2a3b941fb03feff77657e4,4e848b74ea357e0224e7040a2b5ea8d3cfd77d9b55bb869887df86ed6bfc2751,not_applicable,not_applicable,existing_source_locks.csv|compatibility_config_hash:15120158aaa48625c00f34b8cc1572b184fc98569bd1df31445ff86a5d54baa5,fa1e710b25eaf7af9a6e401f6af563d3c8a47674c186a4589888891951fbac27,d7c77384eedf44b83bb464f03081bda024ebcdf3ebd2c5ef3e38acffa7bbfeef,adapter_ready,equal_weight_control,,pending
FULL_UNIFIED_RUN_V1,M5,2015-12-07,tcn_stat_equal,equal_weight,29,50,10,7,0.001,4,Adam,0.001,v1_0074_m5_20151207_tcn_stat_equal_s29,stage_2,log1p_huber_delta_1,latest locked 28-day rolling origin strictly before formal origin,reinitialize same seed; all pre-origin rolling samples; e_star epochs,configs/adapter_common_contract.yaml,0fdc80620cf8962630e75c1fa2432803a694bdd75347ebc77b3093fc02c15c5f,24f14f88e9945d2a7fb67744b119a74daf41bf279d2a3b941fb03feff77657e4,4e848b74ea357e0224e7040a2b5ea8d3cfd77d9b55bb869887df86ed6bfc2751,not_applicable,not_applicable,existing_source_locks.csv|compatibility_config_hash:15120158aaa48625c00f34b8cc1572b184fc98569bd1df31445ff86a5d54baa5,424898a42c661b9bc42a87ec340d94659c40a6fcdff907722d63643a6395e601,d7c77384eedf44b83bb464f03081bda024ebcdf3ebd2c5ef3e38acffa7bbfeef,adapter_ready,equal_weight_control,,pending
FULL_UNIFIED_RUN_V1,M5,2015-12-07,tcn_stat_equal,equal_weight,47,50,10,7,0.001,4,Adam,0.001,v1_0075_m5_20151207_tcn_stat_equal_s47,stage_2,log1p_huber_delta_1,latest locked 28-day rolling origin strictly before formal origin,reinitialize same seed; all pre-origin rolling samples; e_star epochs,configs/adapter_common_contract.yaml,0fdc80620cf8962630e75c1fa2432803a694bdd75347ebc77b3093fc02c15c5f,24f14f88e9945d2a7fb67744b119a74daf41bf279d2a3b941fb03feff77657e4,4e848b74ea357e0224e7040a2b5ea8d3cfd77d9b55bb869887df86ed6bfc2751,not_applicable,not_applicable,existing_source_locks.csv|compatibility_config_hash:15120158aaa48625c00f34b8cc1572b184fc98569bd1df31445ff86a5d54baa5,a0eb03918d823b0a3ef133b3ab6d037ef883f37969ee52381cb17b5435bdeda6,d7c77384eedf44b83bb464f03081bda024ebcdf3ebd2c5ef3e38acffa7bbfeef,adapter_ready,equal_weight_control,,pending
FULL_UNIFIED_RUN_V1,M5,2016-01-04,tcn_stat_equal,equal_weight,13,50,10,7,0.001,4,Adam,0.001,v1_0076_m5_20160104_tcn_stat_equal_s13,stage_2,log1p_huber_delta_1,latest locked 28-day rolling origin strictly before formal origin,reinitialize same seed; all pre-origin rolling samples; e_star epochs,configs/adapter_common_contract.yaml,0fdc80620cf8962630e75c1fa2432803a694bdd75347ebc77b3093fc02c15c5f,f363d22b50ee5ecf935d764748129bbf4e83b2417ab50854a465cae0c12fccbf,3016e2d14ad01bc58bf8bc0ed0e99fd89d95ae1895eb99367eaa330b9cef355d,not_applicable,not_applicable,existing_source_locks.csv|compatibility_config_hash:15120158aaa48625c00f34b8cc1572b184fc98569bd1df31445ff86a5d54baa5,e49123ed6c1bbe5d23a485a11f9dec065686fdefa4659491e4aba1e983e1e9ff,d7c77384eedf44b83bb464f03081bda024ebcdf3ebd2c5ef3e38acffa7bbfeef,adapter_ready,equal_weight_control,,pending
FULL_UNIFIED_RUN_V1,M5,2016-01-04,tcn_stat_equal,equal_weight,29,50,10,7,0.001,4,Adam,0.001,v1_0077_m5_20160104_tcn_stat_equal_s29,stage_2,log1p_huber_delta_1,latest locked 28-day rolling origin strictly before formal origin,reinitialize same seed; all pre-origin rolling samples; e_star epochs,configs/adapter_common_contract.yaml,0fdc80620cf8962630e75c1fa2432803a694bdd75347ebc77b3093fc02c15c5f,f363d22b50ee5ecf935d764748129bbf4e83b2417ab50854a465cae0c12fccbf,3016e2d14ad01bc58bf8bc0ed0e99fd89d95ae1895eb99367eaa330b9cef355d,not_applicable,not_applicable,existing_source_locks.csv|compatibility_config_hash:15120158aaa48625c00f34b8cc1572b184fc98569bd1df31445ff86a5d54baa5,0addc0cacfdaf1f7e2031542c1cd316c601bb91c78afecbfa949d21d224ad764,d7c77384eedf44b83bb464f03081bda024ebcdf3ebd2c5ef3e38acffa7bbfeef,adapter_ready,equal_weight_control,,pending
FULL_UNIFIED_RUN_V1,M5,2016-01-04,tcn_stat_equal,equal_weight,47,50,10,7,0.001,4,Adam,0.001,v1_0078_m5_20160104_tcn_stat_equal_s47,stage_2,log1p_huber_delta_1,latest locked 28-day rolling origin strictly before formal origin,reinitialize same seed; all pre-origin rolling samples; e_star epochs,configs/adapter_common_contract.yaml,0fdc80620cf8962630e75c1fa2432803a694bdd75347ebc77b3093fc02c15c5f,f363d22b50ee5ecf935d764748129bbf4e83b2417ab50854a465cae0c12fccbf,3016e2d14ad01bc58bf8bc0ed0e99fd89d95ae1895eb99367eaa330b9cef355d,not_applicable,not_applicable,existing_source_locks.csv|compatibility_config_hash:15120158aaa48625c00f34b8cc1572b184fc98569bd1df31445ff86a5d54baa5,97f09c7350f94855ed1b1150971006cb739b9c262e4f0a66cb050d97181706e0,d7c77384eedf44b83bb464f03081bda024ebcdf3ebd2c5ef3e38acffa7bbfeef,adapter_ready,equal_weight_control,,pending
FULL_UNIFIED_RUN_V1,M5,2016-02-01,tcn_stat_equal,equal_weight,13,50,10,7,0.001,4,Adam,0.001,v1_0079_m5_20160201_tcn_stat_equal_s13,stage_2,log1p_huber_delta_1,latest locked 28-day rolling origin strictly before formal origin,reinitialize same seed; all pre-origin rolling samples; e_star epochs,configs/adapter_common_contract.yaml,0fdc80620cf8962630e75c1fa2432803a694bdd75347ebc77b3093fc02c15c5f,84ec5e1a462241b724bdb52169726ffe86647b20efbad04d01b949a8b9fc2a01,3016e2d14ad01bc58bf8bc0ed0e99fd89d95ae1895eb99367eaa330b9cef355d,not_applicable,not_applicable,existing_source_locks.csv|compatibility_config_hash:15120158aaa48625c00f34b8cc1572b184fc98569bd1df31445ff86a5d54baa5,2274ad0b31d60530fa1ac810ba1653e4f41da1bfe95c9f9ced77ccf119171b87,d7c77384eedf44b83bb464f03081bda024ebcdf3ebd2c5ef3e38acffa7bbfeef,adapter_ready,equal_weight_control,,pending
FULL_UNIFIED_RUN_V1,M5,2016-02-01,tcn_stat_equal,equal_weight,29,50,10,7,0.001,4,Adam,0.001,v1_0080_m5_20160201_tcn_stat_equal_s29,stage_2,log1p_huber_delta_1,latest locked 28-day rolling origin strictly before formal origin,reinitialize same seed; all pre-origin rolling samples; e_star epochs,configs/adapter_common_contract.yaml,0fdc80620cf8962630e75c1fa2432803a694bdd75347ebc77b3093fc02c15c5f,84ec5e1a462241b724bdb52169726ffe86647b20efbad04d01b949a8b9fc2a01,3016e2d14ad01bc58bf8bc0ed0e99fd89d95ae1895eb99367eaa330b9cef355d,not_applicable,not_applicable,existing_source_locks.csv|compatibility_config_hash:15120158aaa48625c00f34b8cc1572b184fc98569bd1df31445ff86a5d54baa5,1217b2c75876a5d78960ad7fde033394c8d2ce7e58de09646f54bebe208841b1,d7c77384eedf44b83bb464f03081bda024ebcdf3ebd2c5ef3e38acffa7bbfeef,adapter_ready,equal_weight_control,,pending
FULL_UNIFIED_RUN_V1,M5,2016-02-01,tcn_stat_equal,equal_weight,47,50,10,7,0.001,4,Adam,0.001,v1_0081_m5_20160201_tcn_stat_equal_s47,stage_2,log1p_huber_delta_1,latest locked 28-day rolling origin strictly before formal origin,reinitialize same seed; all pre-origin rolling samples; e_star epochs,configs/adapter_common_contract.yaml,0fdc80620cf8962630e75c1fa2432803a694bdd75347ebc77b3093fc02c15c5f,84ec5e1a462241b724bdb52169726ffe86647b20efbad04d01b949a8b9fc2a01,3016e2d14ad01bc58bf8bc0ed0e99fd89d95ae1895eb99367eaa330b9cef355d,not_applicable,not_applicable,existing_source_locks.csv|compatibility_config_hash:15120158aaa48625c00f34b8cc1572b184fc98569bd1df31445ff86a5d54baa5,ff173c6f35ccafe4baef39190ac920693c3779569dd85c131503965ce79734d4,d7c77384eedf44b83bb464f03081bda024ebcdf3ebd2c5ef3e38acffa7bbfeef,adapter_ready,equal_weight_control,,pending
FULL_UNIFIED_RUN_V1,Favorita,2017-03-01,tcn_stat_equal,equal_weight,13,50,10,7,0.001,4,Adam,0.001,v1_0082_favorita_20170301_tcn_stat_equal_s13,stage_2,log1p_huber_delta_1,latest locked 28-day rolling origin strictly before formal origin,reinitialize same seed; all pre-origin rolling samples; e_star epochs,configs/adapter_common_contract.yaml,99f53feff701ca0e8ddb39eaf4c2384b14067b4e69669a6d805e4efea668fb19,cd0beeec37632daa955a38f9eba4e42ab5553d9daac470a0028c402132af43b1,55dc80374cd57120ded1af94a404fe3169d392e3a0e2c0f29bd6d1a2eed1002e,not_applicable,not_applicable,existing_source_locks.csv|compatibility_config_hash:15120158aaa48625c00f34b8cc1572b184fc98569bd1df31445ff86a5d54baa5,f20bd0266405767c0ac9118f3ba8a3b2eee7a9126b5b8da268b37bbe27c1a298,d7c77384eedf44b83bb464f03081bda024ebcdf3ebd2c5ef3e38acffa7bbfeef,adapter_ready,equal_weight_control,,pending
FULL_UNIFIED_RUN_V1,Favorita,2017-03-01,tcn_stat_equal,equal_weight,29,50,10,7,0.001,4,Adam,0.001,v1_0083_favorita_20170301_tcn_stat_equal_s29,stage_2,log1p_huber_delta_1,latest locked 28-day rolling origin strictly before formal origin,reinitialize same seed; all pre-origin rolling samples; e_star epochs,configs/adapter_common_contract.yaml,99f53feff701ca0e8ddb39eaf4c2384b14067b4e69669a6d805e4efea668fb19,cd0beeec37632daa955a38f9eba4e42ab5553d9daac470a0028c402132af43b1,55dc80374cd57120ded1af94a404fe3169d392e3a0e2c0f29bd6d1a2eed1002e,not_applicable,not_applicable,existing_source_locks.csv|compatibility_config_hash:15120158aaa48625c00f34b8cc1572b184fc98569bd1df31445ff86a5d54baa5,ab9ef16225b80c5ad80c9d27be9c067849e426f5968c2e5d6426bba7c52ada7f,d7c77384eedf44b83bb464f03081bda024ebcdf3ebd2c5ef3e38acffa7bbfeef,adapter_ready,equal_weight_control,,pending
FULL_UNIFIED_RUN_V1,Favorita,2017-03-01,tcn_stat_equal,equal_weight,47,50,10,7,0.001,4,Adam,0.001,v1_0084_favorita_20170301_tcn_stat_equal_s47,stage_2,log1p_huber_delta_1,latest locked 28-day rolling origin strictly before formal origin,reinitialize same seed; all pre-origin rolling samples; e_star epochs,configs/adapter_common_contract.yaml,99f53feff701ca0e8ddb39eaf4c2384b14067b4e69669a6d805e4efea668fb19,cd0beeec37632daa955a38f9eba4e42ab5553d9daac470a0028c402132af43b1,55dc80374cd57120ded1af94a404fe3169d392e3a0e2c0f29bd6d1a2eed1002e,not_applicable,not_applicable,existing_source_locks.csv|compatibility_config_hash:15120158aaa48625c00f34b8cc1572b184fc98569bd1df31445ff86a5d54baa5,2a5b9bebe099034a3db41235deb72bc8bb4975316c3111090df113cc28770fd7,d7c77384eedf44b83bb464f03081bda024ebcdf3ebd2c5ef3e38acffa7bbfeef,adapter_ready,equal_weight_control,,pending
FULL_UNIFIED_RUN_V1,Favorita,2017-03-29,tcn_stat_equal,equal_weight,13,50,10,7,0.001,4,Adam,0.001,v1_0085_favorita_20170329_tcn_stat_equal_s13,stage_2,log1p_huber_delta_1,latest locked 28-day rolling origin strictly before formal origin,reinitialize same seed; all pre-origin rolling samples; e_star epochs,configs/adapter_common_contract.yaml,99f53feff701ca0e8ddb39eaf4c2384b14067b4e69669a6d805e4efea668fb19,345dabcf47b0f7e1fb1895e4c61f5d5ebffaa56e09a9f5b2d7896f439c70937b,61b843616ad20b3c0f66e85ec548fd8ee39336145e3b216b3e7363c867264271,not_applicable,not_applicable,existing_source_locks.csv|compatibility_config_hash:15120158aaa48625c00f34b8cc1572b184fc98569bd1df31445ff86a5d54baa5,3f09d4ccf5d854f794fc3db9c231c0371da7aa6b36060988be412dd7fc7c22b5,d7c77384eedf44b83bb464f03081bda024ebcdf3ebd2c5ef3e38acffa7bbfeef,adapter_ready,equal_weight_control,,pending
FULL_UNIFIED_RUN_V1,Favorita,2017-03-29,tcn_stat_equal,equal_weight,29,50,10,7,0.001,4,Adam,0.001,v1_0086_favorita_20170329_tcn_stat_equal_s29,stage_2,log1p_huber_delta_1,latest locked 28-day rolling origin strictly before formal origin,reinitialize same seed; all pre-origin rolling samples; e_star epochs,configs/adapter_common_contract.yaml,99f53feff701ca0e8ddb39eaf4c2384b14067b4e69669a6d805e4efea668fb19,345dabcf47b0f7e1fb1895e4c61f5d5ebffaa56e09a9f5b2d7896f439c70937b,61b843616ad20b3c0f66e85ec548fd8ee39336145e3b216b3e7363c867264271,not_applicable,not_applicable,existing_source_locks.csv|compatibility_config_hash:15120158aaa48625c00f34b8cc1572b184fc98569bd1df31445ff86a5d54baa5,4760399ca00005bd5b20294bb4da1b456d9061a461bb62136a4a7b4eb42cdce2,d7c77384eedf44b83bb464f03081bda024ebcdf3ebd2c5ef3e38acffa7bbfeef,adapter_ready,equal_weight_control,,pending
FULL_UNIFIED_RUN_V1,Favorita,2017-03-29,tcn_stat_equal,equal_weight,47,50,10,7,0.001,4,Adam,0.001,v1_0087_favorita_20170329_tcn_stat_equal_s47,stage_2,log1p_huber_delta_1,latest locked 28-day rolling origin strictly before formal origin,reinitialize same seed; all pre-origin rolling samples; e_star epochs,configs/adapter_common_contract.yaml,99f53feff701ca0e8ddb39eaf4c2384b14067b4e69669a6d805e4efea668fb19,345dabcf47b0f7e1fb1895e4c61f5d5ebffaa56e09a9f5b2d7896f439c70937b,61b843616ad20b3c0f66e85ec548fd8ee39336145e3b216b3e7363c867264271,not_applicable,not_applicable,existing_source_locks.csv|compatibility_config_hash:15120158aaa48625c00f34b8cc1572b184fc98569bd1df31445ff86a5d54baa5,2d375d72a91cd70f9c5907256253ca592fdf8b6a2be629b9b77e6f13781ebd95,d7c77384eedf44b83bb464f03081bda024ebcdf3ebd2c5ef3e38acffa7bbfeef,adapter_ready,equal_weight_control,,pending
FULL_UNIFIED_RUN_V1,Favorita,2017-04-26,tcn_stat_equal,equal_weight,13,50,10,7,0.001,4,Adam,0.001,v1_0088_favorita_20170426_tcn_stat_equal_s13,stage_2,log1p_huber_delta_1,latest locked 28-day rolling origin strictly before formal origin,reinitialize same seed; all pre-origin rolling samples; e_star epochs,configs/adapter_common_contract.yaml,99f53feff701ca0e8ddb39eaf4c2384b14067b4e69669a6d805e4efea668fb19,c488ebe713d35972ff5a908aa6c2090b4ea444972f31abbf215c0d17998dda91,c5ea41145b284ccabb9c8485eff0a16b0d7d6e25e5c1c3c30f9e41f0516db7ad,not_applicable,not_applicable,existing_source_locks.csv|compatibility_config_hash:15120158aaa48625c00f34b8cc1572b184fc98569bd1df31445ff86a5d54baa5,f17b26d90e37d6c0062ceaf729169a82e7425252791f46c764b2a7fb2a21df1b,d7c77384eedf44b83bb464f03081bda024ebcdf3ebd2c5ef3e38acffa7bbfeef,adapter_ready,equal_weight_control,,pending
FULL_UNIFIED_RUN_V1,Favorita,2017-04-26,tcn_stat_equal,equal_weight,29,50,10,7,0.001,4,Adam,0.001,v1_0089_favorita_20170426_tcn_stat_equal_s29,stage_2,log1p_huber_delta_1,latest locked 28-day rolling origin strictly before formal origin,reinitialize same seed; all pre-origin rolling samples; e_star epochs,configs/adapter_common_contract.yaml,99f53feff701ca0e8ddb39eaf4c2384b14067b4e69669a6d805e4efea668fb19,c488ebe713d35972ff5a908aa6c2090b4ea444972f31abbf215c0d17998dda91,c5ea41145b284ccabb9c8485eff0a16b0d7d6e25e5c1c3c30f9e41f0516db7ad,not_applicable,not_applicable,existing_source_locks.csv|compatibility_config_hash:15120158aaa48625c00f34b8cc1572b184fc98569bd1df31445ff86a5d54baa5,9d034aa1fb7eda32f4732f5dcab28f97537013f582d1228689c70b937b986b49,d7c77384eedf44b83bb464f03081bda024ebcdf3ebd2c5ef3e38acffa7bbfeef,adapter_ready,equal_weight_control,,pending
FULL_UNIFIED_RUN_V1,Favorita,2017-04-26,tcn_stat_equal,equal_weight,47,50,10,7,0.001,4,Adam,0.001,v1_0090_favorita_20170426_tcn_stat_equal_s47,stage_2,log1p_huber_delta_1,latest locked 28-day rolling origin strictly before formal origin,reinitialize same seed; all pre-origin rolling samples; e_star epochs,configs/adapter_common_contract.yaml,99f53feff701ca0e8ddb39eaf4c2384b14067b4e69669a6d805e4efea668fb19,c488ebe713d35972ff5a908aa6c2090b4ea444972f31abbf215c0d17998dda91,c5ea41145b284ccabb9c8485eff0a16b0d7d6e25e5c1c3c30f9e41f0516db7ad,not_applicable,not_applicable,existing_source_locks.csv|compatibility_config_hash:15120158aaa48625c00f34b8cc1572b184fc98569bd1df31445ff86a5d54baa5,2039e5ba167c507f91a932bdcc5ee7795a4db1dffe15765eee0edd20fb6d3d77,d7c77384eedf44b83bb464f03081bda024ebcdf3ebd2c5ef3e38acffa7bbfeef,adapter_ready,equal_weight_control,,pending
FULL_UNIFIED_RUN_V1,Store Item,2017-05-22,tcn_stat_equal,equal_weight,13,50,10,7,0.001,4,Adam,0.001,v1_0091_store_item_20170522_tcn_stat_equal_s13,stage_2,log1p_huber_delta_1,latest locked 28-day rolling origin strictly before formal origin,reinitialize same seed; all pre-origin rolling samples; e_star epochs,configs/adapter_common_contract.yaml,99f53feff701ca0e8ddb39eaf4c2384b14067b4e69669a6d805e4efea668fb19,96f573b570f1b2d301538d41f90dacef49f3190e6f15d4c0105641fefebfcd31,16faaf5314d2d656099b5dfcf1294a6e3ae99741f8f303dcc812754898b52246,not_applicable,not_applicable,existing_source_locks.csv|compatibility_config_hash:15120158aaa48625c00f34b8cc1572b184fc98569bd1df31445ff86a5d54baa5,7d34e8e461244bd4ccb66cefec99285521ce7652e025ab861974637dbb7ae2eb,d7c77384eedf44b83bb464f03081bda024ebcdf3ebd2c5ef3e38acffa7bbfeef,adapter_ready,equal_weight_control,test.csv|sample_submission.csv|sealed_independent_test,pending
FULL_UNIFIED_RUN_V1,Store Item,2017-05-22,tcn_stat_equal,equal_weight,29,50,10,7,0.001,4,Adam,0.001,v1_0092_store_item_20170522_tcn_stat_equal_s29,stage_2,log1p_huber_delta_1,latest locked 28-day rolling origin strictly before formal origin,reinitialize same seed; all pre-origin rolling samples; e_star epochs,configs/adapter_common_contract.yaml,99f53feff701ca0e8ddb39eaf4c2384b14067b4e69669a6d805e4efea668fb19,96f573b570f1b2d301538d41f90dacef49f3190e6f15d4c0105641fefebfcd31,16faaf5314d2d656099b5dfcf1294a6e3ae99741f8f303dcc812754898b52246,not_applicable,not_applicable,existing_source_locks.csv|compatibility_config_hash:15120158aaa48625c00f34b8cc1572b184fc98569bd1df31445ff86a5d54baa5,b7a27312d8b13b4cc8fedde7f1715adb9e7a31caa90fe94c03145f3d4f6511dd,d7c77384eedf44b83bb464f03081bda024ebcdf3ebd2c5ef3e38acffa7bbfeef,adapter_ready,equal_weight_control,test.csv|sample_submission.csv|sealed_independent_test,pending
FULL_UNIFIED_RUN_V1,Store Item,2017-05-22,tcn_stat_equal,equal_weight,47,50,10,7,0.001,4,Adam,0.001,v1_0093_store_item_20170522_tcn_stat_equal_s47,stage_2,log1p_huber_delta_1,latest locked 28-day rolling origin strictly before formal origin,reinitialize same seed; all pre-origin rolling samples; e_star epochs,configs/adapter_common_contract.yaml,99f53feff701ca0e8ddb39eaf4c2384b14067b4e69669a6d805e4efea668fb19,96f573b570f1b2d301538d41f90dacef49f3190e6f15d4c0105641fefebfcd31,16faaf5314d2d656099b5dfcf1294a6e3ae99741f8f303dcc812754898b52246,not_applicable,not_applicable,existing_source_locks.csv|compatibility_config_hash:15120158aaa48625c00f34b8cc1572b184fc98569bd1df31445ff86a5d54baa5,f128282dbe1ef8f9fa6e980b063087222b44c2a010502c76713f5c14137a5b53,d7c77384eedf44b83bb464f03081bda024ebcdf3ebd2c5ef3e38acffa7bbfeef,adapter_ready,equal_weight_control,test.csv|sample_submission.csv|sealed_independent_test,pending
FULL_UNIFIED_RUN_V1,Store Item,2017-06-19,tcn_stat_equal,equal_weight,13,50,10,7,0.001,4,Adam,0.001,v1_0094_store_item_20170619_tcn_stat_equal_s13,stage_2,log1p_huber_delta_1,latest locked 28-day rolling origin strictly before formal origin,reinitialize same seed; all pre-origin rolling samples; e_star epochs,configs/adapter_common_contract.yaml,99f53feff701ca0e8ddb39eaf4c2384b14067b4e69669a6d805e4efea668fb19,28beca4732b3f14a100f847605d2098885a415ba97668113a3ccce044ffb107d,0fbc52c84fd91f7cae2d2b0d15d8eb3627c8926e5b3fe3208f25e73f9d77146e,not_applicable,not_applicable,existing_source_locks.csv|compatibility_config_hash:15120158aaa48625c00f34b8cc1572b184fc98569bd1df31445ff86a5d54baa5,833a0448a88ee059ba207a1c409f9d401d7ec6f6d37f70eb846ca00b0d5bcc1d,d7c77384eedf44b83bb464f03081bda024ebcdf3ebd2c5ef3e38acffa7bbfeef,adapter_ready,equal_weight_control,test.csv|sample_submission.csv|sealed_independent_test,pending
FULL_UNIFIED_RUN_V1,Store Item,2017-06-19,tcn_stat_equal,equal_weight,29,50,10,7,0.001,4,Adam,0.001,v1_0095_store_item_20170619_tcn_stat_equal_s29,stage_2,log1p_huber_delta_1,latest locked 28-day rolling origin strictly before formal origin,reinitialize same seed; all pre-origin rolling samples; e_star epochs,configs/adapter_common_contract.yaml,99f53feff701ca0e8ddb39eaf4c2384b14067b4e69669a6d805e4efea668fb19,28beca4732b3f14a100f847605d2098885a415ba97668113a3ccce044ffb107d,0fbc52c84fd91f7cae2d2b0d15d8eb3627c8926e5b3fe3208f25e73f9d77146e,not_applicable,not_applicable,existing_source_locks.csv|compatibility_config_hash:15120158aaa48625c00f34b8cc1572b184fc98569bd1df31445ff86a5d54baa5,93c0609a2351ffbcf493bab4239d5d6540d9bf0f0ac65d6b0952bca44bf3895c,d7c77384eedf44b83bb464f03081bda024ebcdf3ebd2c5ef3e38acffa7bbfeef,adapter_ready,equal_weight_control,test.csv|sample_submission.csv|sealed_independent_test,pending
FULL_UNIFIED_RUN_V1,Store Item,2017-06-19,tcn_stat_equal,equal_weight,47,50,10,7,0.001,4,Adam,0.001,v1_0096_store_item_20170619_tcn_stat_equal_s47,stage_2,log1p_huber_delta_1,latest locked 28-day rolling origin strictly before formal origin,reinitialize same seed; all pre-origin rolling samples; e_star epochs,configs/adapter_common_contract.yaml,99f53feff701ca0e8ddb39eaf4c2384b14067b4e69669a6d805e4efea668fb19,28beca4732b3f14a100f847605d2098885a415ba97668113a3ccce044ffb107d,0fbc52c84fd91f7cae2d2b0d15d8eb3627c8926e5b3fe3208f25e73f9d77146e,not_applicable,not_applicable,existing_source_locks.csv|compatibility_config_hash:15120158aaa48625c00f34b8cc1572b184fc98569bd1df31445ff86a5d54baa5,94594f9ed63f5249b8866d5177b8d78b5e7fa816343440a3aef7e6e1ed1a3640,d7c77384eedf44b83bb464f03081bda024ebcdf3ebd2c5ef3e38acffa7bbfeef,adapter_ready,equal_weight_control,test.csv|sample_submission.csv|sealed_independent_test,pending
FULL_UNIFIED_RUN_V1,Store Item,2017-07-17,tcn_stat_equal,equal_weight,13,50,10,7,0.001,4,Adam,0.001,v1_0097_store_item_20170717_tcn_stat_equal_s13,stage_2,log1p_huber_delta_1,latest locked 28-day rolling origin strictly before formal origin,reinitialize same seed; all pre-origin rolling samples; e_star epochs,configs/adapter_common_contract.yaml,99f53feff701ca0e8ddb39eaf4c2384b14067b4e69669a6d805e4efea668fb19,cb704e15bf73a80e87151fc7a786498308b0888b5b69c93a6c61d1fdd789036d,34d53ca2bc8d880fcab243b4a0c32e211cbc184f8aa88af0a0cc7daa0679b437,not_applicable,not_applicable,existing_source_locks.csv|compatibility_config_hash:15120158aaa48625c00f34b8cc1572b184fc98569bd1df31445ff86a5d54baa5,8bb8d42233b0acba8312dfa19f8b141fae0a1d73484804978d137118f4742a6a,d7c77384eedf44b83bb464f03081bda024ebcdf3ebd2c5ef3e38acffa7bbfeef,adapter_ready,equal_weight_control,test.csv|sample_submission.csv|sealed_independent_test,pending
FULL_UNIFIED_RUN_V1,Store Item,2017-07-17,tcn_stat_equal,equal_weight,29,50,10,7,0.001,4,Adam,0.001,v1_0098_store_item_20170717_tcn_stat_equal_s29,stage_2,log1p_huber_delta_1,latest locked 28-day rolling origin strictly before formal origin,reinitialize same seed; all pre-origin rolling samples; e_star epochs,configs/adapter_common_contract.yaml,99f53feff701ca0e8ddb39eaf4c2384b14067b4e69669a6d805e4efea668fb19,cb704e15bf73a80e87151fc7a786498308b0888b5b69c93a6c61d1fdd789036d,34d53ca2bc8d880fcab243b4a0c32e211cbc184f8aa88af0a0cc7daa0679b437,not_applicable,not_applicable,existing_source_locks.csv|compatibility_config_hash:15120158aaa48625c00f34b8cc1572b184fc98569bd1df31445ff86a5d54baa5,fb6c13e64b31b0bf1a2663f27fce31f0e3cc9d2de9d9b55427f0c23a9c389436,d7c77384eedf44b83bb464f03081bda024ebcdf3ebd2c5ef3e38acffa7bbfeef,adapter_ready,equal_weight_control,test.csv|sample_submission.csv|sealed_independent_test,pending
FULL_UNIFIED_RUN_V1,Store Item,2017-07-17,tcn_stat_equal,equal_weight,47,50,10,7,0.001,4,Adam,0.001,v1_0099_store_item_20170717_tcn_stat_equal_s47,stage_2,log1p_huber_delta_1,latest locked 28-day rolling origin strictly before formal origin,reinitialize same seed; all pre-origin rolling samples; e_star epochs,configs/adapter_common_contract.yaml,99f53feff701ca0e8ddb39eaf4c2384b14067b4e69669a6d805e4efea668fb19,cb704e15bf73a80e87151fc7a786498308b0888b5b69c93a6c61d1fdd789036d,34d53ca2bc8d880fcab243b4a0c32e211cbc184f8aa88af0a0cc7daa0679b437,not_applicable,not_applicable,existing_source_locks.csv|compatibility_config_hash:15120158aaa48625c00f34b8cc1572b184fc98569bd1df31445ff86a5d54baa5,82765bdc497017c5da7d34620ce42b97dee00ab4005fb66624f7ffb9548d5289,d7c77384eedf44b83bb464f03081bda024ebcdf3ebd2c5ef3e38acffa7bbfeef,adapter_ready,equal_weight_control,test.csv|sample_submission.csv|sealed_independent_test,pending
FULL_UNIFIED_RUN_V1,M5,2015-12-07,tcn_stat_confidence,native,13,50,10,7,0.001,4,Adam,0.001,v1_0100_m5_20151207_tcn_stat_confidence_s13,stage_1,log1p_huber_delta_1,latest locked 28-day rolling origin strictly before formal origin,reinitialize same seed; all pre-origin rolling samples; e_star epochs,configs/adapter_common_contract.yaml,0fdc80620cf8962630e75c1fa2432803a694bdd75347ebc77b3093fc02c15c5f,24f14f88e9945d2a7fb67744b119a74daf41bf279d2a3b941fb03feff77657e4,e2e77fd6786deed0fff0c8dbf19074b1dfa1f5b132b2b46363a9e139a28276c9,not_applicable,not_applicable,existing_source_locks.csv|compatibility_config_hash:15120158aaa48625c00f34b8cc1572b184fc98569bd1df31445ff86a5d54baa5,61b992be2432c85a4316bb20685c8fee9db64325946944ed75f19176c881f2e9,d7c77384eedf44b83bb464f03081bda024ebcdf3ebd2c5ef3e38acffa7bbfeef,adapter_ready,graph_enabled,,pending
FULL_UNIFIED_RUN_V1,M5,2015-12-07,tcn_stat_confidence,native,29,50,10,7,0.001,4,Adam,0.001,v1_0101_m5_20151207_tcn_stat_confidence_s29,stage_1,log1p_huber_delta_1,latest locked 28-day rolling origin strictly before formal origin,reinitialize same seed; all pre-origin rolling samples; e_star epochs,configs/adapter_common_contract.yaml,0fdc80620cf8962630e75c1fa2432803a694bdd75347ebc77b3093fc02c15c5f,24f14f88e9945d2a7fb67744b119a74daf41bf279d2a3b941fb03feff77657e4,e2e77fd6786deed0fff0c8dbf19074b1dfa1f5b132b2b46363a9e139a28276c9,not_applicable,not_applicable,existing_source_locks.csv|compatibility_config_hash:15120158aaa48625c00f34b8cc1572b184fc98569bd1df31445ff86a5d54baa5,4e2a1cf2452d110d8af61a420dde554a30baa4fa27aa8fe3cc59446a2192fd50,d7c77384eedf44b83bb464f03081bda024ebcdf3ebd2c5ef3e38acffa7bbfeef,adapter_ready,graph_enabled,,pending
FULL_UNIFIED_RUN_V1,M5,2015-12-07,tcn_stat_confidence,native,47,50,10,7,0.001,4,Adam,0.001,v1_0102_m5_20151207_tcn_stat_confidence_s47,stage_1,log1p_huber_delta_1,latest locked 28-day rolling origin strictly before formal origin,reinitialize same seed; all pre-origin rolling samples; e_star epochs,configs/adapter_common_contract.yaml,0fdc80620cf8962630e75c1fa2432803a694bdd75347ebc77b3093fc02c15c5f,24f14f88e9945d2a7fb67744b119a74daf41bf279d2a3b941fb03feff77657e4,e2e77fd6786deed0fff0c8dbf19074b1dfa1f5b132b2b46363a9e139a28276c9,not_applicable,not_applicable,existing_source_locks.csv|compatibility_config_hash:15120158aaa48625c00f34b8cc1572b184fc98569bd1df31445ff86a5d54baa5,58b90e287e8b938d516240cd7aef16a166357b8740bad6ebc81b3722fa9acdf6,d7c77384eedf44b83bb464f03081bda024ebcdf3ebd2c5ef3e38acffa7bbfeef,adapter_ready,graph_enabled,,pending
FULL_UNIFIED_RUN_V1,M5,2016-01-04,tcn_stat_confidence,native,13,50,10,7,0.001,4,Adam,0.001,v1_0103_m5_20160104_tcn_stat_confidence_s13,stage_1,log1p_huber_delta_1,latest locked 28-day rolling origin strictly before formal origin,reinitialize same seed; all pre-origin rolling samples; e_star epochs,configs/adapter_common_contract.yaml,0fdc80620cf8962630e75c1fa2432803a694bdd75347ebc77b3093fc02c15c5f,f363d22b50ee5ecf935d764748129bbf4e83b2417ab50854a465cae0c12fccbf,3c805e0c5c407ec65cb1683edc9e6c8b9e7dddb3ee33590fb2fc6e44434dd284,not_applicable,not_applicable,existing_source_locks.csv|compatibility_config_hash:15120158aaa48625c00f34b8cc1572b184fc98569bd1df31445ff86a5d54baa5,a641a2379e5da678db55119e247ea1ba14ee6c762cb4a00574b28b74d4a5c29f,d7c77384eedf44b83bb464f03081bda024ebcdf3ebd2c5ef3e38acffa7bbfeef,adapter_ready,graph_enabled,,pending
FULL_UNIFIED_RUN_V1,M5,2016-01-04,tcn_stat_confidence,native,29,50,10,7,0.001,4,Adam,0.001,v1_0104_m5_20160104_tcn_stat_confidence_s29,stage_1,log1p_huber_delta_1,latest locked 28-day rolling origin strictly before formal origin,reinitialize same seed; all pre-origin rolling samples; e_star epochs,configs/adapter_common_contract.yaml,0fdc80620cf8962630e75c1fa2432803a694bdd75347ebc77b3093fc02c15c5f,f363d22b50ee5ecf935d764748129bbf4e83b2417ab50854a465cae0c12fccbf,3c805e0c5c407ec65cb1683edc9e6c8b9e7dddb3ee33590fb2fc6e44434dd284,not_applicable,not_applicable,existing_source_locks.csv|compatibility_config_hash:15120158aaa48625c00f34b8cc1572b184fc98569bd1df31445ff86a5d54baa5,968124f7f4c93b604a5ceafe15a8b6ed6e67dafba446aaaa212961d452c9f0b4,d7c77384eedf44b83bb464f03081bda024ebcdf3ebd2c5ef3e38acffa7bbfeef,adapter_ready,graph_enabled,,pending
FULL_UNIFIED_RUN_V1,M5,2016-01-04,tcn_stat_confidence,native,47,50,10,7,0.001,4,Adam,0.001,v1_0105_m5_20160104_tcn_stat_confidence_s47,stage_1,log1p_huber_delta_1,latest locked 28-day rolling origin strictly before formal origin,reinitialize same seed; all pre-origin rolling samples; e_star epochs,configs/adapter_common_contract.yaml,0fdc80620cf8962630e75c1fa2432803a694bdd75347ebc77b3093fc02c15c5f,f363d22b50ee5ecf935d764748129bbf4e83b2417ab50854a465cae0c12fccbf,3c805e0c5c407ec65cb1683edc9e6c8b9e7dddb3ee33590fb2fc6e44434dd284,not_applicable,not_applicable,existing_source_locks.csv|compatibility_config_hash:15120158aaa48625c00f34b8cc1572b184fc98569bd1df31445ff86a5d54baa5,886d8492f15aa57556e8ca3a3bba929a5cfe96ee97be0e07d92f7dbbddef1c72,d7c77384eedf44b83bb464f03081bda024ebcdf3ebd2c5ef3e38acffa7bbfeef,adapter_ready,graph_enabled,,pending
FULL_UNIFIED_RUN_V1,M5,2016-02-01,tcn_stat_confidence,native,13,50,10,7,0.001,4,Adam,0.001,v1_0106_m5_20160201_tcn_stat_confidence_s13,stage_1,log1p_huber_delta_1,latest locked 28-day rolling origin strictly before formal origin,reinitialize same seed; all pre-origin rolling samples; e_star epochs,configs/adapter_common_contract.yaml,0fdc80620cf8962630e75c1fa2432803a694bdd75347ebc77b3093fc02c15c5f,84ec5e1a462241b724bdb52169726ffe86647b20efbad04d01b949a8b9fc2a01,58e8b8aa8133349f4833983df42036d66433e7268580799e6d907d49eb335870,not_applicable,not_applicable,existing_source_locks.csv|compatibility_config_hash:15120158aaa48625c00f34b8cc1572b184fc98569bd1df31445ff86a5d54baa5,f36904fec5af1349423197dac345bd8d8b19dd7804c66bfc7fca46d58c32564e,d7c77384eedf44b83bb464f03081bda024ebcdf3ebd2c5ef3e38acffa7bbfeef,adapter_ready,graph_enabled,,pending
FULL_UNIFIED_RUN_V1,M5,2016-02-01,tcn_stat_confidence,native,29,50,10,7,0.001,4,Adam,0.001,v1_0107_m5_20160201_tcn_stat_confidence_s29,stage_1,log1p_huber_delta_1,latest locked 28-day rolling origin strictly before formal origin,reinitialize same seed; all pre-origin rolling samples; e_star epochs,configs/adapter_common_contract.yaml,0fdc80620cf8962630e75c1fa2432803a694bdd75347ebc77b3093fc02c15c5f,84ec5e1a462241b724bdb52169726ffe86647b20efbad04d01b949a8b9fc2a01,58e8b8aa8133349f4833983df42036d66433e7268580799e6d907d49eb335870,not_applicable,not_applicable,existing_source_locks.csv|compatibility_config_hash:15120158aaa48625c00f34b8cc1572b184fc98569bd1df31445ff86a5d54baa5,72964b03d9dac3e7742f5dadd7b7ef40bbb40368bb1c7e7e4a709ef3209d48b2,d7c77384eedf44b83bb464f03081bda024ebcdf3ebd2c5ef3e38acffa7bbfeef,adapter_ready,graph_enabled,,pending
FULL_UNIFIED_RUN_V1,M5,2016-02-01,tcn_stat_confidence,native,47,50,10,7,0.001,4,Adam,0.001,v1_0108_m5_20160201_tcn_stat_confidence_s47,stage_1,log1p_huber_delta_1,latest locked 28-day rolling origin strictly before formal origin,reinitialize same seed; all pre-origin rolling samples; e_star epochs,configs/adapter_common_contract.yaml,0fdc80620cf8962630e75c1fa2432803a694bdd75347ebc77b3093fc02c15c5f,84ec5e1a462241b724bdb52169726ffe86647b20efbad04d01b949a8b9fc2a01,58e8b8aa8133349f4833983df42036d66433e7268580799e6d907d49eb335870,not_applicable,not_applicable,existing_source_locks.csv|compatibility_config_hash:15120158aaa48625c00f34b8cc1572b184fc98569bd1df31445ff86a5d54baa5,08ab0e1e4fef4e143d2325707061a41293982ad4b53197ea9c3dfd72f7937a96,d7c77384eedf44b83bb464f03081bda024ebcdf3ebd2c5ef3e38acffa7bbfeef,adapter_ready,graph_enabled,,pending
FULL_UNIFIED_RUN_V1,Favorita,2017-03-01,tcn_stat_confidence,native,13,50,10,7,0.001,4,Adam,0.001,v1_0109_favorita_20170301_tcn_stat_confidence_s13,stage_1,log1p_huber_delta_1,latest locked 28-day rolling origin strictly before formal origin,reinitialize same seed; all pre-origin rolling samples; e_star epochs,configs/adapter_common_contract.yaml,99f53feff701ca0e8ddb39eaf4c2384b14067b4e69669a6d805e4efea668fb19,cd0beeec37632daa955a38f9eba4e42ab5553d9daac470a0028c402132af43b1,61f753ba19eadac678e09d8ad217c400a4cec268f469dd56efca515c62ae44c1,not_applicable,not_applicable,existing_source_locks.csv|compatibility_config_hash:15120158aaa48625c00f34b8cc1572b184fc98569bd1df31445ff86a5d54baa5,ee7e38d0260023828a3d6befd3673c939261e32497dfdf0525c2fe1607eacc85,d7c77384eedf44b83bb464f03081bda024ebcdf3ebd2c5ef3e38acffa7bbfeef,adapter_ready,graph_enabled,,pending
FULL_UNIFIED_RUN_V1,Favorita,2017-03-01,tcn_stat_confidence,native,29,50,10,7,0.001,4,Adam,0.001,v1_0110_favorita_20170301_tcn_stat_confidence_s29,stage_1,log1p_huber_delta_1,latest locked 28-day rolling origin strictly before formal origin,reinitialize same seed; all pre-origin rolling samples; e_star epochs,configs/adapter_common_contract.yaml,99f53feff701ca0e8ddb39eaf4c2384b14067b4e69669a6d805e4efea668fb19,cd0beeec37632daa955a38f9eba4e42ab5553d9daac470a0028c402132af43b1,61f753ba19eadac678e09d8ad217c400a4cec268f469dd56efca515c62ae44c1,not_applicable,not_applicable,existing_source_locks.csv|compatibility_config_hash:15120158aaa48625c00f34b8cc1572b184fc98569bd1df31445ff86a5d54baa5,c1d59ca758fedf9bc761a4f3e735137dc67e7999b3cd51002e8b5c673df43251,d7c77384eedf44b83bb464f03081bda024ebcdf3ebd2c5ef3e38acffa7bbfeef,adapter_ready,graph_enabled,,pending
FULL_UNIFIED_RUN_V1,Favorita,2017-03-01,tcn_stat_confidence,native,47,50,10,7,0.001,4,Adam,0.001,v1_0111_favorita_20170301_tcn_stat_confidence_s47,stage_1,log1p_huber_delta_1,latest locked 28-day rolling origin strictly before formal origin,reinitialize same seed; all pre-origin rolling samples; e_star epochs,configs/adapter_common_contract.yaml,99f53feff701ca0e8ddb39eaf4c2384b14067b4e69669a6d805e4efea668fb19,cd0beeec37632daa955a38f9eba4e42ab5553d9daac470a0028c402132af43b1,61f753ba19eadac678e09d8ad217c400a4cec268f469dd56efca515c62ae44c1,not_applicable,not_applicable,existing_source_locks.csv|compatibility_config_hash:15120158aaa48625c00f34b8cc1572b184fc98569bd1df31445ff86a5d54baa5,d4e8a3a086073d5cad19e63aef109ebd9a2d6518b046a5d3685ce2550ea347d5,d7c77384eedf44b83bb464f03081bda024ebcdf3ebd2c5ef3e38acffa7bbfeef,adapter_ready,graph_enabled,,pending
FULL_UNIFIED_RUN_V1,Favorita,2017-03-29,tcn_stat_confidence,native,13,50,10,7,0.001,4,Adam,0.001,v1_0112_favorita_20170329_tcn_stat_confidence_s13,stage_1,log1p_huber_delta_1,latest locked 28-day rolling origin strictly before formal origin,reinitialize same seed; all pre-origin rolling samples; e_star epochs,configs/adapter_common_contract.yaml,99f53feff701ca0e8ddb39eaf4c2384b14067b4e69669a6d805e4efea668fb19,345dabcf47b0f7e1fb1895e4c61f5d5ebffaa56e09a9f5b2d7896f439c70937b,cf6c226229e1f3e26072f2a8736ad1ae261d91b1f37b02e15f6ee55cfad7e46d,not_applicable,not_applicable,existing_source_locks.csv|compatibility_config_hash:15120158aaa48625c00f34b8cc1572b184fc98569bd1df31445ff86a5d54baa5,1736ae7aba6142b8d6ba10074cf1f669b30ef240443030178df6076331171b1b,d7c77384eedf44b83bb464f03081bda024ebcdf3ebd2c5ef3e38acffa7bbfeef,adapter_ready,graph_enabled,,pending
FULL_UNIFIED_RUN_V1,Favorita,2017-03-29,tcn_stat_confidence,native,29,50,10,7,0.001,4,Adam,0.001,v1_0113_favorita_20170329_tcn_stat_confidence_s29,stage_1,log1p_huber_delta_1,latest locked 28-day rolling origin strictly before formal origin,reinitialize same seed; all pre-origin rolling samples; e_star epochs,configs/adapter_common_contract.yaml,99f53feff701ca0e8ddb39eaf4c2384b14067b4e69669a6d805e4efea668fb19,345dabcf47b0f7e1fb1895e4c61f5d5ebffaa56e09a9f5b2d7896f439c70937b,cf6c226229e1f3e26072f2a8736ad1ae261d91b1f37b02e15f6ee55cfad7e46d,not_applicable,not_applicable,existing_source_locks.csv|compatibility_config_hash:15120158aaa48625c00f34b8cc1572b184fc98569bd1df31445ff86a5d54baa5,b04911f423c43a12afae5454496ac0a6c0abe50c041362733d6628b55712e72f,d7c77384eedf44b83bb464f03081bda024ebcdf3ebd2c5ef3e38acffa7bbfeef,adapter_ready,graph_enabled,,pending
FULL_UNIFIED_RUN_V1,Favorita,2017-03-29,tcn_stat_confidence,native,47,50,10,7,0.001,4,Adam,0.001,v1_0114_favorita_20170329_tcn_stat_confidence_s47,stage_1,log1p_huber_delta_1,latest locked 28-day rolling origin strictly before formal origin,reinitialize same seed; all pre-origin rolling samples; e_star epochs,configs/adapter_common_contract.yaml,99f53feff701ca0e8ddb39eaf4c2384b14067b4e69669a6d805e4efea668fb19,345dabcf47b0f7e1fb1895e4c61f5d5ebffaa56e09a9f5b2d7896f439c70937b,cf6c226229e1f3e26072f2a8736ad1ae261d91b1f37b02e15f6ee55cfad7e46d,not_applicable,not_applicable,existing_source_locks.csv|compatibility_config_hash:15120158aaa48625c00f34b8cc1572b184fc98569bd1df31445ff86a5d54baa5,b4d2f255c83938bce5109a8b0dc02a83f24d64f9d8f5fef4f526231836fb77e1,d7c77384eedf44b83bb464f03081bda024ebcdf3ebd2c5ef3e38acffa7bbfeef,adapter_ready,graph_enabled,,pending
FULL_UNIFIED_RUN_V1,Favorita,2017-04-26,tcn_stat_confidence,native,13,50,10,7,0.001,4,Adam,0.001,v1_0115_favorita_20170426_tcn_stat_confidence_s13,stage_1,log1p_huber_delta_1,latest locked 28-day rolling origin strictly before formal origin,reinitialize same seed; all pre-origin rolling samples; e_star epochs,configs/adapter_common_contract.yaml,99f53feff701ca0e8ddb39eaf4c2384b14067b4e69669a6d805e4efea668fb19,c488ebe713d35972ff5a908aa6c2090b4ea444972f31abbf215c0d17998dda91,4c673e45de4aa9f26d9971f35fe05ebfd2b63a45fb18003633dd1eaf51f5e0b8,not_applicable,not_applicable,existing_source_locks.csv|compatibility_config_hash:15120158aaa48625c00f34b8cc1572b184fc98569bd1df31445ff86a5d54baa5,86def8109e0ff5ae872cd5579c50417a8bdab84c06461fabaa73c4bcfc729699,d7c77384eedf44b83bb464f03081bda024ebcdf3ebd2c5ef3e38acffa7bbfeef,adapter_ready,graph_enabled,,pending
FULL_UNIFIED_RUN_V1,Favorita,2017-04-26,tcn_stat_confidence,native,29,50,10,7,0.001,4,Adam,0.001,v1_0116_favorita_20170426_tcn_stat_confidence_s29,stage_1,log1p_huber_delta_1,latest locked 28-day rolling origin strictly before formal origin,reinitialize same seed; all pre-origin rolling samples; e_star epochs,configs/adapter_common_contract.yaml,99f53feff701ca0e8ddb39eaf4c2384b14067b4e69669a6d805e4efea668fb19,c488ebe713d35972ff5a908aa6c2090b4ea444972f31abbf215c0d17998dda91,4c673e45de4aa9f26d9971f35fe05ebfd2b63a45fb18003633dd1eaf51f5e0b8,not_applicable,not_applicable,existing_source_locks.csv|compatibility_config_hash:15120158aaa48625c00f34b8cc1572b184fc98569bd1df31445ff86a5d54baa5,5ba1952b10083529755a239d4c659c10f409e00b3c0b90705a412e356567d21e,d7c77384eedf44b83bb464f03081bda024ebcdf3ebd2c5ef3e38acffa7bbfeef,adapter_ready,graph_enabled,,pending
FULL_UNIFIED_RUN_V1,Favorita,2017-04-26,tcn_stat_confidence,native,47,50,10,7,0.001,4,Adam,0.001,v1_0117_favorita_20170426_tcn_stat_confidence_s47,stage_1,log1p_huber_delta_1,latest locked 28-day rolling origin strictly before formal origin,reinitialize same seed; all pre-origin rolling samples; e_star epochs,configs/adapter_common_contract.yaml,99f53feff701ca0e8ddb39eaf4c2384b14067b4e69669a6d805e4efea668fb19,c488ebe713d35972ff5a908aa6c2090b4ea444972f31abbf215c0d17998dda91,4c673e45de4aa9f26d9971f35fe05ebfd2b63a45fb18003633dd1eaf51f5e0b8,not_applicable,not_applicable,existing_source_locks.csv|compatibility_config_hash:15120158aaa48625c00f34b8cc1572b184fc98569bd1df31445ff86a5d54baa5,b3915c467384b4910d2078cef5c32eb9ac1da86bc2666d3ceb7783dc6889545d,d7c77384eedf44b83bb464f03081bda024ebcdf3ebd2c5ef3e38acffa7bbfeef,adapter_ready,graph_enabled,,pending
FULL_UNIFIED_RUN_V1,Store Item,2017-05-22,tcn_stat_confidence,native,13,50,10,7,0.001,4,Adam,0.001,v1_0118_store_item_20170522_tcn_stat_confidence_s13,stage_1,log1p_huber_delta_1,latest locked 28-day rolling origin strictly before formal origin,reinitialize same seed; all pre-origin rolling samples; e_star epochs,configs/adapter_common_contract.yaml,99f53feff701ca0e8ddb39eaf4c2384b14067b4e69669a6d805e4efea668fb19,96f573b570f1b2d301538d41f90dacef49f3190e6f15d4c0105641fefebfcd31,5fa5caf2e9e5892c9cea13eb1ff25cb7ffe10f3c113fe3fc8b7cef2ee6efe10a,not_applicable,not_applicable,existing_source_locks.csv|compatibility_config_hash:15120158aaa48625c00f34b8cc1572b184fc98569bd1df31445ff86a5d54baa5,ffc0ba55d089b6d06ea62e0f3a72fdddfd985360ec0c53dd08f7e1888f5d69bc,d7c77384eedf44b83bb464f03081bda024ebcdf3ebd2c5ef3e38acffa7bbfeef,adapter_ready,graph_enabled,test.csv|sample_submission.csv|sealed_independent_test,pending
FULL_UNIFIED_RUN_V1,Store Item,2017-05-22,tcn_stat_confidence,native,29,50,10,7,0.001,4,Adam,0.001,v1_0119_store_item_20170522_tcn_stat_confidence_s29,stage_1,log1p_huber_delta_1,latest locked 28-day rolling origin strictly before formal origin,reinitialize same seed; all pre-origin rolling samples; e_star epochs,configs/adapter_common_contract.yaml,99f53feff701ca0e8ddb39eaf4c2384b14067b4e69669a6d805e4efea668fb19,96f573b570f1b2d301538d41f90dacef49f3190e6f15d4c0105641fefebfcd31,5fa5caf2e9e5892c9cea13eb1ff25cb7ffe10f3c113fe3fc8b7cef2ee6efe10a,not_applicable,not_applicable,existing_source_locks.csv|compatibility_config_hash:15120158aaa48625c00f34b8cc1572b184fc98569bd1df31445ff86a5d54baa5,058bef14efa423e096bb0fe3b0bf100650da4a57d984dd4085f83f031780f49b,d7c77384eedf44b83bb464f03081bda024ebcdf3ebd2c5ef3e38acffa7bbfeef,adapter_ready,graph_enabled,test.csv|sample_submission.csv|sealed_independent_test,pending
FULL_UNIFIED_RUN_V1,Store Item,2017-05-22,tcn_stat_confidence,native,47,50,10,7,0.001,4,Adam,0.001,v1_0120_store_item_20170522_tcn_stat_confidence_s47,stage_1,log1p_huber_delta_1,latest locked 28-day rolling origin strictly before formal origin,reinitialize same seed; all pre-origin rolling samples; e_star epochs,configs/adapter_common_contract.yaml,99f53feff701ca0e8ddb39eaf4c2384b14067b4e69669a6d805e4efea668fb19,96f573b570f1b2d301538d41f90dacef49f3190e6f15d4c0105641fefebfcd31,5fa5caf2e9e5892c9cea13eb1ff25cb7ffe10f3c113fe3fc8b7cef2ee6efe10a,not_applicable,not_applicable,existing_source_locks.csv|compatibility_config_hash:15120158aaa48625c00f34b8cc1572b184fc98569bd1df31445ff86a5d54baa5,c9d854dbd3db8f43e8e01313baba29174d5aa7d6ba0058057721a1549606f083,d7c77384eedf44b83bb464f03081bda024ebcdf3ebd2c5ef3e38acffa7bbfeef,adapter_ready,graph_enabled,test.csv|sample_submission.csv|sealed_independent_test,pending
FULL_UNIFIED_RUN_V1,Store Item,2017-06-19,tcn_stat_confidence,native,13,50,10,7,0.001,4,Adam,0.001,v1_0121_store_item_20170619_tcn_stat_confidence_s13,stage_1,log1p_huber_delta_1,latest locked 28-day rolling origin strictly before formal origin,reinitialize same seed; all pre-origin rolling samples; e_star epochs,configs/adapter_common_contract.yaml,99f53feff701ca0e8ddb39eaf4c2384b14067b4e69669a6d805e4efea668fb19,28beca4732b3f14a100f847605d2098885a415ba97668113a3ccce044ffb107d,f05278e585df50cb2fc4bf2994ab4ec2739abaf67c564996ebab09965b5fbc4f,not_applicable,not_applicable,existing_source_locks.csv|compatibility_config_hash:15120158aaa48625c00f34b8cc1572b184fc98569bd1df31445ff86a5d54baa5,e28eede439a5d2ac4755cee0682688fb48f127a3d551373aeebf44067c629e62,d7c77384eedf44b83bb464f03081bda024ebcdf3ebd2c5ef3e38acffa7bbfeef,adapter_ready,graph_enabled,test.csv|sample_submission.csv|sealed_independent_test,pending
FULL_UNIFIED_RUN_V1,Store Item,2017-06-19,tcn_stat_confidence,native,29,50,10,7,0.001,4,Adam,0.001,v1_0122_store_item_20170619_tcn_stat_confidence_s29,stage_1,log1p_huber_delta_1,latest locked 28-day rolling origin strictly before formal origin,reinitialize same seed; all pre-origin rolling samples; e_star epochs,configs/adapter_common_contract.yaml,99f53feff701ca0e8ddb39eaf4c2384b14067b4e69669a6d805e4efea668fb19,28beca4732b3f14a100f847605d2098885a415ba97668113a3ccce044ffb107d,f05278e585df50cb2fc4bf2994ab4ec2739abaf67c564996ebab09965b5fbc4f,not_applicable,not_applicable,existing_source_locks.csv|compatibility_config_hash:15120158aaa48625c00f34b8cc1572b184fc98569bd1df31445ff86a5d54baa5,fdeca10158cc41fa9c54dee588c3dd72472a22b9db1523076cfc3def9faa2d20,d7c77384eedf44b83bb464f03081bda024ebcdf3ebd2c5ef3e38acffa7bbfeef,adapter_ready,graph_enabled,test.csv|sample_submission.csv|sealed_independent_test,pending
FULL_UNIFIED_RUN_V1,Store Item,2017-06-19,tcn_stat_confidence,native,47,50,10,7,0.001,4,Adam,0.001,v1_0123_store_item_20170619_tcn_stat_confidence_s47,stage_1,log1p_huber_delta_1,latest locked 28-day rolling origin strictly before formal origin,reinitialize same seed; all pre-origin rolling samples; e_star epochs,configs/adapter_common_contract.yaml,99f53feff701ca0e8ddb39eaf4c2384b14067b4e69669a6d805e4efea668fb19,28beca4732b3f14a100f847605d2098885a415ba97668113a3ccce044ffb107d,f05278e585df50cb2fc4bf2994ab4ec2739abaf67c564996ebab09965b5fbc4f,not_applicable,not_applicable,existing_source_locks.csv|compatibility_config_hash:15120158aaa48625c00f34b8cc1572b184fc98569bd1df31445ff86a5d54baa5,43eb8dd10b1bdf39b795e89f07710a424c6007dc131d32f64609a9fda9cc9bb8,d7c77384eedf44b83bb464f03081bda024ebcdf3ebd2c5ef3e38acffa7bbfeef,adapter_ready,graph_enabled,test.csv|sample_submission.csv|sealed_independent_test,pending
FULL_UNIFIED_RUN_V1,Store Item,2017-07-17,tcn_stat_confidence,native,13,50,10,7,0.001,4,Adam,0.001,v1_0124_store_item_20170717_tcn_stat_confidence_s13,stage_1,log1p_huber_delta_1,latest locked 28-day rolling origin strictly before formal origin,reinitialize same seed; all pre-origin rolling samples; e_star epochs,configs/adapter_common_contract.yaml,99f53feff701ca0e8ddb39eaf4c2384b14067b4e69669a6d805e4efea668fb19,cb704e15bf73a80e87151fc7a786498308b0888b5b69c93a6c61d1fdd789036d,0ba67cad6cbb595bb4cb9b88aba910f18469fb57be4b4feb27bb4209cb5af676,not_applicable,not_applicable,existing_source_locks.csv|compatibility_config_hash:15120158aaa48625c00f34b8cc1572b184fc98569bd1df31445ff86a5d54baa5,995bd63a61b1f5d08be9fb36a90bfb7d1b539302b6a4ade02885180d398e541b,d7c77384eedf44b83bb464f03081bda024ebcdf3ebd2c5ef3e38acffa7bbfeef,adapter_ready,graph_enabled,test.csv|sample_submission.csv|sealed_independent_test,pending
FULL_UNIFIED_RUN_V1,Store Item,2017-07-17,tcn_stat_confidence,native,29,50,10,7,0.001,4,Adam,0.001,v1_0125_store_item_20170717_tcn_stat_confidence_s29,stage_1,log1p_huber_delta_1,latest locked 28-day rolling origin strictly before formal origin,reinitialize same seed; all pre-origin rolling samples; e_star epochs,configs/adapter_common_contract.yaml,99f53feff701ca0e8ddb39eaf4c2384b14067b4e69669a6d805e4efea668fb19,cb704e15bf73a80e87151fc7a786498308b0888b5b69c93a6c61d1fdd789036d,0ba67cad6cbb595bb4cb9b88aba910f18469fb57be4b4feb27bb4209cb5af676,not_applicable,not_applicable,existing_source_locks.csv|compatibility_config_hash:15120158aaa48625c00f34b8cc1572b184fc98569bd1df31445ff86a5d54baa5,ec0fce4c6f6581889485b760ff2d3600c5f3cadd9f70607c9a3d9defdb4a256e,d7c77384eedf44b83bb464f03081bda024ebcdf3ebd2c5ef3e38acffa7bbfeef,adapter_ready,graph_enabled,test.csv|sample_submission.csv|sealed_independent_test,pending
FULL_UNIFIED_RUN_V1,Store Item,2017-07-17,tcn_stat_confidence,native,47,50,10,7,0.001,4,Adam,0.001,v1_0126_store_item_20170717_tcn_stat_confidence_s47,stage_1,log1p_huber_delta_1,latest locked 28-day rolling origin strictly before formal origin,reinitialize same seed; all pre-origin rolling samples; e_star epochs,configs/adapter_common_contract.yaml,99f53feff701ca0e8ddb39eaf4c2384b14067b4e69669a6d805e4efea668fb19,cb704e15bf73a80e87151fc7a786498308b0888b5b69c93a6c61d1fdd789036d,0ba67cad6cbb595bb4cb9b88aba910f18469fb57be4b4feb27bb4209cb5af676,not_applicable,not_applicable,existing_source_locks.csv|compatibility_config_hash:15120158aaa48625c00f34b8cc1572b184fc98569bd1df31445ff86a5d54baa5,03b44361ffb4e19df161e1b707a3cfb6630cea840b5a7a1a8aac264695b99d70,d7c77384eedf44b83bb464f03081bda024ebcdf3ebd2c5ef3e38acffa7bbfeef,adapter_ready,graph_enabled,test.csv|sample_submission.csv|sealed_independent_test,pending
FULL_UNIFIED_RUN_V1,M5,2015-12-07,tcn_stat_placebo,placebo,13,50,10,7,0.001,4,Adam,0.001,v1_0127_m5_20151207_tcn_stat_placebo_s13,stage_2,log1p_huber_delta_1,latest locked 28-day rolling origin strictly before formal origin,reinitialize same seed; all pre-origin rolling samples; e_star epochs,configs/adapter_common_contract.yaml,0fdc80620cf8962630e75c1fa2432803a694bdd75347ebc77b3093fc02c15c5f,24f14f88e9945d2a7fb67744b119a74daf41bf279d2a3b941fb03feff77657e4,4e848b74ea357e0224e7040a2b5ea8d3cfd77d9b55bb869887df86ed6bfc2751,not_applicable,fixed_seed_13_resolve_per_adapter,existing_source_locks.csv|compatibility_config_hash:15120158aaa48625c00f34b8cc1572b184fc98569bd1df31445ff86a5d54baa5,ad073bade76057a5097c89b02b555cc887f08ca76ceebc98d4a13e8ac5414072,d7c77384eedf44b83bb464f03081bda024ebcdf3ebd2c5ef3e38acffa7bbfeef,adapter_ready,topology_placebo,,pending
FULL_UNIFIED_RUN_V1,M5,2015-12-07,tcn_stat_placebo,placebo,29,50,10,7,0.001,4,Adam,0.001,v1_0128_m5_20151207_tcn_stat_placebo_s29,stage_2,log1p_huber_delta_1,latest locked 28-day rolling origin strictly before formal origin,reinitialize same seed; all pre-origin rolling samples; e_star epochs,configs/adapter_common_contract.yaml,0fdc80620cf8962630e75c1fa2432803a694bdd75347ebc77b3093fc02c15c5f,24f14f88e9945d2a7fb67744b119a74daf41bf279d2a3b941fb03feff77657e4,4e848b74ea357e0224e7040a2b5ea8d3cfd77d9b55bb869887df86ed6bfc2751,not_applicable,fixed_seed_13_resolve_per_adapter,existing_source_locks.csv|compatibility_config_hash:15120158aaa48625c00f34b8cc1572b184fc98569bd1df31445ff86a5d54baa5,c76a841abdf802091996ff83fd86d176e25ed87f1e7131df3392ce3e441d210d,d7c77384eedf44b83bb464f03081bda024ebcdf3ebd2c5ef3e38acffa7bbfeef,adapter_ready,topology_placebo,,pending
FULL_UNIFIED_RUN_V1,M5,2015-12-07,tcn_stat_placebo,placebo,47,50,10,7,0.001,4,Adam,0.001,v1_0129_m5_20151207_tcn_stat_placebo_s47,stage_2,log1p_huber_delta_1,latest locked 28-day rolling origin strictly before formal origin,reinitialize same seed; all pre-origin rolling samples; e_star epochs,configs/adapter_common_contract.yaml,0fdc80620cf8962630e75c1fa2432803a694bdd75347ebc77b3093fc02c15c5f,24f14f88e9945d2a7fb67744b119a74daf41bf279d2a3b941fb03feff77657e4,4e848b74ea357e0224e7040a2b5ea8d3cfd77d9b55bb869887df86ed6bfc2751,not_applicable,fixed_seed_13_resolve_per_adapter,existing_source_locks.csv|compatibility_config_hash:15120158aaa48625c00f34b8cc1572b184fc98569bd1df31445ff86a5d54baa5,0393d5a5902d43bce64bc150a01b277cc52910acddcd333a651696d657cc11c8,d7c77384eedf44b83bb464f03081bda024ebcdf3ebd2c5ef3e38acffa7bbfeef,adapter_ready,topology_placebo,,pending
FULL_UNIFIED_RUN_V1,M5,2016-01-04,tcn_stat_placebo,placebo,13,50,10,7,0.001,4,Adam,0.001,v1_0130_m5_20160104_tcn_stat_placebo_s13,stage_2,log1p_huber_delta_1,latest locked 28-day rolling origin strictly before formal origin,reinitialize same seed; all pre-origin rolling samples; e_star epochs,configs/adapter_common_contract.yaml,0fdc80620cf8962630e75c1fa2432803a694bdd75347ebc77b3093fc02c15c5f,f363d22b50ee5ecf935d764748129bbf4e83b2417ab50854a465cae0c12fccbf,3016e2d14ad01bc58bf8bc0ed0e99fd89d95ae1895eb99367eaa330b9cef355d,not_applicable,fixed_seed_13_resolve_per_adapter,existing_source_locks.csv|compatibility_config_hash:15120158aaa48625c00f34b8cc1572b184fc98569bd1df31445ff86a5d54baa5,3baf5f08558d6d95f1818ab8e4a898185cc15a4fc738982226efa6b061285b32,d7c77384eedf44b83bb464f03081bda024ebcdf3ebd2c5ef3e38acffa7bbfeef,adapter_ready,topology_placebo,,pending
FULL_UNIFIED_RUN_V1,M5,2016-01-04,tcn_stat_placebo,placebo,29,50,10,7,0.001,4,Adam,0.001,v1_0131_m5_20160104_tcn_stat_placebo_s29,stage_2,log1p_huber_delta_1,latest locked 28-day rolling origin strictly before formal origin,reinitialize same seed; all pre-origin rolling samples; e_star epochs,configs/adapter_common_contract.yaml,0fdc80620cf8962630e75c1fa2432803a694bdd75347ebc77b3093fc02c15c5f,f363d22b50ee5ecf935d764748129bbf4e83b2417ab50854a465cae0c12fccbf,3016e2d14ad01bc58bf8bc0ed0e99fd89d95ae1895eb99367eaa330b9cef355d,not_applicable,fixed_seed_13_resolve_per_adapter,existing_source_locks.csv|compatibility_config_hash:15120158aaa48625c00f34b8cc1572b184fc98569bd1df31445ff86a5d54baa5,1e14d0b388cca3891b941c42034d0e52d531459dda20205fbb845d9c8e554b0b,d7c77384eedf44b83bb464f03081bda024ebcdf3ebd2c5ef3e38acffa7bbfeef,adapter_ready,topology_placebo,,pending
FULL_UNIFIED_RUN_V1,M5,2016-01-04,tcn_stat_placebo,placebo,47,50,10,7,0.001,4,Adam,0.001,v1_0132_m5_20160104_tcn_stat_placebo_s47,stage_2,log1p_huber_delta_1,latest locked 28-day rolling origin strictly before formal origin,reinitialize same seed; all pre-origin rolling samples; e_star epochs,configs/adapter_common_contract.yaml,0fdc80620cf8962630e75c1fa2432803a694bdd75347ebc77b3093fc02c15c5f,f363d22b50ee5ecf935d764748129bbf4e83b2417ab50854a465cae0c12fccbf,3016e2d14ad01bc58bf8bc0ed0e99fd89d95ae1895eb99367eaa330b9cef355d,not_applicable,fixed_seed_13_resolve_per_adapter,existing_source_locks.csv|compatibility_config_hash:15120158aaa48625c00f34b8cc1572b184fc98569bd1df31445ff86a5d54baa5,48b5679f9ec4592675659361b06855ab0bae9de3dec47e69b864de9c921fcca1,d7c77384eedf44b83bb464f03081bda024ebcdf3ebd2c5ef3e38acffa7bbfeef,adapter_ready,topology_placebo,,pending
FULL_UNIFIED_RUN_V1,M5,2016-02-01,tcn_stat_placebo,placebo,13,50,10,7,0.001,4,Adam,0.001,v1_0133_m5_20160201_tcn_stat_placebo_s13,stage_2,log1p_huber_delta_1,latest locked 28-day rolling origin strictly before formal origin,reinitialize same seed; all pre-origin rolling samples; e_star epochs,configs/adapter_common_contract.yaml,0fdc80620cf8962630e75c1fa2432803a694bdd75347ebc77b3093fc02c15c5f,84ec5e1a462241b724bdb52169726ffe86647b20efbad04d01b949a8b9fc2a01,3016e2d14ad01bc58bf8bc0ed0e99fd89d95ae1895eb99367eaa330b9cef355d,not_applicable,fixed_seed_13_resolve_per_adapter,existing_source_locks.csv|compatibility_config_hash:15120158aaa48625c00f34b8cc1572b184fc98569bd1df31445ff86a5d54baa5,720fb418ce730f1299f6c8d27b3df6a4460d48359002035121ec3eb0c38de92a,d7c77384eedf44b83bb464f03081bda024ebcdf3ebd2c5ef3e38acffa7bbfeef,adapter_ready,topology_placebo,,pending
FULL_UNIFIED_RUN_V1,M5,2016-02-01,tcn_stat_placebo,placebo,29,50,10,7,0.001,4,Adam,0.001,v1_0134_m5_20160201_tcn_stat_placebo_s29,stage_2,log1p_huber_delta_1,latest locked 28-day rolling origin strictly before formal origin,reinitialize same seed; all pre-origin rolling samples; e_star epochs,configs/adapter_common_contract.yaml,0fdc80620cf8962630e75c1fa2432803a694bdd75347ebc77b3093fc02c15c5f,84ec5e1a462241b724bdb52169726ffe86647b20efbad04d01b949a8b9fc2a01,3016e2d14ad01bc58bf8bc0ed0e99fd89d95ae1895eb99367eaa330b9cef355d,not_applicable,fixed_seed_13_resolve_per_adapter,existing_source_locks.csv|compatibility_config_hash:15120158aaa48625c00f34b8cc1572b184fc98569bd1df31445ff86a5d54baa5,99e1898303142147d87ad0818301a493da77b6cdf809566f0368888218319db3,d7c77384eedf44b83bb464f03081bda024ebcdf3ebd2c5ef3e38acffa7bbfeef,adapter_ready,topology_placebo,,pending
FULL_UNIFIED_RUN_V1,M5,2016-02-01,tcn_stat_placebo,placebo,47,50,10,7,0.001,4,Adam,0.001,v1_0135_m5_20160201_tcn_stat_placebo_s47,stage_2,log1p_huber_delta_1,latest locked 28-day rolling origin strictly before formal origin,reinitialize same seed; all pre-origin rolling samples; e_star epochs,configs/adapter_common_contract.yaml,0fdc80620cf8962630e75c1fa2432803a694bdd75347ebc77b3093fc02c15c5f,84ec5e1a462241b724bdb52169726ffe86647b20efbad04d01b949a8b9fc2a01,3016e2d14ad01bc58bf8bc0ed0e99fd89d95ae1895eb99367eaa330b9cef355d,not_applicable,fixed_seed_13_resolve_per_adapter,existing_source_locks.csv|compatibility_config_hash:15120158aaa48625c00f34b8cc1572b184fc98569bd1df31445ff86a5d54baa5,2ef894122c0a835cad2394cba7ea26385b6f69f1b6714c5a2990acadd007812c,d7c77384eedf44b83bb464f03081bda024ebcdf3ebd2c5ef3e38acffa7bbfeef,adapter_ready,topology_placebo,,pending
FULL_UNIFIED_RUN_V1,Favorita,2017-03-01,tcn_stat_placebo,placebo,13,50,10,7,0.001,4,Adam,0.001,v1_0136_favorita_20170301_tcn_stat_placebo_s13,stage_2,log1p_huber_delta_1,latest locked 28-day rolling origin strictly before formal origin,reinitialize same seed; all pre-origin rolling samples; e_star epochs,configs/adapter_common_contract.yaml,99f53feff701ca0e8ddb39eaf4c2384b14067b4e69669a6d805e4efea668fb19,cd0beeec37632daa955a38f9eba4e42ab5553d9daac470a0028c402132af43b1,55dc80374cd57120ded1af94a404fe3169d392e3a0e2c0f29bd6d1a2eed1002e,not_applicable,fixed_seed_13_resolve_per_adapter,existing_source_locks.csv|compatibility_config_hash:15120158aaa48625c00f34b8cc1572b184fc98569bd1df31445ff86a5d54baa5,5e0e457fc61c2b5f4d454818bd2a8d801a8e214b6f3ebbda1dd44c7865909f6f,d7c77384eedf44b83bb464f03081bda024ebcdf3ebd2c5ef3e38acffa7bbfeef,adapter_ready,topology_placebo,,pending
FULL_UNIFIED_RUN_V1,Favorita,2017-03-01,tcn_stat_placebo,placebo,29,50,10,7,0.001,4,Adam,0.001,v1_0137_favorita_20170301_tcn_stat_placebo_s29,stage_2,log1p_huber_delta_1,latest locked 28-day rolling origin strictly before formal origin,reinitialize same seed; all pre-origin rolling samples; e_star epochs,configs/adapter_common_contract.yaml,99f53feff701ca0e8ddb39eaf4c2384b14067b4e69669a6d805e4efea668fb19,cd0beeec37632daa955a38f9eba4e42ab5553d9daac470a0028c402132af43b1,55dc80374cd57120ded1af94a404fe3169d392e3a0e2c0f29bd6d1a2eed1002e,not_applicable,fixed_seed_13_resolve_per_adapter,existing_source_locks.csv|compatibility_config_hash:15120158aaa48625c00f34b8cc1572b184fc98569bd1df31445ff86a5d54baa5,6406d2ef2d4f0611e4b1e4655a8cc84e75106d4ccb2b7571549cd69a897a34c3,d7c77384eedf44b83bb464f03081bda024ebcdf3ebd2c5ef3e38acffa7bbfeef,adapter_ready,topology_placebo,,pending
FULL_UNIFIED_RUN_V1,Favorita,2017-03-01,tcn_stat_placebo,placebo,47,50,10,7,0.001,4,Adam,0.001,v1_0138_favorita_20170301_tcn_stat_placebo_s47,stage_2,log1p_huber_delta_1,latest locked 28-day rolling origin strictly before formal origin,reinitialize same seed; all pre-origin rolling samples; e_star epochs,configs/adapter_common_contract.yaml,99f53feff701ca0e8ddb39eaf4c2384b14067b4e69669a6d805e4efea668fb19,cd0beeec37632daa955a38f9eba4e42ab5553d9daac470a0028c402132af43b1,55dc80374cd57120ded1af94a404fe3169d392e3a0e2c0f29bd6d1a2eed1002e,not_applicable,fixed_seed_13_resolve_per_adapter,existing_source_locks.csv|compatibility_config_hash:15120158aaa48625c00f34b8cc1572b184fc98569bd1df31445ff86a5d54baa5,bec30a08355df7e7b53f7e342213fee168b2f916919c2bdafb2e4c9ef8e36e00,d7c77384eedf44b83bb464f03081bda024ebcdf3ebd2c5ef3e38acffa7bbfeef,adapter_ready,topology_placebo,,pending
FULL_UNIFIED_RUN_V1,Favorita,2017-03-29,tcn_stat_placebo,placebo,13,50,10,7,0.001,4,Adam,0.001,v1_0139_favorita_20170329_tcn_stat_placebo_s13,stage_2,log1p_huber_delta_1,latest locked 28-day rolling origin strictly before formal origin,reinitialize same seed; all pre-origin rolling samples; e_star epochs,configs/adapter_common_contract.yaml,99f53feff701ca0e8ddb39eaf4c2384b14067b4e69669a6d805e4efea668fb19,345dabcf47b0f7e1fb1895e4c61f5d5ebffaa56e09a9f5b2d7896f439c70937b,61b843616ad20b3c0f66e85ec548fd8ee39336145e3b216b3e7363c867264271,not_applicable,fixed_seed_13_resolve_per_adapter,existing_source_locks.csv|compatibility_config_hash:15120158aaa48625c00f34b8cc1572b184fc98569bd1df31445ff86a5d54baa5,942748400f9a01101c906c1a83be8550a03191156aa6f3f84014a4910d99639e,d7c77384eedf44b83bb464f03081bda024ebcdf3ebd2c5ef3e38acffa7bbfeef,adapter_ready,topology_placebo,,pending
FULL_UNIFIED_RUN_V1,Favorita,2017-03-29,tcn_stat_placebo,placebo,29,50,10,7,0.001,4,Adam,0.001,v1_0140_favorita_20170329_tcn_stat_placebo_s29,stage_2,log1p_huber_delta_1,latest locked 28-day rolling origin strictly before formal origin,reinitialize same seed; all pre-origin rolling samples; e_star epochs,configs/adapter_common_contract.yaml,99f53feff701ca0e8ddb39eaf4c2384b14067b4e69669a6d805e4efea668fb19,345dabcf47b0f7e1fb1895e4c61f5d5ebffaa56e09a9f5b2d7896f439c70937b,61b843616ad20b3c0f66e85ec548fd8ee39336145e3b216b3e7363c867264271,not_applicable,fixed_seed_13_resolve_per_adapter,existing_source_locks.csv|compatibility_config_hash:15120158aaa48625c00f34b8cc1572b184fc98569bd1df31445ff86a5d54baa5,0a372014d36b8c043934c87fffcc13b15237f4ac63d8bad081c6fa10ae004135,d7c77384eedf44b83bb464f03081bda024ebcdf3ebd2c5ef3e38acffa7bbfeef,adapter_ready,topology_placebo,,pending
FULL_UNIFIED_RUN_V1,Favorita,2017-03-29,tcn_stat_placebo,placebo,47,50,10,7,0.001,4,Adam,0.001,v1_0141_favorita_20170329_tcn_stat_placebo_s47,stage_2,log1p_huber_delta_1,latest locked 28-day rolling origin strictly before formal origin,reinitialize same seed; all pre-origin rolling samples; e_star epochs,configs/adapter_common_contract.yaml,99f53feff701ca0e8ddb39eaf4c2384b14067b4e69669a6d805e4efea668fb19,345dabcf47b0f7e1fb1895e4c61f5d5ebffaa56e09a9f5b2d7896f439c70937b,61b843616ad20b3c0f66e85ec548fd8ee39336145e3b216b3e7363c867264271,not_applicable,fixed_seed_13_resolve_per_adapter,existing_source_locks.csv|compatibility_config_hash:15120158aaa48625c00f34b8cc1572b184fc98569bd1df31445ff86a5d54baa5,1a32420ad9717a46aff59c8e42906ed1b628923a6020dac2ce435aac97daa623,d7c77384eedf44b83bb464f03081bda024ebcdf3ebd2c5ef3e38acffa7bbfeef,adapter_ready,topology_placebo,,pending
FULL_UNIFIED_RUN_V1,Favorita,2017-04-26,tcn_stat_placebo,placebo,13,50,10,7,0.001,4,Adam,0.001,v1_0142_favorita_20170426_tcn_stat_placebo_s13,stage_2,log1p_huber_delta_1,latest locked 28-day rolling origin strictly before formal origin,reinitialize same seed; all pre-origin rolling samples; e_star epochs,configs/adapter_common_contract.yaml,99f53feff701ca0e8ddb39eaf4c2384b14067b4e69669a6d805e4efea668fb19,c488ebe713d35972ff5a908aa6c2090b4ea444972f31abbf215c0d17998dda91,c5ea41145b284ccabb9c8485eff0a16b0d7d6e25e5c1c3c30f9e41f0516db7ad,not_applicable,fixed_seed_13_resolve_per_adapter,existing_source_locks.csv|compatibility_config_hash:15120158aaa48625c00f34b8cc1572b184fc98569bd1df31445ff86a5d54baa5,8e4c69c45766e8a3b309f428b9edd85294ba3bcf8f7e39b581342690043e2728,d7c77384eedf44b83bb464f03081bda024ebcdf3ebd2c5ef3e38acffa7bbfeef,adapter_ready,topology_placebo,,pending
FULL_UNIFIED_RUN_V1,Favorita,2017-04-26,tcn_stat_placebo,placebo,29,50,10,7,0.001,4,Adam,0.001,v1_0143_favorita_20170426_tcn_stat_placebo_s29,stage_2,log1p_huber_delta_1,latest locked 28-day rolling origin strictly before formal origin,reinitialize same seed; all pre-origin rolling samples; e_star epochs,configs/adapter_common_contract.yaml,99f53feff701ca0e8ddb39eaf4c2384b14067b4e69669a6d805e4efea668fb19,c488ebe713d35972ff5a908aa6c2090b4ea444972f31abbf215c0d17998dda91,c5ea41145b284ccabb9c8485eff0a16b0d7d6e25e5c1c3c30f9e41f0516db7ad,not_applicable,fixed_seed_13_resolve_per_adapter,existing_source_locks.csv|compatibility_config_hash:15120158aaa48625c00f34b8cc1572b184fc98569bd1df31445ff86a5d54baa5,6ce5621be834ce35b7a0680386ae32e50949846d3e48d8a222304f262459c85e,d7c77384eedf44b83bb464f03081bda024ebcdf3ebd2c5ef3e38acffa7bbfeef,adapter_ready,topology_placebo,,pending
FULL_UNIFIED_RUN_V1,Favorita,2017-04-26,tcn_stat_placebo,placebo,47,50,10,7,0.001,4,Adam,0.001,v1_0144_favorita_20170426_tcn_stat_placebo_s47,stage_2,log1p_huber_delta_1,latest locked 28-day rolling origin strictly before formal origin,reinitialize same seed; all pre-origin rolling samples; e_star epochs,configs/adapter_common_contract.yaml,99f53feff701ca0e8ddb39eaf4c2384b14067b4e69669a6d805e4efea668fb19,c488ebe713d35972ff5a908aa6c2090b4ea444972f31abbf215c0d17998dda91,c5ea41145b284ccabb9c8485eff0a16b0d7d6e25e5c1c3c30f9e41f0516db7ad,not_applicable,fixed_seed_13_resolve_per_adapter,existing_source_locks.csv|compatibility_config_hash:15120158aaa48625c00f34b8cc1572b184fc98569bd1df31445ff86a5d54baa5,da4518dd1e62e3809891119476462e5dbcbaa8e04a8de53e1a92bc8cbc90971c,d7c77384eedf44b83bb464f03081bda024ebcdf3ebd2c5ef3e38acffa7bbfeef,adapter_ready,topology_placebo,,pending
FULL_UNIFIED_RUN_V1,Store Item,2017-05-22,tcn_stat_placebo,placebo,13,50,10,7,0.001,4,Adam,0.001,v1_0145_store_item_20170522_tcn_stat_placebo_s13,stage_2,log1p_huber_delta_1,latest locked 28-day rolling origin strictly before formal origin,reinitialize same seed; all pre-origin rolling samples; e_star epochs,configs/adapter_common_contract.yaml,99f53feff701ca0e8ddb39eaf4c2384b14067b4e69669a6d805e4efea668fb19,96f573b570f1b2d301538d41f90dacef49f3190e6f15d4c0105641fefebfcd31,16faaf5314d2d656099b5dfcf1294a6e3ae99741f8f303dcc812754898b52246,not_applicable,fixed_seed_13_resolve_per_adapter,existing_source_locks.csv|compatibility_config_hash:15120158aaa48625c00f34b8cc1572b184fc98569bd1df31445ff86a5d54baa5,16aa7627aab69bbede80493474dfaef08376bc1940cd4b3844843d80ebfb69e1,d7c77384eedf44b83bb464f03081bda024ebcdf3ebd2c5ef3e38acffa7bbfeef,adapter_ready,topology_placebo,test.csv|sample_submission.csv|sealed_independent_test,pending
FULL_UNIFIED_RUN_V1,Store Item,2017-05-22,tcn_stat_placebo,placebo,29,50,10,7,0.001,4,Adam,0.001,v1_0146_store_item_20170522_tcn_stat_placebo_s29,stage_2,log1p_huber_delta_1,latest locked 28-day rolling origin strictly before formal origin,reinitialize same seed; all pre-origin rolling samples; e_star epochs,configs/adapter_common_contract.yaml,99f53feff701ca0e8ddb39eaf4c2384b14067b4e69669a6d805e4efea668fb19,96f573b570f1b2d301538d41f90dacef49f3190e6f15d4c0105641fefebfcd31,16faaf5314d2d656099b5dfcf1294a6e3ae99741f8f303dcc812754898b52246,not_applicable,fixed_seed_13_resolve_per_adapter,existing_source_locks.csv|compatibility_config_hash:15120158aaa48625c00f34b8cc1572b184fc98569bd1df31445ff86a5d54baa5,b7570b8b8fcea1c7f7eade9aa34670a6738476772a46a8b788f9c88e5e1b59be,d7c77384eedf44b83bb464f03081bda024ebcdf3ebd2c5ef3e38acffa7bbfeef,adapter_ready,topology_placebo,test.csv|sample_submission.csv|sealed_independent_test,pending
FULL_UNIFIED_RUN_V1,Store Item,2017-05-22,tcn_stat_placebo,placebo,47,50,10,7,0.001,4,Adam,0.001,v1_0147_store_item_20170522_tcn_stat_placebo_s47,stage_2,log1p_huber_delta_1,latest locked 28-day rolling origin strictly before formal origin,reinitialize same seed; all pre-origin rolling samples; e_star epochs,configs/adapter_common_contract.yaml,99f53feff701ca0e8ddb39eaf4c2384b14067b4e69669a6d805e4efea668fb19,96f573b570f1b2d301538d41f90dacef49f3190e6f15d4c0105641fefebfcd31,16faaf5314d2d656099b5dfcf1294a6e3ae99741f8f303dcc812754898b52246,not_applicable,fixed_seed_13_resolve_per_adapter,existing_source_locks.csv|compatibility_config_hash:15120158aaa48625c00f34b8cc1572b184fc98569bd1df31445ff86a5d54baa5,7fc55156eae8a4dc98f6586c6a6ab736cc06202fec41176c70ac59ed75d99990,d7c77384eedf44b83bb464f03081bda024ebcdf3ebd2c5ef3e38acffa7bbfeef,adapter_ready,topology_placebo,test.csv|sample_submission.csv|sealed_independent_test,pending
FULL_UNIFIED_RUN_V1,Store Item,2017-06-19,tcn_stat_placebo,placebo,13,50,10,7,0.001,4,Adam,0.001,v1_0148_store_item_20170619_tcn_stat_placebo_s13,stage_2,log1p_huber_delta_1,latest locked 28-day rolling origin strictly before formal origin,reinitialize same seed; all pre-origin rolling samples; e_star epochs,configs/adapter_common_contract.yaml,99f53feff701ca0e8ddb39eaf4c2384b14067b4e69669a6d805e4efea668fb19,28beca4732b3f14a100f847605d2098885a415ba97668113a3ccce044ffb107d,0fbc52c84fd91f7cae2d2b0d15d8eb3627c8926e5b3fe3208f25e73f9d77146e,not_applicable,fixed_seed_13_resolve_per_adapter,existing_source_locks.csv|compatibility_config_hash:15120158aaa48625c00f34b8cc1572b184fc98569bd1df31445ff86a5d54baa5,680ce1de175dc7e7c905921edfbec46a2527385afb8b6747aa3fff3e4f3862e8,d7c77384eedf44b83bb464f03081bda024ebcdf3ebd2c5ef3e38acffa7bbfeef,adapter_ready,topology_placebo,test.csv|sample_submission.csv|sealed_independent_test,pending
FULL_UNIFIED_RUN_V1,Store Item,2017-06-19,tcn_stat_placebo,placebo,29,50,10,7,0.001,4,Adam,0.001,v1_0149_store_item_20170619_tcn_stat_placebo_s29,stage_2,log1p_huber_delta_1,latest locked 28-day rolling origin strictly before formal origin,reinitialize same seed; all pre-origin rolling samples; e_star epochs,configs/adapter_common_contract.yaml,99f53feff701ca0e8ddb39eaf4c2384b14067b4e69669a6d805e4efea668fb19,28beca4732b3f14a100f847605d2098885a415ba97668113a3ccce044ffb107d,0fbc52c84fd91f7cae2d2b0d15d8eb3627c8926e5b3fe3208f25e73f9d77146e,not_applicable,fixed_seed_13_resolve_per_adapter,existing_source_locks.csv|compatibility_config_hash:15120158aaa48625c00f34b8cc1572b184fc98569bd1df31445ff86a5d54baa5,33823c1d11128a377befe644fc1d37f66b721a9d322c9c27e3d3322f3f95c194,d7c77384eedf44b83bb464f03081bda024ebcdf3ebd2c5ef3e38acffa7bbfeef,adapter_ready,topology_placebo,test.csv|sample_submission.csv|sealed_independent_test,pending
FULL_UNIFIED_RUN_V1,Store Item,2017-06-19,tcn_stat_placebo,placebo,47,50,10,7,0.001,4,Adam,0.001,v1_0150_store_item_20170619_tcn_stat_placebo_s47,stage_2,log1p_huber_delta_1,latest locked 28-day rolling origin strictly before formal origin,reinitialize same seed; all pre-origin rolling samples; e_star epochs,configs/adapter_common_contract.yaml,99f53feff701ca0e8ddb39eaf4c2384b14067b4e69669a6d805e4efea668fb19,28beca4732b3f14a100f847605d2098885a415ba97668113a3ccce044ffb107d,0fbc52c84fd91f7cae2d2b0d15d8eb3627c8926e5b3fe3208f25e73f9d77146e,not_applicable,fixed_seed_13_resolve_per_adapter,existing_source_locks.csv|compatibility_config_hash:15120158aaa48625c00f34b8cc1572b184fc98569bd1df31445ff86a5d54baa5,4f6c5961a939e38b20716e7c16becfebc755f71f755c3ce97634dfc37d87f50d,d7c77384eedf44b83bb464f03081bda024ebcdf3ebd2c5ef3e38acffa7bbfeef,adapter_ready,topology_placebo,test.csv|sample_submission.csv|sealed_independent_test,pending
FULL_UNIFIED_RUN_V1,Store Item,2017-07-17,tcn_stat_placebo,placebo,13,50,10,7,0.001,4,Adam,0.001,v1_0151_store_item_20170717_tcn_stat_placebo_s13,stage_2,log1p_huber_delta_1,latest locked 28-day rolling origin strictly before formal origin,reinitialize same seed; all pre-origin rolling samples; e_star epochs,configs/adapter_common_contract.yaml,99f53feff701ca0e8ddb39eaf4c2384b14067b4e69669a6d805e4efea668fb19,cb704e15bf73a80e87151fc7a786498308b0888b5b69c93a6c61d1fdd789036d,34d53ca2bc8d880fcab243b4a0c32e211cbc184f8aa88af0a0cc7daa0679b437,not_applicable,fixed_seed_13_resolve_per_adapter,existing_source_locks.csv|compatibility_config_hash:15120158aaa48625c00f34b8cc1572b184fc98569bd1df31445ff86a5d54baa5,e44fe80af8456374dfa51013ec9956906897c69e6c139ecf2a68ed27456670e1,d7c77384eedf44b83bb464f03081bda024ebcdf3ebd2c5ef3e38acffa7bbfeef,adapter_ready,topology_placebo,test.csv|sample_submission.csv|sealed_independent_test,pending
FULL_UNIFIED_RUN_V1,Store Item,2017-07-17,tcn_stat_placebo,placebo,29,50,10,7,0.001,4,Adam,0.001,v1_0152_store_item_20170717_tcn_stat_placebo_s29,stage_2,log1p_huber_delta_1,latest locked 28-day rolling origin strictly before formal origin,reinitialize same seed; all pre-origin rolling samples; e_star epochs,configs/adapter_common_contract.yaml,99f53feff701ca0e8ddb39eaf4c2384b14067b4e69669a6d805e4efea668fb19,cb704e15bf73a80e87151fc7a786498308b0888b5b69c93a6c61d1fdd789036d,34d53ca2bc8d880fcab243b4a0c32e211cbc184f8aa88af0a0cc7daa0679b437,not_applicable,fixed_seed_13_resolve_per_adapter,existing_source_locks.csv|compatibility_config_hash:15120158aaa48625c00f34b8cc1572b184fc98569bd1df31445ff86a5d54baa5,04474dfe968dc9889e74281a3a3401dc145f82bb2d1e34aa3429e1cdedd1f346,d7c77384eedf44b83bb464f03081bda024ebcdf3ebd2c5ef3e38acffa7bbfeef,adapter_ready,topology_placebo,test.csv|sample_submission.csv|sealed_independent_test,pending
FULL_UNIFIED_RUN_V1,Store Item,2017-07-17,tcn_stat_placebo,placebo,47,50,10,7,0.001,4,Adam,0.001,v1_0153_store_item_20170717_tcn_stat_placebo_s47,stage_2,log1p_huber_delta_1,latest locked 28-day rolling origin strictly before formal origin,reinitialize same seed; all pre-origin rolling samples; e_star epochs,configs/adapter_common_contract.yaml,99f53feff701ca0e8ddb39eaf4c2384b14067b4e69669a6d805e4efea668fb19,cb704e15bf73a80e87151fc7a786498308b0888b5b69c93a6c61d1fdd789036d,34d53ca2bc8d880fcab243b4a0c32e211cbc184f8aa88af0a0cc7daa0679b437,not_applicable,fixed_seed_13_resolve_per_adapter,existing_source_locks.csv|compatibility_config_hash:15120158aaa48625c00f34b8cc1572b184fc98569bd1df31445ff86a5d54baa5,4a48fe0343ab2e8ad123ee03bbc5dc763aa407b67cb37c9b9dde38ccbe38587b,d7c77384eedf44b83bb464f03081bda024ebcdf3ebd2c5ef3e38acffa7bbfeef,adapter_ready,topology_placebo,test.csv|sample_submission.csv|sealed_independent_test,pending
FULL_UNIFIED_RUN_V1,M5,2015-12-07,tcn_target_only,none,13,50,10,7,0.001,4,Adam,0.001,v1_0154_m5_20151207_tcn_target_only_s13,stage_2,log1p_huber_delta_1,latest locked 28-day rolling origin strictly before formal origin,reinitialize same seed; all pre-origin rolling samples; e_star epochs,configs/adapter_common_contract.yaml,0fdc80620cf8962630e75c1fa2432803a694bdd75347ebc77b3093fc02c15c5f,24f14f88e9945d2a7fb67744b119a74daf41bf279d2a3b941fb03feff77657e4,4e848b74ea357e0224e7040a2b5ea8d3cfd77d9b55bb869887df86ed6bfc2751,not_applicable,not_applicable,existing_source_locks.csv|compatibility_config_hash:15120158aaa48625c00f34b8cc1572b184fc98569bd1df31445ff86a5d54baa5,27cd53d27b06f971294ced56373709b90631a845587b3bde152277d03abcce05,d7c77384eedf44b83bb464f03081bda024ebcdf3ebd2c5ef3e38acffa7bbfeef,adapter_ready,forecast_model,,pending
FULL_UNIFIED_RUN_V1,M5,2015-12-07,tcn_target_only,none,29,50,10,7,0.001,4,Adam,0.001,v1_0155_m5_20151207_tcn_target_only_s29,stage_2,log1p_huber_delta_1,latest locked 28-day rolling origin strictly before formal origin,reinitialize same seed; all pre-origin rolling samples; e_star epochs,configs/adapter_common_contract.yaml,0fdc80620cf8962630e75c1fa2432803a694bdd75347ebc77b3093fc02c15c5f,24f14f88e9945d2a7fb67744b119a74daf41bf279d2a3b941fb03feff77657e4,4e848b74ea357e0224e7040a2b5ea8d3cfd77d9b55bb869887df86ed6bfc2751,not_applicable,not_applicable,existing_source_locks.csv|compatibility_config_hash:15120158aaa48625c00f34b8cc1572b184fc98569bd1df31445ff86a5d54baa5,68d9de8236c4f1771ffde3877cc9b376411d681823c88829440987bd7b9037b6,d7c77384eedf44b83bb464f03081bda024ebcdf3ebd2c5ef3e38acffa7bbfeef,adapter_ready,forecast_model,,pending
FULL_UNIFIED_RUN_V1,M5,2015-12-07,tcn_target_only,none,47,50,10,7,0.001,4,Adam,0.001,v1_0156_m5_20151207_tcn_target_only_s47,stage_2,log1p_huber_delta_1,latest locked 28-day rolling origin strictly before formal origin,reinitialize same seed; all pre-origin rolling samples; e_star epochs,configs/adapter_common_contract.yaml,0fdc80620cf8962630e75c1fa2432803a694bdd75347ebc77b3093fc02c15c5f,24f14f88e9945d2a7fb67744b119a74daf41bf279d2a3b941fb03feff77657e4,4e848b74ea357e0224e7040a2b5ea8d3cfd77d9b55bb869887df86ed6bfc2751,not_applicable,not_applicable,existing_source_locks.csv|compatibility_config_hash:15120158aaa48625c00f34b8cc1572b184fc98569bd1df31445ff86a5d54baa5,d6273489a8a6594886fb6140b9d39675ac30cfd303f8dae457cd659ec2c57665,d7c77384eedf44b83bb464f03081bda024ebcdf3ebd2c5ef3e38acffa7bbfeef,adapter_ready,forecast_model,,pending
FULL_UNIFIED_RUN_V1,M5,2016-01-04,tcn_target_only,none,13,50,10,7,0.001,4,Adam,0.001,v1_0157_m5_20160104_tcn_target_only_s13,stage_2,log1p_huber_delta_1,latest locked 28-day rolling origin strictly before formal origin,reinitialize same seed; all pre-origin rolling samples; e_star epochs,configs/adapter_common_contract.yaml,0fdc80620cf8962630e75c1fa2432803a694bdd75347ebc77b3093fc02c15c5f,f363d22b50ee5ecf935d764748129bbf4e83b2417ab50854a465cae0c12fccbf,3016e2d14ad01bc58bf8bc0ed0e99fd89d95ae1895eb99367eaa330b9cef355d,not_applicable,not_applicable,existing_source_locks.csv|compatibility_config_hash:15120158aaa48625c00f34b8cc1572b184fc98569bd1df31445ff86a5d54baa5,68231efb0f8ce44d5f05ed74d962e793fd302dfa8d5c9f55ef5d6a7aa850c30d,d7c77384eedf44b83bb464f03081bda024ebcdf3ebd2c5ef3e38acffa7bbfeef,adapter_ready,forecast_model,,pending
FULL_UNIFIED_RUN_V1,M5,2016-01-04,tcn_target_only,none,29,50,10,7,0.001,4,Adam,0.001,v1_0158_m5_20160104_tcn_target_only_s29,stage_2,log1p_huber_delta_1,latest locked 28-day rolling origin strictly before formal origin,reinitialize same seed; all pre-origin rolling samples; e_star epochs,configs/adapter_common_contract.yaml,0fdc80620cf8962630e75c1fa2432803a694bdd75347ebc77b3093fc02c15c5f,f363d22b50ee5ecf935d764748129bbf4e83b2417ab50854a465cae0c12fccbf,3016e2d14ad01bc58bf8bc0ed0e99fd89d95ae1895eb99367eaa330b9cef355d,not_applicable,not_applicable,existing_source_locks.csv|compatibility_config_hash:15120158aaa48625c00f34b8cc1572b184fc98569bd1df31445ff86a5d54baa5,3ac497889a0d6788e46bc479eb71b2bde4530b0e960e0a0a4b803967eeb8ca4e,d7c77384eedf44b83bb464f03081bda024ebcdf3ebd2c5ef3e38acffa7bbfeef,adapter_ready,forecast_model,,pending
FULL_UNIFIED_RUN_V1,M5,2016-01-04,tcn_target_only,none,47,50,10,7,0.001,4,Adam,0.001,v1_0159_m5_20160104_tcn_target_only_s47,stage_2,log1p_huber_delta_1,latest locked 28-day rolling origin strictly before formal origin,reinitialize same seed; all pre-origin rolling samples; e_star epochs,configs/adapter_common_contract.yaml,0fdc80620cf8962630e75c1fa2432803a694bdd75347ebc77b3093fc02c15c5f,f363d22b50ee5ecf935d764748129bbf4e83b2417ab50854a465cae0c12fccbf,3016e2d14ad01bc58bf8bc0ed0e99fd89d95ae1895eb99367eaa330b9cef355d,not_applicable,not_applicable,existing_source_locks.csv|compatibility_config_hash:15120158aaa48625c00f34b8cc1572b184fc98569bd1df31445ff86a5d54baa5,c8f5d75240e64aa851ea3d26ead26060b0ff64ad8d5ccd4912b57abde795ca40,d7c77384eedf44b83bb464f03081bda024ebcdf3ebd2c5ef3e38acffa7bbfeef,adapter_ready,forecast_model,,pending
FULL_UNIFIED_RUN_V1,M5,2016-02-01,tcn_target_only,none,13,50,10,7,0.001,4,Adam,0.001,v1_0160_m5_20160201_tcn_target_only_s13,stage_2,log1p_huber_delta_1,latest locked 28-day rolling origin strictly before formal origin,reinitialize same seed; all pre-origin rolling samples; e_star epochs,configs/adapter_common_contract.yaml,0fdc80620cf8962630e75c1fa2432803a694bdd75347ebc77b3093fc02c15c5f,84ec5e1a462241b724bdb52169726ffe86647b20efbad04d01b949a8b9fc2a01,3016e2d14ad01bc58bf8bc0ed0e99fd89d95ae1895eb99367eaa330b9cef355d,not_applicable,not_applicable,existing_source_locks.csv|compatibility_config_hash:15120158aaa48625c00f34b8cc1572b184fc98569bd1df31445ff86a5d54baa5,c1f2d49e3434cdcd24ad453af0757ca3b6af589f9de5cfe05839faafda2e9d48,d7c77384eedf44b83bb464f03081bda024ebcdf3ebd2c5ef3e38acffa7bbfeef,adapter_ready,forecast_model,,pending
FULL_UNIFIED_RUN_V1,M5,2016-02-01,tcn_target_only,none,29,50,10,7,0.001,4,Adam,0.001,v1_0161_m5_20160201_tcn_target_only_s29,stage_2,log1p_huber_delta_1,latest locked 28-day rolling origin strictly before formal origin,reinitialize same seed; all pre-origin rolling samples; e_star epochs,configs/adapter_common_contract.yaml,0fdc80620cf8962630e75c1fa2432803a694bdd75347ebc77b3093fc02c15c5f,84ec5e1a462241b724bdb52169726ffe86647b20efbad04d01b949a8b9fc2a01,3016e2d14ad01bc58bf8bc0ed0e99fd89d95ae1895eb99367eaa330b9cef355d,not_applicable,not_applicable,existing_source_locks.csv|compatibility_config_hash:15120158aaa48625c00f34b8cc1572b184fc98569bd1df31445ff86a5d54baa5,1c18a315c1ca7bb61bbef83928a072ce994a74fd6066d0d483d2f9217d925605,d7c77384eedf44b83bb464f03081bda024ebcdf3ebd2c5ef3e38acffa7bbfeef,adapter_ready,forecast_model,,pending
FULL_UNIFIED_RUN_V1,M5,2016-02-01,tcn_target_only,none,47,50,10,7,0.001,4,Adam,0.001,v1_0162_m5_20160201_tcn_target_only_s47,stage_2,log1p_huber_delta_1,latest locked 28-day rolling origin strictly before formal origin,reinitialize same seed; all pre-origin rolling samples; e_star epochs,configs/adapter_common_contract.yaml,0fdc80620cf8962630e75c1fa2432803a694bdd75347ebc77b3093fc02c15c5f,84ec5e1a462241b724bdb52169726ffe86647b20efbad04d01b949a8b9fc2a01,3016e2d14ad01bc58bf8bc0ed0e99fd89d95ae1895eb99367eaa330b9cef355d,not_applicable,not_applicable,existing_source_locks.csv|compatibility_config_hash:15120158aaa48625c00f34b8cc1572b184fc98569bd1df31445ff86a5d54baa5,1defa440f36eccd18cb2f3d9f0b737d829e1d3053732738fe970342514cd9c9b,d7c77384eedf44b83bb464f03081bda024ebcdf3ebd2c5ef3e38acffa7bbfeef,adapter_ready,forecast_model,,pending
FULL_UNIFIED_RUN_V1,Favorita,2017-03-01,tcn_target_only,none,13,50,10,7,0.001,4,Adam,0.001,v1_0163_favorita_20170301_tcn_target_only_s13,stage_2,log1p_huber_delta_1,latest locked 28-day rolling origin strictly before formal origin,reinitialize same seed; all pre-origin rolling samples; e_star epochs,configs/adapter_common_contract.yaml,99f53feff701ca0e8ddb39eaf4c2384b14067b4e69669a6d805e4efea668fb19,cd0beeec37632daa955a38f9eba4e42ab5553d9daac470a0028c402132af43b1,55dc80374cd57120ded1af94a404fe3169d392e3a0e2c0f29bd6d1a2eed1002e,not_applicable,not_applicable,existing_source_locks.csv|compatibility_config_hash:15120158aaa48625c00f34b8cc1572b184fc98569bd1df31445ff86a5d54baa5,e0087e0748b0636ec4bdb85aeb09d7a029f4a421a2ec2ee4d0ec4847c4df9ac3,d7c77384eedf44b83bb464f03081bda024ebcdf3ebd2c5ef3e38acffa7bbfeef,adapter_ready,forecast_model,,pending
FULL_UNIFIED_RUN_V1,Favorita,2017-03-01,tcn_target_only,none,29,50,10,7,0.001,4,Adam,0.001,v1_0164_favorita_20170301_tcn_target_only_s29,stage_2,log1p_huber_delta_1,latest locked 28-day rolling origin strictly before formal origin,reinitialize same seed; all pre-origin rolling samples; e_star epochs,configs/adapter_common_contract.yaml,99f53feff701ca0e8ddb39eaf4c2384b14067b4e69669a6d805e4efea668fb19,cd0beeec37632daa955a38f9eba4e42ab5553d9daac470a0028c402132af43b1,55dc80374cd57120ded1af94a404fe3169d392e3a0e2c0f29bd6d1a2eed1002e,not_applicable,not_applicable,existing_source_locks.csv|compatibility_config_hash:15120158aaa48625c00f34b8cc1572b184fc98569bd1df31445ff86a5d54baa5,aa032bcc59e7871058c10a731b57cb14ad49e984f8020f642d562dcc89480871,d7c77384eedf44b83bb464f03081bda024ebcdf3ebd2c5ef3e38acffa7bbfeef,adapter_ready,forecast_model,,pending
FULL_UNIFIED_RUN_V1,Favorita,2017-03-01,tcn_target_only,none,47,50,10,7,0.001,4,Adam,0.001,v1_0165_favorita_20170301_tcn_target_only_s47,stage_2,log1p_huber_delta_1,latest locked 28-day rolling origin strictly before formal origin,reinitialize same seed; all pre-origin rolling samples; e_star epochs,configs/adapter_common_contract.yaml,99f53feff701ca0e8ddb39eaf4c2384b14067b4e69669a6d805e4efea668fb19,cd0beeec37632daa955a38f9eba4e42ab5553d9daac470a0028c402132af43b1,55dc80374cd57120ded1af94a404fe3169d392e3a0e2c0f29bd6d1a2eed1002e,not_applicable,not_applicable,existing_source_locks.csv|compatibility_config_hash:15120158aaa48625c00f34b8cc1572b184fc98569bd1df31445ff86a5d54baa5,a3a6223e74eeb41b3ac4dc14b9e530f49d04e65e6146eb7ed625aecf2d7b5a55,d7c77384eedf44b83bb464f03081bda024ebcdf3ebd2c5ef3e38acffa7bbfeef,adapter_ready,forecast_model,,pending
FULL_UNIFIED_RUN_V1,Favorita,2017-03-29,tcn_target_only,none,13,50,10,7,0.001,4,Adam,0.001,v1_0166_favorita_20170329_tcn_target_only_s13,stage_2,log1p_huber_delta_1,latest locked 28-day rolling origin strictly before formal origin,reinitialize same seed; all pre-origin rolling samples; e_star epochs,configs/adapter_common_contract.yaml,99f53feff701ca0e8ddb39eaf4c2384b14067b4e69669a6d805e4efea668fb19,345dabcf47b0f7e1fb1895e4c61f5d5ebffaa56e09a9f5b2d7896f439c70937b,61b843616ad20b3c0f66e85ec548fd8ee39336145e3b216b3e7363c867264271,not_applicable,not_applicable,existing_source_locks.csv|compatibility_config_hash:15120158aaa48625c00f34b8cc1572b184fc98569bd1df31445ff86a5d54baa5,c3225c51c41baa925cbc593782d366ef0b73a4209813a00556e76fbebc5b014e,d7c77384eedf44b83bb464f03081bda024ebcdf3ebd2c5ef3e38acffa7bbfeef,adapter_ready,forecast_model,,pending
FULL_UNIFIED_RUN_V1,Favorita,2017-03-29,tcn_target_only,none,29,50,10,7,0.001,4,Adam,0.001,v1_0167_favorita_20170329_tcn_target_only_s29,stage_2,log1p_huber_delta_1,latest locked 28-day rolling origin strictly before formal origin,reinitialize same seed; all pre-origin rolling samples; e_star epochs,configs/adapter_common_contract.yaml,99f53feff701ca0e8ddb39eaf4c2384b14067b4e69669a6d805e4efea668fb19,345dabcf47b0f7e1fb1895e4c61f5d5ebffaa56e09a9f5b2d7896f439c70937b,61b843616ad20b3c0f66e85ec548fd8ee39336145e3b216b3e7363c867264271,not_applicable,not_applicable,existing_source_locks.csv|compatibility_config_hash:15120158aaa48625c00f34b8cc1572b184fc98569bd1df31445ff86a5d54baa5,58803bcecec874bc43c4ff72078ffe25ca43ebc58486f31cf63ae18efece3f41,d7c77384eedf44b83bb464f03081bda024ebcdf3ebd2c5ef3e38acffa7bbfeef,adapter_ready,forecast_model,,pending
FULL_UNIFIED_RUN_V1,Favorita,2017-03-29,tcn_target_only,none,47,50,10,7,0.001,4,Adam,0.001,v1_0168_favorita_20170329_tcn_target_only_s47,stage_2,log1p_huber_delta_1,latest locked 28-day rolling origin strictly before formal origin,reinitialize same seed; all pre-origin rolling samples; e_star epochs,configs/adapter_common_contract.yaml,99f53feff701ca0e8ddb39eaf4c2384b14067b4e69669a6d805e4efea668fb19,345dabcf47b0f7e1fb1895e4c61f5d5ebffaa56e09a9f5b2d7896f439c70937b,61b843616ad20b3c0f66e85ec548fd8ee39336145e3b216b3e7363c867264271,not_applicable,not_applicable,existing_source_locks.csv|compatibility_config_hash:15120158aaa48625c00f34b8cc1572b184fc98569bd1df31445ff86a5d54baa5,6afe0de232f753f5ff8aa1e4021cff78cfb55509d7a9db0b2f066207b4d5b85b,d7c77384eedf44b83bb464f03081bda024ebcdf3ebd2c5ef3e38acffa7bbfeef,adapter_ready,forecast_model,,pending
FULL_UNIFIED_RUN_V1,Favorita,2017-04-26,tcn_target_only,none,13,50,10,7,0.001,4,Adam,0.001,v1_0169_favorita_20170426_tcn_target_only_s13,stage_2,log1p_huber_delta_1,latest locked 28-day rolling origin strictly before formal origin,reinitialize same seed; all pre-origin rolling samples; e_star epochs,configs/adapter_common_contract.yaml,99f53feff701ca0e8ddb39eaf4c2384b14067b4e69669a6d805e4efea668fb19,c488ebe713d35972ff5a908aa6c2090b4ea444972f31abbf215c0d17998dda91,c5ea41145b284ccabb9c8485eff0a16b0d7d6e25e5c1c3c30f9e41f0516db7ad,not_applicable,not_applicable,existing_source_locks.csv|compatibility_config_hash:15120158aaa48625c00f34b8cc1572b184fc98569bd1df31445ff86a5d54baa5,a748d47bab8b3b4e270936f0f9546fa52007d3858ef519146ff900455c034342,d7c77384eedf44b83bb464f03081bda024ebcdf3ebd2c5ef3e38acffa7bbfeef,adapter_ready,forecast_model,,pending
FULL_UNIFIED_RUN_V1,Favorita,2017-04-26,tcn_target_only,none,29,50,10,7,0.001,4,Adam,0.001,v1_0170_favorita_20170426_tcn_target_only_s29,stage_2,log1p_huber_delta_1,latest locked 28-day rolling origin strictly before formal origin,reinitialize same seed; all pre-origin rolling samples; e_star epochs,configs/adapter_common_contract.yaml,99f53feff701ca0e8ddb39eaf4c2384b14067b4e69669a6d805e4efea668fb19,c488ebe713d35972ff5a908aa6c2090b4ea444972f31abbf215c0d17998dda91,c5ea41145b284ccabb9c8485eff0a16b0d7d6e25e5c1c3c30f9e41f0516db7ad,not_applicable,not_applicable,existing_source_locks.csv|compatibility_config_hash:15120158aaa48625c00f34b8cc1572b184fc98569bd1df31445ff86a5d54baa5,7236830d6a49e9596cfdd8201a549173633b17a0a1ff45e32b27f1b99d810863,d7c77384eedf44b83bb464f03081bda024ebcdf3ebd2c5ef3e38acffa7bbfeef,adapter_ready,forecast_model,,pending
FULL_UNIFIED_RUN_V1,Favorita,2017-04-26,tcn_target_only,none,47,50,10,7,0.001,4,Adam,0.001,v1_0171_favorita_20170426_tcn_target_only_s47,stage_2,log1p_huber_delta_1,latest locked 28-day rolling origin strictly before formal origin,reinitialize same seed; all pre-origin rolling samples; e_star epochs,configs/adapter_common_contract.yaml,99f53feff701ca0e8ddb39eaf4c2384b14067b4e69669a6d805e4efea668fb19,c488ebe713d35972ff5a908aa6c2090b4ea444972f31abbf215c0d17998dda91,c5ea41145b284ccabb9c8485eff0a16b0d7d6e25e5c1c3c30f9e41f0516db7ad,not_applicable,not_applicable,existing_source_locks.csv|compatibility_config_hash:15120158aaa48625c00f34b8cc1572b184fc98569bd1df31445ff86a5d54baa5,781453c520e71af777a1788779fe3b7a778bf43e6cfc466d13e88b9ed96726d7,d7c77384eedf44b83bb464f03081bda024ebcdf3ebd2c5ef3e38acffa7bbfeef,adapter_ready,forecast_model,,pending
FULL_UNIFIED_RUN_V1,Store Item,2017-05-22,tcn_target_only,none,13,50,10,7,0.001,4,Adam,0.001,v1_0172_store_item_20170522_tcn_target_only_s13,stage_2,log1p_huber_delta_1,latest locked 28-day rolling origin strictly before formal origin,reinitialize same seed; all pre-origin rolling samples; e_star epochs,configs/adapter_common_contract.yaml,99f53feff701ca0e8ddb39eaf4c2384b14067b4e69669a6d805e4efea668fb19,96f573b570f1b2d301538d41f90dacef49f3190e6f15d4c0105641fefebfcd31,16faaf5314d2d656099b5dfcf1294a6e3ae99741f8f303dcc812754898b52246,not_applicable,not_applicable,existing_source_locks.csv|compatibility_config_hash:15120158aaa48625c00f34b8cc1572b184fc98569bd1df31445ff86a5d54baa5,fc6e77f990a5cb1a715b28dc7b2ca5f9a3356a3ed9b22dc12c1d80fde199719a,d7c77384eedf44b83bb464f03081bda024ebcdf3ebd2c5ef3e38acffa7bbfeef,adapter_ready,forecast_model,test.csv|sample_submission.csv|sealed_independent_test,pending
FULL_UNIFIED_RUN_V1,Store Item,2017-05-22,tcn_target_only,none,29,50,10,7,0.001,4,Adam,0.001,v1_0173_store_item_20170522_tcn_target_only_s29,stage_2,log1p_huber_delta_1,latest locked 28-day rolling origin strictly before formal origin,reinitialize same seed; all pre-origin rolling samples; e_star epochs,configs/adapter_common_contract.yaml,99f53feff701ca0e8ddb39eaf4c2384b14067b4e69669a6d805e4efea668fb19,96f573b570f1b2d301538d41f90dacef49f3190e6f15d4c0105641fefebfcd31,16faaf5314d2d656099b5dfcf1294a6e3ae99741f8f303dcc812754898b52246,not_applicable,not_applicable,existing_source_locks.csv|compatibility_config_hash:15120158aaa48625c00f34b8cc1572b184fc98569bd1df31445ff86a5d54baa5,cc7cc2b5991da8c16ee702d258e85c761a5bf1501af61c81f5925277556ace1d,d7c77384eedf44b83bb464f03081bda024ebcdf3ebd2c5ef3e38acffa7bbfeef,adapter_ready,forecast_model,test.csv|sample_submission.csv|sealed_independent_test,pending
FULL_UNIFIED_RUN_V1,Store Item,2017-05-22,tcn_target_only,none,47,50,10,7,0.001,4,Adam,0.001,v1_0174_store_item_20170522_tcn_target_only_s47,stage_2,log1p_huber_delta_1,latest locked 28-day rolling origin strictly before formal origin,reinitialize same seed; all pre-origin rolling samples; e_star epochs,configs/adapter_common_contract.yaml,99f53feff701ca0e8ddb39eaf4c2384b14067b4e69669a6d805e4efea668fb19,96f573b570f1b2d301538d41f90dacef49f3190e6f15d4c0105641fefebfcd31,16faaf5314d2d656099b5dfcf1294a6e3ae99741f8f303dcc812754898b52246,not_applicable,not_applicable,existing_source_locks.csv|compatibility_config_hash:15120158aaa48625c00f34b8cc1572b184fc98569bd1df31445ff86a5d54baa5,409c47f5541b1500c688ea2245ce7de9211dac38bdd3805ebe01370e2098a965,d7c77384eedf44b83bb464f03081bda024ebcdf3ebd2c5ef3e38acffa7bbfeef,adapter_ready,forecast_model,test.csv|sample_submission.csv|sealed_independent_test,pending
FULL_UNIFIED_RUN_V1,Store Item,2017-06-19,tcn_target_only,none,13,50,10,7,0.001,4,Adam,0.001,v1_0175_store_item_20170619_tcn_target_only_s13,stage_2,log1p_huber_delta_1,latest locked 28-day rolling origin strictly before formal origin,reinitialize same seed; all pre-origin rolling samples; e_star epochs,configs/adapter_common_contract.yaml,99f53feff701ca0e8ddb39eaf4c2384b14067b4e69669a6d805e4efea668fb19,28beca4732b3f14a100f847605d2098885a415ba97668113a3ccce044ffb107d,0fbc52c84fd91f7cae2d2b0d15d8eb3627c8926e5b3fe3208f25e73f9d77146e,not_applicable,not_applicable,existing_source_locks.csv|compatibility_config_hash:15120158aaa48625c00f34b8cc1572b184fc98569bd1df31445ff86a5d54baa5,d2dd1cc08d8dd5e4e1bc6f509e2868c5f905ed39706425e2cb440926f984a151,d7c77384eedf44b83bb464f03081bda024ebcdf3ebd2c5ef3e38acffa7bbfeef,adapter_ready,forecast_model,test.csv|sample_submission.csv|sealed_independent_test,pending
FULL_UNIFIED_RUN_V1,Store Item,2017-06-19,tcn_target_only,none,29,50,10,7,0.001,4,Adam,0.001,v1_0176_store_item_20170619_tcn_target_only_s29,stage_2,log1p_huber_delta_1,latest locked 28-day rolling origin strictly before formal origin,reinitialize same seed; all pre-origin rolling samples; e_star epochs,configs/adapter_common_contract.yaml,99f53feff701ca0e8ddb39eaf4c2384b14067b4e69669a6d805e4efea668fb19,28beca4732b3f14a100f847605d2098885a415ba97668113a3ccce044ffb107d,0fbc52c84fd91f7cae2d2b0d15d8eb3627c8926e5b3fe3208f25e73f9d77146e,not_applicable,not_applicable,existing_source_locks.csv|compatibility_config_hash:15120158aaa48625c00f34b8cc1572b184fc98569bd1df31445ff86a5d54baa5,dea272fac670a970b9443c3784a80d4a4adcbd2665d0695cf1fa4fa7f8a16679,d7c77384eedf44b83bb464f03081bda024ebcdf3ebd2c5ef3e38acffa7bbfeef,adapter_ready,forecast_model,test.csv|sample_submission.csv|sealed_independent_test,pending
FULL_UNIFIED_RUN_V1,Store Item,2017-06-19,tcn_target_only,none,47,50,10,7,0.001,4,Adam,0.001,v1_0177_store_item_20170619_tcn_target_only_s47,stage_2,log1p_huber_delta_1,latest locked 28-day rolling origin strictly before formal origin,reinitialize same seed; all pre-origin rolling samples; e_star epochs,configs/adapter_common_contract.yaml,99f53feff701ca0e8ddb39eaf4c2384b14067b4e69669a6d805e4efea668fb19,28beca4732b3f14a100f847605d2098885a415ba97668113a3ccce044ffb107d,0fbc52c84fd91f7cae2d2b0d15d8eb3627c8926e5b3fe3208f25e73f9d77146e,not_applicable,not_applicable,existing_source_locks.csv|compatibility_config_hash:15120158aaa48625c00f34b8cc1572b184fc98569bd1df31445ff86a5d54baa5,3511eb71ce1cde6c5ed5ad5c2a384c15a783108251eca54c33809dd62a629ba1,d7c77384eedf44b83bb464f03081bda024ebcdf3ebd2c5ef3e38acffa7bbfeef,adapter_ready,forecast_model,test.csv|sample_submission.csv|sealed_independent_test,pending
FULL_UNIFIED_RUN_V1,Store Item,2017-07-17,tcn_target_only,none,13,50,10,7,0.001,4,Adam,0.001,v1_0178_store_item_20170717_tcn_target_only_s13,stage_2,log1p_huber_delta_1,latest locked 28-day rolling origin strictly before formal origin,reinitialize same seed; all pre-origin rolling samples; e_star epochs,configs/adapter_common_contract.yaml,99f53feff701ca0e8ddb39eaf4c2384b14067b4e69669a6d805e4efea668fb19,cb704e15bf73a80e87151fc7a786498308b0888b5b69c93a6c61d1fdd789036d,34d53ca2bc8d880fcab243b4a0c32e211cbc184f8aa88af0a0cc7daa0679b437,not_applicable,not_applicable,existing_source_locks.csv|compatibility_config_hash:15120158aaa48625c00f34b8cc1572b184fc98569bd1df31445ff86a5d54baa5,9af1893039541657e2de3d2384396f53a6a8f815f9f91bab125abfdec69bad1f,d7c77384eedf44b83bb464f03081bda024ebcdf3ebd2c5ef3e38acffa7bbfeef,adapter_ready,forecast_model,test.csv|sample_submission.csv|sealed_independent_test,pending
FULL_UNIFIED_RUN_V1,Store Item,2017-07-17,tcn_target_only,none,29,50,10,7,0.001,4,Adam,0.001,v1_0179_store_item_20170717_tcn_target_only_s29,stage_2,log1p_huber_delta_1,latest locked 28-day rolling origin strictly before formal origin,reinitialize same seed; all pre-origin rolling samples; e_star epochs,configs/adapter_common_contract.yaml,99f53feff701ca0e8ddb39eaf4c2384b14067b4e69669a6d805e4efea668fb19,cb704e15bf73a80e87151fc7a786498308b0888b5b69c93a6c61d1fdd789036d,34d53ca2bc8d880fcab243b4a0c32e211cbc184f8aa88af0a0cc7daa0679b437,not_applicable,not_applicable,existing_source_locks.csv|compatibility_config_hash:15120158aaa48625c00f34b8cc1572b184fc98569bd1df31445ff86a5d54baa5,be0b93f21d222aa8d5228762f5687e1263b511d715851dff80fa9c2ac67ff2c4,d7c77384eedf44b83bb464f03081bda024ebcdf3ebd2c5ef3e38acffa7bbfeef,adapter_ready,forecast_model,test.csv|sample_submission.csv|sealed_independent_test,pending
FULL_UNIFIED_RUN_V1,Store Item,2017-07-17,tcn_target_only,none,47,50,10,7,0.001,4,Adam,0.001,v1_0180_store_item_20170717_tcn_target_only_s47,stage_2,log1p_huber_delta_1,latest locked 28-day rolling origin strictly before formal origin,reinitialize same seed; all pre-origin rolling samples; e_star epochs,configs/adapter_common_contract.yaml,99f53feff701ca0e8ddb39eaf4c2384b14067b4e69669a6d805e4efea668fb19,cb704e15bf73a80e87151fc7a786498308b0888b5b69c93a6c61d1fdd789036d,34d53ca2bc8d880fcab243b4a0c32e211cbc184f8aa88af0a0cc7daa0679b437,not_applicable,not_applicable,existing_source_locks.csv|compatibility_config_hash:15120158aaa48625c00f34b8cc1572b184fc98569bd1df31445ff86a5d54baa5,e572f049d9ef821de96c5510c998148d121e2d9efe5952db654ed2a00af32597,d7c77384eedf44b83bb464f03081bda024ebcdf3ebd2c5ef3e38acffa7bbfeef,adapter_ready,forecast_model,test.csv|sample_submission.csv|sealed_independent_test,pending
FULL_UNIFIED_RUN_V1,M5,2015-12-07,dlinear,none,13,50,10,7,0.001,4,Adam,0.001,v1_0181_m5_20151207_dlinear_s13,stage_2,log1p_huber_delta_1,latest locked 28-day rolling origin strictly before formal origin,reinitialize same seed; all pre-origin rolling samples; e_star epochs,configs/adapter_common_contract.yaml,0fdc80620cf8962630e75c1fa2432803a694bdd75347ebc77b3093fc02c15c5f,24f14f88e9945d2a7fb67744b119a74daf41bf279d2a3b941fb03feff77657e4,4e848b74ea357e0224e7040a2b5ea8d3cfd77d9b55bb869887df86ed6bfc2751,not_applicable,not_applicable,existing_source_locks.csv|compatibility_config_hash:15120158aaa48625c00f34b8cc1572b184fc98569bd1df31445ff86a5d54baa5,258684e2b651ad9155b012a1aebc88c72fd0109509582b6c7b2b98317f4c9adb,d7c77384eedf44b83bb464f03081bda024ebcdf3ebd2c5ef3e38acffa7bbfeef,adapter_ready,forecast_model,,pending
FULL_UNIFIED_RUN_V1,M5,2015-12-07,dlinear,none,29,50,10,7,0.001,4,Adam,0.001,v1_0182_m5_20151207_dlinear_s29,stage_2,log1p_huber_delta_1,latest locked 28-day rolling origin strictly before formal origin,reinitialize same seed; all pre-origin rolling samples; e_star epochs,configs/adapter_common_contract.yaml,0fdc80620cf8962630e75c1fa2432803a694bdd75347ebc77b3093fc02c15c5f,24f14f88e9945d2a7fb67744b119a74daf41bf279d2a3b941fb03feff77657e4,4e848b74ea357e0224e7040a2b5ea8d3cfd77d9b55bb869887df86ed6bfc2751,not_applicable,not_applicable,existing_source_locks.csv|compatibility_config_hash:15120158aaa48625c00f34b8cc1572b184fc98569bd1df31445ff86a5d54baa5,0a0bbabd3fc60201b0711df2895217bcac58f8155d9f26419e952734c9c2ac4a,d7c77384eedf44b83bb464f03081bda024ebcdf3ebd2c5ef3e38acffa7bbfeef,adapter_ready,forecast_model,,pending
FULL_UNIFIED_RUN_V1,M5,2015-12-07,dlinear,none,47,50,10,7,0.001,4,Adam,0.001,v1_0183_m5_20151207_dlinear_s47,stage_2,log1p_huber_delta_1,latest locked 28-day rolling origin strictly before formal origin,reinitialize same seed; all pre-origin rolling samples; e_star epochs,configs/adapter_common_contract.yaml,0fdc80620cf8962630e75c1fa2432803a694bdd75347ebc77b3093fc02c15c5f,24f14f88e9945d2a7fb67744b119a74daf41bf279d2a3b941fb03feff77657e4,4e848b74ea357e0224e7040a2b5ea8d3cfd77d9b55bb869887df86ed6bfc2751,not_applicable,not_applicable,existing_source_locks.csv|compatibility_config_hash:15120158aaa48625c00f34b8cc1572b184fc98569bd1df31445ff86a5d54baa5,2dcee15cfdb0b4b6acd8e3461bef1d7c55f98f5fd94850edbd93ad2efb890dd1,d7c77384eedf44b83bb464f03081bda024ebcdf3ebd2c5ef3e38acffa7bbfeef,adapter_ready,forecast_model,,pending
FULL_UNIFIED_RUN_V1,M5,2016-01-04,dlinear,none,13,50,10,7,0.001,4,Adam,0.001,v1_0184_m5_20160104_dlinear_s13,stage_2,log1p_huber_delta_1,latest locked 28-day rolling origin strictly before formal origin,reinitialize same seed; all pre-origin rolling samples; e_star epochs,configs/adapter_common_contract.yaml,0fdc80620cf8962630e75c1fa2432803a694bdd75347ebc77b3093fc02c15c5f,f363d22b50ee5ecf935d764748129bbf4e83b2417ab50854a465cae0c12fccbf,3016e2d14ad01bc58bf8bc0ed0e99fd89d95ae1895eb99367eaa330b9cef355d,not_applicable,not_applicable,existing_source_locks.csv|compatibility_config_hash:15120158aaa48625c00f34b8cc1572b184fc98569bd1df31445ff86a5d54baa5,d1be93395c26ad90102feb364daa68f84335396f8f1f37220f4c378912806baa,d7c77384eedf44b83bb464f03081bda024ebcdf3ebd2c5ef3e38acffa7bbfeef,adapter_ready,forecast_model,,pending
FULL_UNIFIED_RUN_V1,M5,2016-01-04,dlinear,none,29,50,10,7,0.001,4,Adam,0.001,v1_0185_m5_20160104_dlinear_s29,stage_2,log1p_huber_delta_1,latest locked 28-day rolling origin strictly before formal origin,reinitialize same seed; all pre-origin rolling samples; e_star epochs,configs/adapter_common_contract.yaml,0fdc80620cf8962630e75c1fa2432803a694bdd75347ebc77b3093fc02c15c5f,f363d22b50ee5ecf935d764748129bbf4e83b2417ab50854a465cae0c12fccbf,3016e2d14ad01bc58bf8bc0ed0e99fd89d95ae1895eb99367eaa330b9cef355d,not_applicable,not_applicable,existing_source_locks.csv|compatibility_config_hash:15120158aaa48625c00f34b8cc1572b184fc98569bd1df31445ff86a5d54baa5,9f07f6364b8c339b36611bf6fa0d809454e95a54dcb7baf2947d327548986a70,d7c77384eedf44b83bb464f03081bda024ebcdf3ebd2c5ef3e38acffa7bbfeef,adapter_ready,forecast_model,,pending
FULL_UNIFIED_RUN_V1,M5,2016-01-04,dlinear,none,47,50,10,7,0.001,4,Adam,0.001,v1_0186_m5_20160104_dlinear_s47,stage_2,log1p_huber_delta_1,latest locked 28-day rolling origin strictly before formal origin,reinitialize same seed; all pre-origin rolling samples; e_star epochs,configs/adapter_common_contract.yaml,0fdc80620cf8962630e75c1fa2432803a694bdd75347ebc77b3093fc02c15c5f,f363d22b50ee5ecf935d764748129bbf4e83b2417ab50854a465cae0c12fccbf,3016e2d14ad01bc58bf8bc0ed0e99fd89d95ae1895eb99367eaa330b9cef355d,not_applicable,not_applicable,existing_source_locks.csv|compatibility_config_hash:15120158aaa48625c00f34b8cc1572b184fc98569bd1df31445ff86a5d54baa5,ae86479bd962d5bf210972c5e19d0ea27a794778cba8625657ceecfd115505fe,d7c77384eedf44b83bb464f03081bda024ebcdf3ebd2c5ef3e38acffa7bbfeef,adapter_ready,forecast_model,,pending
FULL_UNIFIED_RUN_V1,M5,2016-02-01,dlinear,none,13,50,10,7,0.001,4,Adam,0.001,v1_0187_m5_20160201_dlinear_s13,stage_2,log1p_huber_delta_1,latest locked 28-day rolling origin strictly before formal origin,reinitialize same seed; all pre-origin rolling samples; e_star epochs,configs/adapter_common_contract.yaml,0fdc80620cf8962630e75c1fa2432803a694bdd75347ebc77b3093fc02c15c5f,84ec5e1a462241b724bdb52169726ffe86647b20efbad04d01b949a8b9fc2a01,3016e2d14ad01bc58bf8bc0ed0e99fd89d95ae1895eb99367eaa330b9cef355d,not_applicable,not_applicable,existing_source_locks.csv|compatibility_config_hash:15120158aaa48625c00f34b8cc1572b184fc98569bd1df31445ff86a5d54baa5,4481262b1c4400b163a2ee2e85ad77c96723c399211a558c0a9192f95e224240,d7c77384eedf44b83bb464f03081bda024ebcdf3ebd2c5ef3e38acffa7bbfeef,adapter_ready,forecast_model,,pending
FULL_UNIFIED_RUN_V1,M5,2016-02-01,dlinear,none,29,50,10,7,0.001,4,Adam,0.001,v1_0188_m5_20160201_dlinear_s29,stage_2,log1p_huber_delta_1,latest locked 28-day rolling origin strictly before formal origin,reinitialize same seed; all pre-origin rolling samples; e_star epochs,configs/adapter_common_contract.yaml,0fdc80620cf8962630e75c1fa2432803a694bdd75347ebc77b3093fc02c15c5f,84ec5e1a462241b724bdb52169726ffe86647b20efbad04d01b949a8b9fc2a01,3016e2d14ad01bc58bf8bc0ed0e99fd89d95ae1895eb99367eaa330b9cef355d,not_applicable,not_applicable,existing_source_locks.csv|compatibility_config_hash:15120158aaa48625c00f34b8cc1572b184fc98569bd1df31445ff86a5d54baa5,476161e1684f7da6ce23a18ab500e48bbf9ef9ea86d18e2686c2770ada8a987f,d7c77384eedf44b83bb464f03081bda024ebcdf3ebd2c5ef3e38acffa7bbfeef,adapter_ready,forecast_model,,pending
FULL_UNIFIED_RUN_V1,M5,2016-02-01,dlinear,none,47,50,10,7,0.001,4,Adam,0.001,v1_0189_m5_20160201_dlinear_s47,stage_2,log1p_huber_delta_1,latest locked 28-day rolling origin strictly before formal origin,reinitialize same seed; all pre-origin rolling samples; e_star epochs,configs/adapter_common_contract.yaml,0fdc80620cf8962630e75c1fa2432803a694bdd75347ebc77b3093fc02c15c5f,84ec5e1a462241b724bdb52169726ffe86647b20efbad04d01b949a8b9fc2a01,3016e2d14ad01bc58bf8bc0ed0e99fd89d95ae1895eb99367eaa330b9cef355d,not_applicable,not_applicable,existing_source_locks.csv|compatibility_config_hash:15120158aaa48625c00f34b8cc1572b184fc98569bd1df31445ff86a5d54baa5,730fb5661f5fc883eed2b2bd1a496f27596954ce3a6bbef196920401f7dd3c7b,d7c77384eedf44b83bb464f03081bda024ebcdf3ebd2c5ef3e38acffa7bbfeef,adapter_ready,forecast_model,,pending
FULL_UNIFIED_RUN_V1,Favorita,2017-03-01,dlinear,none,13,50,10,7,0.001,4,Adam,0.001,v1_0190_favorita_20170301_dlinear_s13,stage_2,log1p_huber_delta_1,latest locked 28-day rolling origin strictly before formal origin,reinitialize same seed; all pre-origin rolling samples; e_star epochs,configs/adapter_common_contract.yaml,99f53feff701ca0e8ddb39eaf4c2384b14067b4e69669a6d805e4efea668fb19,cd0beeec37632daa955a38f9eba4e42ab5553d9daac470a0028c402132af43b1,55dc80374cd57120ded1af94a404fe3169d392e3a0e2c0f29bd6d1a2eed1002e,not_applicable,not_applicable,existing_source_locks.csv|compatibility_config_hash:15120158aaa48625c00f34b8cc1572b184fc98569bd1df31445ff86a5d54baa5,b0a7b7ec251be8e860fd33efa7594a85d4649a23d7886e7a19640ce190ca16b5,d7c77384eedf44b83bb464f03081bda024ebcdf3ebd2c5ef3e38acffa7bbfeef,adapter_ready,forecast_model,,pending
FULL_UNIFIED_RUN_V1,Favorita,2017-03-01,dlinear,none,29,50,10,7,0.001,4,Adam,0.001,v1_0191_favorita_20170301_dlinear_s29,stage_2,log1p_huber_delta_1,latest locked 28-day rolling origin strictly before formal origin,reinitialize same seed; all pre-origin rolling samples; e_star epochs,configs/adapter_common_contract.yaml,99f53feff701ca0e8ddb39eaf4c2384b14067b4e69669a6d805e4efea668fb19,cd0beeec37632daa955a38f9eba4e42ab5553d9daac470a0028c402132af43b1,55dc80374cd57120ded1af94a404fe3169d392e3a0e2c0f29bd6d1a2eed1002e,not_applicable,not_applicable,existing_source_locks.csv|compatibility_config_hash:15120158aaa48625c00f34b8cc1572b184fc98569bd1df31445ff86a5d54baa5,3b8243837617ed740c358fcdad5117b411959fdd217df3db6b02f212ae85f09e,d7c77384eedf44b83bb464f03081bda024ebcdf3ebd2c5ef3e38acffa7bbfeef,adapter_ready,forecast_model,,pending
FULL_UNIFIED_RUN_V1,Favorita,2017-03-01,dlinear,none,47,50,10,7,0.001,4,Adam,0.001,v1_0192_favorita_20170301_dlinear_s47,stage_2,log1p_huber_delta_1,latest locked 28-day rolling origin strictly before formal origin,reinitialize same seed; all pre-origin rolling samples; e_star epochs,configs/adapter_common_contract.yaml,99f53feff701ca0e8ddb39eaf4c2384b14067b4e69669a6d805e4efea668fb19,cd0beeec37632daa955a38f9eba4e42ab5553d9daac470a0028c402132af43b1,55dc80374cd57120ded1af94a404fe3169d392e3a0e2c0f29bd6d1a2eed1002e,not_applicable,not_applicable,existing_source_locks.csv|compatibility_config_hash:15120158aaa48625c00f34b8cc1572b184fc98569bd1df31445ff86a5d54baa5,0d213c427404fd6b091d93d17ff5dfe2e647e79ea2bd36d2b58480b2e763dfe8,d7c77384eedf44b83bb464f03081bda024ebcdf3ebd2c5ef3e38acffa7bbfeef,adapter_ready,forecast_model,,pending
FULL_UNIFIED_RUN_V1,Favorita,2017-03-29,dlinear,none,13,50,10,7,0.001,4,Adam,0.001,v1_0193_favorita_20170329_dlinear_s13,stage_2,log1p_huber_delta_1,latest locked 28-day rolling origin strictly before formal origin,reinitialize same seed; all pre-origin rolling samples; e_star epochs,configs/adapter_common_contract.yaml,99f53feff701ca0e8ddb39eaf4c2384b14067b4e69669a6d805e4efea668fb19,345dabcf47b0f7e1fb1895e4c61f5d5ebffaa56e09a9f5b2d7896f439c70937b,61b843616ad20b3c0f66e85ec548fd8ee39336145e3b216b3e7363c867264271,not_applicable,not_applicable,existing_source_locks.csv|compatibility_config_hash:15120158aaa48625c00f34b8cc1572b184fc98569bd1df31445ff86a5d54baa5,51642ee6573f2a5bb0efd4f7a5f87075f7b441112f5d73fa180356d1bd11b72c,d7c77384eedf44b83bb464f03081bda024ebcdf3ebd2c5ef3e38acffa7bbfeef,adapter_ready,forecast_model,,pending
FULL_UNIFIED_RUN_V1,Favorita,2017-03-29,dlinear,none,29,50,10,7,0.001,4,Adam,0.001,v1_0194_favorita_20170329_dlinear_s29,stage_2,log1p_huber_delta_1,latest locked 28-day rolling origin strictly before formal origin,reinitialize same seed; all pre-origin rolling samples; e_star epochs,configs/adapter_common_contract.yaml,99f53feff701ca0e8ddb39eaf4c2384b14067b4e69669a6d805e4efea668fb19,345dabcf47b0f7e1fb1895e4c61f5d5ebffaa56e09a9f5b2d7896f439c70937b,61b843616ad20b3c0f66e85ec548fd8ee39336145e3b216b3e7363c867264271,not_applicable,not_applicable,existing_source_locks.csv|compatibility_config_hash:15120158aaa48625c00f34b8cc1572b184fc98569bd1df31445ff86a5d54baa5,546be5f1bc70f99681fb5ff7b1fa2f792f534816866d19b8dd9f4127e3bc2d56,d7c77384eedf44b83bb464f03081bda024ebcdf3ebd2c5ef3e38acffa7bbfeef,adapter_ready,forecast_model,,pending
FULL_UNIFIED_RUN_V1,Favorita,2017-03-29,dlinear,none,47,50,10,7,0.001,4,Adam,0.001,v1_0195_favorita_20170329_dlinear_s47,stage_2,log1p_huber_delta_1,latest locked 28-day rolling origin strictly before formal origin,reinitialize same seed; all pre-origin rolling samples; e_star epochs,configs/adapter_common_contract.yaml,99f53feff701ca0e8ddb39eaf4c2384b14067b4e69669a6d805e4efea668fb19,345dabcf47b0f7e1fb1895e4c61f5d5ebffaa56e09a9f5b2d7896f439c70937b,61b843616ad20b3c0f66e85ec548fd8ee39336145e3b216b3e7363c867264271,not_applicable,not_applicable,existing_source_locks.csv|compatibility_config_hash:15120158aaa48625c00f34b8cc1572b184fc98569bd1df31445ff86a5d54baa5,4435a452178cb3d558bedbdf67bb45cebfad33c733818416d52e705dfd1811b5,d7c77384eedf44b83bb464f03081bda024ebcdf3ebd2c5ef3e38acffa7bbfeef,adapter_ready,forecast_model,,pending
FULL_UNIFIED_RUN_V1,Favorita,2017-04-26,dlinear,none,13,50,10,7,0.001,4,Adam,0.001,v1_0196_favorita_20170426_dlinear_s13,stage_2,log1p_huber_delta_1,latest locked 28-day rolling origin strictly before formal origin,reinitialize same seed; all pre-origin rolling samples; e_star epochs,configs/adapter_common_contract.yaml,99f53feff701ca0e8ddb39eaf4c2384b14067b4e69669a6d805e4efea668fb19,c488ebe713d35972ff5a908aa6c2090b4ea444972f31abbf215c0d17998dda91,c5ea41145b284ccabb9c8485eff0a16b0d7d6e25e5c1c3c30f9e41f0516db7ad,not_applicable,not_applicable,existing_source_locks.csv|compatibility_config_hash:15120158aaa48625c00f34b8cc1572b184fc98569bd1df31445ff86a5d54baa5,7dd97be0bf76ba6a0099c7d28f09b4b8a0b06264424ad501b2a7e8e13b564ad6,d7c77384eedf44b83bb464f03081bda024ebcdf3ebd2c5ef3e38acffa7bbfeef,adapter_ready,forecast_model,,pending
FULL_UNIFIED_RUN_V1,Favorita,2017-04-26,dlinear,none,29,50,10,7,0.001,4,Adam,0.001,v1_0197_favorita_20170426_dlinear_s29,stage_2,log1p_huber_delta_1,latest locked 28-day rolling origin strictly before formal origin,reinitialize same seed; all pre-origin rolling samples; e_star epochs,configs/adapter_common_contract.yaml,99f53feff701ca0e8ddb39eaf4c2384b14067b4e69669a6d805e4efea668fb19,c488ebe713d35972ff5a908aa6c2090b4ea444972f31abbf215c0d17998dda91,c5ea41145b284ccabb9c8485eff0a16b0d7d6e25e5c1c3c30f9e41f0516db7ad,not_applicable,not_applicable,existing_source_locks.csv|compatibility_config_hash:15120158aaa48625c00f34b8cc1572b184fc98569bd1df31445ff86a5d54baa5,5ef73a3410a18dc2c87b90f9506ae6037ea88ef2dcbe9abe8617830ed1199589,d7c77384eedf44b83bb464f03081bda024ebcdf3ebd2c5ef3e38acffa7bbfeef,adapter_ready,forecast_model,,pending
FULL_UNIFIED_RUN_V1,Favorita,2017-04-26,dlinear,none,47,50,10,7,0.001,4,Adam,0.001,v1_0198_favorita_20170426_dlinear_s47,stage_2,log1p_huber_delta_1,latest locked 28-day rolling origin strictly before formal origin,reinitialize same seed; all pre-origin rolling samples; e_star epochs,configs/adapter_common_contract.yaml,99f53feff701ca0e8ddb39eaf4c2384b14067b4e69669a6d805e4efea668fb19,c488ebe713d35972ff5a908aa6c2090b4ea444972f31abbf215c0d17998dda91,c5ea41145b284ccabb9c8485eff0a16b0d7d6e25e5c1c3c30f9e41f0516db7ad,not_applicable,not_applicable,existing_source_locks.csv|compatibility_config_hash:15120158aaa48625c00f34b8cc1572b184fc98569bd1df31445ff86a5d54baa5,3279f3b818abb597d03ba7dd1f055416300dab372eddb52b9417ba249e11ba5a,d7c77384eedf44b83bb464f03081bda024ebcdf3ebd2c5ef3e38acffa7bbfeef,adapter_ready,forecast_model,,pending
FULL_UNIFIED_RUN_V1,Store Item,2017-05-22,dlinear,none,13,50,10,7,0.001,4,Adam,0.001,v1_0199_store_item_20170522_dlinear_s13,stage_2,log1p_huber_delta_1,latest locked 28-day rolling origin strictly before formal origin,reinitialize same seed; all pre-origin rolling samples; e_star epochs,configs/adapter_common_contract.yaml,99f53feff701ca0e8ddb39eaf4c2384b14067b4e69669a6d805e4efea668fb19,96f573b570f1b2d301538d41f90dacef49f3190e6f15d4c0105641fefebfcd31,16faaf5314d2d656099b5dfcf1294a6e3ae99741f8f303dcc812754898b52246,not_applicable,not_applicable,existing_source_locks.csv|compatibility_config_hash:15120158aaa48625c00f34b8cc1572b184fc98569bd1df31445ff86a5d54baa5,410888b796470f020f330822d09fe1e64780610aa9df4c7e7df2d0cf22a4f0e1,d7c77384eedf44b83bb464f03081bda024ebcdf3ebd2c5ef3e38acffa7bbfeef,adapter_ready,forecast_model,test.csv|sample_submission.csv|sealed_independent_test,pending
FULL_UNIFIED_RUN_V1,Store Item,2017-05-22,dlinear,none,29,50,10,7,0.001,4,Adam,0.001,v1_0200_store_item_20170522_dlinear_s29,stage_2,log1p_huber_delta_1,latest locked 28-day rolling origin strictly before formal origin,reinitialize same seed; all pre-origin rolling samples; e_star epochs,configs/adapter_common_contract.yaml,99f53feff701ca0e8ddb39eaf4c2384b14067b4e69669a6d805e4efea668fb19,96f573b570f1b2d301538d41f90dacef49f3190e6f15d4c0105641fefebfcd31,16faaf5314d2d656099b5dfcf1294a6e3ae99741f8f303dcc812754898b52246,not_applicable,not_applicable,existing_source_locks.csv|compatibility_config_hash:15120158aaa48625c00f34b8cc1572b184fc98569bd1df31445ff86a5d54baa5,e3f1bfc37b89f6114430a381b3b3c56fb6d6b612e28df423d4c15ba1d133e881,d7c77384eedf44b83bb464f03081bda024ebcdf3ebd2c5ef3e38acffa7bbfeef,adapter_ready,forecast_model,test.csv|sample_submission.csv|sealed_independent_test,pending
FULL_UNIFIED_RUN_V1,Store Item,2017-05-22,dlinear,none,47,50,10,7,0.001,4,Adam,0.001,v1_0201_store_item_20170522_dlinear_s47,stage_2,log1p_huber_delta_1,latest locked 28-day rolling origin strictly before formal origin,reinitialize same seed; all pre-origin rolling samples; e_star epochs,configs/adapter_common_contract.yaml,99f53feff701ca0e8ddb39eaf4c2384b14067b4e69669a6d805e4efea668fb19,96f573b570f1b2d301538d41f90dacef49f3190e6f15d4c0105641fefebfcd31,16faaf5314d2d656099b5dfcf1294a6e3ae99741f8f303dcc812754898b52246,not_applicable,not_applicable,existing_source_locks.csv|compatibility_config_hash:15120158aaa48625c00f34b8cc1572b184fc98569bd1df31445ff86a5d54baa5,14ee436baeb209f451dbc9b505819271564a7e194a10b3bb93269cdba33aab7b,d7c77384eedf44b83bb464f03081bda024ebcdf3ebd2c5ef3e38acffa7bbfeef,adapter_ready,forecast_model,test.csv|sample_submission.csv|sealed_independent_test,pending
FULL_UNIFIED_RUN_V1,Store Item,2017-06-19,dlinear,none,13,50,10,7,0.001,4,Adam,0.001,v1_0202_store_item_20170619_dlinear_s13,stage_2,log1p_huber_delta_1,latest locked 28-day rolling origin strictly before formal origin,reinitialize same seed; all pre-origin rolling samples; e_star epochs,configs/adapter_common_contract.yaml,99f53feff701ca0e8ddb39eaf4c2384b14067b4e69669a6d805e4efea668fb19,28beca4732b3f14a100f847605d2098885a415ba97668113a3ccce044ffb107d,0fbc52c84fd91f7cae2d2b0d15d8eb3627c8926e5b3fe3208f25e73f9d77146e,not_applicable,not_applicable,existing_source_locks.csv|compatibility_config_hash:15120158aaa48625c00f34b8cc1572b184fc98569bd1df31445ff86a5d54baa5,9c880973c9082b4b8360291d47a022d9fead849688f98ec64def1d7cb893d09f,d7c77384eedf44b83bb464f03081bda024ebcdf3ebd2c5ef3e38acffa7bbfeef,adapter_ready,forecast_model,test.csv|sample_submission.csv|sealed_independent_test,pending
FULL_UNIFIED_RUN_V1,Store Item,2017-06-19,dlinear,none,29,50,10,7,0.001,4,Adam,0.001,v1_0203_store_item_20170619_dlinear_s29,stage_2,log1p_huber_delta_1,latest locked 28-day rolling origin strictly before formal origin,reinitialize same seed; all pre-origin rolling samples; e_star epochs,configs/adapter_common_contract.yaml,99f53feff701ca0e8ddb39eaf4c2384b14067b4e69669a6d805e4efea668fb19,28beca4732b3f14a100f847605d2098885a415ba97668113a3ccce044ffb107d,0fbc52c84fd91f7cae2d2b0d15d8eb3627c8926e5b3fe3208f25e73f9d77146e,not_applicable,not_applicable,existing_source_locks.csv|compatibility_config_hash:15120158aaa48625c00f34b8cc1572b184fc98569bd1df31445ff86a5d54baa5,421f1f8c8a6621d2743789d122e8c28b2e604fdeac2dfe95616aef64f558220b,d7c77384eedf44b83bb464f03081bda024ebcdf3ebd2c5ef3e38acffa7bbfeef,adapter_ready,forecast_model,test.csv|sample_submission.csv|sealed_independent_test,pending
FULL_UNIFIED_RUN_V1,Store Item,2017-06-19,dlinear,none,47,50,10,7,0.001,4,Adam,0.001,v1_0204_store_item_20170619_dlinear_s47,stage_2,log1p_huber_delta_1,latest locked 28-day rolling origin strictly before formal origin,reinitialize same seed; all pre-origin rolling samples; e_star epochs,configs/adapter_common_contract.yaml,99f53feff701ca0e8ddb39eaf4c2384b14067b4e69669a6d805e4efea668fb19,28beca4732b3f14a100f847605d2098885a415ba97668113a3ccce044ffb107d,0fbc52c84fd91f7cae2d2b0d15d8eb3627c8926e5b3fe3208f25e73f9d77146e,not_applicable,not_applicable,existing_source_locks.csv|compatibility_config_hash:15120158aaa48625c00f34b8cc1572b184fc98569bd1df31445ff86a5d54baa5,6115e6c1cfe8dd35dcb569f64693850b44a5bcfb7ef24fa933cff140fc99ae4c,d7c77384eedf44b83bb464f03081bda024ebcdf3ebd2c5ef3e38acffa7bbfeef,adapter_ready,forecast_model,test.csv|sample_submission.csv|sealed_independent_test,pending
FULL_UNIFIED_RUN_V1,Store Item,2017-07-17,dlinear,none,13,50,10,7,0.001,4,Adam,0.001,v1_0205_store_item_20170717_dlinear_s13,stage_2,log1p_huber_delta_1,latest locked 28-day rolling origin strictly before formal origin,reinitialize same seed; all pre-origin rolling samples; e_star epochs,configs/adapter_common_contract.yaml,99f53feff701ca0e8ddb39eaf4c2384b14067b4e69669a6d805e4efea668fb19,cb704e15bf73a80e87151fc7a786498308b0888b5b69c93a6c61d1fdd789036d,34d53ca2bc8d880fcab243b4a0c32e211cbc184f8aa88af0a0cc7daa0679b437,not_applicable,not_applicable,existing_source_locks.csv|compatibility_config_hash:15120158aaa48625c00f34b8cc1572b184fc98569bd1df31445ff86a5d54baa5,e004ed9eee7d84775e91a0ca96d4d6a482ac43aeef4837099b5fe19c88cca8d3,d7c77384eedf44b83bb464f03081bda024ebcdf3ebd2c5ef3e38acffa7bbfeef,adapter_ready,forecast_model,test.csv|sample_submission.csv|sealed_independent_test,pending
FULL_UNIFIED_RUN_V1,Store Item,2017-07-17,dlinear,none,29,50,10,7,0.001,4,Adam,0.001,v1_0206_store_item_20170717_dlinear_s29,stage_2,log1p_huber_delta_1,latest locked 28-day rolling origin strictly before formal origin,reinitialize same seed; all pre-origin rolling samples; e_star epochs,configs/adapter_common_contract.yaml,99f53feff701ca0e8ddb39eaf4c2384b14067b4e69669a6d805e4efea668fb19,cb704e15bf73a80e87151fc7a786498308b0888b5b69c93a6c61d1fdd789036d,34d53ca2bc8d880fcab243b4a0c32e211cbc184f8aa88af0a0cc7daa0679b437,not_applicable,not_applicable,existing_source_locks.csv|compatibility_config_hash:15120158aaa48625c00f34b8cc1572b184fc98569bd1df31445ff86a5d54baa5,54e4c9aa57315a57b60ea22c93b01867a66553cf8dab5bdf9bfeab7704132815,d7c77384eedf44b83bb464f03081bda024ebcdf3ebd2c5ef3e38acffa7bbfeef,adapter_ready,forecast_model,test.csv|sample_submission.csv|sealed_independent_test,pending
FULL_UNIFIED_RUN_V1,Store Item,2017-07-17,dlinear,none,47,50,10,7,0.001,4,Adam,0.001,v1_0207_store_item_20170717_dlinear_s47,stage_2,log1p_huber_delta_1,latest locked 28-day rolling origin strictly before formal origin,reinitialize same seed; all pre-origin rolling samples; e_star epochs,configs/adapter_common_contract.yaml,99f53feff701ca0e8ddb39eaf4c2384b14067b4e69669a6d805e4efea668fb19,cb704e15bf73a80e87151fc7a786498308b0888b5b69c93a6c61d1fdd789036d,34d53ca2bc8d880fcab243b4a0c32e211cbc184f8aa88af0a0cc7daa0679b437,not_applicable,not_applicable,existing_source_locks.csv|compatibility_config_hash:15120158aaa48625c00f34b8cc1572b184fc98569bd1df31445ff86a5d54baa5,89ae45d36f41ae8c07a0c5fa498c393d0ad438eaeaef6aeaa329544a0d950375,d7c77384eedf44b83bb464f03081bda024ebcdf3ebd2c5ef3e38acffa7bbfeef,adapter_ready,forecast_model,test.csv|sample_submission.csv|sealed_independent_test,pending
FULL_UNIFIED_RUN_V1,M5,2015-12-07,nlinear,none,13,50,10,7,0.001,4,Adam,0.001,v1_0208_m5_20151207_nlinear_s13,stage_2,log1p_huber_delta_1,latest locked 28-day rolling origin strictly before formal origin,reinitialize same seed; all pre-origin rolling samples; e_star epochs,configs/adapter_common_contract.yaml,0fdc80620cf8962630e75c1fa2432803a694bdd75347ebc77b3093fc02c15c5f,24f14f88e9945d2a7fb67744b119a74daf41bf279d2a3b941fb03feff77657e4,4e848b74ea357e0224e7040a2b5ea8d3cfd77d9b55bb869887df86ed6bfc2751,not_applicable,not_applicable,existing_source_locks.csv|compatibility_config_hash:15120158aaa48625c00f34b8cc1572b184fc98569bd1df31445ff86a5d54baa5,e798cbae206b2f66e28a5c8525b710985fa433b1f7100fdaa6c23d0717f0142a,d7c77384eedf44b83bb464f03081bda024ebcdf3ebd2c5ef3e38acffa7bbfeef,adapter_ready,forecast_model,,pending
FULL_UNIFIED_RUN_V1,M5,2015-12-07,nlinear,none,29,50,10,7,0.001,4,Adam,0.001,v1_0209_m5_20151207_nlinear_s29,stage_2,log1p_huber_delta_1,latest locked 28-day rolling origin strictly before formal origin,reinitialize same seed; all pre-origin rolling samples; e_star epochs,configs/adapter_common_contract.yaml,0fdc80620cf8962630e75c1fa2432803a694bdd75347ebc77b3093fc02c15c5f,24f14f88e9945d2a7fb67744b119a74daf41bf279d2a3b941fb03feff77657e4,4e848b74ea357e0224e7040a2b5ea8d3cfd77d9b55bb869887df86ed6bfc2751,not_applicable,not_applicable,existing_source_locks.csv|compatibility_config_hash:15120158aaa48625c00f34b8cc1572b184fc98569bd1df31445ff86a5d54baa5,32d70b739fbe88047c6e4c87d4fabd7c1e342b0db61145732a03a9b856868ef5,d7c77384eedf44b83bb464f03081bda024ebcdf3ebd2c5ef3e38acffa7bbfeef,adapter_ready,forecast_model,,pending
FULL_UNIFIED_RUN_V1,M5,2015-12-07,nlinear,none,47,50,10,7,0.001,4,Adam,0.001,v1_0210_m5_20151207_nlinear_s47,stage_2,log1p_huber_delta_1,latest locked 28-day rolling origin strictly before formal origin,reinitialize same seed; all pre-origin rolling samples; e_star epochs,configs/adapter_common_contract.yaml,0fdc80620cf8962630e75c1fa2432803a694bdd75347ebc77b3093fc02c15c5f,24f14f88e9945d2a7fb67744b119a74daf41bf279d2a3b941fb03feff77657e4,4e848b74ea357e0224e7040a2b5ea8d3cfd77d9b55bb869887df86ed6bfc2751,not_applicable,not_applicable,existing_source_locks.csv|compatibility_config_hash:15120158aaa48625c00f34b8cc1572b184fc98569bd1df31445ff86a5d54baa5,53665f68a93a0294ff67657b22a3676373bdf47a8e40a12b253c48b09e4fb231,d7c77384eedf44b83bb464f03081bda024ebcdf3ebd2c5ef3e38acffa7bbfeef,adapter_ready,forecast_model,,pending
FULL_UNIFIED_RUN_V1,M5,2016-01-04,nlinear,none,13,50,10,7,0.001,4,Adam,0.001,v1_0211_m5_20160104_nlinear_s13,stage_2,log1p_huber_delta_1,latest locked 28-day rolling origin strictly before formal origin,reinitialize same seed; all pre-origin rolling samples; e_star epochs,configs/adapter_common_contract.yaml,0fdc80620cf8962630e75c1fa2432803a694bdd75347ebc77b3093fc02c15c5f,f363d22b50ee5ecf935d764748129bbf4e83b2417ab50854a465cae0c12fccbf,3016e2d14ad01bc58bf8bc0ed0e99fd89d95ae1895eb99367eaa330b9cef355d,not_applicable,not_applicable,existing_source_locks.csv|compatibility_config_hash:15120158aaa48625c00f34b8cc1572b184fc98569bd1df31445ff86a5d54baa5,f15538faaed4b3c66b6d1637f20b9df8bd580ce6255804b4d7e8e9b9e2f5e40a,d7c77384eedf44b83bb464f03081bda024ebcdf3ebd2c5ef3e38acffa7bbfeef,adapter_ready,forecast_model,,pending
FULL_UNIFIED_RUN_V1,M5,2016-01-04,nlinear,none,29,50,10,7,0.001,4,Adam,0.001,v1_0212_m5_20160104_nlinear_s29,stage_2,log1p_huber_delta_1,latest locked 28-day rolling origin strictly before formal origin,reinitialize same seed; all pre-origin rolling samples; e_star epochs,configs/adapter_common_contract.yaml,0fdc80620cf8962630e75c1fa2432803a694bdd75347ebc77b3093fc02c15c5f,f363d22b50ee5ecf935d764748129bbf4e83b2417ab50854a465cae0c12fccbf,3016e2d14ad01bc58bf8bc0ed0e99fd89d95ae1895eb99367eaa330b9cef355d,not_applicable,not_applicable,existing_source_locks.csv|compatibility_config_hash:15120158aaa48625c00f34b8cc1572b184fc98569bd1df31445ff86a5d54baa5,0cffad46e7cc2b3d88c06ce33832527930578c9ec03498e487e2f735384f1ed1,d7c77384eedf44b83bb464f03081bda024ebcdf3ebd2c5ef3e38acffa7bbfeef,adapter_ready,forecast_model,,pending
FULL_UNIFIED_RUN_V1,M5,2016-01-04,nlinear,none,47,50,10,7,0.001,4,Adam,0.001,v1_0213_m5_20160104_nlinear_s47,stage_2,log1p_huber_delta_1,latest locked 28-day rolling origin strictly before formal origin,reinitialize same seed; all pre-origin rolling samples; e_star epochs,configs/adapter_common_contract.yaml,0fdc80620cf8962630e75c1fa2432803a694bdd75347ebc77b3093fc02c15c5f,f363d22b50ee5ecf935d764748129bbf4e83b2417ab50854a465cae0c12fccbf,3016e2d14ad01bc58bf8bc0ed0e99fd89d95ae1895eb99367eaa330b9cef355d,not_applicable,not_applicable,existing_source_locks.csv|compatibility_config_hash:15120158aaa48625c00f34b8cc1572b184fc98569bd1df31445ff86a5d54baa5,eba07c553303b1af41d6c2cda08da09ac9c634e427b8126e81ba851707dc7c31,d7c77384eedf44b83bb464f03081bda024ebcdf3ebd2c5ef3e38acffa7bbfeef,adapter_ready,forecast_model,,pending
FULL_UNIFIED_RUN_V1,M5,2016-02-01,nlinear,none,13,50,10,7,0.001,4,Adam,0.001,v1_0214_m5_20160201_nlinear_s13,stage_2,log1p_huber_delta_1,latest locked 28-day rolling origin strictly before formal origin,reinitialize same seed; all pre-origin rolling samples; e_star epochs,configs/adapter_common_contract.yaml,0fdc80620cf8962630e75c1fa2432803a694bdd75347ebc77b3093fc02c15c5f,84ec5e1a462241b724bdb52169726ffe86647b20efbad04d01b949a8b9fc2a01,3016e2d14ad01bc58bf8bc0ed0e99fd89d95ae1895eb99367eaa330b9cef355d,not_applicable,not_applicable,existing_source_locks.csv|compatibility_config_hash:15120158aaa48625c00f34b8cc1572b184fc98569bd1df31445ff86a5d54baa5,a3cf1abfa26518ef4495c16f6fc1b3ef19556cf86866500bc7dbf32d15e7c9b8,d7c77384eedf44b83bb464f03081bda024ebcdf3ebd2c5ef3e38acffa7bbfeef,adapter_ready,forecast_model,,pending
FULL_UNIFIED_RUN_V1,M5,2016-02-01,nlinear,none,29,50,10,7,0.001,4,Adam,0.001,v1_0215_m5_20160201_nlinear_s29,stage_2,log1p_huber_delta_1,latest locked 28-day rolling origin strictly before formal origin,reinitialize same seed; all pre-origin rolling samples; e_star epochs,configs/adapter_common_contract.yaml,0fdc80620cf8962630e75c1fa2432803a694bdd75347ebc77b3093fc02c15c5f,84ec5e1a462241b724bdb52169726ffe86647b20efbad04d01b949a8b9fc2a01,3016e2d14ad01bc58bf8bc0ed0e99fd89d95ae1895eb99367eaa330b9cef355d,not_applicable,not_applicable,existing_source_locks.csv|compatibility_config_hash:15120158aaa48625c00f34b8cc1572b184fc98569bd1df31445ff86a5d54baa5,c0213bd517ed4becfe6fb433dab2f2aca520738fb998c24e183dbec608003a11,d7c77384eedf44b83bb464f03081bda024ebcdf3ebd2c5ef3e38acffa7bbfeef,adapter_ready,forecast_model,,pending
FULL_UNIFIED_RUN_V1,M5,2016-02-01,nlinear,none,47,50,10,7,0.001,4,Adam,0.001,v1_0216_m5_20160201_nlinear_s47,stage_2,log1p_huber_delta_1,latest locked 28-day rolling origin strictly before formal origin,reinitialize same seed; all pre-origin rolling samples; e_star epochs,configs/adapter_common_contract.yaml,0fdc80620cf8962630e75c1fa2432803a694bdd75347ebc77b3093fc02c15c5f,84ec5e1a462241b724bdb52169726ffe86647b20efbad04d01b949a8b9fc2a01,3016e2d14ad01bc58bf8bc0ed0e99fd89d95ae1895eb99367eaa330b9cef355d,not_applicable,not_applicable,existing_source_locks.csv|compatibility_config_hash:15120158aaa48625c00f34b8cc1572b184fc98569bd1df31445ff86a5d54baa5,0b50f03abe0a9b7a88eaedab9564390872cdaf5fd8468683454b1e9539f2184c,d7c77384eedf44b83bb464f03081bda024ebcdf3ebd2c5ef3e38acffa7bbfeef,adapter_ready,forecast_model,,pending
FULL_UNIFIED_RUN_V1,Favorita,2017-03-01,nlinear,none,13,50,10,7,0.001,4,Adam,0.001,v1_0217_favorita_20170301_nlinear_s13,stage_2,log1p_huber_delta_1,latest locked 28-day rolling origin strictly before formal origin,reinitialize same seed; all pre-origin rolling samples; e_star epochs,configs/adapter_common_contract.yaml,99f53feff701ca0e8ddb39eaf4c2384b14067b4e69669a6d805e4efea668fb19,cd0beeec37632daa955a38f9eba4e42ab5553d9daac470a0028c402132af43b1,55dc80374cd57120ded1af94a404fe3169d392e3a0e2c0f29bd6d1a2eed1002e,not_applicable,not_applicable,existing_source_locks.csv|compatibility_config_hash:15120158aaa48625c00f34b8cc1572b184fc98569bd1df31445ff86a5d54baa5,7d45ffabe592c7a21b706217e876b46b12321b8245e0486bebf4ce99a6567d80,d7c77384eedf44b83bb464f03081bda024ebcdf3ebd2c5ef3e38acffa7bbfeef,adapter_ready,forecast_model,,pending
FULL_UNIFIED_RUN_V1,Favorita,2017-03-01,nlinear,none,29,50,10,7,0.001,4,Adam,0.001,v1_0218_favorita_20170301_nlinear_s29,stage_2,log1p_huber_delta_1,latest locked 28-day rolling origin strictly before formal origin,reinitialize same seed; all pre-origin rolling samples; e_star epochs,configs/adapter_common_contract.yaml,99f53feff701ca0e8ddb39eaf4c2384b14067b4e69669a6d805e4efea668fb19,cd0beeec37632daa955a38f9eba4e42ab5553d9daac470a0028c402132af43b1,55dc80374cd57120ded1af94a404fe3169d392e3a0e2c0f29bd6d1a2eed1002e,not_applicable,not_applicable,existing_source_locks.csv|compatibility_config_hash:15120158aaa48625c00f34b8cc1572b184fc98569bd1df31445ff86a5d54baa5,c03b323b0ede7cd00166e6a813af7652fc77ad4be18f4eb23ec5fdbf7f53ebde,d7c77384eedf44b83bb464f03081bda024ebcdf3ebd2c5ef3e38acffa7bbfeef,adapter_ready,forecast_model,,pending
FULL_UNIFIED_RUN_V1,Favorita,2017-03-01,nlinear,none,47,50,10,7,0.001,4,Adam,0.001,v1_0219_favorita_20170301_nlinear_s47,stage_2,log1p_huber_delta_1,latest locked 28-day rolling origin strictly before formal origin,reinitialize same seed; all pre-origin rolling samples; e_star epochs,configs/adapter_common_contract.yaml,99f53feff701ca0e8ddb39eaf4c2384b14067b4e69669a6d805e4efea668fb19,cd0beeec37632daa955a38f9eba4e42ab5553d9daac470a0028c402132af43b1,55dc80374cd57120ded1af94a404fe3169d392e3a0e2c0f29bd6d1a2eed1002e,not_applicable,not_applicable,existing_source_locks.csv|compatibility_config_hash:15120158aaa48625c00f34b8cc1572b184fc98569bd1df31445ff86a5d54baa5,cfcecbb9e9129c5f75f2550fe2d4b38490099e2ebcf13d2a472059b383b093a9,d7c77384eedf44b83bb464f03081bda024ebcdf3ebd2c5ef3e38acffa7bbfeef,adapter_ready,forecast_model,,pending
FULL_UNIFIED_RUN_V1,Favorita,2017-03-29,nlinear,none,13,50,10,7,0.001,4,Adam,0.001,v1_0220_favorita_20170329_nlinear_s13,stage_2,log1p_huber_delta_1,latest locked 28-day rolling origin strictly before formal origin,reinitialize same seed; all pre-origin rolling samples; e_star epochs,configs/adapter_common_contract.yaml,99f53feff701ca0e8ddb39eaf4c2384b14067b4e69669a6d805e4efea668fb19,345dabcf47b0f7e1fb1895e4c61f5d5ebffaa56e09a9f5b2d7896f439c70937b,61b843616ad20b3c0f66e85ec548fd8ee39336145e3b216b3e7363c867264271,not_applicable,not_applicable,existing_source_locks.csv|compatibility_config_hash:15120158aaa48625c00f34b8cc1572b184fc98569bd1df31445ff86a5d54baa5,9598742505816764f3a01a6889d78e7fdbf729c8c99f1f6f80bb50ae5503c6af,d7c77384eedf44b83bb464f03081bda024ebcdf3ebd2c5ef3e38acffa7bbfeef,adapter_ready,forecast_model,,pending
FULL_UNIFIED_RUN_V1,Favorita,2017-03-29,nlinear,none,29,50,10,7,0.001,4,Adam,0.001,v1_0221_favorita_20170329_nlinear_s29,stage_2,log1p_huber_delta_1,latest locked 28-day rolling origin strictly before formal origin,reinitialize same seed; all pre-origin rolling samples; e_star epochs,configs/adapter_common_contract.yaml,99f53feff701ca0e8ddb39eaf4c2384b14067b4e69669a6d805e4efea668fb19,345dabcf47b0f7e1fb1895e4c61f5d5ebffaa56e09a9f5b2d7896f439c70937b,61b843616ad20b3c0f66e85ec548fd8ee39336145e3b216b3e7363c867264271,not_applicable,not_applicable,existing_source_locks.csv|compatibility_config_hash:15120158aaa48625c00f34b8cc1572b184fc98569bd1df31445ff86a5d54baa5,d2e11d41795f06506cbcf1a2c8278d36b036b7c41c282d71b405cba16fa20342,d7c77384eedf44b83bb464f03081bda024ebcdf3ebd2c5ef3e38acffa7bbfeef,adapter_ready,forecast_model,,pending
FULL_UNIFIED_RUN_V1,Favorita,2017-03-29,nlinear,none,47,50,10,7,0.001,4,Adam,0.001,v1_0222_favorita_20170329_nlinear_s47,stage_2,log1p_huber_delta_1,latest locked 28-day rolling origin strictly before formal origin,reinitialize same seed; all pre-origin rolling samples; e_star epochs,configs/adapter_common_contract.yaml,99f53feff701ca0e8ddb39eaf4c2384b14067b4e69669a6d805e4efea668fb19,345dabcf47b0f7e1fb1895e4c61f5d5ebffaa56e09a9f5b2d7896f439c70937b,61b843616ad20b3c0f66e85ec548fd8ee39336145e3b216b3e7363c867264271,not_applicable,not_applicable,existing_source_locks.csv|compatibility_config_hash:15120158aaa48625c00f34b8cc1572b184fc98569bd1df31445ff86a5d54baa5,bdad86cce67c1916cbbf23e2f7489089a94dcf21a673bdf4857db94cece2252d,d7c77384eedf44b83bb464f03081bda024ebcdf3ebd2c5ef3e38acffa7bbfeef,adapter_ready,forecast_model,,pending
FULL_UNIFIED_RUN_V1,Favorita,2017-04-26,nlinear,none,13,50,10,7,0.001,4,Adam,0.001,v1_0223_favorita_20170426_nlinear_s13,stage_2,log1p_huber_delta_1,latest locked 28-day rolling origin strictly before formal origin,reinitialize same seed; all pre-origin rolling samples; e_star epochs,configs/adapter_common_contract.yaml,99f53feff701ca0e8ddb39eaf4c2384b14067b4e69669a6d805e4efea668fb19,c488ebe713d35972ff5a908aa6c2090b4ea444972f31abbf215c0d17998dda91,c5ea41145b284ccabb9c8485eff0a16b0d7d6e25e5c1c3c30f9e41f0516db7ad,not_applicable,not_applicable,existing_source_locks.csv|compatibility_config_hash:15120158aaa48625c00f34b8cc1572b184fc98569bd1df31445ff86a5d54baa5,925039550752e810f5a7b11c7baf290f92c4a96289023a51cf780d6bf64b3a43,d7c77384eedf44b83bb464f03081bda024ebcdf3ebd2c5ef3e38acffa7bbfeef,adapter_ready,forecast_model,,pending
FULL_UNIFIED_RUN_V1,Favorita,2017-04-26,nlinear,none,29,50,10,7,0.001,4,Adam,0.001,v1_0224_favorita_20170426_nlinear_s29,stage_2,log1p_huber_delta_1,latest locked 28-day rolling origin strictly before formal origin,reinitialize same seed; all pre-origin rolling samples; e_star epochs,configs/adapter_common_contract.yaml,99f53feff701ca0e8ddb39eaf4c2384b14067b4e69669a6d805e4efea668fb19,c488ebe713d35972ff5a908aa6c2090b4ea444972f31abbf215c0d17998dda91,c5ea41145b284ccabb9c8485eff0a16b0d7d6e25e5c1c3c30f9e41f0516db7ad,not_applicable,not_applicable,existing_source_locks.csv|compatibility_config_hash:15120158aaa48625c00f34b8cc1572b184fc98569bd1df31445ff86a5d54baa5,99c957cc4410e5995d74ddb7d2c479bc27ca0b75df124a65799d129a7cb23bdb,d7c77384eedf44b83bb464f03081bda024ebcdf3ebd2c5ef3e38acffa7bbfeef,adapter_ready,forecast_model,,pending
FULL_UNIFIED_RUN_V1,Favorita,2017-04-26,nlinear,none,47,50,10,7,0.001,4,Adam,0.001,v1_0225_favorita_20170426_nlinear_s47,stage_2,log1p_huber_delta_1,latest locked 28-day rolling origin strictly before formal origin,reinitialize same seed; all pre-origin rolling samples; e_star epochs,configs/adapter_common_contract.yaml,99f53feff701ca0e8ddb39eaf4c2384b14067b4e69669a6d805e4efea668fb19,c488ebe713d35972ff5a908aa6c2090b4ea444972f31abbf215c0d17998dda91,c5ea41145b284ccabb9c8485eff0a16b0d7d6e25e5c1c3c30f9e41f0516db7ad,not_applicable,not_applicable,existing_source_locks.csv|compatibility_config_hash:15120158aaa48625c00f34b8cc1572b184fc98569bd1df31445ff86a5d54baa5,bc36edc204152c3641498d58a04181842bea818a49fbff028cd3c9f14ddc8019,d7c77384eedf44b83bb464f03081bda024ebcdf3ebd2c5ef3e38acffa7bbfeef,adapter_ready,forecast_model,,pending
FULL_UNIFIED_RUN_V1,Store Item,2017-05-22,nlinear,none,13,50,10,7,0.001,4,Adam,0.001,v1_0226_store_item_20170522_nlinear_s13,stage_2,log1p_huber_delta_1,latest locked 28-day rolling origin strictly before formal origin,reinitialize same seed; all pre-origin rolling samples; e_star epochs,configs/adapter_common_contract.yaml,99f53feff701ca0e8ddb39eaf4c2384b14067b4e69669a6d805e4efea668fb19,96f573b570f1b2d301538d41f90dacef49f3190e6f15d4c0105641fefebfcd31,16faaf5314d2d656099b5dfcf1294a6e3ae99741f8f303dcc812754898b52246,not_applicable,not_applicable,existing_source_locks.csv|compatibility_config_hash:15120158aaa48625c00f34b8cc1572b184fc98569bd1df31445ff86a5d54baa5,cd3e0e1634c3c2a39a8fecda6e097ef80d04556528f4c829346d2bffccececd5,d7c77384eedf44b83bb464f03081bda024ebcdf3ebd2c5ef3e38acffa7bbfeef,adapter_ready,forecast_model,test.csv|sample_submission.csv|sealed_independent_test,pending
FULL_UNIFIED_RUN_V1,Store Item,2017-05-22,nlinear,none,29,50,10,7,0.001,4,Adam,0.001,v1_0227_store_item_20170522_nlinear_s29,stage_2,log1p_huber_delta_1,latest locked 28-day rolling origin strictly before formal origin,reinitialize same seed; all pre-origin rolling samples; e_star epochs,configs/adapter_common_contract.yaml,99f53feff701ca0e8ddb39eaf4c2384b14067b4e69669a6d805e4efea668fb19,96f573b570f1b2d301538d41f90dacef49f3190e6f15d4c0105641fefebfcd31,16faaf5314d2d656099b5dfcf1294a6e3ae99741f8f303dcc812754898b52246,not_applicable,not_applicable,existing_source_locks.csv|compatibility_config_hash:15120158aaa48625c00f34b8cc1572b184fc98569bd1df31445ff86a5d54baa5,39ec8bbec2808d389d65c94e2ab496e7bd516702dca1666bf02d86ab525f6299,d7c77384eedf44b83bb464f03081bda024ebcdf3ebd2c5ef3e38acffa7bbfeef,adapter_ready,forecast_model,test.csv|sample_submission.csv|sealed_independent_test,pending
FULL_UNIFIED_RUN_V1,Store Item,2017-05-22,nlinear,none,47,50,10,7,0.001,4,Adam,0.001,v1_0228_store_item_20170522_nlinear_s47,stage_2,log1p_huber_delta_1,latest locked 28-day rolling origin strictly before formal origin,reinitialize same seed; all pre-origin rolling samples; e_star epochs,configs/adapter_common_contract.yaml,99f53feff701ca0e8ddb39eaf4c2384b14067b4e69669a6d805e4efea668fb19,96f573b570f1b2d301538d41f90dacef49f3190e6f15d4c0105641fefebfcd31,16faaf5314d2d656099b5dfcf1294a6e3ae99741f8f303dcc812754898b52246,not_applicable,not_applicable,existing_source_locks.csv|compatibility_config_hash:15120158aaa48625c00f34b8cc1572b184fc98569bd1df31445ff86a5d54baa5,9f05fd7b8481115c961b0c012602a318e452159db194323c64b48fa2ecdec042,d7c77384eedf44b83bb464f03081bda024ebcdf3ebd2c5ef3e38acffa7bbfeef,adapter_ready,forecast_model,test.csv|sample_submission.csv|sealed_independent_test,pending
FULL_UNIFIED_RUN_V1,Store Item,2017-06-19,nlinear,none,13,50,10,7,0.001,4,Adam,0.001,v1_0229_store_item_20170619_nlinear_s13,stage_2,log1p_huber_delta_1,latest locked 28-day rolling origin strictly before formal origin,reinitialize same seed; all pre-origin rolling samples; e_star epochs,configs/adapter_common_contract.yaml,99f53feff701ca0e8ddb39eaf4c2384b14067b4e69669a6d805e4efea668fb19,28beca4732b3f14a100f847605d2098885a415ba97668113a3ccce044ffb107d,0fbc52c84fd91f7cae2d2b0d15d8eb3627c8926e5b3fe3208f25e73f9d77146e,not_applicable,not_applicable,existing_source_locks.csv|compatibility_config_hash:15120158aaa48625c00f34b8cc1572b184fc98569bd1df31445ff86a5d54baa5,01ddde2f0cc460c5c0cfe8435e16cc6622a480451e62660667caf57da0cbbb3d,d7c77384eedf44b83bb464f03081bda024ebcdf3ebd2c5ef3e38acffa7bbfeef,adapter_ready,forecast_model,test.csv|sample_submission.csv|sealed_independent_test,pending
FULL_UNIFIED_RUN_V1,Store Item,2017-06-19,nlinear,none,29,50,10,7,0.001,4,Adam,0.001,v1_0230_store_item_20170619_nlinear_s29,stage_2,log1p_huber_delta_1,latest locked 28-day rolling origin strictly before formal origin,reinitialize same seed; all pre-origin rolling samples; e_star epochs,configs/adapter_common_contract.yaml,99f53feff701ca0e8ddb39eaf4c2384b14067b4e69669a6d805e4efea668fb19,28beca4732b3f14a100f847605d2098885a415ba97668113a3ccce044ffb107d,0fbc52c84fd91f7cae2d2b0d15d8eb3627c8926e5b3fe3208f25e73f9d77146e,not_applicable,not_applicable,existing_source_locks.csv|compatibility_config_hash:15120158aaa48625c00f34b8cc1572b184fc98569bd1df31445ff86a5d54baa5,e5f99d5353381e24f0d9c4b274f69b2844687d8c103a6402fa5436c645d8a3ca,d7c77384eedf44b83bb464f03081bda024ebcdf3ebd2c5ef3e38acffa7bbfeef,adapter_ready,forecast_model,test.csv|sample_submission.csv|sealed_independent_test,pending
FULL_UNIFIED_RUN_V1,Store Item,2017-06-19,nlinear,none,47,50,10,7,0.001,4,Adam,0.001,v1_0231_store_item_20170619_nlinear_s47,stage_2,log1p_huber_delta_1,latest locked 28-day rolling origin strictly before formal origin,reinitialize same seed; all pre-origin rolling samples; e_star epochs,configs/adapter_common_contract.yaml,99f53feff701ca0e8ddb39eaf4c2384b14067b4e69669a6d805e4efea668fb19,28beca4732b3f14a100f847605d2098885a415ba97668113a3ccce044ffb107d,0fbc52c84fd91f7cae2d2b0d15d8eb3627c8926e5b3fe3208f25e73f9d77146e,not_applicable,not_applicable,existing_source_locks.csv|compatibility_config_hash:15120158aaa48625c00f34b8cc1572b184fc98569bd1df31445ff86a5d54baa5,88ddf366993ccc4c4fdcfd77b2e72d0631f3c49ca40ec0c08cb5b768fa6f54c1,d7c77384eedf44b83bb464f03081bda024ebcdf3ebd2c5ef3e38acffa7bbfeef,adapter_ready,forecast_model,test.csv|sample_submission.csv|sealed_independent_test,pending
FULL_UNIFIED_RUN_V1,Store Item,2017-07-17,nlinear,none,13,50,10,7,0.001,4,Adam,0.001,v1_0232_store_item_20170717_nlinear_s13,stage_2,log1p_huber_delta_1,latest locked 28-day rolling origin strictly before formal origin,reinitialize same seed; all pre-origin rolling samples; e_star epochs,configs/adapter_common_contract.yaml,99f53feff701ca0e8ddb39eaf4c2384b14067b4e69669a6d805e4efea668fb19,cb704e15bf73a80e87151fc7a786498308b0888b5b69c93a6c61d1fdd789036d,34d53ca2bc8d880fcab243b4a0c32e211cbc184f8aa88af0a0cc7daa0679b437,not_applicable,not_applicable,existing_source_locks.csv|compatibility_config_hash:15120158aaa48625c00f34b8cc1572b184fc98569bd1df31445ff86a5d54baa5,4664e2eb08f12ec0900105ed001416fb88691c4b897fb5e1785128326a94988d,d7c77384eedf44b83bb464f03081bda024ebcdf3ebd2c5ef3e38acffa7bbfeef,adapter_ready,forecast_model,test.csv|sample_submission.csv|sealed_independent_test,pending
FULL_UNIFIED_RUN_V1,Store Item,2017-07-17,nlinear,none,29,50,10,7,0.001,4,Adam,0.001,v1_0233_store_item_20170717_nlinear_s29,stage_2,log1p_huber_delta_1,latest locked 28-day rolling origin strictly before formal origin,reinitialize same seed; all pre-origin rolling samples; e_star epochs,configs/adapter_common_contract.yaml,99f53feff701ca0e8ddb39eaf4c2384b14067b4e69669a6d805e4efea668fb19,cb704e15bf73a80e87151fc7a786498308b0888b5b69c93a6c61d1fdd789036d,34d53ca2bc8d880fcab243b4a0c32e211cbc184f8aa88af0a0cc7daa0679b437,not_applicable,not_applicable,existing_source_locks.csv|compatibility_config_hash:15120158aaa48625c00f34b8cc1572b184fc98569bd1df31445ff86a5d54baa5,02582eda41c2baa3bcf52a7d796f89a3dd32774e08bd59cf078516d83560f2b2,d7c77384eedf44b83bb464f03081bda024ebcdf3ebd2c5ef3e38acffa7bbfeef,adapter_ready,forecast_model,test.csv|sample_submission.csv|sealed_independent_test,pending
FULL_UNIFIED_RUN_V1,Store Item,2017-07-17,nlinear,none,47,50,10,7,0.001,4,Adam,0.001,v1_0234_store_item_20170717_nlinear_s47,stage_2,log1p_huber_delta_1,latest locked 28-day rolling origin strictly before formal origin,reinitialize same seed; all pre-origin rolling samples; e_star epochs,configs/adapter_common_contract.yaml,99f53feff701ca0e8ddb39eaf4c2384b14067b4e69669a6d805e4efea668fb19,cb704e15bf73a80e87151fc7a786498308b0888b5b69c93a6c61d1fdd789036d,34d53ca2bc8d880fcab243b4a0c32e211cbc184f8aa88af0a0cc7daa0679b437,not_applicable,not_applicable,existing_source_locks.csv|compatibility_config_hash:15120158aaa48625c00f34b8cc1572b184fc98569bd1df31445ff86a5d54baa5,032af524bba5d6f822922b29686fc565381e698c505d0abb7ee78b2beaedfabf,d7c77384eedf44b83bb464f03081bda024ebcdf3ebd2c5ef3e38acffa7bbfeef,adapter_ready,forecast_model,test.csv|sample_submission.csv|sealed_independent_test,pending
FULL_UNIFIED_RUN_V1,M5,2015-12-07,patchtst,none,13,50,10,7,0.001,4,Adam,0.001,v1_0235_m5_20151207_patchtst_s13,stage_2,log1p_huber_delta_1,latest locked 28-day rolling origin strictly before formal origin,reinitialize same seed; all pre-origin rolling samples; e_star epochs,configs/adapter_common_contract.yaml,0fdc80620cf8962630e75c1fa2432803a694bdd75347ebc77b3093fc02c15c5f,24f14f88e9945d2a7fb67744b119a74daf41bf279d2a3b941fb03feff77657e4,4e848b74ea357e0224e7040a2b5ea8d3cfd77d9b55bb869887df86ed6bfc2751,not_applicable,not_applicable,existing_source_locks.csv|compatibility_config_hash:15120158aaa48625c00f34b8cc1572b184fc98569bd1df31445ff86a5d54baa5,cd05afb544626386b8949bee0b7421909527b88f3c94ac08a42a21c5d17801d3,d7c77384eedf44b83bb464f03081bda024ebcdf3ebd2c5ef3e38acffa7bbfeef,adapter_ready,forecast_model,,pending
FULL_UNIFIED_RUN_V1,M5,2015-12-07,patchtst,none,29,50,10,7,0.001,4,Adam,0.001,v1_0236_m5_20151207_patchtst_s29,stage_2,log1p_huber_delta_1,latest locked 28-day rolling origin strictly before formal origin,reinitialize same seed; all pre-origin rolling samples; e_star epochs,configs/adapter_common_contract.yaml,0fdc80620cf8962630e75c1fa2432803a694bdd75347ebc77b3093fc02c15c5f,24f14f88e9945d2a7fb67744b119a74daf41bf279d2a3b941fb03feff77657e4,4e848b74ea357e0224e7040a2b5ea8d3cfd77d9b55bb869887df86ed6bfc2751,not_applicable,not_applicable,existing_source_locks.csv|compatibility_config_hash:15120158aaa48625c00f34b8cc1572b184fc98569bd1df31445ff86a5d54baa5,e19d846d5560e4b79d50e3e4bd7038e25f34e1d4002f799b3888b82d6db29d41,d7c77384eedf44b83bb464f03081bda024ebcdf3ebd2c5ef3e38acffa7bbfeef,adapter_ready,forecast_model,,pending
FULL_UNIFIED_RUN_V1,M5,2015-12-07,patchtst,none,47,50,10,7,0.001,4,Adam,0.001,v1_0237_m5_20151207_patchtst_s47,stage_2,log1p_huber_delta_1,latest locked 28-day rolling origin strictly before formal origin,reinitialize same seed; all pre-origin rolling samples; e_star epochs,configs/adapter_common_contract.yaml,0fdc80620cf8962630e75c1fa2432803a694bdd75347ebc77b3093fc02c15c5f,24f14f88e9945d2a7fb67744b119a74daf41bf279d2a3b941fb03feff77657e4,4e848b74ea357e0224e7040a2b5ea8d3cfd77d9b55bb869887df86ed6bfc2751,not_applicable,not_applicable,existing_source_locks.csv|compatibility_config_hash:15120158aaa48625c00f34b8cc1572b184fc98569bd1df31445ff86a5d54baa5,7102a17041e7c2e077590a56c2e8b84a395d529112af4154da2a178474fb697c,d7c77384eedf44b83bb464f03081bda024ebcdf3ebd2c5ef3e38acffa7bbfeef,adapter_ready,forecast_model,,pending
FULL_UNIFIED_RUN_V1,M5,2016-01-04,patchtst,none,13,50,10,7,0.001,4,Adam,0.001,v1_0238_m5_20160104_patchtst_s13,stage_2,log1p_huber_delta_1,latest locked 28-day rolling origin strictly before formal origin,reinitialize same seed; all pre-origin rolling samples; e_star epochs,configs/adapter_common_contract.yaml,0fdc80620cf8962630e75c1fa2432803a694bdd75347ebc77b3093fc02c15c5f,f363d22b50ee5ecf935d764748129bbf4e83b2417ab50854a465cae0c12fccbf,3016e2d14ad01bc58bf8bc0ed0e99fd89d95ae1895eb99367eaa330b9cef355d,not_applicable,not_applicable,existing_source_locks.csv|compatibility_config_hash:15120158aaa48625c00f34b8cc1572b184fc98569bd1df31445ff86a5d54baa5,e2424a18ae5ca433441bb818d8432a97854d9c1458945199c195bf3681fc043a,d7c77384eedf44b83bb464f03081bda024ebcdf3ebd2c5ef3e38acffa7bbfeef,adapter_ready,forecast_model,,pending
FULL_UNIFIED_RUN_V1,M5,2016-01-04,patchtst,none,29,50,10,7,0.001,4,Adam,0.001,v1_0239_m5_20160104_patchtst_s29,stage_2,log1p_huber_delta_1,latest locked 28-day rolling origin strictly before formal origin,reinitialize same seed; all pre-origin rolling samples; e_star epochs,configs/adapter_common_contract.yaml,0fdc80620cf8962630e75c1fa2432803a694bdd75347ebc77b3093fc02c15c5f,f363d22b50ee5ecf935d764748129bbf4e83b2417ab50854a465cae0c12fccbf,3016e2d14ad01bc58bf8bc0ed0e99fd89d95ae1895eb99367eaa330b9cef355d,not_applicable,not_applicable,existing_source_locks.csv|compatibility_config_hash:15120158aaa48625c00f34b8cc1572b184fc98569bd1df31445ff86a5d54baa5,ef1344036828f4bff732c285572b939733cbe968af62030dca3d888a11a5874a,d7c77384eedf44b83bb464f03081bda024ebcdf3ebd2c5ef3e38acffa7bbfeef,adapter_ready,forecast_model,,pending
FULL_UNIFIED_RUN_V1,M5,2016-01-04,patchtst,none,47,50,10,7,0.001,4,Adam,0.001,v1_0240_m5_20160104_patchtst_s47,stage_2,log1p_huber_delta_1,latest locked 28-day rolling origin strictly before formal origin,reinitialize same seed; all pre-origin rolling samples; e_star epochs,configs/adapter_common_contract.yaml,0fdc80620cf8962630e75c1fa2432803a694bdd75347ebc77b3093fc02c15c5f,f363d22b50ee5ecf935d764748129bbf4e83b2417ab50854a465cae0c12fccbf,3016e2d14ad01bc58bf8bc0ed0e99fd89d95ae1895eb99367eaa330b9cef355d,not_applicable,not_applicable,existing_source_locks.csv|compatibility_config_hash:15120158aaa48625c00f34b8cc1572b184fc98569bd1df31445ff86a5d54baa5,90aa549c593907e3b1ca345c4472b4b4d3c4f8e7d040cde79dcca98e947fda08,d7c77384eedf44b83bb464f03081bda024ebcdf3ebd2c5ef3e38acffa7bbfeef,adapter_ready,forecast_model,,pending
FULL_UNIFIED_RUN_V1,M5,2016-02-01,patchtst,none,13,50,10,7,0.001,4,Adam,0.001,v1_0241_m5_20160201_patchtst_s13,stage_2,log1p_huber_delta_1,latest locked 28-day rolling origin strictly before formal origin,reinitialize same seed; all pre-origin rolling samples; e_star epochs,configs/adapter_common_contract.yaml,0fdc80620cf8962630e75c1fa2432803a694bdd75347ebc77b3093fc02c15c5f,84ec5e1a462241b724bdb52169726ffe86647b20efbad04d01b949a8b9fc2a01,3016e2d14ad01bc58bf8bc0ed0e99fd89d95ae1895eb99367eaa330b9cef355d,not_applicable,not_applicable,existing_source_locks.csv|compatibility_config_hash:15120158aaa48625c00f34b8cc1572b184fc98569bd1df31445ff86a5d54baa5,b3b7f210ed25b44b5a163446089bc2321adfc237de512a8bb94fea57870a168f,d7c77384eedf44b83bb464f03081bda024ebcdf3ebd2c5ef3e38acffa7bbfeef,adapter_ready,forecast_model,,pending
FULL_UNIFIED_RUN_V1,M5,2016-02-01,patchtst,none,29,50,10,7,0.001,4,Adam,0.001,v1_0242_m5_20160201_patchtst_s29,stage_2,log1p_huber_delta_1,latest locked 28-day rolling origin strictly before formal origin,reinitialize same seed; all pre-origin rolling samples; e_star epochs,configs/adapter_common_contract.yaml,0fdc80620cf8962630e75c1fa2432803a694bdd75347ebc77b3093fc02c15c5f,84ec5e1a462241b724bdb52169726ffe86647b20efbad04d01b949a8b9fc2a01,3016e2d14ad01bc58bf8bc0ed0e99fd89d95ae1895eb99367eaa330b9cef355d,not_applicable,not_applicable,existing_source_locks.csv|compatibility_config_hash:15120158aaa48625c00f34b8cc1572b184fc98569bd1df31445ff86a5d54baa5,2317df97e0de8c1db6f679e9a3090ff3613338426787c7bfd960cfe61d487acc,d7c77384eedf44b83bb464f03081bda024ebcdf3ebd2c5ef3e38acffa7bbfeef,adapter_ready,forecast_model,,pending
FULL_UNIFIED_RUN_V1,M5,2016-02-01,patchtst,none,47,50,10,7,0.001,4,Adam,0.001,v1_0243_m5_20160201_patchtst_s47,stage_2,log1p_huber_delta_1,latest locked 28-day rolling origin strictly before formal origin,reinitialize same seed; all pre-origin rolling samples; e_star epochs,configs/adapter_common_contract.yaml,0fdc80620cf8962630e75c1fa2432803a694bdd75347ebc77b3093fc02c15c5f,84ec5e1a462241b724bdb52169726ffe86647b20efbad04d01b949a8b9fc2a01,3016e2d14ad01bc58bf8bc0ed0e99fd89d95ae1895eb99367eaa330b9cef355d,not_applicable,not_applicable,existing_source_locks.csv|compatibility_config_hash:15120158aaa48625c00f34b8cc1572b184fc98569bd1df31445ff86a5d54baa5,301fd184ff81001f31fb21770becb58b5f668fee9cf9a1d5358c46b7ca3c964d,d7c77384eedf44b83bb464f03081bda024ebcdf3ebd2c5ef3e38acffa7bbfeef,adapter_ready,forecast_model,,pending
FULL_UNIFIED_RUN_V1,Favorita,2017-03-01,patchtst,none,13,50,10,7,0.001,4,Adam,0.001,v1_0244_favorita_20170301_patchtst_s13,stage_2,log1p_huber_delta_1,latest locked 28-day rolling origin strictly before formal origin,reinitialize same seed; all pre-origin rolling samples; e_star epochs,configs/adapter_common_contract.yaml,99f53feff701ca0e8ddb39eaf4c2384b14067b4e69669a6d805e4efea668fb19,cd0beeec37632daa955a38f9eba4e42ab5553d9daac470a0028c402132af43b1,55dc80374cd57120ded1af94a404fe3169d392e3a0e2c0f29bd6d1a2eed1002e,not_applicable,not_applicable,existing_source_locks.csv|compatibility_config_hash:15120158aaa48625c00f34b8cc1572b184fc98569bd1df31445ff86a5d54baa5,16ff36776e951fda624f6922e17f2b4154443084459095364c16fd71e24f1a44,d7c77384eedf44b83bb464f03081bda024ebcdf3ebd2c5ef3e38acffa7bbfeef,adapter_ready,forecast_model,,pending
FULL_UNIFIED_RUN_V1,Favorita,2017-03-01,patchtst,none,29,50,10,7,0.001,4,Adam,0.001,v1_0245_favorita_20170301_patchtst_s29,stage_2,log1p_huber_delta_1,latest locked 28-day rolling origin strictly before formal origin,reinitialize same seed; all pre-origin rolling samples; e_star epochs,configs/adapter_common_contract.yaml,99f53feff701ca0e8ddb39eaf4c2384b14067b4e69669a6d805e4efea668fb19,cd0beeec37632daa955a38f9eba4e42ab5553d9daac470a0028c402132af43b1,55dc80374cd57120ded1af94a404fe3169d392e3a0e2c0f29bd6d1a2eed1002e,not_applicable,not_applicable,existing_source_locks.csv|compatibility_config_hash:15120158aaa48625c00f34b8cc1572b184fc98569bd1df31445ff86a5d54baa5,0c8274d49b46cab6b3e46c80b843d686ed051b90cd2798a46226d7a8993e4cf5,d7c77384eedf44b83bb464f03081bda024ebcdf3ebd2c5ef3e38acffa7bbfeef,adapter_ready,forecast_model,,pending
FULL_UNIFIED_RUN_V1,Favorita,2017-03-01,patchtst,none,47,50,10,7,0.001,4,Adam,0.001,v1_0246_favorita_20170301_patchtst_s47,stage_2,log1p_huber_delta_1,latest locked 28-day rolling origin strictly before formal origin,reinitialize same seed; all pre-origin rolling samples; e_star epochs,configs/adapter_common_contract.yaml,99f53feff701ca0e8ddb39eaf4c2384b14067b4e69669a6d805e4efea668fb19,cd0beeec37632daa955a38f9eba4e42ab5553d9daac470a0028c402132af43b1,55dc80374cd57120ded1af94a404fe3169d392e3a0e2c0f29bd6d1a2eed1002e,not_applicable,not_applicable,existing_source_locks.csv|compatibility_config_hash:15120158aaa48625c00f34b8cc1572b184fc98569bd1df31445ff86a5d54baa5,1f3f43dee5efa6e559bef1cfb90f885afa637df5370bd12348a99bbba95d5fed,d7c77384eedf44b83bb464f03081bda024ebcdf3ebd2c5ef3e38acffa7bbfeef,adapter_ready,forecast_model,,pending
FULL_UNIFIED_RUN_V1,Favorita,2017-03-29,patchtst,none,13,50,10,7,0.001,4,Adam,0.001,v1_0247_favorita_20170329_patchtst_s13,stage_2,log1p_huber_delta_1,latest locked 28-day rolling origin strictly before formal origin,reinitialize same seed; all pre-origin rolling samples; e_star epochs,configs/adapter_common_contract.yaml,99f53feff701ca0e8ddb39eaf4c2384b14067b4e69669a6d805e4efea668fb19,345dabcf47b0f7e1fb1895e4c61f5d5ebffaa56e09a9f5b2d7896f439c70937b,61b843616ad20b3c0f66e85ec548fd8ee39336145e3b216b3e7363c867264271,not_applicable,not_applicable,existing_source_locks.csv|compatibility_config_hash:15120158aaa48625c00f34b8cc1572b184fc98569bd1df31445ff86a5d54baa5,163ae08cc5b9e7eab622eafbe2f4182c6ce8bcc8ddf829b50484b7dcf75f3142,d7c77384eedf44b83bb464f03081bda024ebcdf3ebd2c5ef3e38acffa7bbfeef,adapter_ready,forecast_model,,pending
FULL_UNIFIED_RUN_V1,Favorita,2017-03-29,patchtst,none,29,50,10,7,0.001,4,Adam,0.001,v1_0248_favorita_20170329_patchtst_s29,stage_2,log1p_huber_delta_1,latest locked 28-day rolling origin strictly before formal origin,reinitialize same seed; all pre-origin rolling samples; e_star epochs,configs/adapter_common_contract.yaml,99f53feff701ca0e8ddb39eaf4c2384b14067b4e69669a6d805e4efea668fb19,345dabcf47b0f7e1fb1895e4c61f5d5ebffaa56e09a9f5b2d7896f439c70937b,61b843616ad20b3c0f66e85ec548fd8ee39336145e3b216b3e7363c867264271,not_applicable,not_applicable,existing_source_locks.csv|compatibility_config_hash:15120158aaa48625c00f34b8cc1572b184fc98569bd1df31445ff86a5d54baa5,20b8dfe24f35f7898a2d186f66e4b9decbfeae39bea147c15516f4d057feac10,d7c77384eedf44b83bb464f03081bda024ebcdf3ebd2c5ef3e38acffa7bbfeef,adapter_ready,forecast_model,,pending
FULL_UNIFIED_RUN_V1,Favorita,2017-03-29,patchtst,none,47,50,10,7,0.001,4,Adam,0.001,v1_0249_favorita_20170329_patchtst_s47,stage_2,log1p_huber_delta_1,latest locked 28-day rolling origin strictly before formal origin,reinitialize same seed; all pre-origin rolling samples; e_star epochs,configs/adapter_common_contract.yaml,99f53feff701ca0e8ddb39eaf4c2384b14067b4e69669a6d805e4efea668fb19,345dabcf47b0f7e1fb1895e4c61f5d5ebffaa56e09a9f5b2d7896f439c70937b,61b843616ad20b3c0f66e85ec548fd8ee39336145e3b216b3e7363c867264271,not_applicable,not_applicable,existing_source_locks.csv|compatibility_config_hash:15120158aaa48625c00f34b8cc1572b184fc98569bd1df31445ff86a5d54baa5,10bc9817dce5f5bbc6da3852d9c3e3df93ad580bfa392c322a5e1e3a0d97ac46,d7c77384eedf44b83bb464f03081bda024ebcdf3ebd2c5ef3e38acffa7bbfeef,adapter_ready,forecast_model,,pending
FULL_UNIFIED_RUN_V1,Favorita,2017-04-26,patchtst,none,13,50,10,7,0.001,4,Adam,0.001,v1_0250_favorita_20170426_patchtst_s13,stage_2,log1p_huber_delta_1,latest locked 28-day rolling origin strictly before formal origin,reinitialize same seed; all pre-origin rolling samples; e_star epochs,configs/adapter_common_contract.yaml,99f53feff701ca0e8ddb39eaf4c2384b14067b4e69669a6d805e4efea668fb19,c488ebe713d35972ff5a908aa6c2090b4ea444972f31abbf215c0d17998dda91,c5ea41145b284ccabb9c8485eff0a16b0d7d6e25e5c1c3c30f9e41f0516db7ad,not_applicable,not_applicable,existing_source_locks.csv|compatibility_config_hash:15120158aaa48625c00f34b8cc1572b184fc98569bd1df31445ff86a5d54baa5,39a1c4c1e83432b1e4daeecb72a8d95a580d86381830d6d2ae14ca3223cb869d,d7c77384eedf44b83bb464f03081bda024ebcdf3ebd2c5ef3e38acffa7bbfeef,adapter_ready,forecast_model,,pending
FULL_UNIFIED_RUN_V1,Favorita,2017-04-26,patchtst,none,29,50,10,7,0.001,4,Adam,0.001,v1_0251_favorita_20170426_patchtst_s29,stage_2,log1p_huber_delta_1,latest locked 28-day rolling origin strictly before formal origin,reinitialize same seed; all pre-origin rolling samples; e_star epochs,configs/adapter_common_contract.yaml,99f53feff701ca0e8ddb39eaf4c2384b14067b4e69669a6d805e4efea668fb19,c488ebe713d35972ff5a908aa6c2090b4ea444972f31abbf215c0d17998dda91,c5ea41145b284ccabb9c8485eff0a16b0d7d6e25e5c1c3c30f9e41f0516db7ad,not_applicable,not_applicable,existing_source_locks.csv|compatibility_config_hash:15120158aaa48625c00f34b8cc1572b184fc98569bd1df31445ff86a5d54baa5,5cc830d99380e50405f80c57294fc72ff17b880bd110d6463d760a63ef2a3bcc,d7c77384eedf44b83bb464f03081bda024ebcdf3ebd2c5ef3e38acffa7bbfeef,adapter_ready,forecast_model,,pending
FULL_UNIFIED_RUN_V1,Favorita,2017-04-26,patchtst,none,47,50,10,7,0.001,4,Adam,0.001,v1_0252_favorita_20170426_patchtst_s47,stage_2,log1p_huber_delta_1,latest locked 28-day rolling origin strictly before formal origin,reinitialize same seed; all pre-origin rolling samples; e_star epochs,configs/adapter_common_contract.yaml,99f53feff701ca0e8ddb39eaf4c2384b14067b4e69669a6d805e4efea668fb19,c488ebe713d35972ff5a908aa6c2090b4ea444972f31abbf215c0d17998dda91,c5ea41145b284ccabb9c8485eff0a16b0d7d6e25e5c1c3c30f9e41f0516db7ad,not_applicable,not_applicable,existing_source_locks.csv|compatibility_config_hash:15120158aaa48625c00f34b8cc1572b184fc98569bd1df31445ff86a5d54baa5,c27ad198da52553d762ff70f41d18c6b387b706907f7b321d363ce63eaf237cd,d7c77384eedf44b83bb464f03081bda024ebcdf3ebd2c5ef3e38acffa7bbfeef,adapter_ready,forecast_model,,pending
FULL_UNIFIED_RUN_V1,Store Item,2017-05-22,patchtst,none,13,50,10,7,0.001,4,Adam,0.001,v1_0253_store_item_20170522_patchtst_s13,stage_2,log1p_huber_delta_1,latest locked 28-day rolling origin strictly before formal origin,reinitialize same seed; all pre-origin rolling samples; e_star epochs,configs/adapter_common_contract.yaml,99f53feff701ca0e8ddb39eaf4c2384b14067b4e69669a6d805e4efea668fb19,96f573b570f1b2d301538d41f90dacef49f3190e6f15d4c0105641fefebfcd31,16faaf5314d2d656099b5dfcf1294a6e3ae99741f8f303dcc812754898b52246,not_applicable,not_applicable,existing_source_locks.csv|compatibility_config_hash:15120158aaa48625c00f34b8cc1572b184fc98569bd1df31445ff86a5d54baa5,f86bd2a60e953591de733f1cb0d6916972196cfa65b846f86414f4912f746ff0,d7c77384eedf44b83bb464f03081bda024ebcdf3ebd2c5ef3e38acffa7bbfeef,adapter_ready,forecast_model,test.csv|sample_submission.csv|sealed_independent_test,pending
FULL_UNIFIED_RUN_V1,Store Item,2017-05-22,patchtst,none,29,50,10,7,0.001,4,Adam,0.001,v1_0254_store_item_20170522_patchtst_s29,stage_2,log1p_huber_delta_1,latest locked 28-day rolling origin strictly before formal origin,reinitialize same seed; all pre-origin rolling samples; e_star epochs,configs/adapter_common_contract.yaml,99f53feff701ca0e8ddb39eaf4c2384b14067b4e69669a6d805e4efea668fb19,96f573b570f1b2d301538d41f90dacef49f3190e6f15d4c0105641fefebfcd31,16faaf5314d2d656099b5dfcf1294a6e3ae99741f8f303dcc812754898b52246,not_applicable,not_applicable,existing_source_locks.csv|compatibility_config_hash:15120158aaa48625c00f34b8cc1572b184fc98569bd1df31445ff86a5d54baa5,e20e9b80f035c8010522b30b202220b0ce5dedc342a36def4158a8ff1b1b2a59,d7c77384eedf44b83bb464f03081bda024ebcdf3ebd2c5ef3e38acffa7bbfeef,adapter_ready,forecast_model,test.csv|sample_submission.csv|sealed_independent_test,pending
FULL_UNIFIED_RUN_V1,Store Item,2017-05-22,patchtst,none,47,50,10,7,0.001,4,Adam,0.001,v1_0255_store_item_20170522_patchtst_s47,stage_2,log1p_huber_delta_1,latest locked 28-day rolling origin strictly before formal origin,reinitialize same seed; all pre-origin rolling samples; e_star epochs,configs/adapter_common_contract.yaml,99f53feff701ca0e8ddb39eaf4c2384b14067b4e69669a6d805e4efea668fb19,96f573b570f1b2d301538d41f90dacef49f3190e6f15d4c0105641fefebfcd31,16faaf5314d2d656099b5dfcf1294a6e3ae99741f8f303dcc812754898b52246,not_applicable,not_applicable,existing_source_locks.csv|compatibility_config_hash:15120158aaa48625c00f34b8cc1572b184fc98569bd1df31445ff86a5d54baa5,cd4ea8912308c7e0d4d9ae3bf627e9909f0de88e99d58d879c8e8191e0bb5ba8,d7c77384eedf44b83bb464f03081bda024ebcdf3ebd2c5ef3e38acffa7bbfeef,adapter_ready,forecast_model,test.csv|sample_submission.csv|sealed_independent_test,pending
FULL_UNIFIED_RUN_V1,Store Item,2017-06-19,patchtst,none,13,50,10,7,0.001,4,Adam,0.001,v1_0256_store_item_20170619_patchtst_s13,stage_2,log1p_huber_delta_1,latest locked 28-day rolling origin strictly before formal origin,reinitialize same seed; all pre-origin rolling samples; e_star epochs,configs/adapter_common_contract.yaml,99f53feff701ca0e8ddb39eaf4c2384b14067b4e69669a6d805e4efea668fb19,28beca4732b3f14a100f847605d2098885a415ba97668113a3ccce044ffb107d,0fbc52c84fd91f7cae2d2b0d15d8eb3627c8926e5b3fe3208f25e73f9d77146e,not_applicable,not_applicable,existing_source_locks.csv|compatibility_config_hash:15120158aaa48625c00f34b8cc1572b184fc98569bd1df31445ff86a5d54baa5,84ba769574bc644a16cc5c1aba5e48a30ea79895d11e9c681fbf83bf70036e3f,d7c77384eedf44b83bb464f03081bda024ebcdf3ebd2c5ef3e38acffa7bbfeef,adapter_ready,forecast_model,test.csv|sample_submission.csv|sealed_independent_test,pending
FULL_UNIFIED_RUN_V1,Store Item,2017-06-19,patchtst,none,29,50,10,7,0.001,4,Adam,0.001,v1_0257_store_item_20170619_patchtst_s29,stage_2,log1p_huber_delta_1,latest locked 28-day rolling origin strictly before formal origin,reinitialize same seed; all pre-origin rolling samples; e_star epochs,configs/adapter_common_contract.yaml,99f53feff701ca0e8ddb39eaf4c2384b14067b4e69669a6d805e4efea668fb19,28beca4732b3f14a100f847605d2098885a415ba97668113a3ccce044ffb107d,0fbc52c84fd91f7cae2d2b0d15d8eb3627c8926e5b3fe3208f25e73f9d77146e,not_applicable,not_applicable,existing_source_locks.csv|compatibility_config_hash:15120158aaa48625c00f34b8cc1572b184fc98569bd1df31445ff86a5d54baa5,f31fd75dc0ce22b73bcf39daefaea551215c29f4ea34afa1e73745aa2d31b0c4,d7c77384eedf44b83bb464f03081bda024ebcdf3ebd2c5ef3e38acffa7bbfeef,adapter_ready,forecast_model,test.csv|sample_submission.csv|sealed_independent_test,pending
FULL_UNIFIED_RUN_V1,Store Item,2017-06-19,patchtst,none,47,50,10,7,0.001,4,Adam,0.001,v1_0258_store_item_20170619_patchtst_s47,stage_2,log1p_huber_delta_1,latest locked 28-day rolling origin strictly before formal origin,reinitialize same seed; all pre-origin rolling samples; e_star epochs,configs/adapter_common_contract.yaml,99f53feff701ca0e8ddb39eaf4c2384b14067b4e69669a6d805e4efea668fb19,28beca4732b3f14a100f847605d2098885a415ba97668113a3ccce044ffb107d,0fbc52c84fd91f7cae2d2b0d15d8eb3627c8926e5b3fe3208f25e73f9d77146e,not_applicable,not_applicable,existing_source_locks.csv|compatibility_config_hash:15120158aaa48625c00f34b8cc1572b184fc98569bd1df31445ff86a5d54baa5,d7afede36e24e4abb92b17ab3e9b9786ddb55f1bd927dda5a559d7a6a8ef3b5d,d7c77384eedf44b83bb464f03081bda024ebcdf3ebd2c5ef3e38acffa7bbfeef,adapter_ready,forecast_model,test.csv|sample_submission.csv|sealed_independent_test,pending
FULL_UNIFIED_RUN_V1,Store Item,2017-07-17,patchtst,none,13,50,10,7,0.001,4,Adam,0.001,v1_0259_store_item_20170717_patchtst_s13,stage_2,log1p_huber_delta_1,latest locked 28-day rolling origin strictly before formal origin,reinitialize same seed; all pre-origin rolling samples; e_star epochs,configs/adapter_common_contract.yaml,99f53feff701ca0e8ddb39eaf4c2384b14067b4e69669a6d805e4efea668fb19,cb704e15bf73a80e87151fc7a786498308b0888b5b69c93a6c61d1fdd789036d,34d53ca2bc8d880fcab243b4a0c32e211cbc184f8aa88af0a0cc7daa0679b437,not_applicable,not_applicable,existing_source_locks.csv|compatibility_config_hash:15120158aaa48625c00f34b8cc1572b184fc98569bd1df31445ff86a5d54baa5,c3863fd7b28fd05c4c120da89502d76e51b2ba4a1bdd782708e940503cfbb983,d7c77384eedf44b83bb464f03081bda024ebcdf3ebd2c5ef3e38acffa7bbfeef,adapter_ready,forecast_model,test.csv|sample_submission.csv|sealed_independent_test,pending
FULL_UNIFIED_RUN_V1,Store Item,2017-07-17,patchtst,none,29,50,10,7,0.001,4,Adam,0.001,v1_0260_store_item_20170717_patchtst_s29,stage_2,log1p_huber_delta_1,latest locked 28-day rolling origin strictly before formal origin,reinitialize same seed; all pre-origin rolling samples; e_star epochs,configs/adapter_common_contract.yaml,99f53feff701ca0e8ddb39eaf4c2384b14067b4e69669a6d805e4efea668fb19,cb704e15bf73a80e87151fc7a786498308b0888b5b69c93a6c61d1fdd789036d,34d53ca2bc8d880fcab243b4a0c32e211cbc184f8aa88af0a0cc7daa0679b437,not_applicable,not_applicable,existing_source_locks.csv|compatibility_config_hash:15120158aaa48625c00f34b8cc1572b184fc98569bd1df31445ff86a5d54baa5,3a53d7e9f1c0a8716e07698dbe3c762c5770d5592d088da950a2637551d42fea,d7c77384eedf44b83bb464f03081bda024ebcdf3ebd2c5ef3e38acffa7bbfeef,adapter_ready,forecast_model,test.csv|sample_submission.csv|sealed_independent_test,pending
FULL_UNIFIED_RUN_V1,Store Item,2017-07-17,patchtst,none,47,50,10,7,0.001,4,Adam,0.001,v1_0261_store_item_20170717_patchtst_s47,stage_2,log1p_huber_delta_1,latest locked 28-day rolling origin strictly before formal origin,reinitialize same seed; all pre-origin rolling samples; e_star epochs,configs/adapter_common_contract.yaml,99f53feff701ca0e8ddb39eaf4c2384b14067b4e69669a6d805e4efea668fb19,cb704e15bf73a80e87151fc7a786498308b0888b5b69c93a6c61d1fdd789036d,34d53ca2bc8d880fcab243b4a0c32e211cbc184f8aa88af0a0cc7daa0679b437,not_applicable,not_applicable,existing_source_locks.csv|compatibility_config_hash:15120158aaa48625c00f34b8cc1572b184fc98569bd1df31445ff86a5d54baa5,898c87fac8ecf4e835ae63775cad3c0a157081951d53c7fd031773fb862deaa3,d7c77384eedf44b83bb464f03081bda024ebcdf3ebd2c5ef3e38acffa7bbfeef,adapter_ready,forecast_model,test.csv|sample_submission.csv|sealed_independent_test,pending
FULL_UNIFIED_RUN_V1,M5,2015-12-07,itransformer,none,13,50,10,7,0.001,4,Adam,0.001,v1_0262_m5_20151207_itransformer_s13,stage_2,log1p_huber_delta_1,latest locked 28-day rolling origin strictly before formal origin,reinitialize same seed; all pre-origin rolling samples; e_star epochs,configs/adapter_common_contract.yaml,0fdc80620cf8962630e75c1fa2432803a694bdd75347ebc77b3093fc02c15c5f,24f14f88e9945d2a7fb67744b119a74daf41bf279d2a3b941fb03feff77657e4,4e848b74ea357e0224e7040a2b5ea8d3cfd77d9b55bb869887df86ed6bfc2751,not_applicable,not_applicable,existing_source_locks.csv|compatibility_config_hash:15120158aaa48625c00f34b8cc1572b184fc98569bd1df31445ff86a5d54baa5,766d26d48b619b0fbaf9eb4e24e88584371b4a20e4fb393211ca6224b3d8aa23,d7c77384eedf44b83bb464f03081bda024ebcdf3ebd2c5ef3e38acffa7bbfeef,adapter_ready,forecast_model,,pending
FULL_UNIFIED_RUN_V1,M5,2015-12-07,itransformer,none,29,50,10,7,0.001,4,Adam,0.001,v1_0263_m5_20151207_itransformer_s29,stage_2,log1p_huber_delta_1,latest locked 28-day rolling origin strictly before formal origin,reinitialize same seed; all pre-origin rolling samples; e_star epochs,configs/adapter_common_contract.yaml,0fdc80620cf8962630e75c1fa2432803a694bdd75347ebc77b3093fc02c15c5f,24f14f88e9945d2a7fb67744b119a74daf41bf279d2a3b941fb03feff77657e4,4e848b74ea357e0224e7040a2b5ea8d3cfd77d9b55bb869887df86ed6bfc2751,not_applicable,not_applicable,existing_source_locks.csv|compatibility_config_hash:15120158aaa48625c00f34b8cc1572b184fc98569bd1df31445ff86a5d54baa5,41c4814fe04e1845f07b6387511c3451c4cb49ffb38b639aee0b023afa957c90,d7c77384eedf44b83bb464f03081bda024ebcdf3ebd2c5ef3e38acffa7bbfeef,adapter_ready,forecast_model,,pending
FULL_UNIFIED_RUN_V1,M5,2015-12-07,itransformer,none,47,50,10,7,0.001,4,Adam,0.001,v1_0264_m5_20151207_itransformer_s47,stage_2,log1p_huber_delta_1,latest locked 28-day rolling origin strictly before formal origin,reinitialize same seed; all pre-origin rolling samples; e_star epochs,configs/adapter_common_contract.yaml,0fdc80620cf8962630e75c1fa2432803a694bdd75347ebc77b3093fc02c15c5f,24f14f88e9945d2a7fb67744b119a74daf41bf279d2a3b941fb03feff77657e4,4e848b74ea357e0224e7040a2b5ea8d3cfd77d9b55bb869887df86ed6bfc2751,not_applicable,not_applicable,existing_source_locks.csv|compatibility_config_hash:15120158aaa48625c00f34b8cc1572b184fc98569bd1df31445ff86a5d54baa5,e0e4a9685f77dd7e56ba70ad3a77a9ae12e10884ce389bb74a2a86111e48f08e,d7c77384eedf44b83bb464f03081bda024ebcdf3ebd2c5ef3e38acffa7bbfeef,adapter_ready,forecast_model,,pending
FULL_UNIFIED_RUN_V1,M5,2016-01-04,itransformer,none,13,50,10,7,0.001,4,Adam,0.001,v1_0265_m5_20160104_itransformer_s13,stage_2,log1p_huber_delta_1,latest locked 28-day rolling origin strictly before formal origin,reinitialize same seed; all pre-origin rolling samples; e_star epochs,configs/adapter_common_contract.yaml,0fdc80620cf8962630e75c1fa2432803a694bdd75347ebc77b3093fc02c15c5f,f363d22b50ee5ecf935d764748129bbf4e83b2417ab50854a465cae0c12fccbf,3016e2d14ad01bc58bf8bc0ed0e99fd89d95ae1895eb99367eaa330b9cef355d,not_applicable,not_applicable,existing_source_locks.csv|compatibility_config_hash:15120158aaa48625c00f34b8cc1572b184fc98569bd1df31445ff86a5d54baa5,7533b1bd570a126ca363d4588651c8399446bacf9f47e1592c24cb622fd25d69,d7c77384eedf44b83bb464f03081bda024ebcdf3ebd2c5ef3e38acffa7bbfeef,adapter_ready,forecast_model,,pending
FULL_UNIFIED_RUN_V1,M5,2016-01-04,itransformer,none,29,50,10,7,0.001,4,Adam,0.001,v1_0266_m5_20160104_itransformer_s29,stage_2,log1p_huber_delta_1,latest locked 28-day rolling origin strictly before formal origin,reinitialize same seed; all pre-origin rolling samples; e_star epochs,configs/adapter_common_contract.yaml,0fdc80620cf8962630e75c1fa2432803a694bdd75347ebc77b3093fc02c15c5f,f363d22b50ee5ecf935d764748129bbf4e83b2417ab50854a465cae0c12fccbf,3016e2d14ad01bc58bf8bc0ed0e99fd89d95ae1895eb99367eaa330b9cef355d,not_applicable,not_applicable,existing_source_locks.csv|compatibility_config_hash:15120158aaa48625c00f34b8cc1572b184fc98569bd1df31445ff86a5d54baa5,05010f17ff387d6772dbc6b45e80a9115ca9a2343bfd765202ddb6f22748e7c3,d7c77384eedf44b83bb464f03081bda024ebcdf3ebd2c5ef3e38acffa7bbfeef,adapter_ready,forecast_model,,pending
FULL_UNIFIED_RUN_V1,M5,2016-01-04,itransformer,none,47,50,10,7,0.001,4,Adam,0.001,v1_0267_m5_20160104_itransformer_s47,stage_2,log1p_huber_delta_1,latest locked 28-day rolling origin strictly before formal origin,reinitialize same seed; all pre-origin rolling samples; e_star epochs,configs/adapter_common_contract.yaml,0fdc80620cf8962630e75c1fa2432803a694bdd75347ebc77b3093fc02c15c5f,f363d22b50ee5ecf935d764748129bbf4e83b2417ab50854a465cae0c12fccbf,3016e2d14ad01bc58bf8bc0ed0e99fd89d95ae1895eb99367eaa330b9cef355d,not_applicable,not_applicable,existing_source_locks.csv|compatibility_config_hash:15120158aaa48625c00f34b8cc1572b184fc98569bd1df31445ff86a5d54baa5,d7ddaf65bbd010188e3c7feee76b55877598a775b82fa21add66e53506f3a2b3,d7c77384eedf44b83bb464f03081bda024ebcdf3ebd2c5ef3e38acffa7bbfeef,adapter_ready,forecast_model,,pending
FULL_UNIFIED_RUN_V1,M5,2016-02-01,itransformer,none,13,50,10,7,0.001,4,Adam,0.001,v1_0268_m5_20160201_itransformer_s13,stage_2,log1p_huber_delta_1,latest locked 28-day rolling origin strictly before formal origin,reinitialize same seed; all pre-origin rolling samples; e_star epochs,configs/adapter_common_contract.yaml,0fdc80620cf8962630e75c1fa2432803a694bdd75347ebc77b3093fc02c15c5f,84ec5e1a462241b724bdb52169726ffe86647b20efbad04d01b949a8b9fc2a01,3016e2d14ad01bc58bf8bc0ed0e99fd89d95ae1895eb99367eaa330b9cef355d,not_applicable,not_applicable,existing_source_locks.csv|compatibility_config_hash:15120158aaa48625c00f34b8cc1572b184fc98569bd1df31445ff86a5d54baa5,7c7cb8a3789e515cb7868cbfeabf8281d35394118f8c524cdf014fc08b64de4b,d7c77384eedf44b83bb464f03081bda024ebcdf3ebd2c5ef3e38acffa7bbfeef,adapter_ready,forecast_model,,pending
FULL_UNIFIED_RUN_V1,M5,2016-02-01,itransformer,none,29,50,10,7,0.001,4,Adam,0.001,v1_0269_m5_20160201_itransformer_s29,stage_2,log1p_huber_delta_1,latest locked 28-day rolling origin strictly before formal origin,reinitialize same seed; all pre-origin rolling samples; e_star epochs,configs/adapter_common_contract.yaml,0fdc80620cf8962630e75c1fa2432803a694bdd75347ebc77b3093fc02c15c5f,84ec5e1a462241b724bdb52169726ffe86647b20efbad04d01b949a8b9fc2a01,3016e2d14ad01bc58bf8bc0ed0e99fd89d95ae1895eb99367eaa330b9cef355d,not_applicable,not_applicable,existing_source_locks.csv|compatibility_config_hash:15120158aaa48625c00f34b8cc1572b184fc98569bd1df31445ff86a5d54baa5,ef4eec1c3a85308376562b43ae80db941367e15b5e563df835e6c9d6d2dc2425,d7c77384eedf44b83bb464f03081bda024ebcdf3ebd2c5ef3e38acffa7bbfeef,adapter_ready,forecast_model,,pending
FULL_UNIFIED_RUN_V1,M5,2016-02-01,itransformer,none,47,50,10,7,0.001,4,Adam,0.001,v1_0270_m5_20160201_itransformer_s47,stage_2,log1p_huber_delta_1,latest locked 28-day rolling origin strictly before formal origin,reinitialize same seed; all pre-origin rolling samples; e_star epochs,configs/adapter_common_contract.yaml,0fdc80620cf8962630e75c1fa2432803a694bdd75347ebc77b3093fc02c15c5f,84ec5e1a462241b724bdb52169726ffe86647b20efbad04d01b949a8b9fc2a01,3016e2d14ad01bc58bf8bc0ed0e99fd89d95ae1895eb99367eaa330b9cef355d,not_applicable,not_applicable,existing_source_locks.csv|compatibility_config_hash:15120158aaa48625c00f34b8cc1572b184fc98569bd1df31445ff86a5d54baa5,25ebe43057c42305f3acb91c4ddb592c30bd83f3ef1a85e375b6333081bb5faf,d7c77384eedf44b83bb464f03081bda024ebcdf3ebd2c5ef3e38acffa7bbfeef,adapter_ready,forecast_model,,pending
FULL_UNIFIED_RUN_V1,Favorita,2017-03-01,itransformer,none,13,50,10,7,0.001,4,Adam,0.001,v1_0271_favorita_20170301_itransformer_s13,stage_2,log1p_huber_delta_1,latest locked 28-day rolling origin strictly before formal origin,reinitialize same seed; all pre-origin rolling samples; e_star epochs,configs/adapter_common_contract.yaml,99f53feff701ca0e8ddb39eaf4c2384b14067b4e69669a6d805e4efea668fb19,cd0beeec37632daa955a38f9eba4e42ab5553d9daac470a0028c402132af43b1,55dc80374cd57120ded1af94a404fe3169d392e3a0e2c0f29bd6d1a2eed1002e,not_applicable,not_applicable,existing_source_locks.csv|compatibility_config_hash:15120158aaa48625c00f34b8cc1572b184fc98569bd1df31445ff86a5d54baa5,2c91af24977a16775bc2002c299028905cf6e3c332d2e564b19ddc54b344fa09,d7c77384eedf44b83bb464f03081bda024ebcdf3ebd2c5ef3e38acffa7bbfeef,adapter_ready,forecast_model,,pending
FULL_UNIFIED_RUN_V1,Favorita,2017-03-01,itransformer,none,29,50,10,7,0.001,4,Adam,0.001,v1_0272_favorita_20170301_itransformer_s29,stage_2,log1p_huber_delta_1,latest locked 28-day rolling origin strictly before formal origin,reinitialize same seed; all pre-origin rolling samples; e_star epochs,configs/adapter_common_contract.yaml,99f53feff701ca0e8ddb39eaf4c2384b14067b4e69669a6d805e4efea668fb19,cd0beeec37632daa955a38f9eba4e42ab5553d9daac470a0028c402132af43b1,55dc80374cd57120ded1af94a404fe3169d392e3a0e2c0f29bd6d1a2eed1002e,not_applicable,not_applicable,existing_source_locks.csv|compatibility_config_hash:15120158aaa48625c00f34b8cc1572b184fc98569bd1df31445ff86a5d54baa5,ec3d1e8e00927a246e2c6a07f84ea4f50aa2fc093471238ef79a223b210e464e,d7c77384eedf44b83bb464f03081bda024ebcdf3ebd2c5ef3e38acffa7bbfeef,adapter_ready,forecast_model,,pending
FULL_UNIFIED_RUN_V1,Favorita,2017-03-01,itransformer,none,47,50,10,7,0.001,4,Adam,0.001,v1_0273_favorita_20170301_itransformer_s47,stage_2,log1p_huber_delta_1,latest locked 28-day rolling origin strictly before formal origin,reinitialize same seed; all pre-origin rolling samples; e_star epochs,configs/adapter_common_contract.yaml,99f53feff701ca0e8ddb39eaf4c2384b14067b4e69669a6d805e4efea668fb19,cd0beeec37632daa955a38f9eba4e42ab5553d9daac470a0028c402132af43b1,55dc80374cd57120ded1af94a404fe3169d392e3a0e2c0f29bd6d1a2eed1002e,not_applicable,not_applicable,existing_source_locks.csv|compatibility_config_hash:15120158aaa48625c00f34b8cc1572b184fc98569bd1df31445ff86a5d54baa5,a8daaab63b07e59fd285869ba73d2f28314fe2e0c276c648173f5f057e0f339c,d7c77384eedf44b83bb464f03081bda024ebcdf3ebd2c5ef3e38acffa7bbfeef,adapter_ready,forecast_model,,pending
FULL_UNIFIED_RUN_V1,Favorita,2017-03-29,itransformer,none,13,50,10,7,0.001,4,Adam,0.001,v1_0274_favorita_20170329_itransformer_s13,stage_2,log1p_huber_delta_1,latest locked 28-day rolling origin strictly before formal origin,reinitialize same seed; all pre-origin rolling samples; e_star epochs,configs/adapter_common_contract.yaml,99f53feff701ca0e8ddb39eaf4c2384b14067b4e69669a6d805e4efea668fb19,345dabcf47b0f7e1fb1895e4c61f5d5ebffaa56e09a9f5b2d7896f439c70937b,61b843616ad20b3c0f66e85ec548fd8ee39336145e3b216b3e7363c867264271,not_applicable,not_applicable,existing_source_locks.csv|compatibility_config_hash:15120158aaa48625c00f34b8cc1572b184fc98569bd1df31445ff86a5d54baa5,19ebdd594a992980da7e45aaf0ed471dc921079b4563b246250c6ee91da7dd7d,d7c77384eedf44b83bb464f03081bda024ebcdf3ebd2c5ef3e38acffa7bbfeef,adapter_ready,forecast_model,,pending
FULL_UNIFIED_RUN_V1,Favorita,2017-03-29,itransformer,none,29,50,10,7,0.001,4,Adam,0.001,v1_0275_favorita_20170329_itransformer_s29,stage_2,log1p_huber_delta_1,latest locked 28-day rolling origin strictly before formal origin,reinitialize same seed; all pre-origin rolling samples; e_star epochs,configs/adapter_common_contract.yaml,99f53feff701ca0e8ddb39eaf4c2384b14067b4e69669a6d805e4efea668fb19,345dabcf47b0f7e1fb1895e4c61f5d5ebffaa56e09a9f5b2d7896f439c70937b,61b843616ad20b3c0f66e85ec548fd8ee39336145e3b216b3e7363c867264271,not_applicable,not_applicable,existing_source_locks.csv|compatibility_config_hash:15120158aaa48625c00f34b8cc1572b184fc98569bd1df31445ff86a5d54baa5,bad8abbfc76e90d78ebfb0e426df55353b854b57ea9bb637ba3c1f407b076661,d7c77384eedf44b83bb464f03081bda024ebcdf3ebd2c5ef3e38acffa7bbfeef,adapter_ready,forecast_model,,pending
FULL_UNIFIED_RUN_V1,Favorita,2017-03-29,itransformer,none,47,50,10,7,0.001,4,Adam,0.001,v1_0276_favorita_20170329_itransformer_s47,stage_2,log1p_huber_delta_1,latest locked 28-day rolling origin strictly before formal origin,reinitialize same seed; all pre-origin rolling samples; e_star epochs,configs/adapter_common_contract.yaml,99f53feff701ca0e8ddb39eaf4c2384b14067b4e69669a6d805e4efea668fb19,345dabcf47b0f7e1fb1895e4c61f5d5ebffaa56e09a9f5b2d7896f439c70937b,61b843616ad20b3c0f66e85ec548fd8ee39336145e3b216b3e7363c867264271,not_applicable,not_applicable,existing_source_locks.csv|compatibility_config_hash:15120158aaa48625c00f34b8cc1572b184fc98569bd1df31445ff86a5d54baa5,3468ae3d27b4f4e961dc7141eb03e0aab90fb5739ae11263c4bb9f694262e100,d7c77384eedf44b83bb464f03081bda024ebcdf3ebd2c5ef3e38acffa7bbfeef,adapter_ready,forecast_model,,pending
FULL_UNIFIED_RUN_V1,Favorita,2017-04-26,itransformer,none,13,50,10,7,0.001,4,Adam,0.001,v1_0277_favorita_20170426_itransformer_s13,stage_2,log1p_huber_delta_1,latest locked 28-day rolling origin strictly before formal origin,reinitialize same seed; all pre-origin rolling samples; e_star epochs,configs/adapter_common_contract.yaml,99f53feff701ca0e8ddb39eaf4c2384b14067b4e69669a6d805e4efea668fb19,c488ebe713d35972ff5a908aa6c2090b4ea444972f31abbf215c0d17998dda91,c5ea41145b284ccabb9c8485eff0a16b0d7d6e25e5c1c3c30f9e41f0516db7ad,not_applicable,not_applicable,existing_source_locks.csv|compatibility_config_hash:15120158aaa48625c00f34b8cc1572b184fc98569bd1df31445ff86a5d54baa5,ae953cf410bf2b69d5f0c2e2f18628f1525427554dc3428c0cea3a6de78fc9d1,d7c77384eedf44b83bb464f03081bda024ebcdf3ebd2c5ef3e38acffa7bbfeef,adapter_ready,forecast_model,,pending
FULL_UNIFIED_RUN_V1,Favorita,2017-04-26,itransformer,none,29,50,10,7,0.001,4,Adam,0.001,v1_0278_favorita_20170426_itransformer_s29,stage_2,log1p_huber_delta_1,latest locked 28-day rolling origin strictly before formal origin,reinitialize same seed; all pre-origin rolling samples; e_star epochs,configs/adapter_common_contract.yaml,99f53feff701ca0e8ddb39eaf4c2384b14067b4e69669a6d805e4efea668fb19,c488ebe713d35972ff5a908aa6c2090b4ea444972f31abbf215c0d17998dda91,c5ea41145b284ccabb9c8485eff0a16b0d7d6e25e5c1c3c30f9e41f0516db7ad,not_applicable,not_applicable,existing_source_locks.csv|compatibility_config_hash:15120158aaa48625c00f34b8cc1572b184fc98569bd1df31445ff86a5d54baa5,5d0b2a4daee26de007492bb2d20d5a3e03c0e3034cb63c136d793d094afb621c,d7c77384eedf44b83bb464f03081bda024ebcdf3ebd2c5ef3e38acffa7bbfeef,adapter_ready,forecast_model,,pending
FULL_UNIFIED_RUN_V1,Favorita,2017-04-26,itransformer,none,47,50,10,7,0.001,4,Adam,0.001,v1_0279_favorita_20170426_itransformer_s47,stage_2,log1p_huber_delta_1,latest locked 28-day rolling origin strictly before formal origin,reinitialize same seed; all pre-origin rolling samples; e_star epochs,configs/adapter_common_contract.yaml,99f53feff701ca0e8ddb39eaf4c2384b14067b4e69669a6d805e4efea668fb19,c488ebe713d35972ff5a908aa6c2090b4ea444972f31abbf215c0d17998dda91,c5ea41145b284ccabb9c8485eff0a16b0d7d6e25e5c1c3c30f9e41f0516db7ad,not_applicable,not_applicable,existing_source_locks.csv|compatibility_config_hash:15120158aaa48625c00f34b8cc1572b184fc98569bd1df31445ff86a5d54baa5,066a7337afb023354ab3ffda9831d9125f6c7368523ab9dcc263090becc25f74,d7c77384eedf44b83bb464f03081bda024ebcdf3ebd2c5ef3e38acffa7bbfeef,adapter_ready,forecast_model,,pending
FULL_UNIFIED_RUN_V1,Store Item,2017-05-22,itransformer,none,13,50,10,7,0.001,4,Adam,0.001,v1_0280_store_item_20170522_itransformer_s13,stage_2,log1p_huber_delta_1,latest locked 28-day rolling origin strictly before formal origin,reinitialize same seed; all pre-origin rolling samples; e_star epochs,configs/adapter_common_contract.yaml,99f53feff701ca0e8ddb39eaf4c2384b14067b4e69669a6d805e4efea668fb19,96f573b570f1b2d301538d41f90dacef49f3190e6f15d4c0105641fefebfcd31,16faaf5314d2d656099b5dfcf1294a6e3ae99741f8f303dcc812754898b52246,not_applicable,not_applicable,existing_source_locks.csv|compatibility_config_hash:15120158aaa48625c00f34b8cc1572b184fc98569bd1df31445ff86a5d54baa5,5d8b0794d8b326af59f81d15582e1cd9e1711c512be055dd4d3b19b643316552,d7c77384eedf44b83bb464f03081bda024ebcdf3ebd2c5ef3e38acffa7bbfeef,adapter_ready,forecast_model,test.csv|sample_submission.csv|sealed_independent_test,pending
FULL_UNIFIED_RUN_V1,Store Item,2017-05-22,itransformer,none,29,50,10,7,0.001,4,Adam,0.001,v1_0281_store_item_20170522_itransformer_s29,stage_2,log1p_huber_delta_1,latest locked 28-day rolling origin strictly before formal origin,reinitialize same seed; all pre-origin rolling samples; e_star epochs,configs/adapter_common_contract.yaml,99f53feff701ca0e8ddb39eaf4c2384b14067b4e69669a6d805e4efea668fb19,96f573b570f1b2d301538d41f90dacef49f3190e6f15d4c0105641fefebfcd31,16faaf5314d2d656099b5dfcf1294a6e3ae99741f8f303dcc812754898b52246,not_applicable,not_applicable,existing_source_locks.csv|compatibility_config_hash:15120158aaa48625c00f34b8cc1572b184fc98569bd1df31445ff86a5d54baa5,c7007c89471f36def6f5c25685225d48b8f52712357109eade7db9d674bfb646,d7c77384eedf44b83bb464f03081bda024ebcdf3ebd2c5ef3e38acffa7bbfeef,adapter_ready,forecast_model,test.csv|sample_submission.csv|sealed_independent_test,pending
FULL_UNIFIED_RUN_V1,Store Item,2017-05-22,itransformer,none,47,50,10,7,0.001,4,Adam,0.001,v1_0282_store_item_20170522_itransformer_s47,stage_2,log1p_huber_delta_1,latest locked 28-day rolling origin strictly before formal origin,reinitialize same seed; all pre-origin rolling samples; e_star epochs,configs/adapter_common_contract.yaml,99f53feff701ca0e8ddb39eaf4c2384b14067b4e69669a6d805e4efea668fb19,96f573b570f1b2d301538d41f90dacef49f3190e6f15d4c0105641fefebfcd31,16faaf5314d2d656099b5dfcf1294a6e3ae99741f8f303dcc812754898b52246,not_applicable,not_applicable,existing_source_locks.csv|compatibility_config_hash:15120158aaa48625c00f34b8cc1572b184fc98569bd1df31445ff86a5d54baa5,62a0e1c8c865070bc6451c82be71a89fa47d73bec6441942641151a38266bc4d,d7c77384eedf44b83bb464f03081bda024ebcdf3ebd2c5ef3e38acffa7bbfeef,adapter_ready,forecast_model,test.csv|sample_submission.csv|sealed_independent_test,pending
FULL_UNIFIED_RUN_V1,Store Item,2017-06-19,itransformer,none,13,50,10,7,0.001,4,Adam,0.001,v1_0283_store_item_20170619_itransformer_s13,stage_2,log1p_huber_delta_1,latest locked 28-day rolling origin strictly before formal origin,reinitialize same seed; all pre-origin rolling samples; e_star epochs,configs/adapter_common_contract.yaml,99f53feff701ca0e8ddb39eaf4c2384b14067b4e69669a6d805e4efea668fb19,28beca4732b3f14a100f847605d2098885a415ba97668113a3ccce044ffb107d,0fbc52c84fd91f7cae2d2b0d15d8eb3627c8926e5b3fe3208f25e73f9d77146e,not_applicable,not_applicable,existing_source_locks.csv|compatibility_config_hash:15120158aaa48625c00f34b8cc1572b184fc98569bd1df31445ff86a5d54baa5,fcca7e7b68f855b1ef230a7c769f2f2803133b182307067043bb864b43d6976b,d7c77384eedf44b83bb464f03081bda024ebcdf3ebd2c5ef3e38acffa7bbfeef,adapter_ready,forecast_model,test.csv|sample_submission.csv|sealed_independent_test,pending
FULL_UNIFIED_RUN_V1,Store Item,2017-06-19,itransformer,none,29,50,10,7,0.001,4,Adam,0.001,v1_0284_store_item_20170619_itransformer_s29,stage_2,log1p_huber_delta_1,latest locked 28-day rolling origin strictly before formal origin,reinitialize same seed; all pre-origin rolling samples; e_star epochs,configs/adapter_common_contract.yaml,99f53feff701ca0e8ddb39eaf4c2384b14067b4e69669a6d805e4efea668fb19,28beca4732b3f14a100f847605d2098885a415ba97668113a3ccce044ffb107d,0fbc52c84fd91f7cae2d2b0d15d8eb3627c8926e5b3fe3208f25e73f9d77146e,not_applicable,not_applicable,existing_source_locks.csv|compatibility_config_hash:15120158aaa48625c00f34b8cc1572b184fc98569bd1df31445ff86a5d54baa5,88186ce9af827f7b17b3882f6b279fb960033ef47a91eb4f9fd2242da7fbe634,d7c77384eedf44b83bb464f03081bda024ebcdf3ebd2c5ef3e38acffa7bbfeef,adapter_ready,forecast_model,test.csv|sample_submission.csv|sealed_independent_test,pending
FULL_UNIFIED_RUN_V1,Store Item,2017-06-19,itransformer,none,47,50,10,7,0.001,4,Adam,0.001,v1_0285_store_item_20170619_itransformer_s47,stage_2,log1p_huber_delta_1,latest locked 28-day rolling origin strictly before formal origin,reinitialize same seed; all pre-origin rolling samples; e_star epochs,configs/adapter_common_contract.yaml,99f53feff701ca0e8ddb39eaf4c2384b14067b4e69669a6d805e4efea668fb19,28beca4732b3f14a100f847605d2098885a415ba97668113a3ccce044ffb107d,0fbc52c84fd91f7cae2d2b0d15d8eb3627c8926e5b3fe3208f25e73f9d77146e,not_applicable,not_applicable,existing_source_locks.csv|compatibility_config_hash:15120158aaa48625c00f34b8cc1572b184fc98569bd1df31445ff86a5d54baa5,70325d7c63c906f339c7eecb7659660b116b961b03a96f498143186dad1b1513,d7c77384eedf44b83bb464f03081bda024ebcdf3ebd2c5ef3e38acffa7bbfeef,adapter_ready,forecast_model,test.csv|sample_submission.csv|sealed_independent_test,pending
FULL_UNIFIED_RUN_V1,Store Item,2017-07-17,itransformer,none,13,50,10,7,0.001,4,Adam,0.001,v1_0286_store_item_20170717_itransformer_s13,stage_2,log1p_huber_delta_1,latest locked 28-day rolling origin strictly before formal origin,reinitialize same seed; all pre-origin rolling samples; e_star epochs,configs/adapter_common_contract.yaml,99f53feff701ca0e8ddb39eaf4c2384b14067b4e69669a6d805e4efea668fb19,cb704e15bf73a80e87151fc7a786498308b0888b5b69c93a6c61d1fdd789036d,34d53ca2bc8d880fcab243b4a0c32e211cbc184f8aa88af0a0cc7daa0679b437,not_applicable,not_applicable,existing_source_locks.csv|compatibility_config_hash:15120158aaa48625c00f34b8cc1572b184fc98569bd1df31445ff86a5d54baa5,dccb4ea9835fd45a9a780e0a6035c3622d64b5010cbd797152e72524d980459f,d7c77384eedf44b83bb464f03081bda024ebcdf3ebd2c5ef3e38acffa7bbfeef,adapter_ready,forecast_model,test.csv|sample_submission.csv|sealed_independent_test,pending
FULL_UNIFIED_RUN_V1,Store Item,2017-07-17,itransformer,none,29,50,10,7,0.001,4,Adam,0.001,v1_0287_store_item_20170717_itransformer_s29,stage_2,log1p_huber_delta_1,latest locked 28-day rolling origin strictly before formal origin,reinitialize same seed; all pre-origin rolling samples; e_star epochs,configs/adapter_common_contract.yaml,99f53feff701ca0e8ddb39eaf4c2384b14067b4e69669a6d805e4efea668fb19,cb704e15bf73a80e87151fc7a786498308b0888b5b69c93a6c61d1fdd789036d,34d53ca2bc8d880fcab243b4a0c32e211cbc184f8aa88af0a0cc7daa0679b437,not_applicable,not_applicable,existing_source_locks.csv|compatibility_config_hash:15120158aaa48625c00f34b8cc1572b184fc98569bd1df31445ff86a5d54baa5,34cfe2175037059d2aec041758aabf571f4c3c82c7219b68b3e2fbafd3a5aa12,d7c77384eedf44b83bb464f03081bda024ebcdf3ebd2c5ef3e38acffa7bbfeef,adapter_ready,forecast_model,test.csv|sample_submission.csv|sealed_independent_test,pending
FULL_UNIFIED_RUN_V1,Store Item,2017-07-17,itransformer,none,47,50,10,7,0.001,4,Adam,0.001,v1_0288_store_item_20170717_itransformer_s47,stage_2,log1p_huber_delta_1,latest locked 28-day rolling origin strictly before formal origin,reinitialize same seed; all pre-origin rolling samples; e_star epochs,configs/adapter_common_contract.yaml,99f53feff701ca0e8ddb39eaf4c2384b14067b4e69669a6d805e4efea668fb19,cb704e15bf73a80e87151fc7a786498308b0888b5b69c93a6c61d1fdd789036d,34d53ca2bc8d880fcab243b4a0c32e211cbc184f8aa88af0a0cc7daa0679b437,not_applicable,not_applicable,existing_source_locks.csv|compatibility_config_hash:15120158aaa48625c00f34b8cc1572b184fc98569bd1df31445ff86a5d54baa5,cb159e45a983eb6b103d6c29c6bb05751413fd38be401d643375c0fbba2ee28c,d7c77384eedf44b83bb464f03081bda024ebcdf3ebd2c5ef3e38acffa7bbfeef,adapter_ready,forecast_model,test.csv|sample_submission.csv|sealed_independent_test,pending
FULL_UNIFIED_RUN_V1,M5,2015-12-07,timemixerpp,none,13,50,10,7,0.001,4,Adam,0.001,v1_0289_m5_20151207_timemixerpp_s13,stage_2,log1p_huber_delta_1,latest locked 28-day rolling origin strictly before formal origin,reinitialize same seed; all pre-origin rolling samples; e_star epochs,configs/adapter_common_contract.yaml,0fdc80620cf8962630e75c1fa2432803a694bdd75347ebc77b3093fc02c15c5f,24f14f88e9945d2a7fb67744b119a74daf41bf279d2a3b941fb03feff77657e4,4e848b74ea357e0224e7040a2b5ea8d3cfd77d9b55bb869887df86ed6bfc2751,not_applicable,not_applicable,existing_source_locks.csv|compatibility_config_hash:15120158aaa48625c00f34b8cc1572b184fc98569bd1df31445ff86a5d54baa5,de7188d12fab24142c05795a58a77a30d891d5ac3c914aa019a23a6406d46ab3,d7c77384eedf44b83bb464f03081bda024ebcdf3ebd2c5ef3e38acffa7bbfeef,adapter_ready,forecast_model,,pending
FULL_UNIFIED_RUN_V1,M5,2015-12-07,timemixerpp,none,29,50,10,7,0.001,4,Adam,0.001,v1_0290_m5_20151207_timemixerpp_s29,stage_2,log1p_huber_delta_1,latest locked 28-day rolling origin strictly before formal origin,reinitialize same seed; all pre-origin rolling samples; e_star epochs,configs/adapter_common_contract.yaml,0fdc80620cf8962630e75c1fa2432803a694bdd75347ebc77b3093fc02c15c5f,24f14f88e9945d2a7fb67744b119a74daf41bf279d2a3b941fb03feff77657e4,4e848b74ea357e0224e7040a2b5ea8d3cfd77d9b55bb869887df86ed6bfc2751,not_applicable,not_applicable,existing_source_locks.csv|compatibility_config_hash:15120158aaa48625c00f34b8cc1572b184fc98569bd1df31445ff86a5d54baa5,a566bfe4d35d609948a36612884b39dc24221c61412c171f2a16ab3abf6fe5ee,d7c77384eedf44b83bb464f03081bda024ebcdf3ebd2c5ef3e38acffa7bbfeef,adapter_ready,forecast_model,,pending
FULL_UNIFIED_RUN_V1,M5,2015-12-07,timemixerpp,none,47,50,10,7,0.001,4,Adam,0.001,v1_0291_m5_20151207_timemixerpp_s47,stage_2,log1p_huber_delta_1,latest locked 28-day rolling origin strictly before formal origin,reinitialize same seed; all pre-origin rolling samples; e_star epochs,configs/adapter_common_contract.yaml,0fdc80620cf8962630e75c1fa2432803a694bdd75347ebc77b3093fc02c15c5f,24f14f88e9945d2a7fb67744b119a74daf41bf279d2a3b941fb03feff77657e4,4e848b74ea357e0224e7040a2b5ea8d3cfd77d9b55bb869887df86ed6bfc2751,not_applicable,not_applicable,existing_source_locks.csv|compatibility_config_hash:15120158aaa48625c00f34b8cc1572b184fc98569bd1df31445ff86a5d54baa5,6af919ce707f019875a3d05331b1709fee7e259f132034ccce31f50fb3c4b564,d7c77384eedf44b83bb464f03081bda024ebcdf3ebd2c5ef3e38acffa7bbfeef,adapter_ready,forecast_model,,pending
FULL_UNIFIED_RUN_V1,M5,2016-01-04,timemixerpp,none,13,50,10,7,0.001,4,Adam,0.001,v1_0292_m5_20160104_timemixerpp_s13,stage_2,log1p_huber_delta_1,latest locked 28-day rolling origin strictly before formal origin,reinitialize same seed; all pre-origin rolling samples; e_star epochs,configs/adapter_common_contract.yaml,0fdc80620cf8962630e75c1fa2432803a694bdd75347ebc77b3093fc02c15c5f,f363d22b50ee5ecf935d764748129bbf4e83b2417ab50854a465cae0c12fccbf,3016e2d14ad01bc58bf8bc0ed0e99fd89d95ae1895eb99367eaa330b9cef355d,not_applicable,not_applicable,existing_source_locks.csv|compatibility_config_hash:15120158aaa48625c00f34b8cc1572b184fc98569bd1df31445ff86a5d54baa5,a3690e2eb901dc95819dfd1ffcff81e7cf722eb004946c5ab5e18116cd60b8cc,d7c77384eedf44b83bb464f03081bda024ebcdf3ebd2c5ef3e38acffa7bbfeef,adapter_ready,forecast_model,,pending
FULL_UNIFIED_RUN_V1,M5,2016-01-04,timemixerpp,none,29,50,10,7,0.001,4,Adam,0.001,v1_0293_m5_20160104_timemixerpp_s29,stage_2,log1p_huber_delta_1,latest locked 28-day rolling origin strictly before formal origin,reinitialize same seed; all pre-origin rolling samples; e_star epochs,configs/adapter_common_contract.yaml,0fdc80620cf8962630e75c1fa2432803a694bdd75347ebc77b3093fc02c15c5f,f363d22b50ee5ecf935d764748129bbf4e83b2417ab50854a465cae0c12fccbf,3016e2d14ad01bc58bf8bc0ed0e99fd89d95ae1895eb99367eaa330b9cef355d,not_applicable,not_applicable,existing_source_locks.csv|compatibility_config_hash:15120158aaa48625c00f34b8cc1572b184fc98569bd1df31445ff86a5d54baa5,b2b7a043a3ab05d3b509fe6e2771d1c80d063d16022c12553ddd65a0cc08b8d1,d7c77384eedf44b83bb464f03081bda024ebcdf3ebd2c5ef3e38acffa7bbfeef,adapter_ready,forecast_model,,pending
FULL_UNIFIED_RUN_V1,M5,2016-01-04,timemixerpp,none,47,50,10,7,0.001,4,Adam,0.001,v1_0294_m5_20160104_timemixerpp_s47,stage_2,log1p_huber_delta_1,latest locked 28-day rolling origin strictly before formal origin,reinitialize same seed; all pre-origin rolling samples; e_star epochs,configs/adapter_common_contract.yaml,0fdc80620cf8962630e75c1fa2432803a694bdd75347ebc77b3093fc02c15c5f,f363d22b50ee5ecf935d764748129bbf4e83b2417ab50854a465cae0c12fccbf,3016e2d14ad01bc58bf8bc0ed0e99fd89d95ae1895eb99367eaa330b9cef355d,not_applicable,not_applicable,existing_source_locks.csv|compatibility_config_hash:15120158aaa48625c00f34b8cc1572b184fc98569bd1df31445ff86a5d54baa5,df2e30916f8ab45dc5b519565f0687efb0e8395ebffb45c89bd3ee3e1ce0cc45,d7c77384eedf44b83bb464f03081bda024ebcdf3ebd2c5ef3e38acffa7bbfeef,adapter_ready,forecast_model,,pending
FULL_UNIFIED_RUN_V1,M5,2016-02-01,timemixerpp,none,13,50,10,7,0.001,4,Adam,0.001,v1_0295_m5_20160201_timemixerpp_s13,stage_2,log1p_huber_delta_1,latest locked 28-day rolling origin strictly before formal origin,reinitialize same seed; all pre-origin rolling samples; e_star epochs,configs/adapter_common_contract.yaml,0fdc80620cf8962630e75c1fa2432803a694bdd75347ebc77b3093fc02c15c5f,84ec5e1a462241b724bdb52169726ffe86647b20efbad04d01b949a8b9fc2a01,3016e2d14ad01bc58bf8bc0ed0e99fd89d95ae1895eb99367eaa330b9cef355d,not_applicable,not_applicable,existing_source_locks.csv|compatibility_config_hash:15120158aaa48625c00f34b8cc1572b184fc98569bd1df31445ff86a5d54baa5,c939240bb8973bdfa2e3dbf6e9d327217d19cfb45cac47d78b1e69267b4f5900,d7c77384eedf44b83bb464f03081bda024ebcdf3ebd2c5ef3e38acffa7bbfeef,adapter_ready,forecast_model,,pending
FULL_UNIFIED_RUN_V1,M5,2016-02-01,timemixerpp,none,29,50,10,7,0.001,4,Adam,0.001,v1_0296_m5_20160201_timemixerpp_s29,stage_2,log1p_huber_delta_1,latest locked 28-day rolling origin strictly before formal origin,reinitialize same seed; all pre-origin rolling samples; e_star epochs,configs/adapter_common_contract.yaml,0fdc80620cf8962630e75c1fa2432803a694bdd75347ebc77b3093fc02c15c5f,84ec5e1a462241b724bdb52169726ffe86647b20efbad04d01b949a8b9fc2a01,3016e2d14ad01bc58bf8bc0ed0e99fd89d95ae1895eb99367eaa330b9cef355d,not_applicable,not_applicable,existing_source_locks.csv|compatibility_config_hash:15120158aaa48625c00f34b8cc1572b184fc98569bd1df31445ff86a5d54baa5,e01f6a588e92d99e2f35f496834e2f73c3c94b922e29aa96aa1fab585d0803ad,d7c77384eedf44b83bb464f03081bda024ebcdf3ebd2c5ef3e38acffa7bbfeef,adapter_ready,forecast_model,,pending
FULL_UNIFIED_RUN_V1,M5,2016-02-01,timemixerpp,none,47,50,10,7,0.001,4,Adam,0.001,v1_0297_m5_20160201_timemixerpp_s47,stage_2,log1p_huber_delta_1,latest locked 28-day rolling origin strictly before formal origin,reinitialize same seed; all pre-origin rolling samples; e_star epochs,configs/adapter_common_contract.yaml,0fdc80620cf8962630e75c1fa2432803a694bdd75347ebc77b3093fc02c15c5f,84ec5e1a462241b724bdb52169726ffe86647b20efbad04d01b949a8b9fc2a01,3016e2d14ad01bc58bf8bc0ed0e99fd89d95ae1895eb99367eaa330b9cef355d,not_applicable,not_applicable,existing_source_locks.csv|compatibility_config_hash:15120158aaa48625c00f34b8cc1572b184fc98569bd1df31445ff86a5d54baa5,9d3153708f7b435c1053b09f73cef23be887b4add866c78cb666ed22550b495a,d7c77384eedf44b83bb464f03081bda024ebcdf3ebd2c5ef3e38acffa7bbfeef,adapter_ready,forecast_model,,pending
FULL_UNIFIED_RUN_V1,Favorita,2017-03-01,timemixerpp,none,13,50,10,7,0.001,4,Adam,0.001,v1_0298_favorita_20170301_timemixerpp_s13,stage_2,log1p_huber_delta_1,latest locked 28-day rolling origin strictly before formal origin,reinitialize same seed; all pre-origin rolling samples; e_star epochs,configs/adapter_common_contract.yaml,99f53feff701ca0e8ddb39eaf4c2384b14067b4e69669a6d805e4efea668fb19,cd0beeec37632daa955a38f9eba4e42ab5553d9daac470a0028c402132af43b1,55dc80374cd57120ded1af94a404fe3169d392e3a0e2c0f29bd6d1a2eed1002e,not_applicable,not_applicable,existing_source_locks.csv|compatibility_config_hash:15120158aaa48625c00f34b8cc1572b184fc98569bd1df31445ff86a5d54baa5,cb4544e2c4c1343e4f028fe852fb9235377b68de26558f3f00c61d23517e55cf,d7c77384eedf44b83bb464f03081bda024ebcdf3ebd2c5ef3e38acffa7bbfeef,adapter_ready,forecast_model,,pending
FULL_UNIFIED_RUN_V1,Favorita,2017-03-01,timemixerpp,none,29,50,10,7,0.001,4,Adam,0.001,v1_0299_favorita_20170301_timemixerpp_s29,stage_2,log1p_huber_delta_1,latest locked 28-day rolling origin strictly before formal origin,reinitialize same seed; all pre-origin rolling samples; e_star epochs,configs/adapter_common_contract.yaml,99f53feff701ca0e8ddb39eaf4c2384b14067b4e69669a6d805e4efea668fb19,cd0beeec37632daa955a38f9eba4e42ab5553d9daac470a0028c402132af43b1,55dc80374cd57120ded1af94a404fe3169d392e3a0e2c0f29bd6d1a2eed1002e,not_applicable,not_applicable,existing_source_locks.csv|compatibility_config_hash:15120158aaa48625c00f34b8cc1572b184fc98569bd1df31445ff86a5d54baa5,b7acb3514a4ed8cafb091725caeb56e9114a0f80a3aeca587f130f7c58efcf23,d7c77384eedf44b83bb464f03081bda024ebcdf3ebd2c5ef3e38acffa7bbfeef,adapter_ready,forecast_model,,pending
FULL_UNIFIED_RUN_V1,Favorita,2017-03-01,timemixerpp,none,47,50,10,7,0.001,4,Adam,0.001,v1_0300_favorita_20170301_timemixerpp_s47,stage_2,log1p_huber_delta_1,latest locked 28-day rolling origin strictly before formal origin,reinitialize same seed; all pre-origin rolling samples; e_star epochs,configs/adapter_common_contract.yaml,99f53feff701ca0e8ddb39eaf4c2384b14067b4e69669a6d805e4efea668fb19,cd0beeec37632daa955a38f9eba4e42ab5553d9daac470a0028c402132af43b1,55dc80374cd57120ded1af94a404fe3169d392e3a0e2c0f29bd6d1a2eed1002e,not_applicable,not_applicable,existing_source_locks.csv|compatibility_config_hash:15120158aaa48625c00f34b8cc1572b184fc98569bd1df31445ff86a5d54baa5,8c750569e2d99d0d4b1a8dcabfb91bfa0c2868e4d147853ee3da5b4fbefd7623,d7c77384eedf44b83bb464f03081bda024ebcdf3ebd2c5ef3e38acffa7bbfeef,adapter_ready,forecast_model,,pending
FULL_UNIFIED_RUN_V1,Favorita,2017-03-29,timemixerpp,none,13,50,10,7,0.001,4,Adam,0.001,v1_0301_favorita_20170329_timemixerpp_s13,stage_2,log1p_huber_delta_1,latest locked 28-day rolling origin strictly before formal origin,reinitialize same seed; all pre-origin rolling samples; e_star epochs,configs/adapter_common_contract.yaml,99f53feff701ca0e8ddb39eaf4c2384b14067b4e69669a6d805e4efea668fb19,345dabcf47b0f7e1fb1895e4c61f5d5ebffaa56e09a9f5b2d7896f439c70937b,61b843616ad20b3c0f66e85ec548fd8ee39336145e3b216b3e7363c867264271,not_applicable,not_applicable,existing_source_locks.csv|compatibility_config_hash:15120158aaa48625c00f34b8cc1572b184fc98569bd1df31445ff86a5d54baa5,6c4b5c5357a9fde6b8dde2903b3899b324012822b2dc435462f3390f497d1b41,d7c77384eedf44b83bb464f03081bda024ebcdf3ebd2c5ef3e38acffa7bbfeef,adapter_ready,forecast_model,,pending
FULL_UNIFIED_RUN_V1,Favorita,2017-03-29,timemixerpp,none,29,50,10,7,0.001,4,Adam,0.001,v1_0302_favorita_20170329_timemixerpp_s29,stage_2,log1p_huber_delta_1,latest locked 28-day rolling origin strictly before formal origin,reinitialize same seed; all pre-origin rolling samples; e_star epochs,configs/adapter_common_contract.yaml,99f53feff701ca0e8ddb39eaf4c2384b14067b4e69669a6d805e4efea668fb19,345dabcf47b0f7e1fb1895e4c61f5d5ebffaa56e09a9f5b2d7896f439c70937b,61b843616ad20b3c0f66e85ec548fd8ee39336145e3b216b3e7363c867264271,not_applicable,not_applicable,existing_source_locks.csv|compatibility_config_hash:15120158aaa48625c00f34b8cc1572b184fc98569bd1df31445ff86a5d54baa5,c5415775106db2435b9f6891328a941a1258a24b4d389998ccd5abdca57fa560,d7c77384eedf44b83bb464f03081bda024ebcdf3ebd2c5ef3e38acffa7bbfeef,adapter_ready,forecast_model,,pending
FULL_UNIFIED_RUN_V1,Favorita,2017-03-29,timemixerpp,none,47,50,10,7,0.001,4,Adam,0.001,v1_0303_favorita_20170329_timemixerpp_s47,stage_2,log1p_huber_delta_1,latest locked 28-day rolling origin strictly before formal origin,reinitialize same seed; all pre-origin rolling samples; e_star epochs,configs/adapter_common_contract.yaml,99f53feff701ca0e8ddb39eaf4c2384b14067b4e69669a6d805e4efea668fb19,345dabcf47b0f7e1fb1895e4c61f5d5ebffaa56e09a9f5b2d7896f439c70937b,61b843616ad20b3c0f66e85ec548fd8ee39336145e3b216b3e7363c867264271,not_applicable,not_applicable,existing_source_locks.csv|compatibility_config_hash:15120158aaa48625c00f34b8cc1572b184fc98569bd1df31445ff86a5d54baa5,0c15a747cc967f0ae67dddb58711238d061389fbff5cc8e1c1a5d5da3dc097ee,d7c77384eedf44b83bb464f03081bda024ebcdf3ebd2c5ef3e38acffa7bbfeef,adapter_ready,forecast_model,,pending
FULL_UNIFIED_RUN_V1,Favorita,2017-04-26,timemixerpp,none,13,50,10,7,0.001,4,Adam,0.001,v1_0304_favorita_20170426_timemixerpp_s13,stage_2,log1p_huber_delta_1,latest locked 28-day rolling origin strictly before formal origin,reinitialize same seed; all pre-origin rolling samples; e_star epochs,configs/adapter_common_contract.yaml,99f53feff701ca0e8ddb39eaf4c2384b14067b4e69669a6d805e4efea668fb19,c488ebe713d35972ff5a908aa6c2090b4ea444972f31abbf215c0d17998dda91,c5ea41145b284ccabb9c8485eff0a16b0d7d6e25e5c1c3c30f9e41f0516db7ad,not_applicable,not_applicable,existing_source_locks.csv|compatibility_config_hash:15120158aaa48625c00f34b8cc1572b184fc98569bd1df31445ff86a5d54baa5,fc35f60d513d0ed0a013f85607b6b2baccad87f2c5457baec7c4bc3e5f8e3d2e,d7c77384eedf44b83bb464f03081bda024ebcdf3ebd2c5ef3e38acffa7bbfeef,adapter_ready,forecast_model,,pending
FULL_UNIFIED_RUN_V1,Favorita,2017-04-26,timemixerpp,none,29,50,10,7,0.001,4,Adam,0.001,v1_0305_favorita_20170426_timemixerpp_s29,stage_2,log1p_huber_delta_1,latest locked 28-day rolling origin strictly before formal origin,reinitialize same seed; all pre-origin rolling samples; e_star epochs,configs/adapter_common_contract.yaml,99f53feff701ca0e8ddb39eaf4c2384b14067b4e69669a6d805e4efea668fb19,c488ebe713d35972ff5a908aa6c2090b4ea444972f31abbf215c0d17998dda91,c5ea41145b284ccabb9c8485eff0a16b0d7d6e25e5c1c3c30f9e41f0516db7ad,not_applicable,not_applicable,existing_source_locks.csv|compatibility_config_hash:15120158aaa48625c00f34b8cc1572b184fc98569bd1df31445ff86a5d54baa5,cf573aac6e8147e0d6f5a056d557d99239eab08c033ac800c62d44a80f6dde72,d7c77384eedf44b83bb464f03081bda024ebcdf3ebd2c5ef3e38acffa7bbfeef,adapter_ready,forecast_model,,pending
FULL_UNIFIED_RUN_V1,Favorita,2017-04-26,timemixerpp,none,47,50,10,7,0.001,4,Adam,0.001,v1_0306_favorita_20170426_timemixerpp_s47,stage_2,log1p_huber_delta_1,latest locked 28-day rolling origin strictly before formal origin,reinitialize same seed; all pre-origin rolling samples; e_star epochs,configs/adapter_common_contract.yaml,99f53feff701ca0e8ddb39eaf4c2384b14067b4e69669a6d805e4efea668fb19,c488ebe713d35972ff5a908aa6c2090b4ea444972f31abbf215c0d17998dda91,c5ea41145b284ccabb9c8485eff0a16b0d7d6e25e5c1c3c30f9e41f0516db7ad,not_applicable,not_applicable,existing_source_locks.csv|compatibility_config_hash:15120158aaa48625c00f34b8cc1572b184fc98569bd1df31445ff86a5d54baa5,99c253cd6072637aec0d286f46aed555513dfaf7747a350d93b341952c181cae,d7c77384eedf44b83bb464f03081bda024ebcdf3ebd2c5ef3e38acffa7bbfeef,adapter_ready,forecast_model,,pending
FULL_UNIFIED_RUN_V1,Store Item,2017-05-22,timemixerpp,none,13,50,10,7,0.001,4,Adam,0.001,v1_0307_store_item_20170522_timemixerpp_s13,stage_2,log1p_huber_delta_1,latest locked 28-day rolling origin strictly before formal origin,reinitialize same seed; all pre-origin rolling samples; e_star epochs,configs/adapter_common_contract.yaml,99f53feff701ca0e8ddb39eaf4c2384b14067b4e69669a6d805e4efea668fb19,96f573b570f1b2d301538d41f90dacef49f3190e6f15d4c0105641fefebfcd31,16faaf5314d2d656099b5dfcf1294a6e3ae99741f8f303dcc812754898b52246,not_applicable,not_applicable,existing_source_locks.csv|compatibility_config_hash:15120158aaa48625c00f34b8cc1572b184fc98569bd1df31445ff86a5d54baa5,392e05192ba325d756629448e2428aa51ef4a3390a2ad4e2d58b94cffcb1eabf,d7c77384eedf44b83bb464f03081bda024ebcdf3ebd2c5ef3e38acffa7bbfeef,adapter_ready,forecast_model,test.csv|sample_submission.csv|sealed_independent_test,pending
FULL_UNIFIED_RUN_V1,Store Item,2017-05-22,timemixerpp,none,29,50,10,7,0.001,4,Adam,0.001,v1_0308_store_item_20170522_timemixerpp_s29,stage_2,log1p_huber_delta_1,latest locked 28-day rolling origin strictly before formal origin,reinitialize same seed; all pre-origin rolling samples; e_star epochs,configs/adapter_common_contract.yaml,99f53feff701ca0e8ddb39eaf4c2384b14067b4e69669a6d805e4efea668fb19,96f573b570f1b2d301538d41f90dacef49f3190e6f15d4c0105641fefebfcd31,16faaf5314d2d656099b5dfcf1294a6e3ae99741f8f303dcc812754898b52246,not_applicable,not_applicable,existing_source_locks.csv|compatibility_config_hash:15120158aaa48625c00f34b8cc1572b184fc98569bd1df31445ff86a5d54baa5,f3c31faa863a2ebe0236460bced08b342e56f2b8d22997594630eca7cd70588d,d7c77384eedf44b83bb464f03081bda024ebcdf3ebd2c5ef3e38acffa7bbfeef,adapter_ready,forecast_model,test.csv|sample_submission.csv|sealed_independent_test,pending
FULL_UNIFIED_RUN_V1,Store Item,2017-05-22,timemixerpp,none,47,50,10,7,0.001,4,Adam,0.001,v1_0309_store_item_20170522_timemixerpp_s47,stage_2,log1p_huber_delta_1,latest locked 28-day rolling origin strictly before formal origin,reinitialize same seed; all pre-origin rolling samples; e_star epochs,configs/adapter_common_contract.yaml,99f53feff701ca0e8ddb39eaf4c2384b14067b4e69669a6d805e4efea668fb19,96f573b570f1b2d301538d41f90dacef49f3190e6f15d4c0105641fefebfcd31,16faaf5314d2d656099b5dfcf1294a6e3ae99741f8f303dcc812754898b52246,not_applicable,not_applicable,existing_source_locks.csv|compatibility_config_hash:15120158aaa48625c00f34b8cc1572b184fc98569bd1df31445ff86a5d54baa5,acbe4064894ab5a61d62c126256bebfe81e3d81107f1aad1f049bb44363c4c25,d7c77384eedf44b83bb464f03081bda024ebcdf3ebd2c5ef3e38acffa7bbfeef,adapter_ready,forecast_model,test.csv|sample_submission.csv|sealed_independent_test,pending
FULL_UNIFIED_RUN_V1,Store Item,2017-06-19,timemixerpp,none,13,50,10,7,0.001,4,Adam,0.001,v1_0310_store_item_20170619_timemixerpp_s13,stage_2,log1p_huber_delta_1,latest locked 28-day rolling origin strictly before formal origin,reinitialize same seed; all pre-origin rolling samples; e_star epochs,configs/adapter_common_contract.yaml,99f53feff701ca0e8ddb39eaf4c2384b14067b4e69669a6d805e4efea668fb19,28beca4732b3f14a100f847605d2098885a415ba97668113a3ccce044ffb107d,0fbc52c84fd91f7cae2d2b0d15d8eb3627c8926e5b3fe3208f25e73f9d77146e,not_applicable,not_applicable,existing_source_locks.csv|compatibility_config_hash:15120158aaa48625c00f34b8cc1572b184fc98569bd1df31445ff86a5d54baa5,4460a978673f064412a9ad437409b6bd93bbe6aebabc9f5421128709947f9f86,d7c77384eedf44b83bb464f03081bda024ebcdf3ebd2c5ef3e38acffa7bbfeef,adapter_ready,forecast_model,test.csv|sample_submission.csv|sealed_independent_test,pending
FULL_UNIFIED_RUN_V1,Store Item,2017-06-19,timemixerpp,none,29,50,10,7,0.001,4,Adam,0.001,v1_0311_store_item_20170619_timemixerpp_s29,stage_2,log1p_huber_delta_1,latest locked 28-day rolling origin strictly before formal origin,reinitialize same seed; all pre-origin rolling samples; e_star epochs,configs/adapter_common_contract.yaml,99f53feff701ca0e8ddb39eaf4c2384b14067b4e69669a6d805e4efea668fb19,28beca4732b3f14a100f847605d2098885a415ba97668113a3ccce044ffb107d,0fbc52c84fd91f7cae2d2b0d15d8eb3627c8926e5b3fe3208f25e73f9d77146e,not_applicable,not_applicable,existing_source_locks.csv|compatibility_config_hash:15120158aaa48625c00f34b8cc1572b184fc98569bd1df31445ff86a5d54baa5,e3fe51bf320bd822337a181bfbd054982a3be5401a06b2f76927fa06d0144561,d7c77384eedf44b83bb464f03081bda024ebcdf3ebd2c5ef3e38acffa7bbfeef,adapter_ready,forecast_model,test.csv|sample_submission.csv|sealed_independent_test,pending
FULL_UNIFIED_RUN_V1,Store Item,2017-06-19,timemixerpp,none,47,50,10,7,0.001,4,Adam,0.001,v1_0312_store_item_20170619_timemixerpp_s47,stage_2,log1p_huber_delta_1,latest locked 28-day rolling origin strictly before formal origin,reinitialize same seed; all pre-origin rolling samples; e_star epochs,configs/adapter_common_contract.yaml,99f53feff701ca0e8ddb39eaf4c2384b14067b4e69669a6d805e4efea668fb19,28beca4732b3f14a100f847605d2098885a415ba97668113a3ccce044ffb107d,0fbc52c84fd91f7cae2d2b0d15d8eb3627c8926e5b3fe3208f25e73f9d77146e,not_applicable,not_applicable,existing_source_locks.csv|compatibility_config_hash:15120158aaa48625c00f34b8cc1572b184fc98569bd1df31445ff86a5d54baa5,13b478be85204738a10e7d40a7471badabbab878c2e41cb83641a9e2b597bb0a,d7c77384eedf44b83bb464f03081bda024ebcdf3ebd2c5ef3e38acffa7bbfeef,adapter_ready,forecast_model,test.csv|sample_submission.csv|sealed_independent_test,pending
FULL_UNIFIED_RUN_V1,Store Item,2017-07-17,timemixerpp,none,13,50,10,7,0.001,4,Adam,0.001,v1_0313_store_item_20170717_timemixerpp_s13,stage_2,log1p_huber_delta_1,latest locked 28-day rolling origin strictly before formal origin,reinitialize same seed; all pre-origin rolling samples; e_star epochs,configs/adapter_common_contract.yaml,99f53feff701ca0e8ddb39eaf4c2384b14067b4e69669a6d805e4efea668fb19,cb704e15bf73a80e87151fc7a786498308b0888b5b69c93a6c61d1fdd789036d,34d53ca2bc8d880fcab243b4a0c32e211cbc184f8aa88af0a0cc7daa0679b437,not_applicable,not_applicable,existing_source_locks.csv|compatibility_config_hash:15120158aaa48625c00f34b8cc1572b184fc98569bd1df31445ff86a5d54baa5,02986b10650f71736b971b6b8804715e5ba760702eed38f2a2f67c8f1e739748,d7c77384eedf44b83bb464f03081bda024ebcdf3ebd2c5ef3e38acffa7bbfeef,adapter_ready,forecast_model,test.csv|sample_submission.csv|sealed_independent_test,pending
FULL_UNIFIED_RUN_V1,Store Item,2017-07-17,timemixerpp,none,29,50,10,7,0.001,4,Adam,0.001,v1_0314_store_item_20170717_timemixerpp_s29,stage_2,log1p_huber_delta_1,latest locked 28-day rolling origin strictly before formal origin,reinitialize same seed; all pre-origin rolling samples; e_star epochs,configs/adapter_common_contract.yaml,99f53feff701ca0e8ddb39eaf4c2384b14067b4e69669a6d805e4efea668fb19,cb704e15bf73a80e87151fc7a786498308b0888b5b69c93a6c61d1fdd789036d,34d53ca2bc8d880fcab243b4a0c32e211cbc184f8aa88af0a0cc7daa0679b437,not_applicable,not_applicable,existing_source_locks.csv|compatibility_config_hash:15120158aaa48625c00f34b8cc1572b184fc98569bd1df31445ff86a5d54baa5,48259324c771343f2b3d76626b8241006b6680a4f3cc782ab2758436d25e1d1c,d7c77384eedf44b83bb464f03081bda024ebcdf3ebd2c5ef3e38acffa7bbfeef,adapter_ready,forecast_model,test.csv|sample_submission.csv|sealed_independent_test,pending
FULL_UNIFIED_RUN_V1,Store Item,2017-07-17,timemixerpp,none,47,50,10,7,0.001,4,Adam,0.001,v1_0315_store_item_20170717_timemixerpp_s47,stage_2,log1p_huber_delta_1,latest locked 28-day rolling origin strictly before formal origin,reinitialize same seed; all pre-origin rolling samples; e_star epochs,configs/adapter_common_contract.yaml,99f53feff701ca0e8ddb39eaf4c2384b14067b4e69669a6d805e4efea668fb19,cb704e15bf73a80e87151fc7a786498308b0888b5b69c93a6c61d1fdd789036d,34d53ca2bc8d880fcab243b4a0c32e211cbc184f8aa88af0a0cc7daa0679b437,not_applicable,not_applicable,existing_source_locks.csv|compatibility_config_hash:15120158aaa48625c00f34b8cc1572b184fc98569bd1df31445ff86a5d54baa5,de7cdf216f2b608b5876f56c22b5a681f411111c7d602c457058f982a2f1163a,d7c77384eedf44b83bb464f03081bda024ebcdf3ebd2c5ef3e38acffa7bbfeef,adapter_ready,forecast_model,test.csv|sample_submission.csv|sealed_independent_test,pending
FULL_UNIFIED_RUN_V1,M5,2015-12-07,mixlinear,none,13,50,10,7,0.001,4,Adam,0.01,v1_0316_m5_20151207_mixlinear_s13,stage_2,log1p_huber_delta_1,latest locked 28-day rolling origin strictly before formal origin,reinitialize same seed; all pre-origin rolling samples; e_star epochs,configs/adapter_common_contract.yaml,0fdc80620cf8962630e75c1fa2432803a694bdd75347ebc77b3093fc02c15c5f,24f14f88e9945d2a7fb67744b119a74daf41bf279d2a3b941fb03feff77657e4,4e848b74ea357e0224e7040a2b5ea8d3cfd77d9b55bb869887df86ed6bfc2751,not_applicable,not_applicable,existing_source_locks.csv|compatibility_config_hash:15120158aaa48625c00f34b8cc1572b184fc98569bd1df31445ff86a5d54baa5,37d66afc7294887357188de075a1e3bf196be4cfea1f5241ece05a78f0ee26dc,d7c77384eedf44b83bb464f03081bda024ebcdf3ebd2c5ef3e38acffa7bbfeef,adapter_ready,forecast_model,,pending
FULL_UNIFIED_RUN_V1,M5,2015-12-07,mixlinear,none,29,50,10,7,0.001,4,Adam,0.01,v1_0317_m5_20151207_mixlinear_s29,stage_2,log1p_huber_delta_1,latest locked 28-day rolling origin strictly before formal origin,reinitialize same seed; all pre-origin rolling samples; e_star epochs,configs/adapter_common_contract.yaml,0fdc80620cf8962630e75c1fa2432803a694bdd75347ebc77b3093fc02c15c5f,24f14f88e9945d2a7fb67744b119a74daf41bf279d2a3b941fb03feff77657e4,4e848b74ea357e0224e7040a2b5ea8d3cfd77d9b55bb869887df86ed6bfc2751,not_applicable,not_applicable,existing_source_locks.csv|compatibility_config_hash:15120158aaa48625c00f34b8cc1572b184fc98569bd1df31445ff86a5d54baa5,46c20a4f754ca7d208a0064fc0bb4e4fab059ae5aa069c3418cb11c1e1711f9b,d7c77384eedf44b83bb464f03081bda024ebcdf3ebd2c5ef3e38acffa7bbfeef,adapter_ready,forecast_model,,pending
FULL_UNIFIED_RUN_V1,M5,2015-12-07,mixlinear,none,47,50,10,7,0.001,4,Adam,0.01,v1_0318_m5_20151207_mixlinear_s47,stage_2,log1p_huber_delta_1,latest locked 28-day rolling origin strictly before formal origin,reinitialize same seed; all pre-origin rolling samples; e_star epochs,configs/adapter_common_contract.yaml,0fdc80620cf8962630e75c1fa2432803a694bdd75347ebc77b3093fc02c15c5f,24f14f88e9945d2a7fb67744b119a74daf41bf279d2a3b941fb03feff77657e4,4e848b74ea357e0224e7040a2b5ea8d3cfd77d9b55bb869887df86ed6bfc2751,not_applicable,not_applicable,existing_source_locks.csv|compatibility_config_hash:15120158aaa48625c00f34b8cc1572b184fc98569bd1df31445ff86a5d54baa5,21c4360d8be4fc36154c2cf1c430bf44179488a0273d239c317fff462b95545c,d7c77384eedf44b83bb464f03081bda024ebcdf3ebd2c5ef3e38acffa7bbfeef,adapter_ready,forecast_model,,pending
FULL_UNIFIED_RUN_V1,M5,2016-01-04,mixlinear,none,13,50,10,7,0.001,4,Adam,0.01,v1_0319_m5_20160104_mixlinear_s13,stage_2,log1p_huber_delta_1,latest locked 28-day rolling origin strictly before formal origin,reinitialize same seed; all pre-origin rolling samples; e_star epochs,configs/adapter_common_contract.yaml,0fdc80620cf8962630e75c1fa2432803a694bdd75347ebc77b3093fc02c15c5f,f363d22b50ee5ecf935d764748129bbf4e83b2417ab50854a465cae0c12fccbf,3016e2d14ad01bc58bf8bc0ed0e99fd89d95ae1895eb99367eaa330b9cef355d,not_applicable,not_applicable,existing_source_locks.csv|compatibility_config_hash:15120158aaa48625c00f34b8cc1572b184fc98569bd1df31445ff86a5d54baa5,d4f77cb970b322bc6439737f85659a2319505eca622d344b3c28e67b5caac555,d7c77384eedf44b83bb464f03081bda024ebcdf3ebd2c5ef3e38acffa7bbfeef,adapter_ready,forecast_model,,pending
FULL_UNIFIED_RUN_V1,M5,2016-01-04,mixlinear,none,29,50,10,7,0.001,4,Adam,0.01,v1_0320_m5_20160104_mixlinear_s29,stage_2,log1p_huber_delta_1,latest locked 28-day rolling origin strictly before formal origin,reinitialize same seed; all pre-origin rolling samples; e_star epochs,configs/adapter_common_contract.yaml,0fdc80620cf8962630e75c1fa2432803a694bdd75347ebc77b3093fc02c15c5f,f363d22b50ee5ecf935d764748129bbf4e83b2417ab50854a465cae0c12fccbf,3016e2d14ad01bc58bf8bc0ed0e99fd89d95ae1895eb99367eaa330b9cef355d,not_applicable,not_applicable,existing_source_locks.csv|compatibility_config_hash:15120158aaa48625c00f34b8cc1572b184fc98569bd1df31445ff86a5d54baa5,f0e5e99857e70088269112f5bb483efde099623af9459635523b06286d5ed3db,d7c77384eedf44b83bb464f03081bda024ebcdf3ebd2c5ef3e38acffa7bbfeef,adapter_ready,forecast_model,,pending
FULL_UNIFIED_RUN_V1,M5,2016-01-04,mixlinear,none,47,50,10,7,0.001,4,Adam,0.01,v1_0321_m5_20160104_mixlinear_s47,stage_2,log1p_huber_delta_1,latest locked 28-day rolling origin strictly before formal origin,reinitialize same seed; all pre-origin rolling samples; e_star epochs,configs/adapter_common_contract.yaml,0fdc80620cf8962630e75c1fa2432803a694bdd75347ebc77b3093fc02c15c5f,f363d22b50ee5ecf935d764748129bbf4e83b2417ab50854a465cae0c12fccbf,3016e2d14ad01bc58bf8bc0ed0e99fd89d95ae1895eb99367eaa330b9cef355d,not_applicable,not_applicable,existing_source_locks.csv|compatibility_config_hash:15120158aaa48625c00f34b8cc1572b184fc98569bd1df31445ff86a5d54baa5,f35f7dce966367786422e258a346d89c6c75afbbae60c294c8b8e2e7010c0bb3,d7c77384eedf44b83bb464f03081bda024ebcdf3ebd2c5ef3e38acffa7bbfeef,adapter_ready,forecast_model,,pending
FULL_UNIFIED_RUN_V1,M5,2016-02-01,mixlinear,none,13,50,10,7,0.001,4,Adam,0.01,v1_0322_m5_20160201_mixlinear_s13,stage_2,log1p_huber_delta_1,latest locked 28-day rolling origin strictly before formal origin,reinitialize same seed; all pre-origin rolling samples; e_star epochs,configs/adapter_common_contract.yaml,0fdc80620cf8962630e75c1fa2432803a694bdd75347ebc77b3093fc02c15c5f,84ec5e1a462241b724bdb52169726ffe86647b20efbad04d01b949a8b9fc2a01,3016e2d14ad01bc58bf8bc0ed0e99fd89d95ae1895eb99367eaa330b9cef355d,not_applicable,not_applicable,existing_source_locks.csv|compatibility_config_hash:15120158aaa48625c00f34b8cc1572b184fc98569bd1df31445ff86a5d54baa5,2bfd22394c3191c1e84c5f3126b8a1998ce389503130dbaa183ce993e77be3fa,d7c77384eedf44b83bb464f03081bda024ebcdf3ebd2c5ef3e38acffa7bbfeef,adapter_ready,forecast_model,,pending
FULL_UNIFIED_RUN_V1,M5,2016-02-01,mixlinear,none,29,50,10,7,0.001,4,Adam,0.01,v1_0323_m5_20160201_mixlinear_s29,stage_2,log1p_huber_delta_1,latest locked 28-day rolling origin strictly before formal origin,reinitialize same seed; all pre-origin rolling samples; e_star epochs,configs/adapter_common_contract.yaml,0fdc80620cf8962630e75c1fa2432803a694bdd75347ebc77b3093fc02c15c5f,84ec5e1a462241b724bdb52169726ffe86647b20efbad04d01b949a8b9fc2a01,3016e2d14ad01bc58bf8bc0ed0e99fd89d95ae1895eb99367eaa330b9cef355d,not_applicable,not_applicable,existing_source_locks.csv|compatibility_config_hash:15120158aaa48625c00f34b8cc1572b184fc98569bd1df31445ff86a5d54baa5,163e8d27ed41ee57380b6c43b6152b3152061def7ee7a8e06be90382ed9e87e5,d7c77384eedf44b83bb464f03081bda024ebcdf3ebd2c5ef3e38acffa7bbfeef,adapter_ready,forecast_model,,pending
FULL_UNIFIED_RUN_V1,M5,2016-02-01,mixlinear,none,47,50,10,7,0.001,4,Adam,0.01,v1_0324_m5_20160201_mixlinear_s47,stage_2,log1p_huber_delta_1,latest locked 28-day rolling origin strictly before formal origin,reinitialize same seed; all pre-origin rolling samples; e_star epochs,configs/adapter_common_contract.yaml,0fdc80620cf8962630e75c1fa2432803a694bdd75347ebc77b3093fc02c15c5f,84ec5e1a462241b724bdb52169726ffe86647b20efbad04d01b949a8b9fc2a01,3016e2d14ad01bc58bf8bc0ed0e99fd89d95ae1895eb99367eaa330b9cef355d,not_applicable,not_applicable,existing_source_locks.csv|compatibility_config_hash:15120158aaa48625c00f34b8cc1572b184fc98569bd1df31445ff86a5d54baa5,650fe4b8fc5448739db4ff394c9ba36d3ac99640123eaf8e2bc93006298ab57f,d7c77384eedf44b83bb464f03081bda024ebcdf3ebd2c5ef3e38acffa7bbfeef,adapter_ready,forecast_model,,pending
FULL_UNIFIED_RUN_V1,Favorita,2017-03-01,mixlinear,none,13,50,10,7,0.001,4,Adam,0.01,v1_0325_favorita_20170301_mixlinear_s13,stage_2,log1p_huber_delta_1,latest locked 28-day rolling origin strictly before formal origin,reinitialize same seed; all pre-origin rolling samples; e_star epochs,configs/adapter_common_contract.yaml,99f53feff701ca0e8ddb39eaf4c2384b14067b4e69669a6d805e4efea668fb19,cd0beeec37632daa955a38f9eba4e42ab5553d9daac470a0028c402132af43b1,55dc80374cd57120ded1af94a404fe3169d392e3a0e2c0f29bd6d1a2eed1002e,not_applicable,not_applicable,existing_source_locks.csv|compatibility_config_hash:15120158aaa48625c00f34b8cc1572b184fc98569bd1df31445ff86a5d54baa5,1233d0d996cdd8c72043593dda016b995b84a89407e01a774f5c32cc823022f2,d7c77384eedf44b83bb464f03081bda024ebcdf3ebd2c5ef3e38acffa7bbfeef,adapter_ready,forecast_model,,pending
FULL_UNIFIED_RUN_V1,Favorita,2017-03-01,mixlinear,none,29,50,10,7,0.001,4,Adam,0.01,v1_0326_favorita_20170301_mixlinear_s29,stage_2,log1p_huber_delta_1,latest locked 28-day rolling origin strictly before formal origin,reinitialize same seed; all pre-origin rolling samples; e_star epochs,configs/adapter_common_contract.yaml,99f53feff701ca0e8ddb39eaf4c2384b14067b4e69669a6d805e4efea668fb19,cd0beeec37632daa955a38f9eba4e42ab5553d9daac470a0028c402132af43b1,55dc80374cd57120ded1af94a404fe3169d392e3a0e2c0f29bd6d1a2eed1002e,not_applicable,not_applicable,existing_source_locks.csv|compatibility_config_hash:15120158aaa48625c00f34b8cc1572b184fc98569bd1df31445ff86a5d54baa5,5169be018ad8284331ddccc7d3024ac9b8d88afff663e8e4c7ddc528caba297e,d7c77384eedf44b83bb464f03081bda024ebcdf3ebd2c5ef3e38acffa7bbfeef,adapter_ready,forecast_model,,pending
FULL_UNIFIED_RUN_V1,Favorita,2017-03-01,mixlinear,none,47,50,10,7,0.001,4,Adam,0.01,v1_0327_favorita_20170301_mixlinear_s47,stage_2,log1p_huber_delta_1,latest locked 28-day rolling origin strictly before formal origin,reinitialize same seed; all pre-origin rolling samples; e_star epochs,configs/adapter_common_contract.yaml,99f53feff701ca0e8ddb39eaf4c2384b14067b4e69669a6d805e4efea668fb19,cd0beeec37632daa955a38f9eba4e42ab5553d9daac470a0028c402132af43b1,55dc80374cd57120ded1af94a404fe3169d392e3a0e2c0f29bd6d1a2eed1002e,not_applicable,not_applicable,existing_source_locks.csv|compatibility_config_hash:15120158aaa48625c00f34b8cc1572b184fc98569bd1df31445ff86a5d54baa5,6dab97a907c5f64a8437063f89169253fdc21a1fb038eca52f92b55e34a97f0a,d7c77384eedf44b83bb464f03081bda024ebcdf3ebd2c5ef3e38acffa7bbfeef,adapter_ready,forecast_model,,pending
FULL_UNIFIED_RUN_V1,Favorita,2017-03-29,mixlinear,none,13,50,10,7,0.001,4,Adam,0.01,v1_0328_favorita_20170329_mixlinear_s13,stage_2,log1p_huber_delta_1,latest locked 28-day rolling origin strictly before formal origin,reinitialize same seed; all pre-origin rolling samples; e_star epochs,configs/adapter_common_contract.yaml,99f53feff701ca0e8ddb39eaf4c2384b14067b4e69669a6d805e4efea668fb19,345dabcf47b0f7e1fb1895e4c61f5d5ebffaa56e09a9f5b2d7896f439c70937b,61b843616ad20b3c0f66e85ec548fd8ee39336145e3b216b3e7363c867264271,not_applicable,not_applicable,existing_source_locks.csv|compatibility_config_hash:15120158aaa48625c00f34b8cc1572b184fc98569bd1df31445ff86a5d54baa5,3d43ab953b0a8cd0cb8e2796f920590bb86cc6d68f00e5a6d79cbb007e2d5091,d7c77384eedf44b83bb464f03081bda024ebcdf3ebd2c5ef3e38acffa7bbfeef,adapter_ready,forecast_model,,pending
FULL_UNIFIED_RUN_V1,Favorita,2017-03-29,mixlinear,none,29,50,10,7,0.001,4,Adam,0.01,v1_0329_favorita_20170329_mixlinear_s29,stage_2,log1p_huber_delta_1,latest locked 28-day rolling origin strictly before formal origin,reinitialize same seed; all pre-origin rolling samples; e_star epochs,configs/adapter_common_contract.yaml,99f53feff701ca0e8ddb39eaf4c2384b14067b4e69669a6d805e4efea668fb19,345dabcf47b0f7e1fb1895e4c61f5d5ebffaa56e09a9f5b2d7896f439c70937b,61b843616ad20b3c0f66e85ec548fd8ee39336145e3b216b3e7363c867264271,not_applicable,not_applicable,existing_source_locks.csv|compatibility_config_hash:15120158aaa48625c00f34b8cc1572b184fc98569bd1df31445ff86a5d54baa5,dbb4538a5ee673acd77c11e455636210bac5397716cb75470e08bc0c8c6846e7,d7c77384eedf44b83bb464f03081bda024ebcdf3ebd2c5ef3e38acffa7bbfeef,adapter_ready,forecast_model,,pending
FULL_UNIFIED_RUN_V1,Favorita,2017-03-29,mixlinear,none,47,50,10,7,0.001,4,Adam,0.01,v1_0330_favorita_20170329_mixlinear_s47,stage_2,log1p_huber_delta_1,latest locked 28-day rolling origin strictly before formal origin,reinitialize same seed; all pre-origin rolling samples; e_star epochs,configs/adapter_common_contract.yaml,99f53feff701ca0e8ddb39eaf4c2384b14067b4e69669a6d805e4efea668fb19,345dabcf47b0f7e1fb1895e4c61f5d5ebffaa56e09a9f5b2d7896f439c70937b,61b843616ad20b3c0f66e85ec548fd8ee39336145e3b216b3e7363c867264271,not_applicable,not_applicable,existing_source_locks.csv|compatibility_config_hash:15120158aaa48625c00f34b8cc1572b184fc98569bd1df31445ff86a5d54baa5,4be7eefa93d398587297f8b016475424f6eef9dea67a8dd6d67dfa7601c92c26,d7c77384eedf44b83bb464f03081bda024ebcdf3ebd2c5ef3e38acffa7bbfeef,adapter_ready,forecast_model,,pending
FULL_UNIFIED_RUN_V1,Favorita,2017-04-26,mixlinear,none,13,50,10,7,0.001,4,Adam,0.01,v1_0331_favorita_20170426_mixlinear_s13,stage_2,log1p_huber_delta_1,latest locked 28-day rolling origin strictly before formal origin,reinitialize same seed; all pre-origin rolling samples; e_star epochs,configs/adapter_common_contract.yaml,99f53feff701ca0e8ddb39eaf4c2384b14067b4e69669a6d805e4efea668fb19,c488ebe713d35972ff5a908aa6c2090b4ea444972f31abbf215c0d17998dda91,c5ea41145b284ccabb9c8485eff0a16b0d7d6e25e5c1c3c30f9e41f0516db7ad,not_applicable,not_applicable,existing_source_locks.csv|compatibility_config_hash:15120158aaa48625c00f34b8cc1572b184fc98569bd1df31445ff86a5d54baa5,f98a946a154421808b52ed5c32463327c0efc4b110c9b5396cf11ea2a42820e2,d7c77384eedf44b83bb464f03081bda024ebcdf3ebd2c5ef3e38acffa7bbfeef,adapter_ready,forecast_model,,pending
FULL_UNIFIED_RUN_V1,Favorita,2017-04-26,mixlinear,none,29,50,10,7,0.001,4,Adam,0.01,v1_0332_favorita_20170426_mixlinear_s29,stage_2,log1p_huber_delta_1,latest locked 28-day rolling origin strictly before formal origin,reinitialize same seed; all pre-origin rolling samples; e_star epochs,configs/adapter_common_contract.yaml,99f53feff701ca0e8ddb39eaf4c2384b14067b4e69669a6d805e4efea668fb19,c488ebe713d35972ff5a908aa6c2090b4ea444972f31abbf215c0d17998dda91,c5ea41145b284ccabb9c8485eff0a16b0d7d6e25e5c1c3c30f9e41f0516db7ad,not_applicable,not_applicable,existing_source_locks.csv|compatibility_config_hash:15120158aaa48625c00f34b8cc1572b184fc98569bd1df31445ff86a5d54baa5,6f72c91dcdd18bbf591635d3927b0e48bdc6bf9f36c376a156415f4f852ce937,d7c77384eedf44b83bb464f03081bda024ebcdf3ebd2c5ef3e38acffa7bbfeef,adapter_ready,forecast_model,,pending
FULL_UNIFIED_RUN_V1,Favorita,2017-04-26,mixlinear,none,47,50,10,7,0.001,4,Adam,0.01,v1_0333_favorita_20170426_mixlinear_s47,stage_2,log1p_huber_delta_1,latest locked 28-day rolling origin strictly before formal origin,reinitialize same seed; all pre-origin rolling samples; e_star epochs,configs/adapter_common_contract.yaml,99f53feff701ca0e8ddb39eaf4c2384b14067b4e69669a6d805e4efea668fb19,c488ebe713d35972ff5a908aa6c2090b4ea444972f31abbf215c0d17998dda91,c5ea41145b284ccabb9c8485eff0a16b0d7d6e25e5c1c3c30f9e41f0516db7ad,not_applicable,not_applicable,existing_source_locks.csv|compatibility_config_hash:15120158aaa48625c00f34b8cc1572b184fc98569bd1df31445ff86a5d54baa5,aa134cf9826cb9483d9c23df61492eca8112a57e7f91e576f5598310ff158563,d7c77384eedf44b83bb464f03081bda024ebcdf3ebd2c5ef3e38acffa7bbfeef,adapter_ready,forecast_model,,pending
FULL_UNIFIED_RUN_V1,Store Item,2017-05-22,mixlinear,none,13,50,10,7,0.001,4,Adam,0.01,v1_0334_store_item_20170522_mixlinear_s13,stage_2,log1p_huber_delta_1,latest locked 28-day rolling origin strictly before formal origin,reinitialize same seed; all pre-origin rolling samples; e_star epochs,configs/adapter_common_contract.yaml,99f53feff701ca0e8ddb39eaf4c2384b14067b4e69669a6d805e4efea668fb19,96f573b570f1b2d301538d41f90dacef49f3190e6f15d4c0105641fefebfcd31,16faaf5314d2d656099b5dfcf1294a6e3ae99741f8f303dcc812754898b52246,not_applicable,not_applicable,existing_source_locks.csv|compatibility_config_hash:15120158aaa48625c00f34b8cc1572b184fc98569bd1df31445ff86a5d54baa5,ec6fccfec6e7a744543dc12960937ba9e7164f9caa17a94e2ccc45b34abadbd9,d7c77384eedf44b83bb464f03081bda024ebcdf3ebd2c5ef3e38acffa7bbfeef,adapter_ready,forecast_model,test.csv|sample_submission.csv|sealed_independent_test,pending
FULL_UNIFIED_RUN_V1,Store Item,2017-05-22,mixlinear,none,29,50,10,7,0.001,4,Adam,0.01,v1_0335_store_item_20170522_mixlinear_s29,stage_2,log1p_huber_delta_1,latest locked 28-day rolling origin strictly before formal origin,reinitialize same seed; all pre-origin rolling samples; e_star epochs,configs/adapter_common_contract.yaml,99f53feff701ca0e8ddb39eaf4c2384b14067b4e69669a6d805e4efea668fb19,96f573b570f1b2d301538d41f90dacef49f3190e6f15d4c0105641fefebfcd31,16faaf5314d2d656099b5dfcf1294a6e3ae99741f8f303dcc812754898b52246,not_applicable,not_applicable,existing_source_locks.csv|compatibility_config_hash:15120158aaa48625c00f34b8cc1572b184fc98569bd1df31445ff86a5d54baa5,6c0b50e0a2bb83850ba8962881a9987312bca4b13c3b42722a446bbacf353356,d7c77384eedf44b83bb464f03081bda024ebcdf3ebd2c5ef3e38acffa7bbfeef,adapter_ready,forecast_model,test.csv|sample_submission.csv|sealed_independent_test,pending
FULL_UNIFIED_RUN_V1,Store Item,2017-05-22,mixlinear,none,47,50,10,7,0.001,4,Adam,0.01,v1_0336_store_item_20170522_mixlinear_s47,stage_2,log1p_huber_delta_1,latest locked 28-day rolling origin strictly before formal origin,reinitialize same seed; all pre-origin rolling samples; e_star epochs,configs/adapter_common_contract.yaml,99f53feff701ca0e8ddb39eaf4c2384b14067b4e69669a6d805e4efea668fb19,96f573b570f1b2d301538d41f90dacef49f3190e6f15d4c0105641fefebfcd31,16faaf5314d2d656099b5dfcf1294a6e3ae99741f8f303dcc812754898b52246,not_applicable,not_applicable,existing_source_locks.csv|compatibility_config_hash:15120158aaa48625c00f34b8cc1572b184fc98569bd1df31445ff86a5d54baa5,2b05b3a1d9b927e71095878d3e5834cba8eb55c9dc5136c1fdfa39332c964e5f,d7c77384eedf44b83bb464f03081bda024ebcdf3ebd2c5ef3e38acffa7bbfeef,adapter_ready,forecast_model,test.csv|sample_submission.csv|sealed_independent_test,pending
FULL_UNIFIED_RUN_V1,Store Item,2017-06-19,mixlinear,none,13,50,10,7,0.001,4,Adam,0.01,v1_0337_store_item_20170619_mixlinear_s13,stage_2,log1p_huber_delta_1,latest locked 28-day rolling origin strictly before formal origin,reinitialize same seed; all pre-origin rolling samples; e_star epochs,configs/adapter_common_contract.yaml,99f53feff701ca0e8ddb39eaf4c2384b14067b4e69669a6d805e4efea668fb19,28beca4732b3f14a100f847605d2098885a415ba97668113a3ccce044ffb107d,0fbc52c84fd91f7cae2d2b0d15d8eb3627c8926e5b3fe3208f25e73f9d77146e,not_applicable,not_applicable,existing_source_locks.csv|compatibility_config_hash:15120158aaa48625c00f34b8cc1572b184fc98569bd1df31445ff86a5d54baa5,0c3a402791b1836db786378a09619fe5cdc6afa849550403296626c8684202c5,d7c77384eedf44b83bb464f03081bda024ebcdf3ebd2c5ef3e38acffa7bbfeef,adapter_ready,forecast_model,test.csv|sample_submission.csv|sealed_independent_test,pending
FULL_UNIFIED_RUN_V1,Store Item,2017-06-19,mixlinear,none,29,50,10,7,0.001,4,Adam,0.01,v1_0338_store_item_20170619_mixlinear_s29,stage_2,log1p_huber_delta_1,latest locked 28-day rolling origin strictly before formal origin,reinitialize same seed; all pre-origin rolling samples; e_star epochs,configs/adapter_common_contract.yaml,99f53feff701ca0e8ddb39eaf4c2384b14067b4e69669a6d805e4efea668fb19,28beca4732b3f14a100f847605d2098885a415ba97668113a3ccce044ffb107d,0fbc52c84fd91f7cae2d2b0d15d8eb3627c8926e5b3fe3208f25e73f9d77146e,not_applicable,not_applicable,existing_source_locks.csv|compatibility_config_hash:15120158aaa48625c00f34b8cc1572b184fc98569bd1df31445ff86a5d54baa5,d4b706d6536b67480be51b3f1b86e6c4774750fb4d353605ec7dd26ba4e9ea7d,d7c77384eedf44b83bb464f03081bda024ebcdf3ebd2c5ef3e38acffa7bbfeef,adapter_ready,forecast_model,test.csv|sample_submission.csv|sealed_independent_test,pending
FULL_UNIFIED_RUN_V1,Store Item,2017-06-19,mixlinear,none,47,50,10,7,0.001,4,Adam,0.01,v1_0339_store_item_20170619_mixlinear_s47,stage_2,log1p_huber_delta_1,latest locked 28-day rolling origin strictly before formal origin,reinitialize same seed; all pre-origin rolling samples; e_star epochs,configs/adapter_common_contract.yaml,99f53feff701ca0e8ddb39eaf4c2384b14067b4e69669a6d805e4efea668fb19,28beca4732b3f14a100f847605d2098885a415ba97668113a3ccce044ffb107d,0fbc52c84fd91f7cae2d2b0d15d8eb3627c8926e5b3fe3208f25e73f9d77146e,not_applicable,not_applicable,existing_source_locks.csv|compatibility_config_hash:15120158aaa48625c00f34b8cc1572b184fc98569bd1df31445ff86a5d54baa5,1f969744959b88b40d23dbf7e884ac53a90bc6ee1f9d68ac14f906442e0f51f5,d7c77384eedf44b83bb464f03081bda024ebcdf3ebd2c5ef3e38acffa7bbfeef,adapter_ready,forecast_model,test.csv|sample_submission.csv|sealed_independent_test,pending
FULL_UNIFIED_RUN_V1,Store Item,2017-07-17,mixlinear,none,13,50,10,7,0.001,4,Adam,0.01,v1_0340_store_item_20170717_mixlinear_s13,stage_2,log1p_huber_delta_1,latest locked 28-day rolling origin strictly before formal origin,reinitialize same seed; all pre-origin rolling samples; e_star epochs,configs/adapter_common_contract.yaml,99f53feff701ca0e8ddb39eaf4c2384b14067b4e69669a6d805e4efea668fb19,cb704e15bf73a80e87151fc7a786498308b0888b5b69c93a6c61d1fdd789036d,34d53ca2bc8d880fcab243b4a0c32e211cbc184f8aa88af0a0cc7daa0679b437,not_applicable,not_applicable,existing_source_locks.csv|compatibility_config_hash:15120158aaa48625c00f34b8cc1572b184fc98569bd1df31445ff86a5d54baa5,ed39f5cc448dd02dc74edbdb59e4f5c92dd0da68bfe979ff0fa2c95f43c574f9,d7c77384eedf44b83bb464f03081bda024ebcdf3ebd2c5ef3e38acffa7bbfeef,adapter_ready,forecast_model,test.csv|sample_submission.csv|sealed_independent_test,pending
FULL_UNIFIED_RUN_V1,Store Item,2017-07-17,mixlinear,none,29,50,10,7,0.001,4,Adam,0.01,v1_0341_store_item_20170717_mixlinear_s29,stage_2,log1p_huber_delta_1,latest locked 28-day rolling origin strictly before formal origin,reinitialize same seed; all pre-origin rolling samples; e_star epochs,configs/adapter_common_contract.yaml,99f53feff701ca0e8ddb39eaf4c2384b14067b4e69669a6d805e4efea668fb19,cb704e15bf73a80e87151fc7a786498308b0888b5b69c93a6c61d1fdd789036d,34d53ca2bc8d880fcab243b4a0c32e211cbc184f8aa88af0a0cc7daa0679b437,not_applicable,not_applicable,existing_source_locks.csv|compatibility_config_hash:15120158aaa48625c00f34b8cc1572b184fc98569bd1df31445ff86a5d54baa5,536fae5390ae351bbfa4577043c9a2e88b3835aeae9803541d1c96346a499348,d7c77384eedf44b83bb464f03081bda024ebcdf3ebd2c5ef3e38acffa7bbfeef,adapter_ready,forecast_model,test.csv|sample_submission.csv|sealed_independent_test,pending
FULL_UNIFIED_RUN_V1,Store Item,2017-07-17,mixlinear,none,47,50,10,7,0.001,4,Adam,0.01,v1_0342_store_item_20170717_mixlinear_s47,stage_2,log1p_huber_delta_1,latest locked 28-day rolling origin strictly before formal origin,reinitialize same seed; all pre-origin rolling samples; e_star epochs,configs/adapter_common_contract.yaml,99f53feff701ca0e8ddb39eaf4c2384b14067b4e69669a6d805e4efea668fb19,cb704e15bf73a80e87151fc7a786498308b0888b5b69c93a6c61d1fdd789036d,34d53ca2bc8d880fcab243b4a0c32e211cbc184f8aa88af0a0cc7daa0679b437,not_applicable,not_applicable,existing_source_locks.csv|compatibility_config_hash:15120158aaa48625c00f34b8cc1572b184fc98569bd1df31445ff86a5d54baa5,2d064c3fc46d5e67de68430587d7dc597b350a6f396615d8d003c8df6d075720,d7c77384eedf44b83bb464f03081bda024ebcdf3ebd2c5ef3e38acffa7bbfeef,adapter_ready,forecast_model,test.csv|sample_submission.csv|sealed_independent_test,pending
FULL_UNIFIED_RUN_V1,M5,2015-12-07,gts_native,native,13,50,10,7,0.001,4,Adam,0.001,v1_0343_m5_20151207_gts_native_s13,stage_1,log1p_huber_delta_1,latest locked 28-day rolling origin strictly before formal origin,reinitialize same seed; all pre-origin rolling samples; e_star epochs,configs/adapter_common_contract.yaml,0fdc80620cf8962630e75c1fa2432803a694bdd75347ebc77b3093fc02c15c5f,24f14f88e9945d2a7fb67744b119a74daf41bf279d2a3b941fb03feff77657e4,learned_at_runtime|adapter_graph_export_required,not_applicable,not_applicable,8ed45ff1476639f78c382ff09ecca8e60523e7ce,1815825207ee00605c0b36300e6bf5bc8657b1d527a1ce006046f9ad03846890,d7c77384eedf44b83bb464f03081bda024ebcdf3ebd2c5ef3e38acffa7bbfeef,adapter_ready,graph_enabled,,pending
FULL_UNIFIED_RUN_V1,M5,2015-12-07,gts_native,native,29,50,10,7,0.001,4,Adam,0.001,v1_0344_m5_20151207_gts_native_s29,stage_1,log1p_huber_delta_1,latest locked 28-day rolling origin strictly before formal origin,reinitialize same seed; all pre-origin rolling samples; e_star epochs,configs/adapter_common_contract.yaml,0fdc80620cf8962630e75c1fa2432803a694bdd75347ebc77b3093fc02c15c5f,24f14f88e9945d2a7fb67744b119a74daf41bf279d2a3b941fb03feff77657e4,learned_at_runtime|adapter_graph_export_required,not_applicable,not_applicable,8ed45ff1476639f78c382ff09ecca8e60523e7ce,1386818973b70c3cf3a6bdd3bc6c4ffe6319949aefaa4409cbb2f68723a526c6,d7c77384eedf44b83bb464f03081bda024ebcdf3ebd2c5ef3e38acffa7bbfeef,adapter_ready,graph_enabled,,pending
FULL_UNIFIED_RUN_V1,M5,2015-12-07,gts_native,native,47,50,10,7,0.001,4,Adam,0.001,v1_0345_m5_20151207_gts_native_s47,stage_1,log1p_huber_delta_1,latest locked 28-day rolling origin strictly before formal origin,reinitialize same seed; all pre-origin rolling samples; e_star epochs,configs/adapter_common_contract.yaml,0fdc80620cf8962630e75c1fa2432803a694bdd75347ebc77b3093fc02c15c5f,24f14f88e9945d2a7fb67744b119a74daf41bf279d2a3b941fb03feff77657e4,learned_at_runtime|adapter_graph_export_required,not_applicable,not_applicable,8ed45ff1476639f78c382ff09ecca8e60523e7ce,9f64b8d7b4bddbcc725d726e23e5ea7d46f0f702a14be3b639288c6f655c8f62,d7c77384eedf44b83bb464f03081bda024ebcdf3ebd2c5ef3e38acffa7bbfeef,adapter_ready,graph_enabled,,pending
FULL_UNIFIED_RUN_V1,M5,2016-01-04,gts_native,native,13,50,10,7,0.001,4,Adam,0.001,v1_0346_m5_20160104_gts_native_s13,stage_1,log1p_huber_delta_1,latest locked 28-day rolling origin strictly before formal origin,reinitialize same seed; all pre-origin rolling samples; e_star epochs,configs/adapter_common_contract.yaml,0fdc80620cf8962630e75c1fa2432803a694bdd75347ebc77b3093fc02c15c5f,f363d22b50ee5ecf935d764748129bbf4e83b2417ab50854a465cae0c12fccbf,learned_at_runtime|adapter_graph_export_required,not_applicable,not_applicable,8ed45ff1476639f78c382ff09ecca8e60523e7ce,baf432afc687edac3944488e58c76626f39ec6aff2b719412a66f9e4971432aa,d7c77384eedf44b83bb464f03081bda024ebcdf3ebd2c5ef3e38acffa7bbfeef,adapter_ready,graph_enabled,,pending
FULL_UNIFIED_RUN_V1,M5,2016-01-04,gts_native,native,29,50,10,7,0.001,4,Adam,0.001,v1_0347_m5_20160104_gts_native_s29,stage_1,log1p_huber_delta_1,latest locked 28-day rolling origin strictly before formal origin,reinitialize same seed; all pre-origin rolling samples; e_star epochs,configs/adapter_common_contract.yaml,0fdc80620cf8962630e75c1fa2432803a694bdd75347ebc77b3093fc02c15c5f,f363d22b50ee5ecf935d764748129bbf4e83b2417ab50854a465cae0c12fccbf,learned_at_runtime|adapter_graph_export_required,not_applicable,not_applicable,8ed45ff1476639f78c382ff09ecca8e60523e7ce,68c72b03617d18ef3a866401ae3c702e6962b7ff257d7c366230a12afcd3d4cb,d7c77384eedf44b83bb464f03081bda024ebcdf3ebd2c5ef3e38acffa7bbfeef,adapter_ready,graph_enabled,,pending
FULL_UNIFIED_RUN_V1,M5,2016-01-04,gts_native,native,47,50,10,7,0.001,4,Adam,0.001,v1_0348_m5_20160104_gts_native_s47,stage_1,log1p_huber_delta_1,latest locked 28-day rolling origin strictly before formal origin,reinitialize same seed; all pre-origin rolling samples; e_star epochs,configs/adapter_common_contract.yaml,0fdc80620cf8962630e75c1fa2432803a694bdd75347ebc77b3093fc02c15c5f,f363d22b50ee5ecf935d764748129bbf4e83b2417ab50854a465cae0c12fccbf,learned_at_runtime|adapter_graph_export_required,not_applicable,not_applicable,8ed45ff1476639f78c382ff09ecca8e60523e7ce,52efa1355dfb4fad873a84add88f9a52b25e84e45b9b472f2426d98886e90dd7,d7c77384eedf44b83bb464f03081bda024ebcdf3ebd2c5ef3e38acffa7bbfeef,adapter_ready,graph_enabled,,pending
FULL_UNIFIED_RUN_V1,M5,2016-02-01,gts_native,native,13,50,10,7,0.001,4,Adam,0.001,v1_0349_m5_20160201_gts_native_s13,stage_1,log1p_huber_delta_1,latest locked 28-day rolling origin strictly before formal origin,reinitialize same seed; all pre-origin rolling samples; e_star epochs,configs/adapter_common_contract.yaml,0fdc80620cf8962630e75c1fa2432803a694bdd75347ebc77b3093fc02c15c5f,84ec5e1a462241b724bdb52169726ffe86647b20efbad04d01b949a8b9fc2a01,learned_at_runtime|adapter_graph_export_required,not_applicable,not_applicable,8ed45ff1476639f78c382ff09ecca8e60523e7ce,81025fe2663fd6ec3a81f1418fbd3e231e6e6ea7bf264882993679bbc247f501,d7c77384eedf44b83bb464f03081bda024ebcdf3ebd2c5ef3e38acffa7bbfeef,adapter_ready,graph_enabled,,pending
FULL_UNIFIED_RUN_V1,M5,2016-02-01,gts_native,native,29,50,10,7,0.001,4,Adam,0.001,v1_0350_m5_20160201_gts_native_s29,stage_1,log1p_huber_delta_1,latest locked 28-day rolling origin strictly before formal origin,reinitialize same seed; all pre-origin rolling samples; e_star epochs,configs/adapter_common_contract.yaml,0fdc80620cf8962630e75c1fa2432803a694bdd75347ebc77b3093fc02c15c5f,84ec5e1a462241b724bdb52169726ffe86647b20efbad04d01b949a8b9fc2a01,learned_at_runtime|adapter_graph_export_required,not_applicable,not_applicable,8ed45ff1476639f78c382ff09ecca8e60523e7ce,294f034191168ee61316d1a4aa7281f641a576b549fcad8d1dfe95b7ab3a2726,d7c77384eedf44b83bb464f03081bda024ebcdf3ebd2c5ef3e38acffa7bbfeef,adapter_ready,graph_enabled,,pending
FULL_UNIFIED_RUN_V1,M5,2016-02-01,gts_native,native,47,50,10,7,0.001,4,Adam,0.001,v1_0351_m5_20160201_gts_native_s47,stage_1,log1p_huber_delta_1,latest locked 28-day rolling origin strictly before formal origin,reinitialize same seed; all pre-origin rolling samples; e_star epochs,configs/adapter_common_contract.yaml,0fdc80620cf8962630e75c1fa2432803a694bdd75347ebc77b3093fc02c15c5f,84ec5e1a462241b724bdb52169726ffe86647b20efbad04d01b949a8b9fc2a01,learned_at_runtime|adapter_graph_export_required,not_applicable,not_applicable,8ed45ff1476639f78c382ff09ecca8e60523e7ce,e83eb921e2a965696cc4fa602f18302a3d72e9d453f1f51d24d815decc0e01f2,d7c77384eedf44b83bb464f03081bda024ebcdf3ebd2c5ef3e38acffa7bbfeef,adapter_ready,graph_enabled,,pending
FULL_UNIFIED_RUN_V1,Favorita,2017-03-01,gts_native,native,13,50,10,7,0.001,4,Adam,0.001,v1_0352_favorita_20170301_gts_native_s13,stage_1,log1p_huber_delta_1,latest locked 28-day rolling origin strictly before formal origin,reinitialize same seed; all pre-origin rolling samples; e_star epochs,configs/adapter_common_contract.yaml,99f53feff701ca0e8ddb39eaf4c2384b14067b4e69669a6d805e4efea668fb19,cd0beeec37632daa955a38f9eba4e42ab5553d9daac470a0028c402132af43b1,learned_at_runtime|adapter_graph_export_required,not_applicable,not_applicable,8ed45ff1476639f78c382ff09ecca8e60523e7ce,fa81b8144227cc15faf19e96a6acfabd77a3e98ee165162011795578733d9aa2,d7c77384eedf44b83bb464f03081bda024ebcdf3ebd2c5ef3e38acffa7bbfeef,adapter_ready,graph_enabled,,pending
FULL_UNIFIED_RUN_V1,Favorita,2017-03-01,gts_native,native,29,50,10,7,0.001,4,Adam,0.001,v1_0353_favorita_20170301_gts_native_s29,stage_1,log1p_huber_delta_1,latest locked 28-day rolling origin strictly before formal origin,reinitialize same seed; all pre-origin rolling samples; e_star epochs,configs/adapter_common_contract.yaml,99f53feff701ca0e8ddb39eaf4c2384b14067b4e69669a6d805e4efea668fb19,cd0beeec37632daa955a38f9eba4e42ab5553d9daac470a0028c402132af43b1,learned_at_runtime|adapter_graph_export_required,not_applicable,not_applicable,8ed45ff1476639f78c382ff09ecca8e60523e7ce,18b29769667a2e1b10d5551b1caec16ba10c9123e703a275d7d0ef15d8ba0bf2,d7c77384eedf44b83bb464f03081bda024ebcdf3ebd2c5ef3e38acffa7bbfeef,adapter_ready,graph_enabled,,pending
FULL_UNIFIED_RUN_V1,Favorita,2017-03-01,gts_native,native,47,50,10,7,0.001,4,Adam,0.001,v1_0354_favorita_20170301_gts_native_s47,stage_1,log1p_huber_delta_1,latest locked 28-day rolling origin strictly before formal origin,reinitialize same seed; all pre-origin rolling samples; e_star epochs,configs/adapter_common_contract.yaml,99f53feff701ca0e8ddb39eaf4c2384b14067b4e69669a6d805e4efea668fb19,cd0beeec37632daa955a38f9eba4e42ab5553d9daac470a0028c402132af43b1,learned_at_runtime|adapter_graph_export_required,not_applicable,not_applicable,8ed45ff1476639f78c382ff09ecca8e60523e7ce,08341df793cd7e791c632eab2a15453e1e14c1f280034fb5cfba3a33fa0c2d15,d7c77384eedf44b83bb464f03081bda024ebcdf3ebd2c5ef3e38acffa7bbfeef,adapter_ready,graph_enabled,,pending
FULL_UNIFIED_RUN_V1,Favorita,2017-03-29,gts_native,native,13,50,10,7,0.001,4,Adam,0.001,v1_0355_favorita_20170329_gts_native_s13,stage_1,log1p_huber_delta_1,latest locked 28-day rolling origin strictly before formal origin,reinitialize same seed; all pre-origin rolling samples; e_star epochs,configs/adapter_common_contract.yaml,99f53feff701ca0e8ddb39eaf4c2384b14067b4e69669a6d805e4efea668fb19,345dabcf47b0f7e1fb1895e4c61f5d5ebffaa56e09a9f5b2d7896f439c70937b,learned_at_runtime|adapter_graph_export_required,not_applicable,not_applicable,8ed45ff1476639f78c382ff09ecca8e60523e7ce,af6f5410cfd4067ef559b7ad6339b7aa3cc7ffd8c9fea5882061ce44f9a47e5e,d7c77384eedf44b83bb464f03081bda024ebcdf3ebd2c5ef3e38acffa7bbfeef,adapter_ready,graph_enabled,,pending
FULL_UNIFIED_RUN_V1,Favorita,2017-03-29,gts_native,native,29,50,10,7,0.001,4,Adam,0.001,v1_0356_favorita_20170329_gts_native_s29,stage_1,log1p_huber_delta_1,latest locked 28-day rolling origin strictly before formal origin,reinitialize same seed; all pre-origin rolling samples; e_star epochs,configs/adapter_common_contract.yaml,99f53feff701ca0e8ddb39eaf4c2384b14067b4e69669a6d805e4efea668fb19,345dabcf47b0f7e1fb1895e4c61f5d5ebffaa56e09a9f5b2d7896f439c70937b,learned_at_runtime|adapter_graph_export_required,not_applicable,not_applicable,8ed45ff1476639f78c382ff09ecca8e60523e7ce,1ef09702892c841179d536da55dd2aa39ab729b9b958ff2053831d86b8be30e6,d7c77384eedf44b83bb464f03081bda024ebcdf3ebd2c5ef3e38acffa7bbfeef,adapter_ready,graph_enabled,,pending
FULL_UNIFIED_RUN_V1,Favorita,2017-03-29,gts_native,native,47,50,10,7,0.001,4,Adam,0.001,v1_0357_favorita_20170329_gts_native_s47,stage_1,log1p_huber_delta_1,latest locked 28-day rolling origin strictly before formal origin,reinitialize same seed; all pre-origin rolling samples; e_star epochs,configs/adapter_common_contract.yaml,99f53feff701ca0e8ddb39eaf4c2384b14067b4e69669a6d805e4efea668fb19,345dabcf47b0f7e1fb1895e4c61f5d5ebffaa56e09a9f5b2d7896f439c70937b,learned_at_runtime|adapter_graph_export_required,not_applicable,not_applicable,8ed45ff1476639f78c382ff09ecca8e60523e7ce,c8c9e52d3a57ac3dd3551b6e65b61ef80c83ace134a8759cb3ef6f38ce579c98,d7c77384eedf44b83bb464f03081bda024ebcdf3ebd2c5ef3e38acffa7bbfeef,adapter_ready,graph_enabled,,pending
FULL_UNIFIED_RUN_V1,Favorita,2017-04-26,gts_native,native,13,50,10,7,0.001,4,Adam,0.001,v1_0358_favorita_20170426_gts_native_s13,stage_1,log1p_huber_delta_1,latest locked 28-day rolling origin strictly before formal origin,reinitialize same seed; all pre-origin rolling samples; e_star epochs,configs/adapter_common_contract.yaml,99f53feff701ca0e8ddb39eaf4c2384b14067b4e69669a6d805e4efea668fb19,c488ebe713d35972ff5a908aa6c2090b4ea444972f31abbf215c0d17998dda91,learned_at_runtime|adapter_graph_export_required,not_applicable,not_applicable,8ed45ff1476639f78c382ff09ecca8e60523e7ce,496bd19f83f06202812e8fdaaafe8cd1171e5de8f98dd6657634363c0f0707f8,d7c77384eedf44b83bb464f03081bda024ebcdf3ebd2c5ef3e38acffa7bbfeef,adapter_ready,graph_enabled,,pending
FULL_UNIFIED_RUN_V1,Favorita,2017-04-26,gts_native,native,29,50,10,7,0.001,4,Adam,0.001,v1_0359_favorita_20170426_gts_native_s29,stage_1,log1p_huber_delta_1,latest locked 28-day rolling origin strictly before formal origin,reinitialize same seed; all pre-origin rolling samples; e_star epochs,configs/adapter_common_contract.yaml,99f53feff701ca0e8ddb39eaf4c2384b14067b4e69669a6d805e4efea668fb19,c488ebe713d35972ff5a908aa6c2090b4ea444972f31abbf215c0d17998dda91,learned_at_runtime|adapter_graph_export_required,not_applicable,not_applicable,8ed45ff1476639f78c382ff09ecca8e60523e7ce,6a1e059fea05f394582a598b7116c2b8949bce6bbf16861c4e6a8c77e58fe687,d7c77384eedf44b83bb464f03081bda024ebcdf3ebd2c5ef3e38acffa7bbfeef,adapter_ready,graph_enabled,,pending
FULL_UNIFIED_RUN_V1,Favorita,2017-04-26,gts_native,native,47,50,10,7,0.001,4,Adam,0.001,v1_0360_favorita_20170426_gts_native_s47,stage_1,log1p_huber_delta_1,latest locked 28-day rolling origin strictly before formal origin,reinitialize same seed; all pre-origin rolling samples; e_star epochs,configs/adapter_common_contract.yaml,99f53feff701ca0e8ddb39eaf4c2384b14067b4e69669a6d805e4efea668fb19,c488ebe713d35972ff5a908aa6c2090b4ea444972f31abbf215c0d17998dda91,learned_at_runtime|adapter_graph_export_required,not_applicable,not_applicable,8ed45ff1476639f78c382ff09ecca8e60523e7ce,4d14cc9723c87013eb253957d215b4c50557b3c9acdf676150c63cf76760b2cf,d7c77384eedf44b83bb464f03081bda024ebcdf3ebd2c5ef3e38acffa7bbfeef,adapter_ready,graph_enabled,,pending
FULL_UNIFIED_RUN_V1,Store Item,2017-05-22,gts_native,native,13,50,10,7,0.001,4,Adam,0.001,v1_0361_store_item_20170522_gts_native_s13,stage_1,log1p_huber_delta_1,latest locked 28-day rolling origin strictly before formal origin,reinitialize same seed; all pre-origin rolling samples; e_star epochs,configs/adapter_common_contract.yaml,99f53feff701ca0e8ddb39eaf4c2384b14067b4e69669a6d805e4efea668fb19,96f573b570f1b2d301538d41f90dacef49f3190e6f15d4c0105641fefebfcd31,learned_at_runtime|adapter_graph_export_required,not_applicable,not_applicable,8ed45ff1476639f78c382ff09ecca8e60523e7ce,6e1026a2b56cada731e52d07a93b4092a8318863d8a0c65072d30a663a944778,d7c77384eedf44b83bb464f03081bda024ebcdf3ebd2c5ef3e38acffa7bbfeef,adapter_ready,graph_enabled,test.csv|sample_submission.csv|sealed_independent_test,pending
FULL_UNIFIED_RUN_V1,Store Item,2017-05-22,gts_native,native,29,50,10,7,0.001,4,Adam,0.001,v1_0362_store_item_20170522_gts_native_s29,stage_1,log1p_huber_delta_1,latest locked 28-day rolling origin strictly before formal origin,reinitialize same seed; all pre-origin rolling samples; e_star epochs,configs/adapter_common_contract.yaml,99f53feff701ca0e8ddb39eaf4c2384b14067b4e69669a6d805e4efea668fb19,96f573b570f1b2d301538d41f90dacef49f3190e6f15d4c0105641fefebfcd31,learned_at_runtime|adapter_graph_export_required,not_applicable,not_applicable,8ed45ff1476639f78c382ff09ecca8e60523e7ce,e9c7f3cf1cdf2a7f3f31815708f230c9713b720eca20f90e064f2b22cc85191a,d7c77384eedf44b83bb464f03081bda024ebcdf3ebd2c5ef3e38acffa7bbfeef,adapter_ready,graph_enabled,test.csv|sample_submission.csv|sealed_independent_test,pending
FULL_UNIFIED_RUN_V1,Store Item,2017-05-22,gts_native,native,47,50,10,7,0.001,4,Adam,0.001,v1_0363_store_item_20170522_gts_native_s47,stage_1,log1p_huber_delta_1,latest locked 28-day rolling origin strictly before formal origin,reinitialize same seed; all pre-origin rolling samples; e_star epochs,configs/adapter_common_contract.yaml,99f53feff701ca0e8ddb39eaf4c2384b14067b4e69669a6d805e4efea668fb19,96f573b570f1b2d301538d41f90dacef49f3190e6f15d4c0105641fefebfcd31,learned_at_runtime|adapter_graph_export_required,not_applicable,not_applicable,8ed45ff1476639f78c382ff09ecca8e60523e7ce,981b9769aab10d7441f42a8b946e54ce6fcce9d80e973844a785e96712dceff3,d7c77384eedf44b83bb464f03081bda024ebcdf3ebd2c5ef3e38acffa7bbfeef,adapter_ready,graph_enabled,test.csv|sample_submission.csv|sealed_independent_test,pending
FULL_UNIFIED_RUN_V1,Store Item,2017-06-19,gts_native,native,13,50,10,7,0.001,4,Adam,0.001,v1_0364_store_item_20170619_gts_native_s13,stage_1,log1p_huber_delta_1,latest locked 28-day rolling origin strictly before formal origin,reinitialize same seed; all pre-origin rolling samples; e_star epochs,configs/adapter_common_contract.yaml,99f53feff701ca0e8ddb39eaf4c2384b14067b4e69669a6d805e4efea668fb19,28beca4732b3f14a100f847605d2098885a415ba97668113a3ccce044ffb107d,learned_at_runtime|adapter_graph_export_required,not_applicable,not_applicable,8ed45ff1476639f78c382ff09ecca8e60523e7ce,d22be301971d3912121c6681445e1cad1207b0826529ddee6095a7489fec208c,d7c77384eedf44b83bb464f03081bda024ebcdf3ebd2c5ef3e38acffa7bbfeef,adapter_ready,graph_enabled,test.csv|sample_submission.csv|sealed_independent_test,pending
FULL_UNIFIED_RUN_V1,Store Item,2017-06-19,gts_native,native,29,50,10,7,0.001,4,Adam,0.001,v1_0365_store_item_20170619_gts_native_s29,stage_1,log1p_huber_delta_1,latest locked 28-day rolling origin strictly before formal origin,reinitialize same seed; all pre-origin rolling samples; e_star epochs,configs/adapter_common_contract.yaml,99f53feff701ca0e8ddb39eaf4c2384b14067b4e69669a6d805e4efea668fb19,28beca4732b3f14a100f847605d2098885a415ba97668113a3ccce044ffb107d,learned_at_runtime|adapter_graph_export_required,not_applicable,not_applicable,8ed45ff1476639f78c382ff09ecca8e60523e7ce,1a9967927251e0911468913c6f57bb6eedd190f3fbcaa785b38cdf9d4b33b7de,d7c77384eedf44b83bb464f03081bda024ebcdf3ebd2c5ef3e38acffa7bbfeef,adapter_ready,graph_enabled,test.csv|sample_submission.csv|sealed_independent_test,pending
FULL_UNIFIED_RUN_V1,Store Item,2017-06-19,gts_native,native,47,50,10,7,0.001,4,Adam,0.001,v1_0366_store_item_20170619_gts_native_s47,stage_1,log1p_huber_delta_1,latest locked 28-day rolling origin strictly before formal origin,reinitialize same seed; all pre-origin rolling samples; e_star epochs,configs/adapter_common_contract.yaml,99f53feff701ca0e8ddb39eaf4c2384b14067b4e69669a6d805e4efea668fb19,28beca4732b3f14a100f847605d2098885a415ba97668113a3ccce044ffb107d,learned_at_runtime|adapter_graph_export_required,not_applicable,not_applicable,8ed45ff1476639f78c382ff09ecca8e60523e7ce,bb761414eb4514d397284dc4deff3fe52802894fb1f9a23fb2422d48b39cdd82,d7c77384eedf44b83bb464f03081bda024ebcdf3ebd2c5ef3e38acffa7bbfeef,adapter_ready,graph_enabled,test.csv|sample_submission.csv|sealed_independent_test,pending
FULL_UNIFIED_RUN_V1,Store Item,2017-07-17,gts_native,native,13,50,10,7,0.001,4,Adam,0.001,v1_0367_store_item_20170717_gts_native_s13,stage_1,log1p_huber_delta_1,latest locked 28-day rolling origin strictly before formal origin,reinitialize same seed; all pre-origin rolling samples; e_star epochs,configs/adapter_common_contract.yaml,99f53feff701ca0e8ddb39eaf4c2384b14067b4e69669a6d805e4efea668fb19,cb704e15bf73a80e87151fc7a786498308b0888b5b69c93a6c61d1fdd789036d,learned_at_runtime|adapter_graph_export_required,not_applicable,not_applicable,8ed45ff1476639f78c382ff09ecca8e60523e7ce,e807199cc763fc3f14e40ed56ed3ef6561ef396fc14e079e6a6fd8babc5096e3,d7c77384eedf44b83bb464f03081bda024ebcdf3ebd2c5ef3e38acffa7bbfeef,adapter_ready,graph_enabled,test.csv|sample_submission.csv|sealed_independent_test,pending
FULL_UNIFIED_RUN_V1,Store Item,2017-07-17,gts_native,native,29,50,10,7,0.001,4,Adam,0.001,v1_0368_store_item_20170717_gts_native_s29,stage_1,log1p_huber_delta_1,latest locked 28-day rolling origin strictly before formal origin,reinitialize same seed; all pre-origin rolling samples; e_star epochs,configs/adapter_common_contract.yaml,99f53feff701ca0e8ddb39eaf4c2384b14067b4e69669a6d805e4efea668fb19,cb704e15bf73a80e87151fc7a786498308b0888b5b69c93a6c61d1fdd789036d,learned_at_runtime|adapter_graph_export_required,not_applicable,not_applicable,8ed45ff1476639f78c382ff09ecca8e60523e7ce,ef11e138ea3691e8a93150fb62f6985d13ebb048cc319c41e6d7cf4150bfc0cf,d7c77384eedf44b83bb464f03081bda024ebcdf3ebd2c5ef3e38acffa7bbfeef,adapter_ready,graph_enabled,test.csv|sample_submission.csv|sealed_independent_test,pending
FULL_UNIFIED_RUN_V1,Store Item,2017-07-17,gts_native,native,47,50,10,7,0.001,4,Adam,0.001,v1_0369_store_item_20170717_gts_native_s47,stage_1,log1p_huber_delta_1,latest locked 28-day rolling origin strictly before formal origin,reinitialize same seed; all pre-origin rolling samples; e_star epochs,configs/adapter_common_contract.yaml,99f53feff701ca0e8ddb39eaf4c2384b14067b4e69669a6d805e4efea668fb19,cb704e15bf73a80e87151fc7a786498308b0888b5b69c93a6c61d1fdd789036d,learned_at_runtime|adapter_graph_export_required,not_applicable,not_applicable,8ed45ff1476639f78c382ff09ecca8e60523e7ce,a12f4df0763a10ca0a2e886edb2df3a6ee5a288168b15f24a842ca85f1ba1c18,d7c77384eedf44b83bb464f03081bda024ebcdf3ebd2c5ef3e38acffa7bbfeef,adapter_ready,graph_enabled,test.csv|sample_submission.csv|sealed_independent_test,pending
FULL_UNIFIED_RUN_V1,M5,2015-12-07,gts_no_graph,no_graph,13,50,10,7,0.001,4,Adam,0.001,v1_0370_m5_20151207_gts_no_graph_s13,stage_1,log1p_huber_delta_1,latest locked 28-day rolling origin strictly before formal origin,reinitialize same seed; all pre-origin rolling samples; e_star epochs,configs/adapter_common_contract.yaml,0fdc80620cf8962630e75c1fa2432803a694bdd75347ebc77b3093fc02c15c5f,24f14f88e9945d2a7fb67744b119a74daf41bf279d2a3b941fb03feff77657e4,learned_at_runtime|adapter_graph_export_required,not_applicable,not_applicable,8ed45ff1476639f78c382ff09ecca8e60523e7ce,b56c1e437a83d6fd98d8050a325cb0f38a6ecef4920971d7e72f0ea7b9545b91,d7c77384eedf44b83bb464f03081bda024ebcdf3ebd2c5ef3e38acffa7bbfeef,adapter_ready,matched_no_graph,,pending
FULL_UNIFIED_RUN_V1,M5,2015-12-07,gts_no_graph,no_graph,29,50,10,7,0.001,4,Adam,0.001,v1_0371_m5_20151207_gts_no_graph_s29,stage_1,log1p_huber_delta_1,latest locked 28-day rolling origin strictly before formal origin,reinitialize same seed; all pre-origin rolling samples; e_star epochs,configs/adapter_common_contract.yaml,0fdc80620cf8962630e75c1fa2432803a694bdd75347ebc77b3093fc02c15c5f,24f14f88e9945d2a7fb67744b119a74daf41bf279d2a3b941fb03feff77657e4,learned_at_runtime|adapter_graph_export_required,not_applicable,not_applicable,8ed45ff1476639f78c382ff09ecca8e60523e7ce,c5876cbd7abfc5e6b468138936177138b90e5fc3ceb4cb7442e12787a24292cb,d7c77384eedf44b83bb464f03081bda024ebcdf3ebd2c5ef3e38acffa7bbfeef,adapter_ready,matched_no_graph,,pending
FULL_UNIFIED_RUN_V1,M5,2015-12-07,gts_no_graph,no_graph,47,50,10,7,0.001,4,Adam,0.001,v1_0372_m5_20151207_gts_no_graph_s47,stage_1,log1p_huber_delta_1,latest locked 28-day rolling origin strictly before formal origin,reinitialize same seed; all pre-origin rolling samples; e_star epochs,configs/adapter_common_contract.yaml,0fdc80620cf8962630e75c1fa2432803a694bdd75347ebc77b3093fc02c15c5f,24f14f88e9945d2a7fb67744b119a74daf41bf279d2a3b941fb03feff77657e4,learned_at_runtime|adapter_graph_export_required,not_applicable,not_applicable,8ed45ff1476639f78c382ff09ecca8e60523e7ce,81ce01cebd64327dc6fe26a9051da50d1c56a478a56ba7e4fe1e388efb4ffd75,d7c77384eedf44b83bb464f03081bda024ebcdf3ebd2c5ef3e38acffa7bbfeef,adapter_ready,matched_no_graph,,pending
FULL_UNIFIED_RUN_V1,M5,2016-01-04,gts_no_graph,no_graph,13,50,10,7,0.001,4,Adam,0.001,v1_0373_m5_20160104_gts_no_graph_s13,stage_1,log1p_huber_delta_1,latest locked 28-day rolling origin strictly before formal origin,reinitialize same seed; all pre-origin rolling samples; e_star epochs,configs/adapter_common_contract.yaml,0fdc80620cf8962630e75c1fa2432803a694bdd75347ebc77b3093fc02c15c5f,f363d22b50ee5ecf935d764748129bbf4e83b2417ab50854a465cae0c12fccbf,learned_at_runtime|adapter_graph_export_required,not_applicable,not_applicable,8ed45ff1476639f78c382ff09ecca8e60523e7ce,2f79c5ef445ba441c9e6c351c68a3ac8d18306b7501424eb374520983b621af9,d7c77384eedf44b83bb464f03081bda024ebcdf3ebd2c5ef3e38acffa7bbfeef,adapter_ready,matched_no_graph,,pending
FULL_UNIFIED_RUN_V1,M5,2016-01-04,gts_no_graph,no_graph,29,50,10,7,0.001,4,Adam,0.001,v1_0374_m5_20160104_gts_no_graph_s29,stage_1,log1p_huber_delta_1,latest locked 28-day rolling origin strictly before formal origin,reinitialize same seed; all pre-origin rolling samples; e_star epochs,configs/adapter_common_contract.yaml,0fdc80620cf8962630e75c1fa2432803a694bdd75347ebc77b3093fc02c15c5f,f363d22b50ee5ecf935d764748129bbf4e83b2417ab50854a465cae0c12fccbf,learned_at_runtime|adapter_graph_export_required,not_applicable,not_applicable,8ed45ff1476639f78c382ff09ecca8e60523e7ce,ab069d5f4921ac531d3eee61c187d531ca34fb5a21f1cc0592a1b29dd93adae1,d7c77384eedf44b83bb464f03081bda024ebcdf3ebd2c5ef3e38acffa7bbfeef,adapter_ready,matched_no_graph,,pending
FULL_UNIFIED_RUN_V1,M5,2016-01-04,gts_no_graph,no_graph,47,50,10,7,0.001,4,Adam,0.001,v1_0375_m5_20160104_gts_no_graph_s47,stage_1,log1p_huber_delta_1,latest locked 28-day rolling origin strictly before formal origin,reinitialize same seed; all pre-origin rolling samples; e_star epochs,configs/adapter_common_contract.yaml,0fdc80620cf8962630e75c1fa2432803a694bdd75347ebc77b3093fc02c15c5f,f363d22b50ee5ecf935d764748129bbf4e83b2417ab50854a465cae0c12fccbf,learned_at_runtime|adapter_graph_export_required,not_applicable,not_applicable,8ed45ff1476639f78c382ff09ecca8e60523e7ce,e3471d3d046c4e6950dd397b0e03e6602a3d5c269ab3739785f3d7e2edf3eb3c,d7c77384eedf44b83bb464f03081bda024ebcdf3ebd2c5ef3e38acffa7bbfeef,adapter_ready,matched_no_graph,,pending
FULL_UNIFIED_RUN_V1,M5,2016-02-01,gts_no_graph,no_graph,13,50,10,7,0.001,4,Adam,0.001,v1_0376_m5_20160201_gts_no_graph_s13,stage_1,log1p_huber_delta_1,latest locked 28-day rolling origin strictly before formal origin,reinitialize same seed; all pre-origin rolling samples; e_star epochs,configs/adapter_common_contract.yaml,0fdc80620cf8962630e75c1fa2432803a694bdd75347ebc77b3093fc02c15c5f,84ec5e1a462241b724bdb52169726ffe86647b20efbad04d01b949a8b9fc2a01,learned_at_runtime|adapter_graph_export_required,not_applicable,not_applicable,8ed45ff1476639f78c382ff09ecca8e60523e7ce,f60ab98b962cac5d2c00cc1dc766a7cfeab90c395aa62c153c0764e36b22f584,d7c77384eedf44b83bb464f03081bda024ebcdf3ebd2c5ef3e38acffa7bbfeef,adapter_ready,matched_no_graph,,pending
FULL_UNIFIED_RUN_V1,M5,2016-02-01,gts_no_graph,no_graph,29,50,10,7,0.001,4,Adam,0.001,v1_0377_m5_20160201_gts_no_graph_s29,stage_1,log1p_huber_delta_1,latest locked 28-day rolling origin strictly before formal origin,reinitialize same seed; all pre-origin rolling samples; e_star epochs,configs/adapter_common_contract.yaml,0fdc80620cf8962630e75c1fa2432803a694bdd75347ebc77b3093fc02c15c5f,84ec5e1a462241b724bdb52169726ffe86647b20efbad04d01b949a8b9fc2a01,learned_at_runtime|adapter_graph_export_required,not_applicable,not_applicable,8ed45ff1476639f78c382ff09ecca8e60523e7ce,e9c93f702440489d5aac13718424d629f9e51201ee7e36d5cc020d6b4e12b6b6,d7c77384eedf44b83bb464f03081bda024ebcdf3ebd2c5ef3e38acffa7bbfeef,adapter_ready,matched_no_graph,,pending
FULL_UNIFIED_RUN_V1,M5,2016-02-01,gts_no_graph,no_graph,47,50,10,7,0.001,4,Adam,0.001,v1_0378_m5_20160201_gts_no_graph_s47,stage_1,log1p_huber_delta_1,latest locked 28-day rolling origin strictly before formal origin,reinitialize same seed; all pre-origin rolling samples; e_star epochs,configs/adapter_common_contract.yaml,0fdc80620cf8962630e75c1fa2432803a694bdd75347ebc77b3093fc02c15c5f,84ec5e1a462241b724bdb52169726ffe86647b20efbad04d01b949a8b9fc2a01,learned_at_runtime|adapter_graph_export_required,not_applicable,not_applicable,8ed45ff1476639f78c382ff09ecca8e60523e7ce,7183328b905b6805dd65e4fccb6245c4ab30c8ed0a5206c8cc405bb9d3130836,d7c77384eedf44b83bb464f03081bda024ebcdf3ebd2c5ef3e38acffa7bbfeef,adapter_ready,matched_no_graph,,pending
FULL_UNIFIED_RUN_V1,Favorita,2017-03-01,gts_no_graph,no_graph,13,50,10,7,0.001,4,Adam,0.001,v1_0379_favorita_20170301_gts_no_graph_s13,stage_1,log1p_huber_delta_1,latest locked 28-day rolling origin strictly before formal origin,reinitialize same seed; all pre-origin rolling samples; e_star epochs,configs/adapter_common_contract.yaml,99f53feff701ca0e8ddb39eaf4c2384b14067b4e69669a6d805e4efea668fb19,cd0beeec37632daa955a38f9eba4e42ab5553d9daac470a0028c402132af43b1,learned_at_runtime|adapter_graph_export_required,not_applicable,not_applicable,8ed45ff1476639f78c382ff09ecca8e60523e7ce,d6dd646b8eeff83170eccacbbc4fb9d3f639f04b62642160bdc9df29cb3667ca,d7c77384eedf44b83bb464f03081bda024ebcdf3ebd2c5ef3e38acffa7bbfeef,adapter_ready,matched_no_graph,,pending
FULL_UNIFIED_RUN_V1,Favorita,2017-03-01,gts_no_graph,no_graph,29,50,10,7,0.001,4,Adam,0.001,v1_0380_favorita_20170301_gts_no_graph_s29,stage_1,log1p_huber_delta_1,latest locked 28-day rolling origin strictly before formal origin,reinitialize same seed; all pre-origin rolling samples; e_star epochs,configs/adapter_common_contract.yaml,99f53feff701ca0e8ddb39eaf4c2384b14067b4e69669a6d805e4efea668fb19,cd0beeec37632daa955a38f9eba4e42ab5553d9daac470a0028c402132af43b1,learned_at_runtime|adapter_graph_export_required,not_applicable,not_applicable,8ed45ff1476639f78c382ff09ecca8e60523e7ce,1bb1f19aaac577f17fb7328fc0398fae3f918fcafc5743a9fcb466bce225f818,d7c77384eedf44b83bb464f03081bda024ebcdf3ebd2c5ef3e38acffa7bbfeef,adapter_ready,matched_no_graph,,pending
FULL_UNIFIED_RUN_V1,Favorita,2017-03-01,gts_no_graph,no_graph,47,50,10,7,0.001,4,Adam,0.001,v1_0381_favorita_20170301_gts_no_graph_s47,stage_1,log1p_huber_delta_1,latest locked 28-day rolling origin strictly before formal origin,reinitialize same seed; all pre-origin rolling samples; e_star epochs,configs/adapter_common_contract.yaml,99f53feff701ca0e8ddb39eaf4c2384b14067b4e69669a6d805e4efea668fb19,cd0beeec37632daa955a38f9eba4e42ab5553d9daac470a0028c402132af43b1,learned_at_runtime|adapter_graph_export_required,not_applicable,not_applicable,8ed45ff1476639f78c382ff09ecca8e60523e7ce,4a8a6a7351c6c8c6501bfe04f04953bcfbab3b5dff945b3e41b85017bbefa703,d7c77384eedf44b83bb464f03081bda024ebcdf3ebd2c5ef3e38acffa7bbfeef,adapter_ready,matched_no_graph,,pending
FULL_UNIFIED_RUN_V1,Favorita,2017-03-29,gts_no_graph,no_graph,13,50,10,7,0.001,4,Adam,0.001,v1_0382_favorita_20170329_gts_no_graph_s13,stage_1,log1p_huber_delta_1,latest locked 28-day rolling origin strictly before formal origin,reinitialize same seed; all pre-origin rolling samples; e_star epochs,configs/adapter_common_contract.yaml,99f53feff701ca0e8ddb39eaf4c2384b14067b4e69669a6d805e4efea668fb19,345dabcf47b0f7e1fb1895e4c61f5d5ebffaa56e09a9f5b2d7896f439c70937b,learned_at_runtime|adapter_graph_export_required,not_applicable,not_applicable,8ed45ff1476639f78c382ff09ecca8e60523e7ce,f9a4f0244733273ff6dece8c16647b2a933e6f5b0e2849c459daff15cdc2569b,d7c77384eedf44b83bb464f03081bda024ebcdf3ebd2c5ef3e38acffa7bbfeef,adapter_ready,matched_no_graph,,pending
FULL_UNIFIED_RUN_V1,Favorita,2017-03-29,gts_no_graph,no_graph,29,50,10,7,0.001,4,Adam,0.001,v1_0383_favorita_20170329_gts_no_graph_s29,stage_1,log1p_huber_delta_1,latest locked 28-day rolling origin strictly before formal origin,reinitialize same seed; all pre-origin rolling samples; e_star epochs,configs/adapter_common_contract.yaml,99f53feff701ca0e8ddb39eaf4c2384b14067b4e69669a6d805e4efea668fb19,345dabcf47b0f7e1fb1895e4c61f5d5ebffaa56e09a9f5b2d7896f439c70937b,learned_at_runtime|adapter_graph_export_required,not_applicable,not_applicable,8ed45ff1476639f78c382ff09ecca8e60523e7ce,0a8aaad3436c8ffc36a7bd420308ca955c2331b21065dd59271867f479da74c4,d7c77384eedf44b83bb464f03081bda024ebcdf3ebd2c5ef3e38acffa7bbfeef,adapter_ready,matched_no_graph,,pending
FULL_UNIFIED_RUN_V1,Favorita,2017-03-29,gts_no_graph,no_graph,47,50,10,7,0.001,4,Adam,0.001,v1_0384_favorita_20170329_gts_no_graph_s47,stage_1,log1p_huber_delta_1,latest locked 28-day rolling origin strictly before formal origin,reinitialize same seed; all pre-origin rolling samples; e_star epochs,configs/adapter_common_contract.yaml,99f53feff701ca0e8ddb39eaf4c2384b14067b4e69669a6d805e4efea668fb19,345dabcf47b0f7e1fb1895e4c61f5d5ebffaa56e09a9f5b2d7896f439c70937b,learned_at_runtime|adapter_graph_export_required,not_applicable,not_applicable,8ed45ff1476639f78c382ff09ecca8e60523e7ce,bbc9c07d4a053bd2d759efc21116bb524dbb13b8a626837761a7c7417da12ede,d7c77384eedf44b83bb464f03081bda024ebcdf3ebd2c5ef3e38acffa7bbfeef,adapter_ready,matched_no_graph,,pending
FULL_UNIFIED_RUN_V1,Favorita,2017-04-26,gts_no_graph,no_graph,13,50,10,7,0.001,4,Adam,0.001,v1_0385_favorita_20170426_gts_no_graph_s13,stage_1,log1p_huber_delta_1,latest locked 28-day rolling origin strictly before formal origin,reinitialize same seed; all pre-origin rolling samples; e_star epochs,configs/adapter_common_contract.yaml,99f53feff701ca0e8ddb39eaf4c2384b14067b4e69669a6d805e4efea668fb19,c488ebe713d35972ff5a908aa6c2090b4ea444972f31abbf215c0d17998dda91,learned_at_runtime|adapter_graph_export_required,not_applicable,not_applicable,8ed45ff1476639f78c382ff09ecca8e60523e7ce,3f68170f3c5071d0f3019d63ad8cac240449fc1382607c2423ec7895b4996a6b,d7c77384eedf44b83bb464f03081bda024ebcdf3ebd2c5ef3e38acffa7bbfeef,adapter_ready,matched_no_graph,,pending
FULL_UNIFIED_RUN_V1,Favorita,2017-04-26,gts_no_graph,no_graph,29,50,10,7,0.001,4,Adam,0.001,v1_0386_favorita_20170426_gts_no_graph_s29,stage_1,log1p_huber_delta_1,latest locked 28-day rolling origin strictly before formal origin,reinitialize same seed; all pre-origin rolling samples; e_star epochs,configs/adapter_common_contract.yaml,99f53feff701ca0e8ddb39eaf4c2384b14067b4e69669a6d805e4efea668fb19,c488ebe713d35972ff5a908aa6c2090b4ea444972f31abbf215c0d17998dda91,learned_at_runtime|adapter_graph_export_required,not_applicable,not_applicable,8ed45ff1476639f78c382ff09ecca8e60523e7ce,452173fb39ee2e62caa7edde5ffc8e43cc65bc5e51dade895b1af912c87d3d6f,d7c77384eedf44b83bb464f03081bda024ebcdf3ebd2c5ef3e38acffa7bbfeef,adapter_ready,matched_no_graph,,pending
FULL_UNIFIED_RUN_V1,Favorita,2017-04-26,gts_no_graph,no_graph,47,50,10,7,0.001,4,Adam,0.001,v1_0387_favorita_20170426_gts_no_graph_s47,stage_1,log1p_huber_delta_1,latest locked 28-day rolling origin strictly before formal origin,reinitialize same seed; all pre-origin rolling samples; e_star epochs,configs/adapter_common_contract.yaml,99f53feff701ca0e8ddb39eaf4c2384b14067b4e69669a6d805e4efea668fb19,c488ebe713d35972ff5a908aa6c2090b4ea444972f31abbf215c0d17998dda91,learned_at_runtime|adapter_graph_export_required,not_applicable,not_applicable,8ed45ff1476639f78c382ff09ecca8e60523e7ce,18aceeec2cd2a5e84f7442c0801c8758c93ec510355946205aad71a29d008057,d7c77384eedf44b83bb464f03081bda024ebcdf3ebd2c5ef3e38acffa7bbfeef,adapter_ready,matched_no_graph,,pending
FULL_UNIFIED_RUN_V1,Store Item,2017-05-22,gts_no_graph,no_graph,13,50,10,7,0.001,4,Adam,0.001,v1_0388_store_item_20170522_gts_no_graph_s13,stage_1,log1p_huber_delta_1,latest locked 28-day rolling origin strictly before formal origin,reinitialize same seed; all pre-origin rolling samples; e_star epochs,configs/adapter_common_contract.yaml,99f53feff701ca0e8ddb39eaf4c2384b14067b4e69669a6d805e4efea668fb19,96f573b570f1b2d301538d41f90dacef49f3190e6f15d4c0105641fefebfcd31,learned_at_runtime|adapter_graph_export_required,not_applicable,not_applicable,8ed45ff1476639f78c382ff09ecca8e60523e7ce,fc25e8741a0ec242847427dff72cafe3207e3f0b4956d4486cd4da8a62b985b5,d7c77384eedf44b83bb464f03081bda024ebcdf3ebd2c5ef3e38acffa7bbfeef,adapter_ready,matched_no_graph,test.csv|sample_submission.csv|sealed_independent_test,pending
FULL_UNIFIED_RUN_V1,Store Item,2017-05-22,gts_no_graph,no_graph,29,50,10,7,0.001,4,Adam,0.001,v1_0389_store_item_20170522_gts_no_graph_s29,stage_1,log1p_huber_delta_1,latest locked 28-day rolling origin strictly before formal origin,reinitialize same seed; all pre-origin rolling samples; e_star epochs,configs/adapter_common_contract.yaml,99f53feff701ca0e8ddb39eaf4c2384b14067b4e69669a6d805e4efea668fb19,96f573b570f1b2d301538d41f90dacef49f3190e6f15d4c0105641fefebfcd31,learned_at_runtime|adapter_graph_export_required,not_applicable,not_applicable,8ed45ff1476639f78c382ff09ecca8e60523e7ce,4c194541f1644d107cdfdf4a73da9112a2251105fe6d01016f81b9c766a470ae,d7c77384eedf44b83bb464f03081bda024ebcdf3ebd2c5ef3e38acffa7bbfeef,adapter_ready,matched_no_graph,test.csv|sample_submission.csv|sealed_independent_test,pending
FULL_UNIFIED_RUN_V1,Store Item,2017-05-22,gts_no_graph,no_graph,47,50,10,7,0.001,4,Adam,0.001,v1_0390_store_item_20170522_gts_no_graph_s47,stage_1,log1p_huber_delta_1,latest locked 28-day rolling origin strictly before formal origin,reinitialize same seed; all pre-origin rolling samples; e_star epochs,configs/adapter_common_contract.yaml,99f53feff701ca0e8ddb39eaf4c2384b14067b4e69669a6d805e4efea668fb19,96f573b570f1b2d301538d41f90dacef49f3190e6f15d4c0105641fefebfcd31,learned_at_runtime|adapter_graph_export_required,not_applicable,not_applicable,8ed45ff1476639f78c382ff09ecca8e60523e7ce,f117f164ab0f2111d4776ce8c0feb01c3a7f400a8dd2a4e2f3694edeffd5804b,d7c77384eedf44b83bb464f03081bda024ebcdf3ebd2c5ef3e38acffa7bbfeef,adapter_ready,matched_no_graph,test.csv|sample_submission.csv|sealed_independent_test,pending
FULL_UNIFIED_RUN_V1,Store Item,2017-06-19,gts_no_graph,no_graph,13,50,10,7,0.001,4,Adam,0.001,v1_0391_store_item_20170619_gts_no_graph_s13,stage_1,log1p_huber_delta_1,latest locked 28-day rolling origin strictly before formal origin,reinitialize same seed; all pre-origin rolling samples; e_star epochs,configs/adapter_common_contract.yaml,99f53feff701ca0e8ddb39eaf4c2384b14067b4e69669a6d805e4efea668fb19,28beca4732b3f14a100f847605d2098885a415ba97668113a3ccce044ffb107d,learned_at_runtime|adapter_graph_export_required,not_applicable,not_applicable,8ed45ff1476639f78c382ff09ecca8e60523e7ce,bdf70398df7af78a94a593c01ce956ac699b4f917810a67ce8f0f200a13cfc98,d7c77384eedf44b83bb464f03081bda024ebcdf3ebd2c5ef3e38acffa7bbfeef,adapter_ready,matched_no_graph,test.csv|sample_submission.csv|sealed_independent_test,pending
FULL_UNIFIED_RUN_V1,Store Item,2017-06-19,gts_no_graph,no_graph,29,50,10,7,0.001,4,Adam,0.001,v1_0392_store_item_20170619_gts_no_graph_s29,stage_1,log1p_huber_delta_1,latest locked 28-day rolling origin strictly before formal origin,reinitialize same seed; all pre-origin rolling samples; e_star epochs,configs/adapter_common_contract.yaml,99f53feff701ca0e8ddb39eaf4c2384b14067b4e69669a6d805e4efea668fb19,28beca4732b3f14a100f847605d2098885a415ba97668113a3ccce044ffb107d,learned_at_runtime|adapter_graph_export_required,not_applicable,not_applicable,8ed45ff1476639f78c382ff09ecca8e60523e7ce,1cc5a14db31343f87724de9748a71f4245f6c53f12dfb02c7b47aad43ab0ecb2,d7c77384eedf44b83bb464f03081bda024ebcdf3ebd2c5ef3e38acffa7bbfeef,adapter_ready,matched_no_graph,test.csv|sample_submission.csv|sealed_independent_test,pending
FULL_UNIFIED_RUN_V1,Store Item,2017-06-19,gts_no_graph,no_graph,47,50,10,7,0.001,4,Adam,0.001,v1_0393_store_item_20170619_gts_no_graph_s47,stage_1,log1p_huber_delta_1,latest locked 28-day rolling origin strictly before formal origin,reinitialize same seed; all pre-origin rolling samples; e_star epochs,configs/adapter_common_contract.yaml,99f53feff701ca0e8ddb39eaf4c2384b14067b4e69669a6d805e4efea668fb19,28beca4732b3f14a100f847605d2098885a415ba97668113a3ccce044ffb107d,learned_at_runtime|adapter_graph_export_required,not_applicable,not_applicable,8ed45ff1476639f78c382ff09ecca8e60523e7ce,11340d69df407cbf8a3d2afd046c34c7e7cadaf941f981464ad18d72e06f5956,d7c77384eedf44b83bb464f03081bda024ebcdf3ebd2c5ef3e38acffa7bbfeef,adapter_ready,matched_no_graph,test.csv|sample_submission.csv|sealed_independent_test,pending
FULL_UNIFIED_RUN_V1,Store Item,2017-07-17,gts_no_graph,no_graph,13,50,10,7,0.001,4,Adam,0.001,v1_0394_store_item_20170717_gts_no_graph_s13,stage_1,log1p_huber_delta_1,latest locked 28-day rolling origin strictly before formal origin,reinitialize same seed; all pre-origin rolling samples; e_star epochs,configs/adapter_common_contract.yaml,99f53feff701ca0e8ddb39eaf4c2384b14067b4e69669a6d805e4efea668fb19,cb704e15bf73a80e87151fc7a786498308b0888b5b69c93a6c61d1fdd789036d,learned_at_runtime|adapter_graph_export_required,not_applicable,not_applicable,8ed45ff1476639f78c382ff09ecca8e60523e7ce,fb2c8e6f4d2c85c2e8607d6ba1c47e0d7317009db497441cdd6c7d7d9ebb9db5,d7c77384eedf44b83bb464f03081bda024ebcdf3ebd2c5ef3e38acffa7bbfeef,adapter_ready,matched_no_graph,test.csv|sample_submission.csv|sealed_independent_test,pending
FULL_UNIFIED_RUN_V1,Store Item,2017-07-17,gts_no_graph,no_graph,29,50,10,7,0.001,4,Adam,0.001,v1_0395_store_item_20170717_gts_no_graph_s29,stage_1,log1p_huber_delta_1,latest locked 28-day rolling origin strictly before formal origin,reinitialize same seed; all pre-origin rolling samples; e_star epochs,configs/adapter_common_contract.yaml,99f53feff701ca0e8ddb39eaf4c2384b14067b4e69669a6d805e4efea668fb19,cb704e15bf73a80e87151fc7a786498308b0888b5b69c93a6c61d1fdd789036d,learned_at_runtime|adapter_graph_export_required,not_applicable,not_applicable,8ed45ff1476639f78c382ff09ecca8e60523e7ce,9aa872e75ed0faeec1c9d12af3164663864db49dd00b3e4aa323e0b76c2ae5f7,d7c77384eedf44b83bb464f03081bda024ebcdf3ebd2c5ef3e38acffa7bbfeef,adapter_ready,matched_no_graph,test.csv|sample_submission.csv|sealed_independent_test,pending
FULL_UNIFIED_RUN_V1,Store Item,2017-07-17,gts_no_graph,no_graph,47,50,10,7,0.001,4,Adam,0.001,v1_0396_store_item_20170717_gts_no_graph_s47,stage_1,log1p_huber_delta_1,latest locked 28-day rolling origin strictly before formal origin,reinitialize same seed; all pre-origin rolling samples; e_star epochs,configs/adapter_common_contract.yaml,99f53feff701ca0e8ddb39eaf4c2384b14067b4e69669a6d805e4efea668fb19,cb704e15bf73a80e87151fc7a786498308b0888b5b69c93a6c61d1fdd789036d,learned_at_runtime|adapter_graph_export_required,not_applicable,not_applicable,8ed45ff1476639f78c382ff09ecca8e60523e7ce,dd6c69eacbafa3b68ed53b948f92b60c8772b2ed80f52a0b96c7e14647930137,d7c77384eedf44b83bb464f03081bda024ebcdf3ebd2c5ef3e38acffa7bbfeef,adapter_ready,matched_no_graph,test.csv|sample_submission.csv|sealed_independent_test,pending
FULL_UNIFIED_RUN_V1,M5,2015-12-07,gts_placebo,placebo,13,50,10,7,0.001,4,Adam,0.001,v1_0397_m5_20151207_gts_placebo_s13,stage_1,log1p_huber_delta_1,latest locked 28-day rolling origin strictly before formal origin,reinitialize same seed; all pre-origin rolling samples; e_star epochs,configs/adapter_common_contract.yaml,0fdc80620cf8962630e75c1fa2432803a694bdd75347ebc77b3093fc02c15c5f,24f14f88e9945d2a7fb67744b119a74daf41bf279d2a3b941fb03feff77657e4,learned_at_runtime|adapter_graph_export_required,not_applicable,fixed_seed_13_resolve_per_adapter,8ed45ff1476639f78c382ff09ecca8e60523e7ce,fa71e4ce1a19a4b361c582c9e5a001908e55738c901c167a68304200eae825aa,d7c77384eedf44b83bb464f03081bda024ebcdf3ebd2c5ef3e38acffa7bbfeef,adapter_ready,topology_placebo,,pending
FULL_UNIFIED_RUN_V1,M5,2015-12-07,gts_placebo,placebo,29,50,10,7,0.001,4,Adam,0.001,v1_0398_m5_20151207_gts_placebo_s29,stage_1,log1p_huber_delta_1,latest locked 28-day rolling origin strictly before formal origin,reinitialize same seed; all pre-origin rolling samples; e_star epochs,configs/adapter_common_contract.yaml,0fdc80620cf8962630e75c1fa2432803a694bdd75347ebc77b3093fc02c15c5f,24f14f88e9945d2a7fb67744b119a74daf41bf279d2a3b941fb03feff77657e4,learned_at_runtime|adapter_graph_export_required,not_applicable,fixed_seed_13_resolve_per_adapter,8ed45ff1476639f78c382ff09ecca8e60523e7ce,38a23ba3cdf080f0b9901b2b36e2af77fe46dfdb3caaf64545b1b36261e5410e,d7c77384eedf44b83bb464f03081bda024ebcdf3ebd2c5ef3e38acffa7bbfeef,adapter_ready,topology_placebo,,pending
FULL_UNIFIED_RUN_V1,M5,2015-12-07,gts_placebo,placebo,47,50,10,7,0.001,4,Adam,0.001,v1_0399_m5_20151207_gts_placebo_s47,stage_1,log1p_huber_delta_1,latest locked 28-day rolling origin strictly before formal origin,reinitialize same seed; all pre-origin rolling samples; e_star epochs,configs/adapter_common_contract.yaml,0fdc80620cf8962630e75c1fa2432803a694bdd75347ebc77b3093fc02c15c5f,24f14f88e9945d2a7fb67744b119a74daf41bf279d2a3b941fb03feff77657e4,learned_at_runtime|adapter_graph_export_required,not_applicable,fixed_seed_13_resolve_per_adapter,8ed45ff1476639f78c382ff09ecca8e60523e7ce,6b3a73004e45e19de94c3774d306caf86a9da536915030a4ec6bf050211acbb9,d7c77384eedf44b83bb464f03081bda024ebcdf3ebd2c5ef3e38acffa7bbfeef,adapter_ready,topology_placebo,,pending
FULL_UNIFIED_RUN_V1,M5,2016-01-04,gts_placebo,placebo,13,50,10,7,0.001,4,Adam,0.001,v1_0400_m5_20160104_gts_placebo_s13,stage_1,log1p_huber_delta_1,latest locked 28-day rolling origin strictly before formal origin,reinitialize same seed; all pre-origin rolling samples; e_star epochs,configs/adapter_common_contract.yaml,0fdc80620cf8962630e75c1fa2432803a694bdd75347ebc77b3093fc02c15c5f,f363d22b50ee5ecf935d764748129bbf4e83b2417ab50854a465cae0c12fccbf,learned_at_runtime|adapter_graph_export_required,not_applicable,fixed_seed_13_resolve_per_adapter,8ed45ff1476639f78c382ff09ecca8e60523e7ce,e0d0600ae981185fd6c5dea6143cf3e52e968092f0fe37dbdf4259cb8b57df2c,d7c77384eedf44b83bb464f03081bda024ebcdf3ebd2c5ef3e38acffa7bbfeef,adapter_ready,topology_placebo,,pending
FULL_UNIFIED_RUN_V1,M5,2016-01-04,gts_placebo,placebo,29,50,10,7,0.001,4,Adam,0.001,v1_0401_m5_20160104_gts_placebo_s29,stage_1,log1p_huber_delta_1,latest locked 28-day rolling origin strictly before formal origin,reinitialize same seed; all pre-origin rolling samples; e_star epochs,configs/adapter_common_contract.yaml,0fdc80620cf8962630e75c1fa2432803a694bdd75347ebc77b3093fc02c15c5f,f363d22b50ee5ecf935d764748129bbf4e83b2417ab50854a465cae0c12fccbf,learned_at_runtime|adapter_graph_export_required,not_applicable,fixed_seed_13_resolve_per_adapter,8ed45ff1476639f78c382ff09ecca8e60523e7ce,f6d707fcaa8c84a6d12592ffee508372a6942ef555ab2ea8d7050e0f792cb381,d7c77384eedf44b83bb464f03081bda024ebcdf3ebd2c5ef3e38acffa7bbfeef,adapter_ready,topology_placebo,,pending
FULL_UNIFIED_RUN_V1,M5,2016-01-04,gts_placebo,placebo,47,50,10,7,0.001,4,Adam,0.001,v1_0402_m5_20160104_gts_placebo_s47,stage_1,log1p_huber_delta_1,latest locked 28-day rolling origin strictly before formal origin,reinitialize same seed; all pre-origin rolling samples; e_star epochs,configs/adapter_common_contract.yaml,0fdc80620cf8962630e75c1fa2432803a694bdd75347ebc77b3093fc02c15c5f,f363d22b50ee5ecf935d764748129bbf4e83b2417ab50854a465cae0c12fccbf,learned_at_runtime|adapter_graph_export_required,not_applicable,fixed_seed_13_resolve_per_adapter,8ed45ff1476639f78c382ff09ecca8e60523e7ce,2e76515681cc2c473b36a4736207a0fa9d275e3939e0fdb87d18d1241281bb50,d7c77384eedf44b83bb464f03081bda024ebcdf3ebd2c5ef3e38acffa7bbfeef,adapter_ready,topology_placebo,,pending
FULL_UNIFIED_RUN_V1,M5,2016-02-01,gts_placebo,placebo,13,50,10,7,0.001,4,Adam,0.001,v1_0403_m5_20160201_gts_placebo_s13,stage_1,log1p_huber_delta_1,latest locked 28-day rolling origin strictly before formal origin,reinitialize same seed; all pre-origin rolling samples; e_star epochs,configs/adapter_common_contract.yaml,0fdc80620cf8962630e75c1fa2432803a694bdd75347ebc77b3093fc02c15c5f,84ec5e1a462241b724bdb52169726ffe86647b20efbad04d01b949a8b9fc2a01,learned_at_runtime|adapter_graph_export_required,not_applicable,fixed_seed_13_resolve_per_adapter,8ed45ff1476639f78c382ff09ecca8e60523e7ce,5d08762c0b23db4e2d59526499d00afca8c3581a761eb006f829a8d4403c8702,d7c77384eedf44b83bb464f03081bda024ebcdf3ebd2c5ef3e38acffa7bbfeef,adapter_ready,topology_placebo,,pending
FULL_UNIFIED_RUN_V1,M5,2016-02-01,gts_placebo,placebo,29,50,10,7,0.001,4,Adam,0.001,v1_0404_m5_20160201_gts_placebo_s29,stage_1,log1p_huber_delta_1,latest locked 28-day rolling origin strictly before formal origin,reinitialize same seed; all pre-origin rolling samples; e_star epochs,configs/adapter_common_contract.yaml,0fdc80620cf8962630e75c1fa2432803a694bdd75347ebc77b3093fc02c15c5f,84ec5e1a462241b724bdb52169726ffe86647b20efbad04d01b949a8b9fc2a01,learned_at_runtime|adapter_graph_export_required,not_applicable,fixed_seed_13_resolve_per_adapter,8ed45ff1476639f78c382ff09ecca8e60523e7ce,93466aa066ea5289d9703967cd5aed06a4c1af471f81a21acd3a22a7b75ebbf4,d7c77384eedf44b83bb464f03081bda024ebcdf3ebd2c5ef3e38acffa7bbfeef,adapter_ready,topology_placebo,,pending
FULL_UNIFIED_RUN_V1,M5,2016-02-01,gts_placebo,placebo,47,50,10,7,0.001,4,Adam,0.001,v1_0405_m5_20160201_gts_placebo_s47,stage_1,log1p_huber_delta_1,latest locked 28-day rolling origin strictly before formal origin,reinitialize same seed; all pre-origin rolling samples; e_star epochs,configs/adapter_common_contract.yaml,0fdc80620cf8962630e75c1fa2432803a694bdd75347ebc77b3093fc02c15c5f,84ec5e1a462241b724bdb52169726ffe86647b20efbad04d01b949a8b9fc2a01,learned_at_runtime|adapter_graph_export_required,not_applicable,fixed_seed_13_resolve_per_adapter,8ed45ff1476639f78c382ff09ecca8e60523e7ce,33ac75ea0d078d1303699f9e3a06115b8cd688fc8c412f5349716f64c3e308d1,d7c77384eedf44b83bb464f03081bda024ebcdf3ebd2c5ef3e38acffa7bbfeef,adapter_ready,topology_placebo,,pending
FULL_UNIFIED_RUN_V1,Favorita,2017-03-01,gts_placebo,placebo,13,50,10,7,0.001,4,Adam,0.001,v1_0406_favorita_20170301_gts_placebo_s13,stage_1,log1p_huber_delta_1,latest locked 28-day rolling origin strictly before formal origin,reinitialize same seed; all pre-origin rolling samples; e_star epochs,configs/adapter_common_contract.yaml,99f53feff701ca0e8ddb39eaf4c2384b14067b4e69669a6d805e4efea668fb19,cd0beeec37632daa955a38f9eba4e42ab5553d9daac470a0028c402132af43b1,learned_at_runtime|adapter_graph_export_required,not_applicable,fixed_seed_13_resolve_per_adapter,8ed45ff1476639f78c382ff09ecca8e60523e7ce,bf9ac365692f638a7373f4b23e662733a88397eb5ece9e917950fff1e8b1f4ec,d7c77384eedf44b83bb464f03081bda024ebcdf3ebd2c5ef3e38acffa7bbfeef,adapter_ready,topology_placebo,,pending
FULL_UNIFIED_RUN_V1,Favorita,2017-03-01,gts_placebo,placebo,29,50,10,7,0.001,4,Adam,0.001,v1_0407_favorita_20170301_gts_placebo_s29,stage_1,log1p_huber_delta_1,latest locked 28-day rolling origin strictly before formal origin,reinitialize same seed; all pre-origin rolling samples; e_star epochs,configs/adapter_common_contract.yaml,99f53feff701ca0e8ddb39eaf4c2384b14067b4e69669a6d805e4efea668fb19,cd0beeec37632daa955a38f9eba4e42ab5553d9daac470a0028c402132af43b1,learned_at_runtime|adapter_graph_export_required,not_applicable,fixed_seed_13_resolve_per_adapter,8ed45ff1476639f78c382ff09ecca8e60523e7ce,da971adb6cf27a07d2eaca8bea27052818234228ed529641f8e6bdfe2e034e19,d7c77384eedf44b83bb464f03081bda024ebcdf3ebd2c5ef3e38acffa7bbfeef,adapter_ready,topology_placebo,,pending
FULL_UNIFIED_RUN_V1,Favorita,2017-03-01,gts_placebo,placebo,47,50,10,7,0.001,4,Adam,0.001,v1_0408_favorita_20170301_gts_placebo_s47,stage_1,log1p_huber_delta_1,latest locked 28-day rolling origin strictly before formal origin,reinitialize same seed; all pre-origin rolling samples; e_star epochs,configs/adapter_common_contract.yaml,99f53feff701ca0e8ddb39eaf4c2384b14067b4e69669a6d805e4efea668fb19,cd0beeec37632daa955a38f9eba4e42ab5553d9daac470a0028c402132af43b1,learned_at_runtime|adapter_graph_export_required,not_applicable,fixed_seed_13_resolve_per_adapter,8ed45ff1476639f78c382ff09ecca8e60523e7ce,95320320ee87672225b0d33ac2221a1ac28c8711f83d24d5da86956bd0d8f32b,d7c77384eedf44b83bb464f03081bda024ebcdf3ebd2c5ef3e38acffa7bbfeef,adapter_ready,topology_placebo,,pending
FULL_UNIFIED_RUN_V1,Favorita,2017-03-29,gts_placebo,placebo,13,50,10,7,0.001,4,Adam,0.001,v1_0409_favorita_20170329_gts_placebo_s13,stage_1,log1p_huber_delta_1,latest locked 28-day rolling origin strictly before formal origin,reinitialize same seed; all pre-origin rolling samples; e_star epochs,configs/adapter_common_contract.yaml,99f53feff701ca0e8ddb39eaf4c2384b14067b4e69669a6d805e4efea668fb19,345dabcf47b0f7e1fb1895e4c61f5d5ebffaa56e09a9f5b2d7896f439c70937b,learned_at_runtime|adapter_graph_export_required,not_applicable,fixed_seed_13_resolve_per_adapter,8ed45ff1476639f78c382ff09ecca8e60523e7ce,495bb205b39532eff3f24e1205b858850b3186c3f09170adc19ef7e0ebe99d2a,d7c77384eedf44b83bb464f03081bda024ebcdf3ebd2c5ef3e38acffa7bbfeef,adapter_ready,topology_placebo,,pending
FULL_UNIFIED_RUN_V1,Favorita,2017-03-29,gts_placebo,placebo,29,50,10,7,0.001,4,Adam,0.001,v1_0410_favorita_20170329_gts_placebo_s29,stage_1,log1p_huber_delta_1,latest locked 28-day rolling origin strictly before formal origin,reinitialize same seed; all pre-origin rolling samples; e_star epochs,configs/adapter_common_contract.yaml,99f53feff701ca0e8ddb39eaf4c2384b14067b4e69669a6d805e4efea668fb19,345dabcf47b0f7e1fb1895e4c61f5d5ebffaa56e09a9f5b2d7896f439c70937b,learned_at_runtime|adapter_graph_export_required,not_applicable,fixed_seed_13_resolve_per_adapter,8ed45ff1476639f78c382ff09ecca8e60523e7ce,1d0278d65f72d87863d5dfa3650e0d6ee815c9a25623d838847d1dc40b05b2a0,d7c77384eedf44b83bb464f03081bda024ebcdf3ebd2c5ef3e38acffa7bbfeef,adapter_ready,topology_placebo,,pending
FULL_UNIFIED_RUN_V1,Favorita,2017-03-29,gts_placebo,placebo,47,50,10,7,0.001,4,Adam,0.001,v1_0411_favorita_20170329_gts_placebo_s47,stage_1,log1p_huber_delta_1,latest locked 28-day rolling origin strictly before formal origin,reinitialize same seed; all pre-origin rolling samples; e_star epochs,configs/adapter_common_contract.yaml,99f53feff701ca0e8ddb39eaf4c2384b14067b4e69669a6d805e4efea668fb19,345dabcf47b0f7e1fb1895e4c61f5d5ebffaa56e09a9f5b2d7896f439c70937b,learned_at_runtime|adapter_graph_export_required,not_applicable,fixed_seed_13_resolve_per_adapter,8ed45ff1476639f78c382ff09ecca8e60523e7ce,dcfe5e15f7cbdd09b0627191970e2c546f1518ac949aedc7ad34c42de715299f,d7c77384eedf44b83bb464f03081bda024ebcdf3ebd2c5ef3e38acffa7bbfeef,adapter_ready,topology_placebo,,pending
FULL_UNIFIED_RUN_V1,Favorita,2017-04-26,gts_placebo,placebo,13,50,10,7,0.001,4,Adam,0.001,v1_0412_favorita_20170426_gts_placebo_s13,stage_1,log1p_huber_delta_1,latest locked 28-day rolling origin strictly before formal origin,reinitialize same seed; all pre-origin rolling samples; e_star epochs,configs/adapter_common_contract.yaml,99f53feff701ca0e8ddb39eaf4c2384b14067b4e69669a6d805e4efea668fb19,c488ebe713d35972ff5a908aa6c2090b4ea444972f31abbf215c0d17998dda91,learned_at_runtime|adapter_graph_export_required,not_applicable,fixed_seed_13_resolve_per_adapter,8ed45ff1476639f78c382ff09ecca8e60523e7ce,13ff3aac3e56bd5ab4f244b68178d2dafdcb0c70751f3bb29898218a3319e648,d7c77384eedf44b83bb464f03081bda024ebcdf3ebd2c5ef3e38acffa7bbfeef,adapter_ready,topology_placebo,,pending
FULL_UNIFIED_RUN_V1,Favorita,2017-04-26,gts_placebo,placebo,29,50,10,7,0.001,4,Adam,0.001,v1_0413_favorita_20170426_gts_placebo_s29,stage_1,log1p_huber_delta_1,latest locked 28-day rolling origin strictly before formal origin,reinitialize same seed; all pre-origin rolling samples; e_star epochs,configs/adapter_common_contract.yaml,99f53feff701ca0e8ddb39eaf4c2384b14067b4e69669a6d805e4efea668fb19,c488ebe713d35972ff5a908aa6c2090b4ea444972f31abbf215c0d17998dda91,learned_at_runtime|adapter_graph_export_required,not_applicable,fixed_seed_13_resolve_per_adapter,8ed45ff1476639f78c382ff09ecca8e60523e7ce,c934637ffbb5919a979447e975628b583e09224471c88977a67431fb1f6dcce5,d7c77384eedf44b83bb464f03081bda024ebcdf3ebd2c5ef3e38acffa7bbfeef,adapter_ready,topology_placebo,,pending
FULL_UNIFIED_RUN_V1,Favorita,2017-04-26,gts_placebo,placebo,47,50,10,7,0.001,4,Adam,0.001,v1_0414_favorita_20170426_gts_placebo_s47,stage_1,log1p_huber_delta_1,latest locked 28-day rolling origin strictly before formal origin,reinitialize same seed; all pre-origin rolling samples; e_star epochs,configs/adapter_common_contract.yaml,99f53feff701ca0e8ddb39eaf4c2384b14067b4e69669a6d805e4efea668fb19,c488ebe713d35972ff5a908aa6c2090b4ea444972f31abbf215c0d17998dda91,learned_at_runtime|adapter_graph_export_required,not_applicable,fixed_seed_13_resolve_per_adapter,8ed45ff1476639f78c382ff09ecca8e60523e7ce,1e58b31d638e23460f9f4c02f0d4182c417d8bb8fa36c6491c198e7db8241091,d7c77384eedf44b83bb464f03081bda024ebcdf3ebd2c5ef3e38acffa7bbfeef,adapter_ready,topology_placebo,,pending
FULL_UNIFIED_RUN_V1,Store Item,2017-05-22,gts_placebo,placebo,13,50,10,7,0.001,4,Adam,0.001,v1_0415_store_item_20170522_gts_placebo_s13,stage_1,log1p_huber_delta_1,latest locked 28-day rolling origin strictly before formal origin,reinitialize same seed; all pre-origin rolling samples; e_star epochs,configs/adapter_common_contract.yaml,99f53feff701ca0e8ddb39eaf4c2384b14067b4e69669a6d805e4efea668fb19,96f573b570f1b2d301538d41f90dacef49f3190e6f15d4c0105641fefebfcd31,learned_at_runtime|adapter_graph_export_required,not_applicable,fixed_seed_13_resolve_per_adapter,8ed45ff1476639f78c382ff09ecca8e60523e7ce,1fe0ba8fa2ca1d6f84759fac385d4180cfbe808dee469b5d7ad5c965306623f0,d7c77384eedf44b83bb464f03081bda024ebcdf3ebd2c5ef3e38acffa7bbfeef,adapter_ready,topology_placebo,test.csv|sample_submission.csv|sealed_independent_test,pending
FULL_UNIFIED_RUN_V1,Store Item,2017-05-22,gts_placebo,placebo,29,50,10,7,0.001,4,Adam,0.001,v1_0416_store_item_20170522_gts_placebo_s29,stage_1,log1p_huber_delta_1,latest locked 28-day rolling origin strictly before formal origin,reinitialize same seed; all pre-origin rolling samples; e_star epochs,configs/adapter_common_contract.yaml,99f53feff701ca0e8ddb39eaf4c2384b14067b4e69669a6d805e4efea668fb19,96f573b570f1b2d301538d41f90dacef49f3190e6f15d4c0105641fefebfcd31,learned_at_runtime|adapter_graph_export_required,not_applicable,fixed_seed_13_resolve_per_adapter,8ed45ff1476639f78c382ff09ecca8e60523e7ce,778b55cc5829d80bf80e00839bdc4f303a05ac19a8b5f7c3c3e19656af8bcbbb,d7c77384eedf44b83bb464f03081bda024ebcdf3ebd2c5ef3e38acffa7bbfeef,adapter_ready,topology_placebo,test.csv|sample_submission.csv|sealed_independent_test,pending
FULL_UNIFIED_RUN_V1,Store Item,2017-05-22,gts_placebo,placebo,47,50,10,7,0.001,4,Adam,0.001,v1_0417_store_item_20170522_gts_placebo_s47,stage_1,log1p_huber_delta_1,latest locked 28-day rolling origin strictly before formal origin,reinitialize same seed; all pre-origin rolling samples; e_star epochs,configs/adapter_common_contract.yaml,99f53feff701ca0e8ddb39eaf4c2384b14067b4e69669a6d805e4efea668fb19,96f573b570f1b2d301538d41f90dacef49f3190e6f15d4c0105641fefebfcd31,learned_at_runtime|adapter_graph_export_required,not_applicable,fixed_seed_13_resolve_per_adapter,8ed45ff1476639f78c382ff09ecca8e60523e7ce,456e2f30cd94b63dd15cf755d50e904019b625d52301b2990ba6091993c0c681,d7c77384eedf44b83bb464f03081bda024ebcdf3ebd2c5ef3e38acffa7bbfeef,adapter_ready,topology_placebo,test.csv|sample_submission.csv|sealed_independent_test,pending
FULL_UNIFIED_RUN_V1,Store Item,2017-06-19,gts_placebo,placebo,13,50,10,7,0.001,4,Adam,0.001,v1_0418_store_item_20170619_gts_placebo_s13,stage_1,log1p_huber_delta_1,latest locked 28-day rolling origin strictly before formal origin,reinitialize same seed; all pre-origin rolling samples; e_star epochs,configs/adapter_common_contract.yaml,99f53feff701ca0e8ddb39eaf4c2384b14067b4e69669a6d805e4efea668fb19,28beca4732b3f14a100f847605d2098885a415ba97668113a3ccce044ffb107d,learned_at_runtime|adapter_graph_export_required,not_applicable,fixed_seed_13_resolve_per_adapter,8ed45ff1476639f78c382ff09ecca8e60523e7ce,e10dccd97301e64b4239f8dfa11455bbdd1a251d52277ee1e4bc338e91fc592f,d7c77384eedf44b83bb464f03081bda024ebcdf3ebd2c5ef3e38acffa7bbfeef,adapter_ready,topology_placebo,test.csv|sample_submission.csv|sealed_independent_test,pending
FULL_UNIFIED_RUN_V1,Store Item,2017-06-19,gts_placebo,placebo,29,50,10,7,0.001,4,Adam,0.001,v1_0419_store_item_20170619_gts_placebo_s29,stage_1,log1p_huber_delta_1,latest locked 28-day rolling origin strictly before formal origin,reinitialize same seed; all pre-origin rolling samples; e_star epochs,configs/adapter_common_contract.yaml,99f53feff701ca0e8ddb39eaf4c2384b14067b4e69669a6d805e4efea668fb19,28beca4732b3f14a100f847605d2098885a415ba97668113a3ccce044ffb107d,learned_at_runtime|adapter_graph_export_required,not_applicable,fixed_seed_13_resolve_per_adapter,8ed45ff1476639f78c382ff09ecca8e60523e7ce,f80fb7623ec33b45513c916c9fb0c017416474cb110a99f87ba9cebb43daaea8,d7c77384eedf44b83bb464f03081bda024ebcdf3ebd2c5ef3e38acffa7bbfeef,adapter_ready,topology_placebo,test.csv|sample_submission.csv|sealed_independent_test,pending
FULL_UNIFIED_RUN_V1,Store Item,2017-06-19,gts_placebo,placebo,47,50,10,7,0.001,4,Adam,0.001,v1_0420_store_item_20170619_gts_placebo_s47,stage_1,log1p_huber_delta_1,latest locked 28-day rolling origin strictly before formal origin,reinitialize same seed; all pre-origin rolling samples; e_star epochs,configs/adapter_common_contract.yaml,99f53feff701ca0e8ddb39eaf4c2384b14067b4e69669a6d805e4efea668fb19,28beca4732b3f14a100f847605d2098885a415ba97668113a3ccce044ffb107d,learned_at_runtime|adapter_graph_export_required,not_applicable,fixed_seed_13_resolve_per_adapter,8ed45ff1476639f78c382ff09ecca8e60523e7ce,9e452440e3cc3b1d8a0df6d2382a5190ba955b8c7e3548f3d2ddd0acfeebc406,d7c77384eedf44b83bb464f03081bda024ebcdf3ebd2c5ef3e38acffa7bbfeef,adapter_ready,topology_placebo,test.csv|sample_submission.csv|sealed_independent_test,pending
FULL_UNIFIED_RUN_V1,Store Item,2017-07-17,gts_placebo,placebo,13,50,10,7,0.001,4,Adam,0.001,v1_0421_store_item_20170717_gts_placebo_s13,stage_1,log1p_huber_delta_1,latest locked 28-day rolling origin strictly before formal origin,reinitialize same seed; all pre-origin rolling samples; e_star epochs,configs/adapter_common_contract.yaml,99f53feff701ca0e8ddb39eaf4c2384b14067b4e69669a6d805e4efea668fb19,cb704e15bf73a80e87151fc7a786498308b0888b5b69c93a6c61d1fdd789036d,learned_at_runtime|adapter_graph_export_required,not_applicable,fixed_seed_13_resolve_per_adapter,8ed45ff1476639f78c382ff09ecca8e60523e7ce,286b7ad15ee6eef418f67f5857ef97bccf744a568ab90b0c8e5db3b88d1afc16,d7c77384eedf44b83bb464f03081bda024ebcdf3ebd2c5ef3e38acffa7bbfeef,adapter_ready,topology_placebo,test.csv|sample_submission.csv|sealed_independent_test,pending
FULL_UNIFIED_RUN_V1,Store Item,2017-07-17,gts_placebo,placebo,29,50,10,7,0.001,4,Adam,0.001,v1_0422_store_item_20170717_gts_placebo_s29,stage_1,log1p_huber_delta_1,latest locked 28-day rolling origin strictly before formal origin,reinitialize same seed; all pre-origin rolling samples; e_star epochs,configs/adapter_common_contract.yaml,99f53feff701ca0e8ddb39eaf4c2384b14067b4e69669a6d805e4efea668fb19,cb704e15bf73a80e87151fc7a786498308b0888b5b69c93a6c61d1fdd789036d,learned_at_runtime|adapter_graph_export_required,not_applicable,fixed_seed_13_resolve_per_adapter,8ed45ff1476639f78c382ff09ecca8e60523e7ce,7d5b9f0997880ca22da4bb9f4d88ed04a79f869d7ba43d57ac20f9c9f409b9b8,d7c77384eedf44b83bb464f03081bda024ebcdf3ebd2c5ef3e38acffa7bbfeef,adapter_ready,topology_placebo,test.csv|sample_submission.csv|sealed_independent_test,pending
FULL_UNIFIED_RUN_V1,Store Item,2017-07-17,gts_placebo,placebo,47,50,10,7,0.001,4,Adam,0.001,v1_0423_store_item_20170717_gts_placebo_s47,stage_1,log1p_huber_delta_1,latest locked 28-day rolling origin strictly before formal origin,reinitialize same seed; all pre-origin rolling samples; e_star epochs,configs/adapter_common_contract.yaml,99f53feff701ca0e8ddb39eaf4c2384b14067b4e69669a6d805e4efea668fb19,cb704e15bf73a80e87151fc7a786498308b0888b5b69c93a6c61d1fdd789036d,learned_at_runtime|adapter_graph_export_required,not_applicable,fixed_seed_13_resolve_per_adapter,8ed45ff1476639f78c382ff09ecca8e60523e7ce,0dfd0b265e1fc2f2fb518e0da988bf68ece89bb50c2e478473358bd8d0b13907,d7c77384eedf44b83bb464f03081bda024ebcdf3ebd2c5ef3e38acffa7bbfeef,adapter_ready,topology_placebo,test.csv|sample_submission.csv|sealed_independent_test,pending
FULL_UNIFIED_RUN_V1,M5,2015-12-07,mtgnn_native,native,13,50,10,7,0.001,4,Adam,0.001,v1_0424_m5_20151207_mtgnn_native_s13,stage_1,log1p_huber_delta_1,latest locked 28-day rolling origin strictly before formal origin,reinitialize same seed; all pre-origin rolling samples; e_star epochs,configs/adapter_common_contract.yaml,0fdc80620cf8962630e75c1fa2432803a694bdd75347ebc77b3093fc02c15c5f,24f14f88e9945d2a7fb67744b119a74daf41bf279d2a3b941fb03feff77657e4,learned_at_runtime|adapter_graph_export_required,not_applicable,not_applicable,f811746fa7022ebf336f9ecd2434af5f365ecbf6,a2e34f18b59ead8fc19ccedb3cd1023fcd2a32cc8ee0fd39f1ee4cdcb63dbf49,d7c77384eedf44b83bb464f03081bda024ebcdf3ebd2c5ef3e38acffa7bbfeef,adapter_ready,graph_enabled,,pending
FULL_UNIFIED_RUN_V1,M5,2015-12-07,mtgnn_native,native,29,50,10,7,0.001,4,Adam,0.001,v1_0425_m5_20151207_mtgnn_native_s29,stage_1,log1p_huber_delta_1,latest locked 28-day rolling origin strictly before formal origin,reinitialize same seed; all pre-origin rolling samples; e_star epochs,configs/adapter_common_contract.yaml,0fdc80620cf8962630e75c1fa2432803a694bdd75347ebc77b3093fc02c15c5f,24f14f88e9945d2a7fb67744b119a74daf41bf279d2a3b941fb03feff77657e4,learned_at_runtime|adapter_graph_export_required,not_applicable,not_applicable,f811746fa7022ebf336f9ecd2434af5f365ecbf6,4e809467c389537f95696139f0dbc7551b489e2106c17648270ba26eb1a3e4be,d7c77384eedf44b83bb464f03081bda024ebcdf3ebd2c5ef3e38acffa7bbfeef,adapter_ready,graph_enabled,,pending
FULL_UNIFIED_RUN_V1,M5,2015-12-07,mtgnn_native,native,47,50,10,7,0.001,4,Adam,0.001,v1_0426_m5_20151207_mtgnn_native_s47,stage_1,log1p_huber_delta_1,latest locked 28-day rolling origin strictly before formal origin,reinitialize same seed; all pre-origin rolling samples; e_star epochs,configs/adapter_common_contract.yaml,0fdc80620cf8962630e75c1fa2432803a694bdd75347ebc77b3093fc02c15c5f,24f14f88e9945d2a7fb67744b119a74daf41bf279d2a3b941fb03feff77657e4,learned_at_runtime|adapter_graph_export_required,not_applicable,not_applicable,f811746fa7022ebf336f9ecd2434af5f365ecbf6,a2f472f55c4285903f69adfeee47588954add567a764797c352e0c06b2440b49,d7c77384eedf44b83bb464f03081bda024ebcdf3ebd2c5ef3e38acffa7bbfeef,adapter_ready,graph_enabled,,pending
FULL_UNIFIED_RUN_V1,M5,2016-01-04,mtgnn_native,native,13,50,10,7,0.001,4,Adam,0.001,v1_0427_m5_20160104_mtgnn_native_s13,stage_1,log1p_huber_delta_1,latest locked 28-day rolling origin strictly before formal origin,reinitialize same seed; all pre-origin rolling samples; e_star epochs,configs/adapter_common_contract.yaml,0fdc80620cf8962630e75c1fa2432803a694bdd75347ebc77b3093fc02c15c5f,f363d22b50ee5ecf935d764748129bbf4e83b2417ab50854a465cae0c12fccbf,learned_at_runtime|adapter_graph_export_required,not_applicable,not_applicable,f811746fa7022ebf336f9ecd2434af5f365ecbf6,d3b46403f70277b42d4ad3fc1301d99c1a35ced49bc019ba006a5a35df76af79,d7c77384eedf44b83bb464f03081bda024ebcdf3ebd2c5ef3e38acffa7bbfeef,adapter_ready,graph_enabled,,pending
FULL_UNIFIED_RUN_V1,M5,2016-01-04,mtgnn_native,native,29,50,10,7,0.001,4,Adam,0.001,v1_0428_m5_20160104_mtgnn_native_s29,stage_1,log1p_huber_delta_1,latest locked 28-day rolling origin strictly before formal origin,reinitialize same seed; all pre-origin rolling samples; e_star epochs,configs/adapter_common_contract.yaml,0fdc80620cf8962630e75c1fa2432803a694bdd75347ebc77b3093fc02c15c5f,f363d22b50ee5ecf935d764748129bbf4e83b2417ab50854a465cae0c12fccbf,learned_at_runtime|adapter_graph_export_required,not_applicable,not_applicable,f811746fa7022ebf336f9ecd2434af5f365ecbf6,bcb37ac8df32eb21620b83fb0f15b0a90cfacc57c6281b4bb4fa49744b1e507c,d7c77384eedf44b83bb464f03081bda024ebcdf3ebd2c5ef3e38acffa7bbfeef,adapter_ready,graph_enabled,,pending
FULL_UNIFIED_RUN_V1,M5,2016-01-04,mtgnn_native,native,47,50,10,7,0.001,4,Adam,0.001,v1_0429_m5_20160104_mtgnn_native_s47,stage_1,log1p_huber_delta_1,latest locked 28-day rolling origin strictly before formal origin,reinitialize same seed; all pre-origin rolling samples; e_star epochs,configs/adapter_common_contract.yaml,0fdc80620cf8962630e75c1fa2432803a694bdd75347ebc77b3093fc02c15c5f,f363d22b50ee5ecf935d764748129bbf4e83b2417ab50854a465cae0c12fccbf,learned_at_runtime|adapter_graph_export_required,not_applicable,not_applicable,f811746fa7022ebf336f9ecd2434af5f365ecbf6,a19950688a826fbbb570150cdd15e4c4ba8286785372cc5b21623566b0cfa075,d7c77384eedf44b83bb464f03081bda024ebcdf3ebd2c5ef3e38acffa7bbfeef,adapter_ready,graph_enabled,,pending
FULL_UNIFIED_RUN_V1,M5,2016-02-01,mtgnn_native,native,13,50,10,7,0.001,4,Adam,0.001,v1_0430_m5_20160201_mtgnn_native_s13,stage_1,log1p_huber_delta_1,latest locked 28-day rolling origin strictly before formal origin,reinitialize same seed; all pre-origin rolling samples; e_star epochs,configs/adapter_common_contract.yaml,0fdc80620cf8962630e75c1fa2432803a694bdd75347ebc77b3093fc02c15c5f,84ec5e1a462241b724bdb52169726ffe86647b20efbad04d01b949a8b9fc2a01,learned_at_runtime|adapter_graph_export_required,not_applicable,not_applicable,f811746fa7022ebf336f9ecd2434af5f365ecbf6,2fda644380bbaa25d98586d4d97d77963c022bee14a42808dfb206255a065f85,d7c77384eedf44b83bb464f03081bda024ebcdf3ebd2c5ef3e38acffa7bbfeef,adapter_ready,graph_enabled,,pending
FULL_UNIFIED_RUN_V1,M5,2016-02-01,mtgnn_native,native,29,50,10,7,0.001,4,Adam,0.001,v1_0431_m5_20160201_mtgnn_native_s29,stage_1,log1p_huber_delta_1,latest locked 28-day rolling origin strictly before formal origin,reinitialize same seed; all pre-origin rolling samples; e_star epochs,configs/adapter_common_contract.yaml,0fdc80620cf8962630e75c1fa2432803a694bdd75347ebc77b3093fc02c15c5f,84ec5e1a462241b724bdb52169726ffe86647b20efbad04d01b949a8b9fc2a01,learned_at_runtime|adapter_graph_export_required,not_applicable,not_applicable,f811746fa7022ebf336f9ecd2434af5f365ecbf6,d6991d30862c603e6164a9e7c24afa581cd3b136bae1779c41fb67a3513b69f0,d7c77384eedf44b83bb464f03081bda024ebcdf3ebd2c5ef3e38acffa7bbfeef,adapter_ready,graph_enabled,,pending
FULL_UNIFIED_RUN_V1,M5,2016-02-01,mtgnn_native,native,47,50,10,7,0.001,4,Adam,0.001,v1_0432_m5_20160201_mtgnn_native_s47,stage_1,log1p_huber_delta_1,latest locked 28-day rolling origin strictly before formal origin,reinitialize same seed; all pre-origin rolling samples; e_star epochs,configs/adapter_common_contract.yaml,0fdc80620cf8962630e75c1fa2432803a694bdd75347ebc77b3093fc02c15c5f,84ec5e1a462241b724bdb52169726ffe86647b20efbad04d01b949a8b9fc2a01,learned_at_runtime|adapter_graph_export_required,not_applicable,not_applicable,f811746fa7022ebf336f9ecd2434af5f365ecbf6,3661d0336f7c91748e622ba464aa9bb432137e035107f75af3b8506506fa0dda,d7c77384eedf44b83bb464f03081bda024ebcdf3ebd2c5ef3e38acffa7bbfeef,adapter_ready,graph_enabled,,pending
FULL_UNIFIED_RUN_V1,Favorita,2017-03-01,mtgnn_native,native,13,50,10,7,0.001,4,Adam,0.001,v1_0433_favorita_20170301_mtgnn_native_s13,stage_1,log1p_huber_delta_1,latest locked 28-day rolling origin strictly before formal origin,reinitialize same seed; all pre-origin rolling samples; e_star epochs,configs/adapter_common_contract.yaml,99f53feff701ca0e8ddb39eaf4c2384b14067b4e69669a6d805e4efea668fb19,cd0beeec37632daa955a38f9eba4e42ab5553d9daac470a0028c402132af43b1,learned_at_runtime|adapter_graph_export_required,not_applicable,not_applicable,f811746fa7022ebf336f9ecd2434af5f365ecbf6,37767d9a726af7e1b48921a927b7154fbaeb4b023864d6e991c42d5b5fc384e1,d7c77384eedf44b83bb464f03081bda024ebcdf3ebd2c5ef3e38acffa7bbfeef,adapter_ready,graph_enabled,,pending
FULL_UNIFIED_RUN_V1,Favorita,2017-03-01,mtgnn_native,native,29,50,10,7,0.001,4,Adam,0.001,v1_0434_favorita_20170301_mtgnn_native_s29,stage_1,log1p_huber_delta_1,latest locked 28-day rolling origin strictly before formal origin,reinitialize same seed; all pre-origin rolling samples; e_star epochs,configs/adapter_common_contract.yaml,99f53feff701ca0e8ddb39eaf4c2384b14067b4e69669a6d805e4efea668fb19,cd0beeec37632daa955a38f9eba4e42ab5553d9daac470a0028c402132af43b1,learned_at_runtime|adapter_graph_export_required,not_applicable,not_applicable,f811746fa7022ebf336f9ecd2434af5f365ecbf6,2375ec7318588a4dfc3399a5cf84d52dc82f2f45206c6d70a847fe71c4229378,d7c77384eedf44b83bb464f03081bda024ebcdf3ebd2c5ef3e38acffa7bbfeef,adapter_ready,graph_enabled,,pending
FULL_UNIFIED_RUN_V1,Favorita,2017-03-01,mtgnn_native,native,47,50,10,7,0.001,4,Adam,0.001,v1_0435_favorita_20170301_mtgnn_native_s47,stage_1,log1p_huber_delta_1,latest locked 28-day rolling origin strictly before formal origin,reinitialize same seed; all pre-origin rolling samples; e_star epochs,configs/adapter_common_contract.yaml,99f53feff701ca0e8ddb39eaf4c2384b14067b4e69669a6d805e4efea668fb19,cd0beeec37632daa955a38f9eba4e42ab5553d9daac470a0028c402132af43b1,learned_at_runtime|adapter_graph_export_required,not_applicable,not_applicable,f811746fa7022ebf336f9ecd2434af5f365ecbf6,bb33ac5dc6e9f44d9b85495c39de14bb2eec9130e4dbdc09eaca707bd0e0ad54,d7c77384eedf44b83bb464f03081bda024ebcdf3ebd2c5ef3e38acffa7bbfeef,adapter_ready,graph_enabled,,pending
FULL_UNIFIED_RUN_V1,Favorita,2017-03-29,mtgnn_native,native,13,50,10,7,0.001,4,Adam,0.001,v1_0436_favorita_20170329_mtgnn_native_s13,stage_1,log1p_huber_delta_1,latest locked 28-day rolling origin strictly before formal origin,reinitialize same seed; all pre-origin rolling samples; e_star epochs,configs/adapter_common_contract.yaml,99f53feff701ca0e8ddb39eaf4c2384b14067b4e69669a6d805e4efea668fb19,345dabcf47b0f7e1fb1895e4c61f5d5ebffaa56e09a9f5b2d7896f439c70937b,learned_at_runtime|adapter_graph_export_required,not_applicable,not_applicable,f811746fa7022ebf336f9ecd2434af5f365ecbf6,fe6969a8c6eef1d892776fc2c50e7360e88a0644e6fea8de5fb307b97c3bcf18,d7c77384eedf44b83bb464f03081bda024ebcdf3ebd2c5ef3e38acffa7bbfeef,adapter_ready,graph_enabled,,pending
FULL_UNIFIED_RUN_V1,Favorita,2017-03-29,mtgnn_native,native,29,50,10,7,0.001,4,Adam,0.001,v1_0437_favorita_20170329_mtgnn_native_s29,stage_1,log1p_huber_delta_1,latest locked 28-day rolling origin strictly before formal origin,reinitialize same seed; all pre-origin rolling samples; e_star epochs,configs/adapter_common_contract.yaml,99f53feff701ca0e8ddb39eaf4c2384b14067b4e69669a6d805e4efea668fb19,345dabcf47b0f7e1fb1895e4c61f5d5ebffaa56e09a9f5b2d7896f439c70937b,learned_at_runtime|adapter_graph_export_required,not_applicable,not_applicable,f811746fa7022ebf336f9ecd2434af5f365ecbf6,93531e2d1074a01a4d7ef38fecd75da2783552f5216750bdb1b506dbc8c91a53,d7c77384eedf44b83bb464f03081bda024ebcdf3ebd2c5ef3e38acffa7bbfeef,adapter_ready,graph_enabled,,pending
FULL_UNIFIED_RUN_V1,Favorita,2017-03-29,mtgnn_native,native,47,50,10,7,0.001,4,Adam,0.001,v1_0438_favorita_20170329_mtgnn_native_s47,stage_1,log1p_huber_delta_1,latest locked 28-day rolling origin strictly before formal origin,reinitialize same seed; all pre-origin rolling samples; e_star epochs,configs/adapter_common_contract.yaml,99f53feff701ca0e8ddb39eaf4c2384b14067b4e69669a6d805e4efea668fb19,345dabcf47b0f7e1fb1895e4c61f5d5ebffaa56e09a9f5b2d7896f439c70937b,learned_at_runtime|adapter_graph_export_required,not_applicable,not_applicable,f811746fa7022ebf336f9ecd2434af5f365ecbf6,89e026c153ec938d3695b7d7ed32ee2a1c5b51c9058ae597d2c4463258f07db6,d7c77384eedf44b83bb464f03081bda024ebcdf3ebd2c5ef3e38acffa7bbfeef,adapter_ready,graph_enabled,,pending
FULL_UNIFIED_RUN_V1,Favorita,2017-04-26,mtgnn_native,native,13,50,10,7,0.001,4,Adam,0.001,v1_0439_favorita_20170426_mtgnn_native_s13,stage_1,log1p_huber_delta_1,latest locked 28-day rolling origin strictly before formal origin,reinitialize same seed; all pre-origin rolling samples; e_star epochs,configs/adapter_common_contract.yaml,99f53feff701ca0e8ddb39eaf4c2384b14067b4e69669a6d805e4efea668fb19,c488ebe713d35972ff5a908aa6c2090b4ea444972f31abbf215c0d17998dda91,learned_at_runtime|adapter_graph_export_required,not_applicable,not_applicable,f811746fa7022ebf336f9ecd2434af5f365ecbf6,d3150d5062fb9e9320aa827ef6e99e1609b62887751e7e8cd4eeff98b31f0b5b,d7c77384eedf44b83bb464f03081bda024ebcdf3ebd2c5ef3e38acffa7bbfeef,adapter_ready,graph_enabled,,pending
FULL_UNIFIED_RUN_V1,Favorita,2017-04-26,mtgnn_native,native,29,50,10,7,0.001,4,Adam,0.001,v1_0440_favorita_20170426_mtgnn_native_s29,stage_1,log1p_huber_delta_1,latest locked 28-day rolling origin strictly before formal origin,reinitialize same seed; all pre-origin rolling samples; e_star epochs,configs/adapter_common_contract.yaml,99f53feff701ca0e8ddb39eaf4c2384b14067b4e69669a6d805e4efea668fb19,c488ebe713d35972ff5a908aa6c2090b4ea444972f31abbf215c0d17998dda91,learned_at_runtime|adapter_graph_export_required,not_applicable,not_applicable,f811746fa7022ebf336f9ecd2434af5f365ecbf6,cdd347fc063f78df827d72d4992be12a5df598cefcf4e5039909f6ed67282f12,d7c77384eedf44b83bb464f03081bda024ebcdf3ebd2c5ef3e38acffa7bbfeef,adapter_ready,graph_enabled,,pending
FULL_UNIFIED_RUN_V1,Favorita,2017-04-26,mtgnn_native,native,47,50,10,7,0.001,4,Adam,0.001,v1_0441_favorita_20170426_mtgnn_native_s47,stage_1,log1p_huber_delta_1,latest locked 28-day rolling origin strictly before formal origin,reinitialize same seed; all pre-origin rolling samples; e_star epochs,configs/adapter_common_contract.yaml,99f53feff701ca0e8ddb39eaf4c2384b14067b4e69669a6d805e4efea668fb19,c488ebe713d35972ff5a908aa6c2090b4ea444972f31abbf215c0d17998dda91,learned_at_runtime|adapter_graph_export_required,not_applicable,not_applicable,f811746fa7022ebf336f9ecd2434af5f365ecbf6,c04c0932abf2be8f8688a62ff0ce888169f8f155fcaecaaea726a0f29a6dc439,d7c77384eedf44b83bb464f03081bda024ebcdf3ebd2c5ef3e38acffa7bbfeef,adapter_ready,graph_enabled,,pending
FULL_UNIFIED_RUN_V1,Store Item,2017-05-22,mtgnn_native,native,13,50,10,7,0.001,4,Adam,0.001,v1_0442_store_item_20170522_mtgnn_native_s13,stage_1,log1p_huber_delta_1,latest locked 28-day rolling origin strictly before formal origin,reinitialize same seed; all pre-origin rolling samples; e_star epochs,configs/adapter_common_contract.yaml,99f53feff701ca0e8ddb39eaf4c2384b14067b4e69669a6d805e4efea668fb19,96f573b570f1b2d301538d41f90dacef49f3190e6f15d4c0105641fefebfcd31,learned_at_runtime|adapter_graph_export_required,not_applicable,not_applicable,f811746fa7022ebf336f9ecd2434af5f365ecbf6,96949625472bd6db2c439c32164b91c343603e83ec12d7a1e08c2580cdded8af,d7c77384eedf44b83bb464f03081bda024ebcdf3ebd2c5ef3e38acffa7bbfeef,adapter_ready,graph_enabled,test.csv|sample_submission.csv|sealed_independent_test,pending
FULL_UNIFIED_RUN_V1,Store Item,2017-05-22,mtgnn_native,native,29,50,10,7,0.001,4,Adam,0.001,v1_0443_store_item_20170522_mtgnn_native_s29,stage_1,log1p_huber_delta_1,latest locked 28-day rolling origin strictly before formal origin,reinitialize same seed; all pre-origin rolling samples; e_star epochs,configs/adapter_common_contract.yaml,99f53feff701ca0e8ddb39eaf4c2384b14067b4e69669a6d805e4efea668fb19,96f573b570f1b2d301538d41f90dacef49f3190e6f15d4c0105641fefebfcd31,learned_at_runtime|adapter_graph_export_required,not_applicable,not_applicable,f811746fa7022ebf336f9ecd2434af5f365ecbf6,0bac5d89822028adaf12b70e516d5f88909a01076b40a2238c68bc6db1f87ec5,d7c77384eedf44b83bb464f03081bda024ebcdf3ebd2c5ef3e38acffa7bbfeef,adapter_ready,graph_enabled,test.csv|sample_submission.csv|sealed_independent_test,pending
FULL_UNIFIED_RUN_V1,Store Item,2017-05-22,mtgnn_native,native,47,50,10,7,0.001,4,Adam,0.001,v1_0444_store_item_20170522_mtgnn_native_s47,stage_1,log1p_huber_delta_1,latest locked 28-day rolling origin strictly before formal origin,reinitialize same seed; all pre-origin rolling samples; e_star epochs,configs/adapter_common_contract.yaml,99f53feff701ca0e8ddb39eaf4c2384b14067b4e69669a6d805e4efea668fb19,96f573b570f1b2d301538d41f90dacef49f3190e6f15d4c0105641fefebfcd31,learned_at_runtime|adapter_graph_export_required,not_applicable,not_applicable,f811746fa7022ebf336f9ecd2434af5f365ecbf6,ba4f35308303647f2a546af6b0a2bc3eb32aab841a3eb63f6048f30d3fb175b8,d7c77384eedf44b83bb464f03081bda024ebcdf3ebd2c5ef3e38acffa7bbfeef,adapter_ready,graph_enabled,test.csv|sample_submission.csv|sealed_independent_test,pending
FULL_UNIFIED_RUN_V1,Store Item,2017-06-19,mtgnn_native,native,13,50,10,7,0.001,4,Adam,0.001,v1_0445_store_item_20170619_mtgnn_native_s13,stage_1,log1p_huber_delta_1,latest locked 28-day rolling origin strictly before formal origin,reinitialize same seed; all pre-origin rolling samples; e_star epochs,configs/adapter_common_contract.yaml,99f53feff701ca0e8ddb39eaf4c2384b14067b4e69669a6d805e4efea668fb19,28beca4732b3f14a100f847605d2098885a415ba97668113a3ccce044ffb107d,learned_at_runtime|adapter_graph_export_required,not_applicable,not_applicable,f811746fa7022ebf336f9ecd2434af5f365ecbf6,c1cb43eca7067881ba760e64d16e4aa0304b3ac24c247ba862f9eba58213c6ed,d7c77384eedf44b83bb464f03081bda024ebcdf3ebd2c5ef3e38acffa7bbfeef,adapter_ready,graph_enabled,test.csv|sample_submission.csv|sealed_independent_test,pending
FULL_UNIFIED_RUN_V1,Store Item,2017-06-19,mtgnn_native,native,29,50,10,7,0.001,4,Adam,0.001,v1_0446_store_item_20170619_mtgnn_native_s29,stage_1,log1p_huber_delta_1,latest locked 28-day rolling origin strictly before formal origin,reinitialize same seed; all pre-origin rolling samples; e_star epochs,configs/adapter_common_contract.yaml,99f53feff701ca0e8ddb39eaf4c2384b14067b4e69669a6d805e4efea668fb19,28beca4732b3f14a100f847605d2098885a415ba97668113a3ccce044ffb107d,learned_at_runtime|adapter_graph_export_required,not_applicable,not_applicable,f811746fa7022ebf336f9ecd2434af5f365ecbf6,c2d07aa5314c02ef16d2cd981bf3b103e042d9b666c31cc829195005eb492e2b,d7c77384eedf44b83bb464f03081bda024ebcdf3ebd2c5ef3e38acffa7bbfeef,adapter_ready,graph_enabled,test.csv|sample_submission.csv|sealed_independent_test,pending
FULL_UNIFIED_RUN_V1,Store Item,2017-06-19,mtgnn_native,native,47,50,10,7,0.001,4,Adam,0.001,v1_0447_store_item_20170619_mtgnn_native_s47,stage_1,log1p_huber_delta_1,latest locked 28-day rolling origin strictly before formal origin,reinitialize same seed; all pre-origin rolling samples; e_star epochs,configs/adapter_common_contract.yaml,99f53feff701ca0e8ddb39eaf4c2384b14067b4e69669a6d805e4efea668fb19,28beca4732b3f14a100f847605d2098885a415ba97668113a3ccce044ffb107d,learned_at_runtime|adapter_graph_export_required,not_applicable,not_applicable,f811746fa7022ebf336f9ecd2434af5f365ecbf6,2a006545cbea4ec5ae607b8c82cf7c699e7b8df99ae56229784dcc31490a8476,d7c77384eedf44b83bb464f03081bda024ebcdf3ebd2c5ef3e38acffa7bbfeef,adapter_ready,graph_enabled,test.csv|sample_submission.csv|sealed_independent_test,pending
FULL_UNIFIED_RUN_V1,Store Item,2017-07-17,mtgnn_native,native,13,50,10,7,0.001,4,Adam,0.001,v1_0448_store_item_20170717_mtgnn_native_s13,stage_1,log1p_huber_delta_1,latest locked 28-day rolling origin strictly before formal origin,reinitialize same seed; all pre-origin rolling samples; e_star epochs,configs/adapter_common_contract.yaml,99f53feff701ca0e8ddb39eaf4c2384b14067b4e69669a6d805e4efea668fb19,cb704e15bf73a80e87151fc7a786498308b0888b5b69c93a6c61d1fdd789036d,learned_at_runtime|adapter_graph_export_required,not_applicable,not_applicable,f811746fa7022ebf336f9ecd2434af5f365ecbf6,6482f3c650b97557a8ef3ff126eda5c59d5fb40fdd57cb1525f86cb1e3f9cade,d7c77384eedf44b83bb464f03081bda024ebcdf3ebd2c5ef3e38acffa7bbfeef,adapter_ready,graph_enabled,test.csv|sample_submission.csv|sealed_independent_test,pending
FULL_UNIFIED_RUN_V1,Store Item,2017-07-17,mtgnn_native,native,29,50,10,7,0.001,4,Adam,0.001,v1_0449_store_item_20170717_mtgnn_native_s29,stage_1,log1p_huber_delta_1,latest locked 28-day rolling origin strictly before formal origin,reinitialize same seed; all pre-origin rolling samples; e_star epochs,configs/adapter_common_contract.yaml,99f53feff701ca0e8ddb39eaf4c2384b14067b4e69669a6d805e4efea668fb19,cb704e15bf73a80e87151fc7a786498308b0888b5b69c93a6c61d1fdd789036d,learned_at_runtime|adapter_graph_export_required,not_applicable,not_applicable,f811746fa7022ebf336f9ecd2434af5f365ecbf6,5088b760d14252619bd1b73f0289097dd32e6da80d569daf0c7857003c124306,d7c77384eedf44b83bb464f03081bda024ebcdf3ebd2c5ef3e38acffa7bbfeef,adapter_ready,graph_enabled,test.csv|sample_submission.csv|sealed_independent_test,pending
FULL_UNIFIED_RUN_V1,Store Item,2017-07-17,mtgnn_native,native,47,50,10,7,0.001,4,Adam,0.001,v1_0450_store_item_20170717_mtgnn_native_s47,stage_1,log1p_huber_delta_1,latest locked 28-day rolling origin strictly before formal origin,reinitialize same seed; all pre-origin rolling samples; e_star epochs,configs/adapter_common_contract.yaml,99f53feff701ca0e8ddb39eaf4c2384b14067b4e69669a6d805e4efea668fb19,cb704e15bf73a80e87151fc7a786498308b0888b5b69c93a6c61d1fdd789036d,learned_at_runtime|adapter_graph_export_required,not_applicable,not_applicable,f811746fa7022ebf336f9ecd2434af5f365ecbf6,c8102c093d6b130e35aa3ba1e814c73644ec6c2b2e76cf6908fec62cd3e9333d,d7c77384eedf44b83bb464f03081bda024ebcdf3ebd2c5ef3e38acffa7bbfeef,adapter_ready,graph_enabled,test.csv|sample_submission.csv|sealed_independent_test,pending
FULL_UNIFIED_RUN_V1,M5,2015-12-07,mtgnn_no_graph,no_graph,13,50,10,7,0.001,4,Adam,0.001,v1_0451_m5_20151207_mtgnn_no_graph_s13,stage_1,log1p_huber_delta_1,latest locked 28-day rolling origin strictly before formal origin,reinitialize same seed; all pre-origin rolling samples; e_star epochs,configs/adapter_common_contract.yaml,0fdc80620cf8962630e75c1fa2432803a694bdd75347ebc77b3093fc02c15c5f,24f14f88e9945d2a7fb67744b119a74daf41bf279d2a3b941fb03feff77657e4,learned_at_runtime|adapter_graph_export_required,not_applicable,not_applicable,f811746fa7022ebf336f9ecd2434af5f365ecbf6,1570bba37ec0b4fbd7a3412ad558034791af6baacb3b2d59b7e272864551a537,d7c77384eedf44b83bb464f03081bda024ebcdf3ebd2c5ef3e38acffa7bbfeef,adapter_ready,matched_no_graph,,pending
FULL_UNIFIED_RUN_V1,M5,2015-12-07,mtgnn_no_graph,no_graph,29,50,10,7,0.001,4,Adam,0.001,v1_0452_m5_20151207_mtgnn_no_graph_s29,stage_1,log1p_huber_delta_1,latest locked 28-day rolling origin strictly before formal origin,reinitialize same seed; all pre-origin rolling samples; e_star epochs,configs/adapter_common_contract.yaml,0fdc80620cf8962630e75c1fa2432803a694bdd75347ebc77b3093fc02c15c5f,24f14f88e9945d2a7fb67744b119a74daf41bf279d2a3b941fb03feff77657e4,learned_at_runtime|adapter_graph_export_required,not_applicable,not_applicable,f811746fa7022ebf336f9ecd2434af5f365ecbf6,d61376b16f0629b3bc1f20a5b9d0cd790d21221c971c4a586a875a9824963c6a,d7c77384eedf44b83bb464f03081bda024ebcdf3ebd2c5ef3e38acffa7bbfeef,adapter_ready,matched_no_graph,,pending
FULL_UNIFIED_RUN_V1,M5,2015-12-07,mtgnn_no_graph,no_graph,47,50,10,7,0.001,4,Adam,0.001,v1_0453_m5_20151207_mtgnn_no_graph_s47,stage_1,log1p_huber_delta_1,latest locked 28-day rolling origin strictly before formal origin,reinitialize same seed; all pre-origin rolling samples; e_star epochs,configs/adapter_common_contract.yaml,0fdc80620cf8962630e75c1fa2432803a694bdd75347ebc77b3093fc02c15c5f,24f14f88e9945d2a7fb67744b119a74daf41bf279d2a3b941fb03feff77657e4,learned_at_runtime|adapter_graph_export_required,not_applicable,not_applicable,f811746fa7022ebf336f9ecd2434af5f365ecbf6,2baed3f9a1f883eb697cdd484bbd0c54b81a45f6f623c0756525487df42b7cd4,d7c77384eedf44b83bb464f03081bda024ebcdf3ebd2c5ef3e38acffa7bbfeef,adapter_ready,matched_no_graph,,pending
FULL_UNIFIED_RUN_V1,M5,2016-01-04,mtgnn_no_graph,no_graph,13,50,10,7,0.001,4,Adam,0.001,v1_0454_m5_20160104_mtgnn_no_graph_s13,stage_1,log1p_huber_delta_1,latest locked 28-day rolling origin strictly before formal origin,reinitialize same seed; all pre-origin rolling samples; e_star epochs,configs/adapter_common_contract.yaml,0fdc80620cf8962630e75c1fa2432803a694bdd75347ebc77b3093fc02c15c5f,f363d22b50ee5ecf935d764748129bbf4e83b2417ab50854a465cae0c12fccbf,learned_at_runtime|adapter_graph_export_required,not_applicable,not_applicable,f811746fa7022ebf336f9ecd2434af5f365ecbf6,ec61f48c30a0b4c697bcc735da653b53619754e14e3938de17910a28f8b219c6,d7c77384eedf44b83bb464f03081bda024ebcdf3ebd2c5ef3e38acffa7bbfeef,adapter_ready,matched_no_graph,,pending
FULL_UNIFIED_RUN_V1,M5,2016-01-04,mtgnn_no_graph,no_graph,29,50,10,7,0.001,4,Adam,0.001,v1_0455_m5_20160104_mtgnn_no_graph_s29,stage_1,log1p_huber_delta_1,latest locked 28-day rolling origin strictly before formal origin,reinitialize same seed; all pre-origin rolling samples; e_star epochs,configs/adapter_common_contract.yaml,0fdc80620cf8962630e75c1fa2432803a694bdd75347ebc77b3093fc02c15c5f,f363d22b50ee5ecf935d764748129bbf4e83b2417ab50854a465cae0c12fccbf,learned_at_runtime|adapter_graph_export_required,not_applicable,not_applicable,f811746fa7022ebf336f9ecd2434af5f365ecbf6,467fd4b75deda0ae473bb909218235affe78ca02521bf6b2357e64ea5e8cb6eb,d7c77384eedf44b83bb464f03081bda024ebcdf3ebd2c5ef3e38acffa7bbfeef,adapter_ready,matched_no_graph,,pending
FULL_UNIFIED_RUN_V1,M5,2016-01-04,mtgnn_no_graph,no_graph,47,50,10,7,0.001,4,Adam,0.001,v1_0456_m5_20160104_mtgnn_no_graph_s47,stage_1,log1p_huber_delta_1,latest locked 28-day rolling origin strictly before formal origin,reinitialize same seed; all pre-origin rolling samples; e_star epochs,configs/adapter_common_contract.yaml,0fdc80620cf8962630e75c1fa2432803a694bdd75347ebc77b3093fc02c15c5f,f363d22b50ee5ecf935d764748129bbf4e83b2417ab50854a465cae0c12fccbf,learned_at_runtime|adapter_graph_export_required,not_applicable,not_applicable,f811746fa7022ebf336f9ecd2434af5f365ecbf6,eb75c2d76c0ab5601559a047747a7d4fd16d26f6775db4a2b5105136580e69f8,d7c77384eedf44b83bb464f03081bda024ebcdf3ebd2c5ef3e38acffa7bbfeef,adapter_ready,matched_no_graph,,pending
FULL_UNIFIED_RUN_V1,M5,2016-02-01,mtgnn_no_graph,no_graph,13,50,10,7,0.001,4,Adam,0.001,v1_0457_m5_20160201_mtgnn_no_graph_s13,stage_1,log1p_huber_delta_1,latest locked 28-day rolling origin strictly before formal origin,reinitialize same seed; all pre-origin rolling samples; e_star epochs,configs/adapter_common_contract.yaml,0fdc80620cf8962630e75c1fa2432803a694bdd75347ebc77b3093fc02c15c5f,84ec5e1a462241b724bdb52169726ffe86647b20efbad04d01b949a8b9fc2a01,learned_at_runtime|adapter_graph_export_required,not_applicable,not_applicable,f811746fa7022ebf336f9ecd2434af5f365ecbf6,53cb8edab5981abb0b411e86b1d475eba66218bf6e55167af7b64d6f37fc8c08,d7c77384eedf44b83bb464f03081bda024ebcdf3ebd2c5ef3e38acffa7bbfeef,adapter_ready,matched_no_graph,,pending
FULL_UNIFIED_RUN_V1,M5,2016-02-01,mtgnn_no_graph,no_graph,29,50,10,7,0.001,4,Adam,0.001,v1_0458_m5_20160201_mtgnn_no_graph_s29,stage_1,log1p_huber_delta_1,latest locked 28-day rolling origin strictly before formal origin,reinitialize same seed; all pre-origin rolling samples; e_star epochs,configs/adapter_common_contract.yaml,0fdc80620cf8962630e75c1fa2432803a694bdd75347ebc77b3093fc02c15c5f,84ec5e1a462241b724bdb52169726ffe86647b20efbad04d01b949a8b9fc2a01,learned_at_runtime|adapter_graph_export_required,not_applicable,not_applicable,f811746fa7022ebf336f9ecd2434af5f365ecbf6,6b1a325236a021d2a1d68602d66dd624b77919330620482dbfa867f76ff34bb7,d7c77384eedf44b83bb464f03081bda024ebcdf3ebd2c5ef3e38acffa7bbfeef,adapter_ready,matched_no_graph,,pending
FULL_UNIFIED_RUN_V1,M5,2016-02-01,mtgnn_no_graph,no_graph,47,50,10,7,0.001,4,Adam,0.001,v1_0459_m5_20160201_mtgnn_no_graph_s47,stage_1,log1p_huber_delta_1,latest locked 28-day rolling origin strictly before formal origin,reinitialize same seed; all pre-origin rolling samples; e_star epochs,configs/adapter_common_contract.yaml,0fdc80620cf8962630e75c1fa2432803a694bdd75347ebc77b3093fc02c15c5f,84ec5e1a462241b724bdb52169726ffe86647b20efbad04d01b949a8b9fc2a01,learned_at_runtime|adapter_graph_export_required,not_applicable,not_applicable,f811746fa7022ebf336f9ecd2434af5f365ecbf6,c2ebeb5cabe828b52fa85666170b467b77a3a2c7059681990992e275222c453b,d7c77384eedf44b83bb464f03081bda024ebcdf3ebd2c5ef3e38acffa7bbfeef,adapter_ready,matched_no_graph,,pending
FULL_UNIFIED_RUN_V1,Favorita,2017-03-01,mtgnn_no_graph,no_graph,13,50,10,7,0.001,4,Adam,0.001,v1_0460_favorita_20170301_mtgnn_no_graph_s13,stage_1,log1p_huber_delta_1,latest locked 28-day rolling origin strictly before formal origin,reinitialize same seed; all pre-origin rolling samples; e_star epochs,configs/adapter_common_contract.yaml,99f53feff701ca0e8ddb39eaf4c2384b14067b4e69669a6d805e4efea668fb19,cd0beeec37632daa955a38f9eba4e42ab5553d9daac470a0028c402132af43b1,learned_at_runtime|adapter_graph_export_required,not_applicable,not_applicable,f811746fa7022ebf336f9ecd2434af5f365ecbf6,039283a1fca70b94d2eab7e94ede900b3c83a7aecaf8649209ac55096994a08c,d7c77384eedf44b83bb464f03081bda024ebcdf3ebd2c5ef3e38acffa7bbfeef,adapter_ready,matched_no_graph,,pending
FULL_UNIFIED_RUN_V1,Favorita,2017-03-01,mtgnn_no_graph,no_graph,29,50,10,7,0.001,4,Adam,0.001,v1_0461_favorita_20170301_mtgnn_no_graph_s29,stage_1,log1p_huber_delta_1,latest locked 28-day rolling origin strictly before formal origin,reinitialize same seed; all pre-origin rolling samples; e_star epochs,configs/adapter_common_contract.yaml,99f53feff701ca0e8ddb39eaf4c2384b14067b4e69669a6d805e4efea668fb19,cd0beeec37632daa955a38f9eba4e42ab5553d9daac470a0028c402132af43b1,learned_at_runtime|adapter_graph_export_required,not_applicable,not_applicable,f811746fa7022ebf336f9ecd2434af5f365ecbf6,3438e6dde88ecc17e122233d9ba8aa848908b3f2b5ada098d4c4a3d20fb07797,d7c77384eedf44b83bb464f03081bda024ebcdf3ebd2c5ef3e38acffa7bbfeef,adapter_ready,matched_no_graph,,pending
FULL_UNIFIED_RUN_V1,Favorita,2017-03-01,mtgnn_no_graph,no_graph,47,50,10,7,0.001,4,Adam,0.001,v1_0462_favorita_20170301_mtgnn_no_graph_s47,stage_1,log1p_huber_delta_1,latest locked 28-day rolling origin strictly before formal origin,reinitialize same seed; all pre-origin rolling samples; e_star epochs,configs/adapter_common_contract.yaml,99f53feff701ca0e8ddb39eaf4c2384b14067b4e69669a6d805e4efea668fb19,cd0beeec37632daa955a38f9eba4e42ab5553d9daac470a0028c402132af43b1,learned_at_runtime|adapter_graph_export_required,not_applicable,not_applicable,f811746fa7022ebf336f9ecd2434af5f365ecbf6,80622c5754f4565d76f33d9ab7aaac8e38aab8580f33e00dc2eedef92449619c,d7c77384eedf44b83bb464f03081bda024ebcdf3ebd2c5ef3e38acffa7bbfeef,adapter_ready,matched_no_graph,,pending
FULL_UNIFIED_RUN_V1,Favorita,2017-03-29,mtgnn_no_graph,no_graph,13,50,10,7,0.001,4,Adam,0.001,v1_0463_favorita_20170329_mtgnn_no_graph_s13,stage_1,log1p_huber_delta_1,latest locked 28-day rolling origin strictly before formal origin,reinitialize same seed; all pre-origin rolling samples; e_star epochs,configs/adapter_common_contract.yaml,99f53feff701ca0e8ddb39eaf4c2384b14067b4e69669a6d805e4efea668fb19,345dabcf47b0f7e1fb1895e4c61f5d5ebffaa56e09a9f5b2d7896f439c70937b,learned_at_runtime|adapter_graph_export_required,not_applicable,not_applicable,f811746fa7022ebf336f9ecd2434af5f365ecbf6,d7ee5f916d58833351dad9ee0a38804fd05656d393a6d2d8f9cc9dc8f9c815f0,d7c77384eedf44b83bb464f03081bda024ebcdf3ebd2c5ef3e38acffa7bbfeef,adapter_ready,matched_no_graph,,pending
FULL_UNIFIED_RUN_V1,Favorita,2017-03-29,mtgnn_no_graph,no_graph,29,50,10,7,0.001,4,Adam,0.001,v1_0464_favorita_20170329_mtgnn_no_graph_s29,stage_1,log1p_huber_delta_1,latest locked 28-day rolling origin strictly before formal origin,reinitialize same seed; all pre-origin rolling samples; e_star epochs,configs/adapter_common_contract.yaml,99f53feff701ca0e8ddb39eaf4c2384b14067b4e69669a6d805e4efea668fb19,345dabcf47b0f7e1fb1895e4c61f5d5ebffaa56e09a9f5b2d7896f439c70937b,learned_at_runtime|adapter_graph_export_required,not_applicable,not_applicable,f811746fa7022ebf336f9ecd2434af5f365ecbf6,ea55f225292ca3a626a3860ba90f1515423039c9518acbc1ac45ed0c569ecd56,d7c77384eedf44b83bb464f03081bda024ebcdf3ebd2c5ef3e38acffa7bbfeef,adapter_ready,matched_no_graph,,pending
FULL_UNIFIED_RUN_V1,Favorita,2017-03-29,mtgnn_no_graph,no_graph,47,50,10,7,0.001,4,Adam,0.001,v1_0465_favorita_20170329_mtgnn_no_graph_s47,stage_1,log1p_huber_delta_1,latest locked 28-day rolling origin strictly before formal origin,reinitialize same seed; all pre-origin rolling samples; e_star epochs,configs/adapter_common_contract.yaml,99f53feff701ca0e8ddb39eaf4c2384b14067b4e69669a6d805e4efea668fb19,345dabcf47b0f7e1fb1895e4c61f5d5ebffaa56e09a9f5b2d7896f439c70937b,learned_at_runtime|adapter_graph_export_required,not_applicable,not_applicable,f811746fa7022ebf336f9ecd2434af5f365ecbf6,8e83b6107ca138cd94b6cc92264082b4b0384796610bfd850cba6dce00548568,d7c77384eedf44b83bb464f03081bda024ebcdf3ebd2c5ef3e38acffa7bbfeef,adapter_ready,matched_no_graph,,pending
FULL_UNIFIED_RUN_V1,Favorita,2017-04-26,mtgnn_no_graph,no_graph,13,50,10,7,0.001,4,Adam,0.001,v1_0466_favorita_20170426_mtgnn_no_graph_s13,stage_1,log1p_huber_delta_1,latest locked 28-day rolling origin strictly before formal origin,reinitialize same seed; all pre-origin rolling samples; e_star epochs,configs/adapter_common_contract.yaml,99f53feff701ca0e8ddb39eaf4c2384b14067b4e69669a6d805e4efea668fb19,c488ebe713d35972ff5a908aa6c2090b4ea444972f31abbf215c0d17998dda91,learned_at_runtime|adapter_graph_export_required,not_applicable,not_applicable,f811746fa7022ebf336f9ecd2434af5f365ecbf6,1ead72b233409bdcfe76125720493dc7afe3ec555a423c5b8bfde659c9655cb4,d7c77384eedf44b83bb464f03081bda024ebcdf3ebd2c5ef3e38acffa7bbfeef,adapter_ready,matched_no_graph,,pending
FULL_UNIFIED_RUN_V1,Favorita,2017-04-26,mtgnn_no_graph,no_graph,29,50,10,7,0.001,4,Adam,0.001,v1_0467_favorita_20170426_mtgnn_no_graph_s29,stage_1,log1p_huber_delta_1,latest locked 28-day rolling origin strictly before formal origin,reinitialize same seed; all pre-origin rolling samples; e_star epochs,configs/adapter_common_contract.yaml,99f53feff701ca0e8ddb39eaf4c2384b14067b4e69669a6d805e4efea668fb19,c488ebe713d35972ff5a908aa6c2090b4ea444972f31abbf215c0d17998dda91,learned_at_runtime|adapter_graph_export_required,not_applicable,not_applicable,f811746fa7022ebf336f9ecd2434af5f365ecbf6,5fcf9c0ceb682eaea9e6b2b967c693b2ff45eb0e0bd0d47d8907860dabe5a314,d7c77384eedf44b83bb464f03081bda024ebcdf3ebd2c5ef3e38acffa7bbfeef,adapter_ready,matched_no_graph,,pending
FULL_UNIFIED_RUN_V1,Favorita,2017-04-26,mtgnn_no_graph,no_graph,47,50,10,7,0.001,4,Adam,0.001,v1_0468_favorita_20170426_mtgnn_no_graph_s47,stage_1,log1p_huber_delta_1,latest locked 28-day rolling origin strictly before formal origin,reinitialize same seed; all pre-origin rolling samples; e_star epochs,configs/adapter_common_contract.yaml,99f53feff701ca0e8ddb39eaf4c2384b14067b4e69669a6d805e4efea668fb19,c488ebe713d35972ff5a908aa6c2090b4ea444972f31abbf215c0d17998dda91,learned_at_runtime|adapter_graph_export_required,not_applicable,not_applicable,f811746fa7022ebf336f9ecd2434af5f365ecbf6,b8a1c17baddfdd16356e748c3da8d5696d0d3986edb9664adcacdad8a29194b1,d7c77384eedf44b83bb464f03081bda024ebcdf3ebd2c5ef3e38acffa7bbfeef,adapter_ready,matched_no_graph,,pending
FULL_UNIFIED_RUN_V1,Store Item,2017-05-22,mtgnn_no_graph,no_graph,13,50,10,7,0.001,4,Adam,0.001,v1_0469_store_item_20170522_mtgnn_no_graph_s13,stage_1,log1p_huber_delta_1,latest locked 28-day rolling origin strictly before formal origin,reinitialize same seed; all pre-origin rolling samples; e_star epochs,configs/adapter_common_contract.yaml,99f53feff701ca0e8ddb39eaf4c2384b14067b4e69669a6d805e4efea668fb19,96f573b570f1b2d301538d41f90dacef49f3190e6f15d4c0105641fefebfcd31,learned_at_runtime|adapter_graph_export_required,not_applicable,not_applicable,f811746fa7022ebf336f9ecd2434af5f365ecbf6,71a0e7d1ba8d978f9789a46936d80b155a2e66e2071c765a9b328cda25cf162f,d7c77384eedf44b83bb464f03081bda024ebcdf3ebd2c5ef3e38acffa7bbfeef,adapter_ready,matched_no_graph,test.csv|sample_submission.csv|sealed_independent_test,pending
FULL_UNIFIED_RUN_V1,Store Item,2017-05-22,mtgnn_no_graph,no_graph,29,50,10,7,0.001,4,Adam,0.001,v1_0470_store_item_20170522_mtgnn_no_graph_s29,stage_1,log1p_huber_delta_1,latest locked 28-day rolling origin strictly before formal origin,reinitialize same seed; all pre-origin rolling samples; e_star epochs,configs/adapter_common_contract.yaml,99f53feff701ca0e8ddb39eaf4c2384b14067b4e69669a6d805e4efea668fb19,96f573b570f1b2d301538d41f90dacef49f3190e6f15d4c0105641fefebfcd31,learned_at_runtime|adapter_graph_export_required,not_applicable,not_applicable,f811746fa7022ebf336f9ecd2434af5f365ecbf6,3a393c85f27878565c5bd2c6942a68183e708cd0cbffcba33cf292adeb5d8a9c,d7c77384eedf44b83bb464f03081bda024ebcdf3ebd2c5ef3e38acffa7bbfeef,adapter_ready,matched_no_graph,test.csv|sample_submission.csv|sealed_independent_test,pending
FULL_UNIFIED_RUN_V1,Store Item,2017-05-22,mtgnn_no_graph,no_graph,47,50,10,7,0.001,4,Adam,0.001,v1_0471_store_item_20170522_mtgnn_no_graph_s47,stage_1,log1p_huber_delta_1,latest locked 28-day rolling origin strictly before formal origin,reinitialize same seed; all pre-origin rolling samples; e_star epochs,configs/adapter_common_contract.yaml,99f53feff701ca0e8ddb39eaf4c2384b14067b4e69669a6d805e4efea668fb19,96f573b570f1b2d301538d41f90dacef49f3190e6f15d4c0105641fefebfcd31,learned_at_runtime|adapter_graph_export_required,not_applicable,not_applicable,f811746fa7022ebf336f9ecd2434af5f365ecbf6,d426bf743075898929c158cf99946968f196c98381b833cb38f0e93c862d1da9,d7c77384eedf44b83bb464f03081bda024ebcdf3ebd2c5ef3e38acffa7bbfeef,adapter_ready,matched_no_graph,test.csv|sample_submission.csv|sealed_independent_test,pending
FULL_UNIFIED_RUN_V1,Store Item,2017-06-19,mtgnn_no_graph,no_graph,13,50,10,7,0.001,4,Adam,0.001,v1_0472_store_item_20170619_mtgnn_no_graph_s13,stage_1,log1p_huber_delta_1,latest locked 28-day rolling origin strictly before formal origin,reinitialize same seed; all pre-origin rolling samples; e_star epochs,configs/adapter_common_contract.yaml,99f53feff701ca0e8ddb39eaf4c2384b14067b4e69669a6d805e4efea668fb19,28beca4732b3f14a100f847605d2098885a415ba97668113a3ccce044ffb107d,learned_at_runtime|adapter_graph_export_required,not_applicable,not_applicable,f811746fa7022ebf336f9ecd2434af5f365ecbf6,0000896199016f2603103fe98e591f3462e2a2bfd9379ec527284e41e5a9005d,d7c77384eedf44b83bb464f03081bda024ebcdf3ebd2c5ef3e38acffa7bbfeef,adapter_ready,matched_no_graph,test.csv|sample_submission.csv|sealed_independent_test,pending
FULL_UNIFIED_RUN_V1,Store Item,2017-06-19,mtgnn_no_graph,no_graph,29,50,10,7,0.001,4,Adam,0.001,v1_0473_store_item_20170619_mtgnn_no_graph_s29,stage_1,log1p_huber_delta_1,latest locked 28-day rolling origin strictly before formal origin,reinitialize same seed; all pre-origin rolling samples; e_star epochs,configs/adapter_common_contract.yaml,99f53feff701ca0e8ddb39eaf4c2384b14067b4e69669a6d805e4efea668fb19,28beca4732b3f14a100f847605d2098885a415ba97668113a3ccce044ffb107d,learned_at_runtime|adapter_graph_export_required,not_applicable,not_applicable,f811746fa7022ebf336f9ecd2434af5f365ecbf6,c08bfb7e3da17f147310c64575cb6ad0dc0ef1f85b53f0f4cc11f7a1a79374e0,d7c77384eedf44b83bb464f03081bda024ebcdf3ebd2c5ef3e38acffa7bbfeef,adapter_ready,matched_no_graph,test.csv|sample_submission.csv|sealed_independent_test,pending
FULL_UNIFIED_RUN_V1,Store Item,2017-06-19,mtgnn_no_graph,no_graph,47,50,10,7,0.001,4,Adam,0.001,v1_0474_store_item_20170619_mtgnn_no_graph_s47,stage_1,log1p_huber_delta_1,latest locked 28-day rolling origin strictly before formal origin,reinitialize same seed; all pre-origin rolling samples; e_star epochs,configs/adapter_common_contract.yaml,99f53feff701ca0e8ddb39eaf4c2384b14067b4e69669a6d805e4efea668fb19,28beca4732b3f14a100f847605d2098885a415ba97668113a3ccce044ffb107d,learned_at_runtime|adapter_graph_export_required,not_applicable,not_applicable,f811746fa7022ebf336f9ecd2434af5f365ecbf6,a5e1ed068445d4101c7aaafddce10465235063654c25a4968171322df986e39d,d7c77384eedf44b83bb464f03081bda024ebcdf3ebd2c5ef3e38acffa7bbfeef,adapter_ready,matched_no_graph,test.csv|sample_submission.csv|sealed_independent_test,pending
FULL_UNIFIED_RUN_V1,Store Item,2017-07-17,mtgnn_no_graph,no_graph,13,50,10,7,0.001,4,Adam,0.001,v1_0475_store_item_20170717_mtgnn_no_graph_s13,stage_1,log1p_huber_delta_1,latest locked 28-day rolling origin strictly before formal origin,reinitialize same seed; all pre-origin rolling samples; e_star epochs,configs/adapter_common_contract.yaml,99f53feff701ca0e8ddb39eaf4c2384b14067b4e69669a6d805e4efea668fb19,cb704e15bf73a80e87151fc7a786498308b0888b5b69c93a6c61d1fdd789036d,learned_at_runtime|adapter_graph_export_required,not_applicable,not_applicable,f811746fa7022ebf336f9ecd2434af5f365ecbf6,98c87717d260637b852908f434440b2fc998609afb84ac2e9387b935bda1e186,d7c77384eedf44b83bb464f03081bda024ebcdf3ebd2c5ef3e38acffa7bbfeef,adapter_ready,matched_no_graph,test.csv|sample_submission.csv|sealed_independent_test,pending
FULL_UNIFIED_RUN_V1,Store Item,2017-07-17,mtgnn_no_graph,no_graph,29,50,10,7,0.001,4,Adam,0.001,v1_0476_store_item_20170717_mtgnn_no_graph_s29,stage_1,log1p_huber_delta_1,latest locked 28-day rolling origin strictly before formal origin,reinitialize same seed; all pre-origin rolling samples; e_star epochs,configs/adapter_common_contract.yaml,99f53feff701ca0e8ddb39eaf4c2384b14067b4e69669a6d805e4efea668fb19,cb704e15bf73a80e87151fc7a786498308b0888b5b69c93a6c61d1fdd789036d,learned_at_runtime|adapter_graph_export_required,not_applicable,not_applicable,f811746fa7022ebf336f9ecd2434af5f365ecbf6,3fdd328876ca7663aa1267d4358485893e0660322e00baf2475c770afa60ccbf,d7c77384eedf44b83bb464f03081bda024ebcdf3ebd2c5ef3e38acffa7bbfeef,adapter_ready,matched_no_graph,test.csv|sample_submission.csv|sealed_independent_test,pending
FULL_UNIFIED_RUN_V1,Store Item,2017-07-17,mtgnn_no_graph,no_graph,47,50,10,7,0.001,4,Adam,0.001,v1_0477_store_item_20170717_mtgnn_no_graph_s47,stage_1,log1p_huber_delta_1,latest locked 28-day rolling origin strictly before formal origin,reinitialize same seed; all pre-origin rolling samples; e_star epochs,configs/adapter_common_contract.yaml,99f53feff701ca0e8ddb39eaf4c2384b14067b4e69669a6d805e4efea668fb19,cb704e15bf73a80e87151fc7a786498308b0888b5b69c93a6c61d1fdd789036d,learned_at_runtime|adapter_graph_export_required,not_applicable,not_applicable,f811746fa7022ebf336f9ecd2434af5f365ecbf6,43f65487573235a9e5aed013cf63b88f230c53b0042a76cde5aaa641650e3068,d7c77384eedf44b83bb464f03081bda024ebcdf3ebd2c5ef3e38acffa7bbfeef,adapter_ready,matched_no_graph,test.csv|sample_submission.csv|sealed_independent_test,pending
FULL_UNIFIED_RUN_V1,M5,2015-12-07,mtgnn_placebo,placebo,13,50,10,7,0.001,4,Adam,0.001,v1_0478_m5_20151207_mtgnn_placebo_s13,stage_1,log1p_huber_delta_1,latest locked 28-day rolling origin strictly before formal origin,reinitialize same seed; all pre-origin rolling samples; e_star epochs,configs/adapter_common_contract.yaml,0fdc80620cf8962630e75c1fa2432803a694bdd75347ebc77b3093fc02c15c5f,24f14f88e9945d2a7fb67744b119a74daf41bf279d2a3b941fb03feff77657e4,learned_at_runtime|adapter_graph_export_required,not_applicable,fixed_seed_13_resolve_per_adapter,f811746fa7022ebf336f9ecd2434af5f365ecbf6,48f6c4e76d2cc2259174c1829ad96030be785993822f8c2bbc81740e5843d0a1,d7c77384eedf44b83bb464f03081bda024ebcdf3ebd2c5ef3e38acffa7bbfeef,adapter_ready,topology_placebo,,pending
FULL_UNIFIED_RUN_V1,M5,2015-12-07,mtgnn_placebo,placebo,29,50,10,7,0.001,4,Adam,0.001,v1_0479_m5_20151207_mtgnn_placebo_s29,stage_1,log1p_huber_delta_1,latest locked 28-day rolling origin strictly before formal origin,reinitialize same seed; all pre-origin rolling samples; e_star epochs,configs/adapter_common_contract.yaml,0fdc80620cf8962630e75c1fa2432803a694bdd75347ebc77b3093fc02c15c5f,24f14f88e9945d2a7fb67744b119a74daf41bf279d2a3b941fb03feff77657e4,learned_at_runtime|adapter_graph_export_required,not_applicable,fixed_seed_13_resolve_per_adapter,f811746fa7022ebf336f9ecd2434af5f365ecbf6,502b7a8e78d6dc2acec620ef87d578c0fce19f698c8ddd539105d3fd50cc076e,d7c77384eedf44b83bb464f03081bda024ebcdf3ebd2c5ef3e38acffa7bbfeef,adapter_ready,topology_placebo,,pending
FULL_UNIFIED_RUN_V1,M5,2015-12-07,mtgnn_placebo,placebo,47,50,10,7,0.001,4,Adam,0.001,v1_0480_m5_20151207_mtgnn_placebo_s47,stage_1,log1p_huber_delta_1,latest locked 28-day rolling origin strictly before formal origin,reinitialize same seed; all pre-origin rolling samples; e_star epochs,configs/adapter_common_contract.yaml,0fdc80620cf8962630e75c1fa2432803a694bdd75347ebc77b3093fc02c15c5f,24f14f88e9945d2a7fb67744b119a74daf41bf279d2a3b941fb03feff77657e4,learned_at_runtime|adapter_graph_export_required,not_applicable,fixed_seed_13_resolve_per_adapter,f811746fa7022ebf336f9ecd2434af5f365ecbf6,93f4441d93e496f8bd2746329f574a8b9423c66124df332ad048286a6991d324,d7c77384eedf44b83bb464f03081bda024ebcdf3ebd2c5ef3e38acffa7bbfeef,adapter_ready,topology_placebo,,pending
FULL_UNIFIED_RUN_V1,M5,2016-01-04,mtgnn_placebo,placebo,13,50,10,7,0.001,4,Adam,0.001,v1_0481_m5_20160104_mtgnn_placebo_s13,stage_1,log1p_huber_delta_1,latest locked 28-day rolling origin strictly before formal origin,reinitialize same seed; all pre-origin rolling samples; e_star epochs,configs/adapter_common_contract.yaml,0fdc80620cf8962630e75c1fa2432803a694bdd75347ebc77b3093fc02c15c5f,f363d22b50ee5ecf935d764748129bbf4e83b2417ab50854a465cae0c12fccbf,learned_at_runtime|adapter_graph_export_required,not_applicable,fixed_seed_13_resolve_per_adapter,f811746fa7022ebf336f9ecd2434af5f365ecbf6,f5862d189e165a9bc0f97938b4029a6713f62c4bca579c9ca2d9a188c9349445,d7c77384eedf44b83bb464f03081bda024ebcdf3ebd2c5ef3e38acffa7bbfeef,adapter_ready,topology_placebo,,pending
FULL_UNIFIED_RUN_V1,M5,2016-01-04,mtgnn_placebo,placebo,29,50,10,7,0.001,4,Adam,0.001,v1_0482_m5_20160104_mtgnn_placebo_s29,stage_1,log1p_huber_delta_1,latest locked 28-day rolling origin strictly before formal origin,reinitialize same seed; all pre-origin rolling samples; e_star epochs,configs/adapter_common_contract.yaml,0fdc80620cf8962630e75c1fa2432803a694bdd75347ebc77b3093fc02c15c5f,f363d22b50ee5ecf935d764748129bbf4e83b2417ab50854a465cae0c12fccbf,learned_at_runtime|adapter_graph_export_required,not_applicable,fixed_seed_13_resolve_per_adapter,f811746fa7022ebf336f9ecd2434af5f365ecbf6,2413999f453a5b6dc8ae9e0fcedaca9370e9a4f87816b74ef4cb811b3c7cb6ac,d7c77384eedf44b83bb464f03081bda024ebcdf3ebd2c5ef3e38acffa7bbfeef,adapter_ready,topology_placebo,,pending
FULL_UNIFIED_RUN_V1,M5,2016-01-04,mtgnn_placebo,placebo,47,50,10,7,0.001,4,Adam,0.001,v1_0483_m5_20160104_mtgnn_placebo_s47,stage_1,log1p_huber_delta_1,latest locked 28-day rolling origin strictly before formal origin,reinitialize same seed; all pre-origin rolling samples; e_star epochs,configs/adapter_common_contract.yaml,0fdc80620cf8962630e75c1fa2432803a694bdd75347ebc77b3093fc02c15c5f,f363d22b50ee5ecf935d764748129bbf4e83b2417ab50854a465cae0c12fccbf,learned_at_runtime|adapter_graph_export_required,not_applicable,fixed_seed_13_resolve_per_adapter,f811746fa7022ebf336f9ecd2434af5f365ecbf6,f008faebf0357ee4551a2fa840923eaead5103df367f55ca3b7cae1b28d4cf6d,d7c77384eedf44b83bb464f03081bda024ebcdf3ebd2c5ef3e38acffa7bbfeef,adapter_ready,topology_placebo,,pending
FULL_UNIFIED_RUN_V1,M5,2016-02-01,mtgnn_placebo,placebo,13,50,10,7,0.001,4,Adam,0.001,v1_0484_m5_20160201_mtgnn_placebo_s13,stage_1,log1p_huber_delta_1,latest locked 28-day rolling origin strictly before formal origin,reinitialize same seed; all pre-origin rolling samples; e_star epochs,configs/adapter_common_contract.yaml,0fdc80620cf8962630e75c1fa2432803a694bdd75347ebc77b3093fc02c15c5f,84ec5e1a462241b724bdb52169726ffe86647b20efbad04d01b949a8b9fc2a01,learned_at_runtime|adapter_graph_export_required,not_applicable,fixed_seed_13_resolve_per_adapter,f811746fa7022ebf336f9ecd2434af5f365ecbf6,38878adf2668cb06011f755979d480c1fa58eb35e305d87df7674b29fe3147ee,d7c77384eedf44b83bb464f03081bda024ebcdf3ebd2c5ef3e38acffa7bbfeef,adapter_ready,topology_placebo,,pending
FULL_UNIFIED_RUN_V1,M5,2016-02-01,mtgnn_placebo,placebo,29,50,10,7,0.001,4,Adam,0.001,v1_0485_m5_20160201_mtgnn_placebo_s29,stage_1,log1p_huber_delta_1,latest locked 28-day rolling origin strictly before formal origin,reinitialize same seed; all pre-origin rolling samples; e_star epochs,configs/adapter_common_contract.yaml,0fdc80620cf8962630e75c1fa2432803a694bdd75347ebc77b3093fc02c15c5f,84ec5e1a462241b724bdb52169726ffe86647b20efbad04d01b949a8b9fc2a01,learned_at_runtime|adapter_graph_export_required,not_applicable,fixed_seed_13_resolve_per_adapter,f811746fa7022ebf336f9ecd2434af5f365ecbf6,1eb27dca68bb52dfb33605ccb210ca813f73fb933152502b7d72a5c0ae6189f2,d7c77384eedf44b83bb464f03081bda024ebcdf3ebd2c5ef3e38acffa7bbfeef,adapter_ready,topology_placebo,,pending
FULL_UNIFIED_RUN_V1,M5,2016-02-01,mtgnn_placebo,placebo,47,50,10,7,0.001,4,Adam,0.001,v1_0486_m5_20160201_mtgnn_placebo_s47,stage_1,log1p_huber_delta_1,latest locked 28-day rolling origin strictly before formal origin,reinitialize same seed; all pre-origin rolling samples; e_star epochs,configs/adapter_common_contract.yaml,0fdc80620cf8962630e75c1fa2432803a694bdd75347ebc77b3093fc02c15c5f,84ec5e1a462241b724bdb52169726ffe86647b20efbad04d01b949a8b9fc2a01,learned_at_runtime|adapter_graph_export_required,not_applicable,fixed_seed_13_resolve_per_adapter,f811746fa7022ebf336f9ecd2434af5f365ecbf6,6f3a2c7d168ed4e8c42ea3be19ebfea8ec14ec3b30f6b5d1f0d3a808091bf922,d7c77384eedf44b83bb464f03081bda024ebcdf3ebd2c5ef3e38acffa7bbfeef,adapter_ready,topology_placebo,,pending
FULL_UNIFIED_RUN_V1,Favorita,2017-03-01,mtgnn_placebo,placebo,13,50,10,7,0.001,4,Adam,0.001,v1_0487_favorita_20170301_mtgnn_placebo_s13,stage_1,log1p_huber_delta_1,latest locked 28-day rolling origin strictly before formal origin,reinitialize same seed; all pre-origin rolling samples; e_star epochs,configs/adapter_common_contract.yaml,99f53feff701ca0e8ddb39eaf4c2384b14067b4e69669a6d805e4efea668fb19,cd0beeec37632daa955a38f9eba4e42ab5553d9daac470a0028c402132af43b1,learned_at_runtime|adapter_graph_export_required,not_applicable,fixed_seed_13_resolve_per_adapter,f811746fa7022ebf336f9ecd2434af5f365ecbf6,1c6c506e93a2204ec5196d60947667a24cf0070a6cc6f4d4a937846283634b66,d7c77384eedf44b83bb464f03081bda024ebcdf3ebd2c5ef3e38acffa7bbfeef,adapter_ready,topology_placebo,,pending
FULL_UNIFIED_RUN_V1,Favorita,2017-03-01,mtgnn_placebo,placebo,29,50,10,7,0.001,4,Adam,0.001,v1_0488_favorita_20170301_mtgnn_placebo_s29,stage_1,log1p_huber_delta_1,latest locked 28-day rolling origin strictly before formal origin,reinitialize same seed; all pre-origin rolling samples; e_star epochs,configs/adapter_common_contract.yaml,99f53feff701ca0e8ddb39eaf4c2384b14067b4e69669a6d805e4efea668fb19,cd0beeec37632daa955a38f9eba4e42ab5553d9daac470a0028c402132af43b1,learned_at_runtime|adapter_graph_export_required,not_applicable,fixed_seed_13_resolve_per_adapter,f811746fa7022ebf336f9ecd2434af5f365ecbf6,18ddd146a48e9dc2f3d9aca7ca815f0e4f86b66a8f4cc95d840a7ac07e320a2f,d7c77384eedf44b83bb464f03081bda024ebcdf3ebd2c5ef3e38acffa7bbfeef,adapter_ready,topology_placebo,,pending
FULL_UNIFIED_RUN_V1,Favorita,2017-03-01,mtgnn_placebo,placebo,47,50,10,7,0.001,4,Adam,0.001,v1_0489_favorita_20170301_mtgnn_placebo_s47,stage_1,log1p_huber_delta_1,latest locked 28-day rolling origin strictly before formal origin,reinitialize same seed; all pre-origin rolling samples; e_star epochs,configs/adapter_common_contract.yaml,99f53feff701ca0e8ddb39eaf4c2384b14067b4e69669a6d805e4efea668fb19,cd0beeec37632daa955a38f9eba4e42ab5553d9daac470a0028c402132af43b1,learned_at_runtime|adapter_graph_export_required,not_applicable,fixed_seed_13_resolve_per_adapter,f811746fa7022ebf336f9ecd2434af5f365ecbf6,54968cc79c909a129c87d608cc669a383793a981c65cb01a6c6f2b2c0c87cd0b,d7c77384eedf44b83bb464f03081bda024ebcdf3ebd2c5ef3e38acffa7bbfeef,adapter_ready,topology_placebo,,pending
FULL_UNIFIED_RUN_V1,Favorita,2017-03-29,mtgnn_placebo,placebo,13,50,10,7,0.001,4,Adam,0.001,v1_0490_favorita_20170329_mtgnn_placebo_s13,stage_1,log1p_huber_delta_1,latest locked 28-day rolling origin strictly before formal origin,reinitialize same seed; all pre-origin rolling samples; e_star epochs,configs/adapter_common_contract.yaml,99f53feff701ca0e8ddb39eaf4c2384b14067b4e69669a6d805e4efea668fb19,345dabcf47b0f7e1fb1895e4c61f5d5ebffaa56e09a9f5b2d7896f439c70937b,learned_at_runtime|adapter_graph_export_required,not_applicable,fixed_seed_13_resolve_per_adapter,f811746fa7022ebf336f9ecd2434af5f365ecbf6,8c4149ec9bb9b2d1abfb4f9834c7a69a88e457e9b58a5707cdad825c223ac0c4,d7c77384eedf44b83bb464f03081bda024ebcdf3ebd2c5ef3e38acffa7bbfeef,adapter_ready,topology_placebo,,pending
FULL_UNIFIED_RUN_V1,Favorita,2017-03-29,mtgnn_placebo,placebo,29,50,10,7,0.001,4,Adam,0.001,v1_0491_favorita_20170329_mtgnn_placebo_s29,stage_1,log1p_huber_delta_1,latest locked 28-day rolling origin strictly before formal origin,reinitialize same seed; all pre-origin rolling samples; e_star epochs,configs/adapter_common_contract.yaml,99f53feff701ca0e8ddb39eaf4c2384b14067b4e69669a6d805e4efea668fb19,345dabcf47b0f7e1fb1895e4c61f5d5ebffaa56e09a9f5b2d7896f439c70937b,learned_at_runtime|adapter_graph_export_required,not_applicable,fixed_seed_13_resolve_per_adapter,f811746fa7022ebf336f9ecd2434af5f365ecbf6,c404136b9a7bdf5b540818cd8affcdf2cc08c5aa2913b415a63b338e2a510ce3,d7c77384eedf44b83bb464f03081bda024ebcdf3ebd2c5ef3e38acffa7bbfeef,adapter_ready,topology_placebo,,pending
FULL_UNIFIED_RUN_V1,Favorita,2017-03-29,mtgnn_placebo,placebo,47,50,10,7,0.001,4,Adam,0.001,v1_0492_favorita_20170329_mtgnn_placebo_s47,stage_1,log1p_huber_delta_1,latest locked 28-day rolling origin strictly before formal origin,reinitialize same seed; all pre-origin rolling samples; e_star epochs,configs/adapter_common_contract.yaml,99f53feff701ca0e8ddb39eaf4c2384b14067b4e69669a6d805e4efea668fb19,345dabcf47b0f7e1fb1895e4c61f5d5ebffaa56e09a9f5b2d7896f439c70937b,learned_at_runtime|adapter_graph_export_required,not_applicable,fixed_seed_13_resolve_per_adapter,f811746fa7022ebf336f9ecd2434af5f365ecbf6,1322837fc649d137388f222f9e8d0d308797ee2d38f2b44ba1503df880a46159,d7c77384eedf44b83bb464f03081bda024ebcdf3ebd2c5ef3e38acffa7bbfeef,adapter_ready,topology_placebo,,pending
FULL_UNIFIED_RUN_V1,Favorita,2017-04-26,mtgnn_placebo,placebo,13,50,10,7,0.001,4,Adam,0.001,v1_0493_favorita_20170426_mtgnn_placebo_s13,stage_1,log1p_huber_delta_1,latest locked 28-day rolling origin strictly before formal origin,reinitialize same seed; all pre-origin rolling samples; e_star epochs,configs/adapter_common_contract.yaml,99f53feff701ca0e8ddb39eaf4c2384b14067b4e69669a6d805e4efea668fb19,c488ebe713d35972ff5a908aa6c2090b4ea444972f31abbf215c0d17998dda91,learned_at_runtime|adapter_graph_export_required,not_applicable,fixed_seed_13_resolve_per_adapter,f811746fa7022ebf336f9ecd2434af5f365ecbf6,efd0cc3ab8adb46ab75d2833719d2d4b1c6f6081ee04ff6b03fbade713d9aec8,d7c77384eedf44b83bb464f03081bda024ebcdf3ebd2c5ef3e38acffa7bbfeef,adapter_ready,topology_placebo,,pending
FULL_UNIFIED_RUN_V1,Favorita,2017-04-26,mtgnn_placebo,placebo,29,50,10,7,0.001,4,Adam,0.001,v1_0494_favorita_20170426_mtgnn_placebo_s29,stage_1,log1p_huber_delta_1,latest locked 28-day rolling origin strictly before formal origin,reinitialize same seed; all pre-origin rolling samples; e_star epochs,configs/adapter_common_contract.yaml,99f53feff701ca0e8ddb39eaf4c2384b14067b4e69669a6d805e4efea668fb19,c488ebe713d35972ff5a908aa6c2090b4ea444972f31abbf215c0d17998dda91,learned_at_runtime|adapter_graph_export_required,not_applicable,fixed_seed_13_resolve_per_adapter,f811746fa7022ebf336f9ecd2434af5f365ecbf6,9e6703f95bf9c7f6aeb1cda54c82d821e870b9c330ffd784b0d5f3dbb4ab07dc,d7c77384eedf44b83bb464f03081bda024ebcdf3ebd2c5ef3e38acffa7bbfeef,adapter_ready,topology_placebo,,pending
FULL_UNIFIED_RUN_V1,Favorita,2017-04-26,mtgnn_placebo,placebo,47,50,10,7,0.001,4,Adam,0.001,v1_0495_favorita_20170426_mtgnn_placebo_s47,stage_1,log1p_huber_delta_1,latest locked 28-day rolling origin strictly before formal origin,reinitialize same seed; all pre-origin rolling samples; e_star epochs,configs/adapter_common_contract.yaml,99f53feff701ca0e8ddb39eaf4c2384b14067b4e69669a6d805e4efea668fb19,c488ebe713d35972ff5a908aa6c2090b4ea444972f31abbf215c0d17998dda91,learned_at_runtime|adapter_graph_export_required,not_applicable,fixed_seed_13_resolve_per_adapter,f811746fa7022ebf336f9ecd2434af5f365ecbf6,a4baba50b9c8c189774171ee38f367682adcf86b2f10d5cb8e8f16bd3a546103,d7c77384eedf44b83bb464f03081bda024ebcdf3ebd2c5ef3e38acffa7bbfeef,adapter_ready,topology_placebo,,pending
FULL_UNIFIED_RUN_V1,Store Item,2017-05-22,mtgnn_placebo,placebo,13,50,10,7,0.001,4,Adam,0.001,v1_0496_store_item_20170522_mtgnn_placebo_s13,stage_1,log1p_huber_delta_1,latest locked 28-day rolling origin strictly before formal origin,reinitialize same seed; all pre-origin rolling samples; e_star epochs,configs/adapter_common_contract.yaml,99f53feff701ca0e8ddb39eaf4c2384b14067b4e69669a6d805e4efea668fb19,96f573b570f1b2d301538d41f90dacef49f3190e6f15d4c0105641fefebfcd31,learned_at_runtime|adapter_graph_export_required,not_applicable,fixed_seed_13_resolve_per_adapter,f811746fa7022ebf336f9ecd2434af5f365ecbf6,172bcef84eb22bdc7abd0e8ee8d77c5548fc54249d79d6d69c7f54dbe550fbea,d7c77384eedf44b83bb464f03081bda024ebcdf3ebd2c5ef3e38acffa7bbfeef,adapter_ready,topology_placebo,test.csv|sample_submission.csv|sealed_independent_test,pending
FULL_UNIFIED_RUN_V1,Store Item,2017-05-22,mtgnn_placebo,placebo,29,50,10,7,0.001,4,Adam,0.001,v1_0497_store_item_20170522_mtgnn_placebo_s29,stage_1,log1p_huber_delta_1,latest locked 28-day rolling origin strictly before formal origin,reinitialize same seed; all pre-origin rolling samples; e_star epochs,configs/adapter_common_contract.yaml,99f53feff701ca0e8ddb39eaf4c2384b14067b4e69669a6d805e4efea668fb19,96f573b570f1b2d301538d41f90dacef49f3190e6f15d4c0105641fefebfcd31,learned_at_runtime|adapter_graph_export_required,not_applicable,fixed_seed_13_resolve_per_adapter,f811746fa7022ebf336f9ecd2434af5f365ecbf6,fda468b2e8685dd1117620a05f9d1d3f113e7d9f620450a0b3af3497d793aadc,d7c77384eedf44b83bb464f03081bda024ebcdf3ebd2c5ef3e38acffa7bbfeef,adapter_ready,topology_placebo,test.csv|sample_submission.csv|sealed_independent_test,pending
FULL_UNIFIED_RUN_V1,Store Item,2017-05-22,mtgnn_placebo,placebo,47,50,10,7,0.001,4,Adam,0.001,v1_0498_store_item_20170522_mtgnn_placebo_s47,stage_1,log1p_huber_delta_1,latest locked 28-day rolling origin strictly before formal origin,reinitialize same seed; all pre-origin rolling samples; e_star epochs,configs/adapter_common_contract.yaml,99f53feff701ca0e8ddb39eaf4c2384b14067b4e69669a6d805e4efea668fb19,96f573b570f1b2d301538d41f90dacef49f3190e6f15d4c0105641fefebfcd31,learned_at_runtime|adapter_graph_export_required,not_applicable,fixed_seed_13_resolve_per_adapter,f811746fa7022ebf336f9ecd2434af5f365ecbf6,afed3cbd8fa5d7bd461f5793881ccb544cc1db33632a1c4c9e26ae571a8d4dcb,d7c77384eedf44b83bb464f03081bda024ebcdf3ebd2c5ef3e38acffa7bbfeef,adapter_ready,topology_placebo,test.csv|sample_submission.csv|sealed_independent_test,pending
FULL_UNIFIED_RUN_V1,Store Item,2017-06-19,mtgnn_placebo,placebo,13,50,10,7,0.001,4,Adam,0.001,v1_0499_store_item_20170619_mtgnn_placebo_s13,stage_1,log1p_huber_delta_1,latest locked 28-day rolling origin strictly before formal origin,reinitialize same seed; all pre-origin rolling samples; e_star epochs,configs/adapter_common_contract.yaml,99f53feff701ca0e8ddb39eaf4c2384b14067b4e69669a6d805e4efea668fb19,28beca4732b3f14a100f847605d2098885a415ba97668113a3ccce044ffb107d,learned_at_runtime|adapter_graph_export_required,not_applicable,fixed_seed_13_resolve_per_adapter,f811746fa7022ebf336f9ecd2434af5f365ecbf6,e9d72b51bece95434b81ccb8bb301b457acc306f48c4e86e432a78f4abc16b4d,d7c77384eedf44b83bb464f03081bda024ebcdf3ebd2c5ef3e38acffa7bbfeef,adapter_ready,topology_placebo,test.csv|sample_submission.csv|sealed_independent_test,pending
FULL_UNIFIED_RUN_V1,Store Item,2017-06-19,mtgnn_placebo,placebo,29,50,10,7,0.001,4,Adam,0.001,v1_0500_store_item_20170619_mtgnn_placebo_s29,stage_1,log1p_huber_delta_1,latest locked 28-day rolling origin strictly before formal origin,reinitialize same seed; all pre-origin rolling samples; e_star epochs,configs/adapter_common_contract.yaml,99f53feff701ca0e8ddb39eaf4c2384b14067b4e69669a6d805e4efea668fb19,28beca4732b3f14a100f847605d2098885a415ba97668113a3ccce044ffb107d,learned_at_runtime|adapter_graph_export_required,not_applicable,fixed_seed_13_resolve_per_adapter,f811746fa7022ebf336f9ecd2434af5f365ecbf6,7bb4598d9dc2188f502f25d2c4c98b3de7ec10cd1885306840c6b81d337440d0,d7c77384eedf44b83bb464f03081bda024ebcdf3ebd2c5ef3e38acffa7bbfeef,adapter_ready,topology_placebo,test.csv|sample_submission.csv|sealed_independent_test,pending
FULL_UNIFIED_RUN_V1,Store Item,2017-06-19,mtgnn_placebo,placebo,47,50,10,7,0.001,4,Adam,0.001,v1_0501_store_item_20170619_mtgnn_placebo_s47,stage_1,log1p_huber_delta_1,latest locked 28-day rolling origin strictly before formal origin,reinitialize same seed; all pre-origin rolling samples; e_star epochs,configs/adapter_common_contract.yaml,99f53feff701ca0e8ddb39eaf4c2384b14067b4e69669a6d805e4efea668fb19,28beca4732b3f14a100f847605d2098885a415ba97668113a3ccce044ffb107d,learned_at_runtime|adapter_graph_export_required,not_applicable,fixed_seed_13_resolve_per_adapter,f811746fa7022ebf336f9ecd2434af5f365ecbf6,a733fc61d035b222371968fa048f27cb0570dd2aa4073e7137632b9ea4dba746,d7c77384eedf44b83bb464f03081bda024ebcdf3ebd2c5ef3e38acffa7bbfeef,adapter_ready,topology_placebo,test.csv|sample_submission.csv|sealed_independent_test,pending
FULL_UNIFIED_RUN_V1,Store Item,2017-07-17,mtgnn_placebo,placebo,13,50,10,7,0.001,4,Adam,0.001,v1_0502_store_item_20170717_mtgnn_placebo_s13,stage_1,log1p_huber_delta_1,latest locked 28-day rolling origin strictly before formal origin,reinitialize same seed; all pre-origin rolling samples; e_star epochs,configs/adapter_common_contract.yaml,99f53feff701ca0e8ddb39eaf4c2384b14067b4e69669a6d805e4efea668fb19,cb704e15bf73a80e87151fc7a786498308b0888b5b69c93a6c61d1fdd789036d,learned_at_runtime|adapter_graph_export_required,not_applicable,fixed_seed_13_resolve_per_adapter,f811746fa7022ebf336f9ecd2434af5f365ecbf6,6ece71e31b33a85498e443131e98a636547f433674cc315c74a0a6963ca88351,d7c77384eedf44b83bb464f03081bda024ebcdf3ebd2c5ef3e38acffa7bbfeef,adapter_ready,topology_placebo,test.csv|sample_submission.csv|sealed_independent_test,pending
FULL_UNIFIED_RUN_V1,Store Item,2017-07-17,mtgnn_placebo,placebo,29,50,10,7,0.001,4,Adam,0.001,v1_0503_store_item_20170717_mtgnn_placebo_s29,stage_1,log1p_huber_delta_1,latest locked 28-day rolling origin strictly before formal origin,reinitialize same seed; all pre-origin rolling samples; e_star epochs,configs/adapter_common_contract.yaml,99f53feff701ca0e8ddb39eaf4c2384b14067b4e69669a6d805e4efea668fb19,cb704e15bf73a80e87151fc7a786498308b0888b5b69c93a6c61d1fdd789036d,learned_at_runtime|adapter_graph_export_required,not_applicable,fixed_seed_13_resolve_per_adapter,f811746fa7022ebf336f9ecd2434af5f365ecbf6,ad4ed22d0df546f2af4d3e769b64fd10d21e00f934d00caac758255dcfbc9fca,d7c77384eedf44b83bb464f03081bda024ebcdf3ebd2c5ef3e38acffa7bbfeef,adapter_ready,topology_placebo,test.csv|sample_submission.csv|sealed_independent_test,pending
FULL_UNIFIED_RUN_V1,Store Item,2017-07-17,mtgnn_placebo,placebo,47,50,10,7,0.001,4,Adam,0.001,v1_0504_store_item_20170717_mtgnn_placebo_s47,stage_1,log1p_huber_delta_1,latest locked 28-day rolling origin strictly before formal origin,reinitialize same seed; all pre-origin rolling samples; e_star epochs,configs/adapter_common_contract.yaml,99f53feff701ca0e8ddb39eaf4c2384b14067b4e69669a6d805e4efea668fb19,cb704e15bf73a80e87151fc7a786498308b0888b5b69c93a6c61d1fdd789036d,learned_at_runtime|adapter_graph_export_required,not_applicable,fixed_seed_13_resolve_per_adapter,f811746fa7022ebf336f9ecd2434af5f365ecbf6,992ec8bb88baafea65a38a579f303b5042b33d9db1dc1c6c11b9467fa7badd73,d7c77384eedf44b83bb464f03081bda024ebcdf3ebd2c5ef3e38acffa7bbfeef,adapter_ready,topology_placebo,test.csv|sample_submission.csv|sealed_independent_test,pending
FULL_UNIFIED_RUN_V1,M5,2015-12-07,mage_native,native,13,50,10,7,0.001,4,Adam,0.001,v1_0505_m5_20151207_mage_native_s13,stage_1,log1p_huber_delta_1,latest locked 28-day rolling origin strictly before formal origin,reinitialize same seed; all pre-origin rolling samples; e_star epochs,configs/adapter_common_contract.yaml,0fdc80620cf8962630e75c1fa2432803a694bdd75347ebc77b3093fc02c15c5f,24f14f88e9945d2a7fb67744b119a74daf41bf279d2a3b941fb03feff77657e4,learned_at_runtime|adapter_graph_export_required,not_applicable,not_applicable,f1fdd27da4e72a140c4f341f94d368fbcaec7507|NO_LICENSE_FILE_FOUND,2539b064d7298e8aa34300c6191783d912975e72eb2906cfd4c27b10f7eba716,d7c77384eedf44b83bb464f03081bda024ebcdf3ebd2c5ef3e38acffa7bbfeef,adapter_ready,graph_enabled,,pending
FULL_UNIFIED_RUN_V1,M5,2015-12-07,mage_native,native,29,50,10,7,0.001,4,Adam,0.001,v1_0506_m5_20151207_mage_native_s29,stage_1,log1p_huber_delta_1,latest locked 28-day rolling origin strictly before formal origin,reinitialize same seed; all pre-origin rolling samples; e_star epochs,configs/adapter_common_contract.yaml,0fdc80620cf8962630e75c1fa2432803a694bdd75347ebc77b3093fc02c15c5f,24f14f88e9945d2a7fb67744b119a74daf41bf279d2a3b941fb03feff77657e4,learned_at_runtime|adapter_graph_export_required,not_applicable,not_applicable,f1fdd27da4e72a140c4f341f94d368fbcaec7507|NO_LICENSE_FILE_FOUND,519fda11e1c811b1fba869c29afb784a480f299065534088ac8694b3379d310a,d7c77384eedf44b83bb464f03081bda024ebcdf3ebd2c5ef3e38acffa7bbfeef,adapter_ready,graph_enabled,,pending
FULL_UNIFIED_RUN_V1,M5,2015-12-07,mage_native,native,47,50,10,7,0.001,4,Adam,0.001,v1_0507_m5_20151207_mage_native_s47,stage_1,log1p_huber_delta_1,latest locked 28-day rolling origin strictly before formal origin,reinitialize same seed; all pre-origin rolling samples; e_star epochs,configs/adapter_common_contract.yaml,0fdc80620cf8962630e75c1fa2432803a694bdd75347ebc77b3093fc02c15c5f,24f14f88e9945d2a7fb67744b119a74daf41bf279d2a3b941fb03feff77657e4,learned_at_runtime|adapter_graph_export_required,not_applicable,not_applicable,f1fdd27da4e72a140c4f341f94d368fbcaec7507|NO_LICENSE_FILE_FOUND,32dac8a711643f1fd2efc513239b6220600505affaba26555fe95a2708e0ebc7,d7c77384eedf44b83bb464f03081bda024ebcdf3ebd2c5ef3e38acffa7bbfeef,adapter_ready,graph_enabled,,pending
FULL_UNIFIED_RUN_V1,M5,2016-01-04,mage_native,native,13,50,10,7,0.001,4,Adam,0.001,v1_0508_m5_20160104_mage_native_s13,stage_1,log1p_huber_delta_1,latest locked 28-day rolling origin strictly before formal origin,reinitialize same seed; all pre-origin rolling samples; e_star epochs,configs/adapter_common_contract.yaml,0fdc80620cf8962630e75c1fa2432803a694bdd75347ebc77b3093fc02c15c5f,f363d22b50ee5ecf935d764748129bbf4e83b2417ab50854a465cae0c12fccbf,learned_at_runtime|adapter_graph_export_required,not_applicable,not_applicable,f1fdd27da4e72a140c4f341f94d368fbcaec7507|NO_LICENSE_FILE_FOUND,bbe716ea146c1afadc826ac3537853083b2311c61dcc40d5e27768f958a6913a,d7c77384eedf44b83bb464f03081bda024ebcdf3ebd2c5ef3e38acffa7bbfeef,adapter_ready,graph_enabled,,pending
FULL_UNIFIED_RUN_V1,M5,2016-01-04,mage_native,native,29,50,10,7,0.001,4,Adam,0.001,v1_0509_m5_20160104_mage_native_s29,stage_1,log1p_huber_delta_1,latest locked 28-day rolling origin strictly before formal origin,reinitialize same seed; all pre-origin rolling samples; e_star epochs,configs/adapter_common_contract.yaml,0fdc80620cf8962630e75c1fa2432803a694bdd75347ebc77b3093fc02c15c5f,f363d22b50ee5ecf935d764748129bbf4e83b2417ab50854a465cae0c12fccbf,learned_at_runtime|adapter_graph_export_required,not_applicable,not_applicable,f1fdd27da4e72a140c4f341f94d368fbcaec7507|NO_LICENSE_FILE_FOUND,23d173bfc71a88f42682a963e12e5db3f936f4ea0d42e4a509146619b48b2e02,d7c77384eedf44b83bb464f03081bda024ebcdf3ebd2c5ef3e38acffa7bbfeef,adapter_ready,graph_enabled,,pending
FULL_UNIFIED_RUN_V1,M5,2016-01-04,mage_native,native,47,50,10,7,0.001,4,Adam,0.001,v1_0510_m5_20160104_mage_native_s47,stage_1,log1p_huber_delta_1,latest locked 28-day rolling origin strictly before formal origin,reinitialize same seed; all pre-origin rolling samples; e_star epochs,configs/adapter_common_contract.yaml,0fdc80620cf8962630e75c1fa2432803a694bdd75347ebc77b3093fc02c15c5f,f363d22b50ee5ecf935d764748129bbf4e83b2417ab50854a465cae0c12fccbf,learned_at_runtime|adapter_graph_export_required,not_applicable,not_applicable,f1fdd27da4e72a140c4f341f94d368fbcaec7507|NO_LICENSE_FILE_FOUND,afc7f671979922595b76344bb4f6e217862d1f2592fd31e202cdf3e3944bb5ac,d7c77384eedf44b83bb464f03081bda024ebcdf3ebd2c5ef3e38acffa7bbfeef,adapter_ready,graph_enabled,,pending
FULL_UNIFIED_RUN_V1,M5,2016-02-01,mage_native,native,13,50,10,7,0.001,4,Adam,0.001,v1_0511_m5_20160201_mage_native_s13,stage_1,log1p_huber_delta_1,latest locked 28-day rolling origin strictly before formal origin,reinitialize same seed; all pre-origin rolling samples; e_star epochs,configs/adapter_common_contract.yaml,0fdc80620cf8962630e75c1fa2432803a694bdd75347ebc77b3093fc02c15c5f,84ec5e1a462241b724bdb52169726ffe86647b20efbad04d01b949a8b9fc2a01,learned_at_runtime|adapter_graph_export_required,not_applicable,not_applicable,f1fdd27da4e72a140c4f341f94d368fbcaec7507|NO_LICENSE_FILE_FOUND,cff0ee708278e222472cb2ac6bd4a230cdecc1e831fff43a8ed5b5128ec20656,d7c77384eedf44b83bb464f03081bda024ebcdf3ebd2c5ef3e38acffa7bbfeef,adapter_ready,graph_enabled,,pending
FULL_UNIFIED_RUN_V1,M5,2016-02-01,mage_native,native,29,50,10,7,0.001,4,Adam,0.001,v1_0512_m5_20160201_mage_native_s29,stage_1,log1p_huber_delta_1,latest locked 28-day rolling origin strictly before formal origin,reinitialize same seed; all pre-origin rolling samples; e_star epochs,configs/adapter_common_contract.yaml,0fdc80620cf8962630e75c1fa2432803a694bdd75347ebc77b3093fc02c15c5f,84ec5e1a462241b724bdb52169726ffe86647b20efbad04d01b949a8b9fc2a01,learned_at_runtime|adapter_graph_export_required,not_applicable,not_applicable,f1fdd27da4e72a140c4f341f94d368fbcaec7507|NO_LICENSE_FILE_FOUND,96446a4855e95a77a8bffa54c860c0587da1739581df0089b86c1747e9a785bb,d7c77384eedf44b83bb464f03081bda024ebcdf3ebd2c5ef3e38acffa7bbfeef,adapter_ready,graph_enabled,,pending
FULL_UNIFIED_RUN_V1,M5,2016-02-01,mage_native,native,47,50,10,7,0.001,4,Adam,0.001,v1_0513_m5_20160201_mage_native_s47,stage_1,log1p_huber_delta_1,latest locked 28-day rolling origin strictly before formal origin,reinitialize same seed; all pre-origin rolling samples; e_star epochs,configs/adapter_common_contract.yaml,0fdc80620cf8962630e75c1fa2432803a694bdd75347ebc77b3093fc02c15c5f,84ec5e1a462241b724bdb52169726ffe86647b20efbad04d01b949a8b9fc2a01,learned_at_runtime|adapter_graph_export_required,not_applicable,not_applicable,f1fdd27da4e72a140c4f341f94d368fbcaec7507|NO_LICENSE_FILE_FOUND,4e4558a7b70312bd918edcae34071bf842d6ca0b308f11b887154bcb19b660d0,d7c77384eedf44b83bb464f03081bda024ebcdf3ebd2c5ef3e38acffa7bbfeef,adapter_ready,graph_enabled,,pending
FULL_UNIFIED_RUN_V1,Favorita,2017-03-01,mage_native,native,13,50,10,7,0.001,4,Adam,0.001,v1_0514_favorita_20170301_mage_native_s13,stage_1,log1p_huber_delta_1,latest locked 28-day rolling origin strictly before formal origin,reinitialize same seed; all pre-origin rolling samples; e_star epochs,configs/adapter_common_contract.yaml,99f53feff701ca0e8ddb39eaf4c2384b14067b4e69669a6d805e4efea668fb19,cd0beeec37632daa955a38f9eba4e42ab5553d9daac470a0028c402132af43b1,learned_at_runtime|adapter_graph_export_required,not_applicable,not_applicable,f1fdd27da4e72a140c4f341f94d368fbcaec7507|NO_LICENSE_FILE_FOUND,a3815467108af100d7f18a238038c724f3263200494e824ce1b626cd2ec97d2a,d7c77384eedf44b83bb464f03081bda024ebcdf3ebd2c5ef3e38acffa7bbfeef,adapter_ready,graph_enabled,,pending
FULL_UNIFIED_RUN_V1,Favorita,2017-03-01,mage_native,native,29,50,10,7,0.001,4,Adam,0.001,v1_0515_favorita_20170301_mage_native_s29,stage_1,log1p_huber_delta_1,latest locked 28-day rolling origin strictly before formal origin,reinitialize same seed; all pre-origin rolling samples; e_star epochs,configs/adapter_common_contract.yaml,99f53feff701ca0e8ddb39eaf4c2384b14067b4e69669a6d805e4efea668fb19,cd0beeec37632daa955a38f9eba4e42ab5553d9daac470a0028c402132af43b1,learned_at_runtime|adapter_graph_export_required,not_applicable,not_applicable,f1fdd27da4e72a140c4f341f94d368fbcaec7507|NO_LICENSE_FILE_FOUND,c6270d78f37b249d9552841de8bb1565e9df6cf7ac0b6a10f9eae26acbb046e6,d7c77384eedf44b83bb464f03081bda024ebcdf3ebd2c5ef3e38acffa7bbfeef,adapter_ready,graph_enabled,,pending
FULL_UNIFIED_RUN_V1,Favorita,2017-03-01,mage_native,native,47,50,10,7,0.001,4,Adam,0.001,v1_0516_favorita_20170301_mage_native_s47,stage_1,log1p_huber_delta_1,latest locked 28-day rolling origin strictly before formal origin,reinitialize same seed; all pre-origin rolling samples; e_star epochs,configs/adapter_common_contract.yaml,99f53feff701ca0e8ddb39eaf4c2384b14067b4e69669a6d805e4efea668fb19,cd0beeec37632daa955a38f9eba4e42ab5553d9daac470a0028c402132af43b1,learned_at_runtime|adapter_graph_export_required,not_applicable,not_applicable,f1fdd27da4e72a140c4f341f94d368fbcaec7507|NO_LICENSE_FILE_FOUND,770522ea62ac20ac3e3033aeba5aa5afaa56e0a0601aeb106b78a633ff7f0629,d7c77384eedf44b83bb464f03081bda024ebcdf3ebd2c5ef3e38acffa7bbfeef,adapter_ready,graph_enabled,,pending
FULL_UNIFIED_RUN_V1,Favorita,2017-03-29,mage_native,native,13,50,10,7,0.001,4,Adam,0.001,v1_0517_favorita_20170329_mage_native_s13,stage_1,log1p_huber_delta_1,latest locked 28-day rolling origin strictly before formal origin,reinitialize same seed; all pre-origin rolling samples; e_star epochs,configs/adapter_common_contract.yaml,99f53feff701ca0e8ddb39eaf4c2384b14067b4e69669a6d805e4efea668fb19,345dabcf47b0f7e1fb1895e4c61f5d5ebffaa56e09a9f5b2d7896f439c70937b,learned_at_runtime|adapter_graph_export_required,not_applicable,not_applicable,f1fdd27da4e72a140c4f341f94d368fbcaec7507|NO_LICENSE_FILE_FOUND,75370a1c16f3e98a52eebd2799ddbd3d9bb0966a7f10aca009db677320821851,d7c77384eedf44b83bb464f03081bda024ebcdf3ebd2c5ef3e38acffa7bbfeef,adapter_ready,graph_enabled,,pending
FULL_UNIFIED_RUN_V1,Favorita,2017-03-29,mage_native,native,29,50,10,7,0.001,4,Adam,0.001,v1_0518_favorita_20170329_mage_native_s29,stage_1,log1p_huber_delta_1,latest locked 28-day rolling origin strictly before formal origin,reinitialize same seed; all pre-origin rolling samples; e_star epochs,configs/adapter_common_contract.yaml,99f53feff701ca0e8ddb39eaf4c2384b14067b4e69669a6d805e4efea668fb19,345dabcf47b0f7e1fb1895e4c61f5d5ebffaa56e09a9f5b2d7896f439c70937b,learned_at_runtime|adapter_graph_export_required,not_applicable,not_applicable,f1fdd27da4e72a140c4f341f94d368fbcaec7507|NO_LICENSE_FILE_FOUND,ae944b0ee2cab67f43d642201c9400dcb2d5aa54a23dded5e5562b4e3bb400b6,d7c77384eedf44b83bb464f03081bda024ebcdf3ebd2c5ef3e38acffa7bbfeef,adapter_ready,graph_enabled,,pending
FULL_UNIFIED_RUN_V1,Favorita,2017-03-29,mage_native,native,47,50,10,7,0.001,4,Adam,0.001,v1_0519_favorita_20170329_mage_native_s47,stage_1,log1p_huber_delta_1,latest locked 28-day rolling origin strictly before formal origin,reinitialize same seed; all pre-origin rolling samples; e_star epochs,configs/adapter_common_contract.yaml,99f53feff701ca0e8ddb39eaf4c2384b14067b4e69669a6d805e4efea668fb19,345dabcf47b0f7e1fb1895e4c61f5d5ebffaa56e09a9f5b2d7896f439c70937b,learned_at_runtime|adapter_graph_export_required,not_applicable,not_applicable,f1fdd27da4e72a140c4f341f94d368fbcaec7507|NO_LICENSE_FILE_FOUND,3e4121af52b316dbebc77bf35c1845ec333531732d64b07e11f0fd6d2425da49,d7c77384eedf44b83bb464f03081bda024ebcdf3ebd2c5ef3e38acffa7bbfeef,adapter_ready,graph_enabled,,pending
FULL_UNIFIED_RUN_V1,Favorita,2017-04-26,mage_native,native,13,50,10,7,0.001,4,Adam,0.001,v1_0520_favorita_20170426_mage_native_s13,stage_1,log1p_huber_delta_1,latest locked 28-day rolling origin strictly before formal origin,reinitialize same seed; all pre-origin rolling samples; e_star epochs,configs/adapter_common_contract.yaml,99f53feff701ca0e8ddb39eaf4c2384b14067b4e69669a6d805e4efea668fb19,c488ebe713d35972ff5a908aa6c2090b4ea444972f31abbf215c0d17998dda91,learned_at_runtime|adapter_graph_export_required,not_applicable,not_applicable,f1fdd27da4e72a140c4f341f94d368fbcaec7507|NO_LICENSE_FILE_FOUND,17740e478eda68ed8bbd052cdda151520201cc05108e1d981b8a2b54418dc032,d7c77384eedf44b83bb464f03081bda024ebcdf3ebd2c5ef3e38acffa7bbfeef,adapter_ready,graph_enabled,,pending
FULL_UNIFIED_RUN_V1,Favorita,2017-04-26,mage_native,native,29,50,10,7,0.001,4,Adam,0.001,v1_0521_favorita_20170426_mage_native_s29,stage_1,log1p_huber_delta_1,latest locked 28-day rolling origin strictly before formal origin,reinitialize same seed; all pre-origin rolling samples; e_star epochs,configs/adapter_common_contract.yaml,99f53feff701ca0e8ddb39eaf4c2384b14067b4e69669a6d805e4efea668fb19,c488ebe713d35972ff5a908aa6c2090b4ea444972f31abbf215c0d17998dda91,learned_at_runtime|adapter_graph_export_required,not_applicable,not_applicable,f1fdd27da4e72a140c4f341f94d368fbcaec7507|NO_LICENSE_FILE_FOUND,8b009c72ff8d55ac9a248b945a8f1cacab271b3327e2f7f489e9b72d1877a8b1,d7c77384eedf44b83bb464f03081bda024ebcdf3ebd2c5ef3e38acffa7bbfeef,adapter_ready,graph_enabled,,pending
FULL_UNIFIED_RUN_V1,Favorita,2017-04-26,mage_native,native,47,50,10,7,0.001,4,Adam,0.001,v1_0522_favorita_20170426_mage_native_s47,stage_1,log1p_huber_delta_1,latest locked 28-day rolling origin strictly before formal origin,reinitialize same seed; all pre-origin rolling samples; e_star epochs,configs/adapter_common_contract.yaml,99f53feff701ca0e8ddb39eaf4c2384b14067b4e69669a6d805e4efea668fb19,c488ebe713d35972ff5a908aa6c2090b4ea444972f31abbf215c0d17998dda91,learned_at_runtime|adapter_graph_export_required,not_applicable,not_applicable,f1fdd27da4e72a140c4f341f94d368fbcaec7507|NO_LICENSE_FILE_FOUND,2f61fa53ec62665816691621d0d599419109f9162efd711d812cc3ca35bb40b2,d7c77384eedf44b83bb464f03081bda024ebcdf3ebd2c5ef3e38acffa7bbfeef,adapter_ready,graph_enabled,,pending
FULL_UNIFIED_RUN_V1,Store Item,2017-05-22,mage_native,native,13,50,10,7,0.001,4,Adam,0.001,v1_0523_store_item_20170522_mage_native_s13,stage_1,log1p_huber_delta_1,latest locked 28-day rolling origin strictly before formal origin,reinitialize same seed; all pre-origin rolling samples; e_star epochs,configs/adapter_common_contract.yaml,99f53feff701ca0e8ddb39eaf4c2384b14067b4e69669a6d805e4efea668fb19,96f573b570f1b2d301538d41f90dacef49f3190e6f15d4c0105641fefebfcd31,learned_at_runtime|adapter_graph_export_required,not_applicable,not_applicable,f1fdd27da4e72a140c4f341f94d368fbcaec7507|NO_LICENSE_FILE_FOUND,ca0eabd8d29d24faeb6aaa752d6ead651855115ad60ffe1b79750e600a7b29b9,d7c77384eedf44b83bb464f03081bda024ebcdf3ebd2c5ef3e38acffa7bbfeef,adapter_ready,graph_enabled,test.csv|sample_submission.csv|sealed_independent_test,pending
FULL_UNIFIED_RUN_V1,Store Item,2017-05-22,mage_native,native,29,50,10,7,0.001,4,Adam,0.001,v1_0524_store_item_20170522_mage_native_s29,stage_1,log1p_huber_delta_1,latest locked 28-day rolling origin strictly before formal origin,reinitialize same seed; all pre-origin rolling samples; e_star epochs,configs/adapter_common_contract.yaml,99f53feff701ca0e8ddb39eaf4c2384b14067b4e69669a6d805e4efea668fb19,96f573b570f1b2d301538d41f90dacef49f3190e6f15d4c0105641fefebfcd31,learned_at_runtime|adapter_graph_export_required,not_applicable,not_applicable,f1fdd27da4e72a140c4f341f94d368fbcaec7507|NO_LICENSE_FILE_FOUND,e648a1c36700618b45eadfa9681be08535ad3d2aec3338ecfb2c4e36b1d85f17,d7c77384eedf44b83bb464f03081bda024ebcdf3ebd2c5ef3e38acffa7bbfeef,adapter_ready,graph_enabled,test.csv|sample_submission.csv|sealed_independent_test,pending
FULL_UNIFIED_RUN_V1,Store Item,2017-05-22,mage_native,native,47,50,10,7,0.001,4,Adam,0.001,v1_0525_store_item_20170522_mage_native_s47,stage_1,log1p_huber_delta_1,latest locked 28-day rolling origin strictly before formal origin,reinitialize same seed; all pre-origin rolling samples; e_star epochs,configs/adapter_common_contract.yaml,99f53feff701ca0e8ddb39eaf4c2384b14067b4e69669a6d805e4efea668fb19,96f573b570f1b2d301538d41f90dacef49f3190e6f15d4c0105641fefebfcd31,learned_at_runtime|adapter_graph_export_required,not_applicable,not_applicable,f1fdd27da4e72a140c4f341f94d368fbcaec7507|NO_LICENSE_FILE_FOUND,fd0534fdcd8cc0a633458d2d66ffe36ad17c1ac6ca2695c57ea05d2cd93fd81e,d7c77384eedf44b83bb464f03081bda024ebcdf3ebd2c5ef3e38acffa7bbfeef,adapter_ready,graph_enabled,test.csv|sample_submission.csv|sealed_independent_test,pending
FULL_UNIFIED_RUN_V1,Store Item,2017-06-19,mage_native,native,13,50,10,7,0.001,4,Adam,0.001,v1_0526_store_item_20170619_mage_native_s13,stage_1,log1p_huber_delta_1,latest locked 28-day rolling origin strictly before formal origin,reinitialize same seed; all pre-origin rolling samples; e_star epochs,configs/adapter_common_contract.yaml,99f53feff701ca0e8ddb39eaf4c2384b14067b4e69669a6d805e4efea668fb19,28beca4732b3f14a100f847605d2098885a415ba97668113a3ccce044ffb107d,learned_at_runtime|adapter_graph_export_required,not_applicable,not_applicable,f1fdd27da4e72a140c4f341f94d368fbcaec7507|NO_LICENSE_FILE_FOUND,a11293bc6a98b8d5a6feed3efe1a0c7e39230f80a50e54c2e82ac0cee3aac73b,d7c77384eedf44b83bb464f03081bda024ebcdf3ebd2c5ef3e38acffa7bbfeef,adapter_ready,graph_enabled,test.csv|sample_submission.csv|sealed_independent_test,pending
FULL_UNIFIED_RUN_V1,Store Item,2017-06-19,mage_native,native,29,50,10,7,0.001,4,Adam,0.001,v1_0527_store_item_20170619_mage_native_s29,stage_1,log1p_huber_delta_1,latest locked 28-day rolling origin strictly before formal origin,reinitialize same seed; all pre-origin rolling samples; e_star epochs,configs/adapter_common_contract.yaml,99f53feff701ca0e8ddb39eaf4c2384b14067b4e69669a6d805e4efea668fb19,28beca4732b3f14a100f847605d2098885a415ba97668113a3ccce044ffb107d,learned_at_runtime|adapter_graph_export_required,not_applicable,not_applicable,f1fdd27da4e72a140c4f341f94d368fbcaec7507|NO_LICENSE_FILE_FOUND,f42f11c289df780821f0dcfd837e46624cbd95f9346a127730a2ac6beb1cf6d3,d7c77384eedf44b83bb464f03081bda024ebcdf3ebd2c5ef3e38acffa7bbfeef,adapter_ready,graph_enabled,test.csv|sample_submission.csv|sealed_independent_test,pending
FULL_UNIFIED_RUN_V1,Store Item,2017-06-19,mage_native,native,47,50,10,7,0.001,4,Adam,0.001,v1_0528_store_item_20170619_mage_native_s47,stage_1,log1p_huber_delta_1,latest locked 28-day rolling origin strictly before formal origin,reinitialize same seed; all pre-origin rolling samples; e_star epochs,configs/adapter_common_contract.yaml,99f53feff701ca0e8ddb39eaf4c2384b14067b4e69669a6d805e4efea668fb19,28beca4732b3f14a100f847605d2098885a415ba97668113a3ccce044ffb107d,learned_at_runtime|adapter_graph_export_required,not_applicable,not_applicable,f1fdd27da4e72a140c4f341f94d368fbcaec7507|NO_LICENSE_FILE_FOUND,25b7867965f7fdb325978160beef5f1b2bfcec285cf1837de2ce547ebea24eba,d7c77384eedf44b83bb464f03081bda024ebcdf3ebd2c5ef3e38acffa7bbfeef,adapter_ready,graph_enabled,test.csv|sample_submission.csv|sealed_independent_test,pending
FULL_UNIFIED_RUN_V1,Store Item,2017-07-17,mage_native,native,13,50,10,7,0.001,4,Adam,0.001,v1_0529_store_item_20170717_mage_native_s13,stage_1,log1p_huber_delta_1,latest locked 28-day rolling origin strictly before formal origin,reinitialize same seed; all pre-origin rolling samples; e_star epochs,configs/adapter_common_contract.yaml,99f53feff701ca0e8ddb39eaf4c2384b14067b4e69669a6d805e4efea668fb19,cb704e15bf73a80e87151fc7a786498308b0888b5b69c93a6c61d1fdd789036d,learned_at_runtime|adapter_graph_export_required,not_applicable,not_applicable,f1fdd27da4e72a140c4f341f94d368fbcaec7507|NO_LICENSE_FILE_FOUND,c7ae73224d63b9900f9bc26dee1ec361758dc04a7512c3f2563a7b9fd9df449c,d7c77384eedf44b83bb464f03081bda024ebcdf3ebd2c5ef3e38acffa7bbfeef,adapter_ready,graph_enabled,test.csv|sample_submission.csv|sealed_independent_test,pending
FULL_UNIFIED_RUN_V1,Store Item,2017-07-17,mage_native,native,29,50,10,7,0.001,4,Adam,0.001,v1_0530_store_item_20170717_mage_native_s29,stage_1,log1p_huber_delta_1,latest locked 28-day rolling origin strictly before formal origin,reinitialize same seed; all pre-origin rolling samples; e_star epochs,configs/adapter_common_contract.yaml,99f53feff701ca0e8ddb39eaf4c2384b14067b4e69669a6d805e4efea668fb19,cb704e15bf73a80e87151fc7a786498308b0888b5b69c93a6c61d1fdd789036d,learned_at_runtime|adapter_graph_export_required,not_applicable,not_applicable,f1fdd27da4e72a140c4f341f94d368fbcaec7507|NO_LICENSE_FILE_FOUND,b92e6ad2d132324e811f97816de25487525f3c6e7ce79f44d6b198d20fc9b226,d7c77384eedf44b83bb464f03081bda024ebcdf3ebd2c5ef3e38acffa7bbfeef,adapter_ready,graph_enabled,test.csv|sample_submission.csv|sealed_independent_test,pending
FULL_UNIFIED_RUN_V1,Store Item,2017-07-17,mage_native,native,47,50,10,7,0.001,4,Adam,0.001,v1_0531_store_item_20170717_mage_native_s47,stage_1,log1p_huber_delta_1,latest locked 28-day rolling origin strictly before formal origin,reinitialize same seed; all pre-origin rolling samples; e_star epochs,configs/adapter_common_contract.yaml,99f53feff701ca0e8ddb39eaf4c2384b14067b4e69669a6d805e4efea668fb19,cb704e15bf73a80e87151fc7a786498308b0888b5b69c93a6c61d1fdd789036d,learned_at_runtime|adapter_graph_export_required,not_applicable,not_applicable,f1fdd27da4e72a140c4f341f94d368fbcaec7507|NO_LICENSE_FILE_FOUND,59faf7613d79349b0d8c48e17d55bab20a49f3b96aa8166bec722fac7188de63,d7c77384eedf44b83bb464f03081bda024ebcdf3ebd2c5ef3e38acffa7bbfeef,adapter_ready,graph_enabled,test.csv|sample_submission.csv|sealed_independent_test,pending
FULL_UNIFIED_RUN_V1,M5,2015-12-07,mage_no_graph,no_graph,13,50,10,7,0.001,4,Adam,0.001,v1_0532_m5_20151207_mage_no_graph_s13,stage_1,log1p_huber_delta_1,latest locked 28-day rolling origin strictly before formal origin,reinitialize same seed; all pre-origin rolling samples; e_star epochs,configs/adapter_common_contract.yaml,0fdc80620cf8962630e75c1fa2432803a694bdd75347ebc77b3093fc02c15c5f,24f14f88e9945d2a7fb67744b119a74daf41bf279d2a3b941fb03feff77657e4,learned_at_runtime|adapter_graph_export_required,not_applicable,not_applicable,f1fdd27da4e72a140c4f341f94d368fbcaec7507|NO_LICENSE_FILE_FOUND,c5a21d9779bc3a1b5deb5936f44e59a1fd22f4cd54293a315d2d3e78b2826104,d7c77384eedf44b83bb464f03081bda024ebcdf3ebd2c5ef3e38acffa7bbfeef,adapter_ready,matched_no_graph,,pending
FULL_UNIFIED_RUN_V1,M5,2015-12-07,mage_no_graph,no_graph,29,50,10,7,0.001,4,Adam,0.001,v1_0533_m5_20151207_mage_no_graph_s29,stage_1,log1p_huber_delta_1,latest locked 28-day rolling origin strictly before formal origin,reinitialize same seed; all pre-origin rolling samples; e_star epochs,configs/adapter_common_contract.yaml,0fdc80620cf8962630e75c1fa2432803a694bdd75347ebc77b3093fc02c15c5f,24f14f88e9945d2a7fb67744b119a74daf41bf279d2a3b941fb03feff77657e4,learned_at_runtime|adapter_graph_export_required,not_applicable,not_applicable,f1fdd27da4e72a140c4f341f94d368fbcaec7507|NO_LICENSE_FILE_FOUND,ee051821613ff2714d99872c305c66e60bb952b25a71f0960b0979268a4e3741,d7c77384eedf44b83bb464f03081bda024ebcdf3ebd2c5ef3e38acffa7bbfeef,adapter_ready,matched_no_graph,,pending
FULL_UNIFIED_RUN_V1,M5,2015-12-07,mage_no_graph,no_graph,47,50,10,7,0.001,4,Adam,0.001,v1_0534_m5_20151207_mage_no_graph_s47,stage_1,log1p_huber_delta_1,latest locked 28-day rolling origin strictly before formal origin,reinitialize same seed; all pre-origin rolling samples; e_star epochs,configs/adapter_common_contract.yaml,0fdc80620cf8962630e75c1fa2432803a694bdd75347ebc77b3093fc02c15c5f,24f14f88e9945d2a7fb67744b119a74daf41bf279d2a3b941fb03feff77657e4,learned_at_runtime|adapter_graph_export_required,not_applicable,not_applicable,f1fdd27da4e72a140c4f341f94d368fbcaec7507|NO_LICENSE_FILE_FOUND,5d1c749c4ac5d3d1ebc9891d32bd45f3cf2af7a277e21c50352ae65b7bcd5a79,d7c77384eedf44b83bb464f03081bda024ebcdf3ebd2c5ef3e38acffa7bbfeef,adapter_ready,matched_no_graph,,pending
FULL_UNIFIED_RUN_V1,M5,2016-01-04,mage_no_graph,no_graph,13,50,10,7,0.001,4,Adam,0.001,v1_0535_m5_20160104_mage_no_graph_s13,stage_1,log1p_huber_delta_1,latest locked 28-day rolling origin strictly before formal origin,reinitialize same seed; all pre-origin rolling samples; e_star epochs,configs/adapter_common_contract.yaml,0fdc80620cf8962630e75c1fa2432803a694bdd75347ebc77b3093fc02c15c5f,f363d22b50ee5ecf935d764748129bbf4e83b2417ab50854a465cae0c12fccbf,learned_at_runtime|adapter_graph_export_required,not_applicable,not_applicable,f1fdd27da4e72a140c4f341f94d368fbcaec7507|NO_LICENSE_FILE_FOUND,8e486ee68de1bdbec035cfdcf66d144427edffbf6e8f337b725c025592941588,d7c77384eedf44b83bb464f03081bda024ebcdf3ebd2c5ef3e38acffa7bbfeef,adapter_ready,matched_no_graph,,pending
FULL_UNIFIED_RUN_V1,M5,2016-01-04,mage_no_graph,no_graph,29,50,10,7,0.001,4,Adam,0.001,v1_0536_m5_20160104_mage_no_graph_s29,stage_1,log1p_huber_delta_1,latest locked 28-day rolling origin strictly before formal origin,reinitialize same seed; all pre-origin rolling samples; e_star epochs,configs/adapter_common_contract.yaml,0fdc80620cf8962630e75c1fa2432803a694bdd75347ebc77b3093fc02c15c5f,f363d22b50ee5ecf935d764748129bbf4e83b2417ab50854a465cae0c12fccbf,learned_at_runtime|adapter_graph_export_required,not_applicable,not_applicable,f1fdd27da4e72a140c4f341f94d368fbcaec7507|NO_LICENSE_FILE_FOUND,dc05b56a58a49869434e6eb1acbda0573aa7fea5002fd8cc0d031c974d5a5516,d7c77384eedf44b83bb464f03081bda024ebcdf3ebd2c5ef3e38acffa7bbfeef,adapter_ready,matched_no_graph,,pending
FULL_UNIFIED_RUN_V1,M5,2016-01-04,mage_no_graph,no_graph,47,50,10,7,0.001,4,Adam,0.001,v1_0537_m5_20160104_mage_no_graph_s47,stage_1,log1p_huber_delta_1,latest locked 28-day rolling origin strictly before formal origin,reinitialize same seed; all pre-origin rolling samples; e_star epochs,configs/adapter_common_contract.yaml,0fdc80620cf8962630e75c1fa2432803a694bdd75347ebc77b3093fc02c15c5f,f363d22b50ee5ecf935d764748129bbf4e83b2417ab50854a465cae0c12fccbf,learned_at_runtime|adapter_graph_export_required,not_applicable,not_applicable,f1fdd27da4e72a140c4f341f94d368fbcaec7507|NO_LICENSE_FILE_FOUND,65ff790ccdb3aae4898883d1951d1dd8b6784d18200b9bd3be2145f6bdd73966,d7c77384eedf44b83bb464f03081bda024ebcdf3ebd2c5ef3e38acffa7bbfeef,adapter_ready,matched_no_graph,,pending
FULL_UNIFIED_RUN_V1,M5,2016-02-01,mage_no_graph,no_graph,13,50,10,7,0.001,4,Adam,0.001,v1_0538_m5_20160201_mage_no_graph_s13,stage_1,log1p_huber_delta_1,latest locked 28-day rolling origin strictly before formal origin,reinitialize same seed; all pre-origin rolling samples; e_star epochs,configs/adapter_common_contract.yaml,0fdc80620cf8962630e75c1fa2432803a694bdd75347ebc77b3093fc02c15c5f,84ec5e1a462241b724bdb52169726ffe86647b20efbad04d01b949a8b9fc2a01,learned_at_runtime|adapter_graph_export_required,not_applicable,not_applicable,f1fdd27da4e72a140c4f341f94d368fbcaec7507|NO_LICENSE_FILE_FOUND,92ec289d96e7426bd4dfafaee4cdaa58fc25db1682d42ddeb3a5fcc988b1b26b,d7c77384eedf44b83bb464f03081bda024ebcdf3ebd2c5ef3e38acffa7bbfeef,adapter_ready,matched_no_graph,,pending
FULL_UNIFIED_RUN_V1,M5,2016-02-01,mage_no_graph,no_graph,29,50,10,7,0.001,4,Adam,0.001,v1_0539_m5_20160201_mage_no_graph_s29,stage_1,log1p_huber_delta_1,latest locked 28-day rolling origin strictly before formal origin,reinitialize same seed; all pre-origin rolling samples; e_star epochs,configs/adapter_common_contract.yaml,0fdc80620cf8962630e75c1fa2432803a694bdd75347ebc77b3093fc02c15c5f,84ec5e1a462241b724bdb52169726ffe86647b20efbad04d01b949a8b9fc2a01,learned_at_runtime|adapter_graph_export_required,not_applicable,not_applicable,f1fdd27da4e72a140c4f341f94d368fbcaec7507|NO_LICENSE_FILE_FOUND,62232b31af3a88deb1d3160de37def66c00104d70c048276234f1af0307e0c39,d7c77384eedf44b83bb464f03081bda024ebcdf3ebd2c5ef3e38acffa7bbfeef,adapter_ready,matched_no_graph,,pending
FULL_UNIFIED_RUN_V1,M5,2016-02-01,mage_no_graph,no_graph,47,50,10,7,0.001,4,Adam,0.001,v1_0540_m5_20160201_mage_no_graph_s47,stage_1,log1p_huber_delta_1,latest locked 28-day rolling origin strictly before formal origin,reinitialize same seed; all pre-origin rolling samples; e_star epochs,configs/adapter_common_contract.yaml,0fdc80620cf8962630e75c1fa2432803a694bdd75347ebc77b3093fc02c15c5f,84ec5e1a462241b724bdb52169726ffe86647b20efbad04d01b949a8b9fc2a01,learned_at_runtime|adapter_graph_export_required,not_applicable,not_applicable,f1fdd27da4e72a140c4f341f94d368fbcaec7507|NO_LICENSE_FILE_FOUND,5141523678aeb2e258be1846a7d187cc9dfc545c0586a19f16ae54e971763ebc,d7c77384eedf44b83bb464f03081bda024ebcdf3ebd2c5ef3e38acffa7bbfeef,adapter_ready,matched_no_graph,,pending
FULL_UNIFIED_RUN_V1,Favorita,2017-03-01,mage_no_graph,no_graph,13,50,10,7,0.001,4,Adam,0.001,v1_0541_favorita_20170301_mage_no_graph_s13,stage_1,log1p_huber_delta_1,latest locked 28-day rolling origin strictly before formal origin,reinitialize same seed; all pre-origin rolling samples; e_star epochs,configs/adapter_common_contract.yaml,99f53feff701ca0e8ddb39eaf4c2384b14067b4e69669a6d805e4efea668fb19,cd0beeec37632daa955a38f9eba4e42ab5553d9daac470a0028c402132af43b1,learned_at_runtime|adapter_graph_export_required,not_applicable,not_applicable,f1fdd27da4e72a140c4f341f94d368fbcaec7507|NO_LICENSE_FILE_FOUND,4d275cd6de2d362aff354fa3d6923ef10793d473b0ee83e530a5319df43e226f,d7c77384eedf44b83bb464f03081bda024ebcdf3ebd2c5ef3e38acffa7bbfeef,adapter_ready,matched_no_graph,,pending
FULL_UNIFIED_RUN_V1,Favorita,2017-03-01,mage_no_graph,no_graph,29,50,10,7,0.001,4,Adam,0.001,v1_0542_favorita_20170301_mage_no_graph_s29,stage_1,log1p_huber_delta_1,latest locked 28-day rolling origin strictly before formal origin,reinitialize same seed; all pre-origin rolling samples; e_star epochs,configs/adapter_common_contract.yaml,99f53feff701ca0e8ddb39eaf4c2384b14067b4e69669a6d805e4efea668fb19,cd0beeec37632daa955a38f9eba4e42ab5553d9daac470a0028c402132af43b1,learned_at_runtime|adapter_graph_export_required,not_applicable,not_applicable,f1fdd27da4e72a140c4f341f94d368fbcaec7507|NO_LICENSE_FILE_FOUND,edb47a428722151df212348486be212c5e65200c08ffff26843712f51acc8d8a,d7c77384eedf44b83bb464f03081bda024ebcdf3ebd2c5ef3e38acffa7bbfeef,adapter_ready,matched_no_graph,,pending
FULL_UNIFIED_RUN_V1,Favorita,2017-03-01,mage_no_graph,no_graph,47,50,10,7,0.001,4,Adam,0.001,v1_0543_favorita_20170301_mage_no_graph_s47,stage_1,log1p_huber_delta_1,latest locked 28-day rolling origin strictly before formal origin,reinitialize same seed; all pre-origin rolling samples; e_star epochs,configs/adapter_common_contract.yaml,99f53feff701ca0e8ddb39eaf4c2384b14067b4e69669a6d805e4efea668fb19,cd0beeec37632daa955a38f9eba4e42ab5553d9daac470a0028c402132af43b1,learned_at_runtime|adapter_graph_export_required,not_applicable,not_applicable,f1fdd27da4e72a140c4f341f94d368fbcaec7507|NO_LICENSE_FILE_FOUND,2a2f894182f05c2ca6900d81aadb3dc2dce101fa37d26a4112bf8436b07189a1,d7c77384eedf44b83bb464f03081bda024ebcdf3ebd2c5ef3e38acffa7bbfeef,adapter_ready,matched_no_graph,,pending
FULL_UNIFIED_RUN_V1,Favorita,2017-03-29,mage_no_graph,no_graph,13,50,10,7,0.001,4,Adam,0.001,v1_0544_favorita_20170329_mage_no_graph_s13,stage_1,log1p_huber_delta_1,latest locked 28-day rolling origin strictly before formal origin,reinitialize same seed; all pre-origin rolling samples; e_star epochs,configs/adapter_common_contract.yaml,99f53feff701ca0e8ddb39eaf4c2384b14067b4e69669a6d805e4efea668fb19,345dabcf47b0f7e1fb1895e4c61f5d5ebffaa56e09a9f5b2d7896f439c70937b,learned_at_runtime|adapter_graph_export_required,not_applicable,not_applicable,f1fdd27da4e72a140c4f341f94d368fbcaec7507|NO_LICENSE_FILE_FOUND,ea879401712d44acfee461cfe411213d56f770a3e213aa34edc206375ceafae6,d7c77384eedf44b83bb464f03081bda024ebcdf3ebd2c5ef3e38acffa7bbfeef,adapter_ready,matched_no_graph,,pending
FULL_UNIFIED_RUN_V1,Favorita,2017-03-29,mage_no_graph,no_graph,29,50,10,7,0.001,4,Adam,0.001,v1_0545_favorita_20170329_mage_no_graph_s29,stage_1,log1p_huber_delta_1,latest locked 28-day rolling origin strictly before formal origin,reinitialize same seed; all pre-origin rolling samples; e_star epochs,configs/adapter_common_contract.yaml,99f53feff701ca0e8ddb39eaf4c2384b14067b4e69669a6d805e4efea668fb19,345dabcf47b0f7e1fb1895e4c61f5d5ebffaa56e09a9f5b2d7896f439c70937b,learned_at_runtime|adapter_graph_export_required,not_applicable,not_applicable,f1fdd27da4e72a140c4f341f94d368fbcaec7507|NO_LICENSE_FILE_FOUND,9b06a0ab047c4480f2077953b16520443bd39b38ef3ae9af64e6ebbb789bbcf4,d7c77384eedf44b83bb464f03081bda024ebcdf3ebd2c5ef3e38acffa7bbfeef,adapter_ready,matched_no_graph,,pending
FULL_UNIFIED_RUN_V1,Favorita,2017-03-29,mage_no_graph,no_graph,47,50,10,7,0.001,4,Adam,0.001,v1_0546_favorita_20170329_mage_no_graph_s47,stage_1,log1p_huber_delta_1,latest locked 28-day rolling origin strictly before formal origin,reinitialize same seed; all pre-origin rolling samples; e_star epochs,configs/adapter_common_contract.yaml,99f53feff701ca0e8ddb39eaf4c2384b14067b4e69669a6d805e4efea668fb19,345dabcf47b0f7e1fb1895e4c61f5d5ebffaa56e09a9f5b2d7896f439c70937b,learned_at_runtime|adapter_graph_export_required,not_applicable,not_applicable,f1fdd27da4e72a140c4f341f94d368fbcaec7507|NO_LICENSE_FILE_FOUND,601ba5585fe2ee3c6545605f131b64217824526310f622678e4e69169519e064,d7c77384eedf44b83bb464f03081bda024ebcdf3ebd2c5ef3e38acffa7bbfeef,adapter_ready,matched_no_graph,,pending
FULL_UNIFIED_RUN_V1,Favorita,2017-04-26,mage_no_graph,no_graph,13,50,10,7,0.001,4,Adam,0.001,v1_0547_favorita_20170426_mage_no_graph_s13,stage_1,log1p_huber_delta_1,latest locked 28-day rolling origin strictly before formal origin,reinitialize same seed; all pre-origin rolling samples; e_star epochs,configs/adapter_common_contract.yaml,99f53feff701ca0e8ddb39eaf4c2384b14067b4e69669a6d805e4efea668fb19,c488ebe713d35972ff5a908aa6c2090b4ea444972f31abbf215c0d17998dda91,learned_at_runtime|adapter_graph_export_required,not_applicable,not_applicable,f1fdd27da4e72a140c4f341f94d368fbcaec7507|NO_LICENSE_FILE_FOUND,9c6ec7380c9f5310533224749229e441331c9a741cc24ab6103975e9c0b717c9,d7c77384eedf44b83bb464f03081bda024ebcdf3ebd2c5ef3e38acffa7bbfeef,adapter_ready,matched_no_graph,,pending
FULL_UNIFIED_RUN_V1,Favorita,2017-04-26,mage_no_graph,no_graph,29,50,10,7,0.001,4,Adam,0.001,v1_0548_favorita_20170426_mage_no_graph_s29,stage_1,log1p_huber_delta_1,latest locked 28-day rolling origin strictly before formal origin,reinitialize same seed; all pre-origin rolling samples; e_star epochs,configs/adapter_common_contract.yaml,99f53feff701ca0e8ddb39eaf4c2384b14067b4e69669a6d805e4efea668fb19,c488ebe713d35972ff5a908aa6c2090b4ea444972f31abbf215c0d17998dda91,learned_at_runtime|adapter_graph_export_required,not_applicable,not_applicable,f1fdd27da4e72a140c4f341f94d368fbcaec7507|NO_LICENSE_FILE_FOUND,88624484968fe78f0faeeedca11ae958ddb74d50b4317b1be21a0d2fe3e67700,d7c77384eedf44b83bb464f03081bda024ebcdf3ebd2c5ef3e38acffa7bbfeef,adapter_ready,matched_no_graph,,pending
FULL_UNIFIED_RUN_V1,Favorita,2017-04-26,mage_no_graph,no_graph,47,50,10,7,0.001,4,Adam,0.001,v1_0549_favorita_20170426_mage_no_graph_s47,stage_1,log1p_huber_delta_1,latest locked 28-day rolling origin strictly before formal origin,reinitialize same seed; all pre-origin rolling samples; e_star epochs,configs/adapter_common_contract.yaml,99f53feff701ca0e8ddb39eaf4c2384b14067b4e69669a6d805e4efea668fb19,c488ebe713d35972ff5a908aa6c2090b4ea444972f31abbf215c0d17998dda91,learned_at_runtime|adapter_graph_export_required,not_applicable,not_applicable,f1fdd27da4e72a140c4f341f94d368fbcaec7507|NO_LICENSE_FILE_FOUND,353c2140e4ea0c5ac8b1a1ca312b93efc5b4e93e6ce53ae5a9844a338863d155,d7c77384eedf44b83bb464f03081bda024ebcdf3ebd2c5ef3e38acffa7bbfeef,adapter_ready,matched_no_graph,,pending
FULL_UNIFIED_RUN_V1,Store Item,2017-05-22,mage_no_graph,no_graph,13,50,10,7,0.001,4,Adam,0.001,v1_0550_store_item_20170522_mage_no_graph_s13,stage_1,log1p_huber_delta_1,latest locked 28-day rolling origin strictly before formal origin,reinitialize same seed; all pre-origin rolling samples; e_star epochs,configs/adapter_common_contract.yaml,99f53feff701ca0e8ddb39eaf4c2384b14067b4e69669a6d805e4efea668fb19,96f573b570f1b2d301538d41f90dacef49f3190e6f15d4c0105641fefebfcd31,learned_at_runtime|adapter_graph_export_required,not_applicable,not_applicable,f1fdd27da4e72a140c4f341f94d368fbcaec7507|NO_LICENSE_FILE_FOUND,4d6efbb314ecf1fc7c510a7d73698eb87dc9c13613db598b1391cb24538d0254,d7c77384eedf44b83bb464f03081bda024ebcdf3ebd2c5ef3e38acffa7bbfeef,adapter_ready,matched_no_graph,test.csv|sample_submission.csv|sealed_independent_test,pending
FULL_UNIFIED_RUN_V1,Store Item,2017-05-22,mage_no_graph,no_graph,29,50,10,7,0.001,4,Adam,0.001,v1_0551_store_item_20170522_mage_no_graph_s29,stage_1,log1p_huber_delta_1,latest locked 28-day rolling origin strictly before formal origin,reinitialize same seed; all pre-origin rolling samples; e_star epochs,configs/adapter_common_contract.yaml,99f53feff701ca0e8ddb39eaf4c2384b14067b4e69669a6d805e4efea668fb19,96f573b570f1b2d301538d41f90dacef49f3190e6f15d4c0105641fefebfcd31,learned_at_runtime|adapter_graph_export_required,not_applicable,not_applicable,f1fdd27da4e72a140c4f341f94d368fbcaec7507|NO_LICENSE_FILE_FOUND,8fece83425cb1388a66bd3fa82d9426d10d72579a5ab7671cfae93a7851ab8f2,d7c77384eedf44b83bb464f03081bda024ebcdf3ebd2c5ef3e38acffa7bbfeef,adapter_ready,matched_no_graph,test.csv|sample_submission.csv|sealed_independent_test,pending
FULL_UNIFIED_RUN_V1,Store Item,2017-05-22,mage_no_graph,no_graph,47,50,10,7,0.001,4,Adam,0.001,v1_0552_store_item_20170522_mage_no_graph_s47,stage_1,log1p_huber_delta_1,latest locked 28-day rolling origin strictly before formal origin,reinitialize same seed; all pre-origin rolling samples; e_star epochs,configs/adapter_common_contract.yaml,99f53feff701ca0e8ddb39eaf4c2384b14067b4e69669a6d805e4efea668fb19,96f573b570f1b2d301538d41f90dacef49f3190e6f15d4c0105641fefebfcd31,learned_at_runtime|adapter_graph_export_required,not_applicable,not_applicable,f1fdd27da4e72a140c4f341f94d368fbcaec7507|NO_LICENSE_FILE_FOUND,4b6ccc2c222dc88cab3eb8b4cb6031919b28e5340410e14a31548a9589374582,d7c77384eedf44b83bb464f03081bda024ebcdf3ebd2c5ef3e38acffa7bbfeef,adapter_ready,matched_no_graph,test.csv|sample_submission.csv|sealed_independent_test,pending
FULL_UNIFIED_RUN_V1,Store Item,2017-06-19,mage_no_graph,no_graph,13,50,10,7,0.001,4,Adam,0.001,v1_0553_store_item_20170619_mage_no_graph_s13,stage_1,log1p_huber_delta_1,latest locked 28-day rolling origin strictly before formal origin,reinitialize same seed; all pre-origin rolling samples; e_star epochs,configs/adapter_common_contract.yaml,99f53feff701ca0e8ddb39eaf4c2384b14067b4e69669a6d805e4efea668fb19,28beca4732b3f14a100f847605d2098885a415ba97668113a3ccce044ffb107d,learned_at_runtime|adapter_graph_export_required,not_applicable,not_applicable,f1fdd27da4e72a140c4f341f94d368fbcaec7507|NO_LICENSE_FILE_FOUND,c083335ce765cdf67cd3f6f83785b07a8f21e7442bbe856808240bbd64ed8b47,d7c77384eedf44b83bb464f03081bda024ebcdf3ebd2c5ef3e38acffa7bbfeef,adapter_ready,matched_no_graph,test.csv|sample_submission.csv|sealed_independent_test,pending
FULL_UNIFIED_RUN_V1,Store Item,2017-06-19,mage_no_graph,no_graph,29,50,10,7,0.001,4,Adam,0.001,v1_0554_store_item_20170619_mage_no_graph_s29,stage_1,log1p_huber_delta_1,latest locked 28-day rolling origin strictly before formal origin,reinitialize same seed; all pre-origin rolling samples; e_star epochs,configs/adapter_common_contract.yaml,99f53feff701ca0e8ddb39eaf4c2384b14067b4e69669a6d805e4efea668fb19,28beca4732b3f14a100f847605d2098885a415ba97668113a3ccce044ffb107d,learned_at_runtime|adapter_graph_export_required,not_applicable,not_applicable,f1fdd27da4e72a140c4f341f94d368fbcaec7507|NO_LICENSE_FILE_FOUND,78c1daa03220e64bc1104a133f8db34c1480b76d15723776d35bc1970ad1fcb7,d7c77384eedf44b83bb464f03081bda024ebcdf3ebd2c5ef3e38acffa7bbfeef,adapter_ready,matched_no_graph,test.csv|sample_submission.csv|sealed_independent_test,pending
FULL_UNIFIED_RUN_V1,Store Item,2017-06-19,mage_no_graph,no_graph,47,50,10,7,0.001,4,Adam,0.001,v1_0555_store_item_20170619_mage_no_graph_s47,stage_1,log1p_huber_delta_1,latest locked 28-day rolling origin strictly before formal origin,reinitialize same seed; all pre-origin rolling samples; e_star epochs,configs/adapter_common_contract.yaml,99f53feff701ca0e8ddb39eaf4c2384b14067b4e69669a6d805e4efea668fb19,28beca4732b3f14a100f847605d2098885a415ba97668113a3ccce044ffb107d,learned_at_runtime|adapter_graph_export_required,not_applicable,not_applicable,f1fdd27da4e72a140c4f341f94d368fbcaec7507|NO_LICENSE_FILE_FOUND,2fc52576e83d92a0895688166fb731651353c5b63db4d89aa8d09db23924a5fe,d7c77384eedf44b83bb464f03081bda024ebcdf3ebd2c5ef3e38acffa7bbfeef,adapter_ready,matched_no_graph,test.csv|sample_submission.csv|sealed_independent_test,pending
FULL_UNIFIED_RUN_V1,Store Item,2017-07-17,mage_no_graph,no_graph,13,50,10,7,0.001,4,Adam,0.001,v1_0556_store_item_20170717_mage_no_graph_s13,stage_1,log1p_huber_delta_1,latest locked 28-day rolling origin strictly before formal origin,reinitialize same seed; all pre-origin rolling samples; e_star epochs,configs/adapter_common_contract.yaml,99f53feff701ca0e8ddb39eaf4c2384b14067b4e69669a6d805e4efea668fb19,cb704e15bf73a80e87151fc7a786498308b0888b5b69c93a6c61d1fdd789036d,learned_at_runtime|adapter_graph_export_required,not_applicable,not_applicable,f1fdd27da4e72a140c4f341f94d368fbcaec7507|NO_LICENSE_FILE_FOUND,61182717b9230efac170a26bdfc0587f692a21895c2a38accfa2d60c0732268f,d7c77384eedf44b83bb464f03081bda024ebcdf3ebd2c5ef3e38acffa7bbfeef,adapter_ready,matched_no_graph,test.csv|sample_submission.csv|sealed_independent_test,pending
FULL_UNIFIED_RUN_V1,Store Item,2017-07-17,mage_no_graph,no_graph,29,50,10,7,0.001,4,Adam,0.001,v1_0557_store_item_20170717_mage_no_graph_s29,stage_1,log1p_huber_delta_1,latest locked 28-day rolling origin strictly before formal origin,reinitialize same seed; all pre-origin rolling samples; e_star epochs,configs/adapter_common_contract.yaml,99f53feff701ca0e8ddb39eaf4c2384b14067b4e69669a6d805e4efea668fb19,cb704e15bf73a80e87151fc7a786498308b0888b5b69c93a6c61d1fdd789036d,learned_at_runtime|adapter_graph_export_required,not_applicable,not_applicable,f1fdd27da4e72a140c4f341f94d368fbcaec7507|NO_LICENSE_FILE_FOUND,4f71d838a5fc05aee81f623435d971a6eea404b8388230e02d5884ae4565a0d0,d7c77384eedf44b83bb464f03081bda024ebcdf3ebd2c5ef3e38acffa7bbfeef,adapter_ready,matched_no_graph,test.csv|sample_submission.csv|sealed_independent_test,pending
FULL_UNIFIED_RUN_V1,Store Item,2017-07-17,mage_no_graph,no_graph,47,50,10,7,0.001,4,Adam,0.001,v1_0558_store_item_20170717_mage_no_graph_s47,stage_1,log1p_huber_delta_1,latest locked 28-day rolling origin strictly before formal origin,reinitialize same seed; all pre-origin rolling samples; e_star epochs,configs/adapter_common_contract.yaml,99f53feff701ca0e8ddb39eaf4c2384b14067b4e69669a6d805e4efea668fb19,cb704e15bf73a80e87151fc7a786498308b0888b5b69c93a6c61d1fdd789036d,learned_at_runtime|adapter_graph_export_required,not_applicable,not_applicable,f1fdd27da4e72a140c4f341f94d368fbcaec7507|NO_LICENSE_FILE_FOUND,81db0017a486ed5388d1fb2dcf7e4295ee1d7b05d22f5e5305706a48bc73f3d4,d7c77384eedf44b83bb464f03081bda024ebcdf3ebd2c5ef3e38acffa7bbfeef,adapter_ready,matched_no_graph,test.csv|sample_submission.csv|sealed_independent_test,pending
FULL_UNIFIED_RUN_V1,M5,2015-12-07,mage_placebo,placebo,13,50,10,7,0.001,4,Adam,0.001,v1_0559_m5_20151207_mage_placebo_s13,stage_1,log1p_huber_delta_1,latest locked 28-day rolling origin strictly before formal origin,reinitialize same seed; all pre-origin rolling samples; e_star epochs,configs/adapter_common_contract.yaml,0fdc80620cf8962630e75c1fa2432803a694bdd75347ebc77b3093fc02c15c5f,24f14f88e9945d2a7fb67744b119a74daf41bf279d2a3b941fb03feff77657e4,learned_at_runtime|adapter_graph_export_required,not_applicable,fixed_seed_13_resolve_per_adapter,f1fdd27da4e72a140c4f341f94d368fbcaec7507|NO_LICENSE_FILE_FOUND,cf8cefdd4fcc19112edf34f4939a0c31d92344ae5f179166ebea9e76d7544283,d7c77384eedf44b83bb464f03081bda024ebcdf3ebd2c5ef3e38acffa7bbfeef,adapter_partially_ready,approximate_control,,pending
FULL_UNIFIED_RUN_V1,M5,2015-12-07,mage_placebo,placebo,29,50,10,7,0.001,4,Adam,0.001,v1_0560_m5_20151207_mage_placebo_s29,stage_1,log1p_huber_delta_1,latest locked 28-day rolling origin strictly before formal origin,reinitialize same seed; all pre-origin rolling samples; e_star epochs,configs/adapter_common_contract.yaml,0fdc80620cf8962630e75c1fa2432803a694bdd75347ebc77b3093fc02c15c5f,24f14f88e9945d2a7fb67744b119a74daf41bf279d2a3b941fb03feff77657e4,learned_at_runtime|adapter_graph_export_required,not_applicable,fixed_seed_13_resolve_per_adapter,f1fdd27da4e72a140c4f341f94d368fbcaec7507|NO_LICENSE_FILE_FOUND,03b9b1a0e7ad77c738068e5269259dada4dfd77f01480f308602ffcf6ca69cd1,d7c77384eedf44b83bb464f03081bda024ebcdf3ebd2c5ef3e38acffa7bbfeef,adapter_partially_ready,approximate_control,,pending
FULL_UNIFIED_RUN_V1,M5,2015-12-07,mage_placebo,placebo,47,50,10,7,0.001,4,Adam,0.001,v1_0561_m5_20151207_mage_placebo_s47,stage_1,log1p_huber_delta_1,latest locked 28-day rolling origin strictly before formal origin,reinitialize same seed; all pre-origin rolling samples; e_star epochs,configs/adapter_common_contract.yaml,0fdc80620cf8962630e75c1fa2432803a694bdd75347ebc77b3093fc02c15c5f,24f14f88e9945d2a7fb67744b119a74daf41bf279d2a3b941fb03feff77657e4,learned_at_runtime|adapter_graph_export_required,not_applicable,fixed_seed_13_resolve_per_adapter,f1fdd27da4e72a140c4f341f94d368fbcaec7507|NO_LICENSE_FILE_FOUND,768a0872ed5591b80fafecca8ba9b95ddf3add472d985092d6e25104fc7068f3,d7c77384eedf44b83bb464f03081bda024ebcdf3ebd2c5ef3e38acffa7bbfeef,adapter_partially_ready,approximate_control,,pending
FULL_UNIFIED_RUN_V1,M5,2016-01-04,mage_placebo,placebo,13,50,10,7,0.001,4,Adam,0.001,v1_0562_m5_20160104_mage_placebo_s13,stage_1,log1p_huber_delta_1,latest locked 28-day rolling origin strictly before formal origin,reinitialize same seed; all pre-origin rolling samples; e_star epochs,configs/adapter_common_contract.yaml,0fdc80620cf8962630e75c1fa2432803a694bdd75347ebc77b3093fc02c15c5f,f363d22b50ee5ecf935d764748129bbf4e83b2417ab50854a465cae0c12fccbf,learned_at_runtime|adapter_graph_export_required,not_applicable,fixed_seed_13_resolve_per_adapter,f1fdd27da4e72a140c4f341f94d368fbcaec7507|NO_LICENSE_FILE_FOUND,0989600381519ac4aa5b8f8aecd1ef37adbe61698bde6c35a3572be332bb5fc1,d7c77384eedf44b83bb464f03081bda024ebcdf3ebd2c5ef3e38acffa7bbfeef,adapter_partially_ready,approximate_control,,pending
FULL_UNIFIED_RUN_V1,M5,2016-01-04,mage_placebo,placebo,29,50,10,7,0.001,4,Adam,0.001,v1_0563_m5_20160104_mage_placebo_s29,stage_1,log1p_huber_delta_1,latest locked 28-day rolling origin strictly before formal origin,reinitialize same seed; all pre-origin rolling samples; e_star epochs,configs/adapter_common_contract.yaml,0fdc80620cf8962630e75c1fa2432803a694bdd75347ebc77b3093fc02c15c5f,f363d22b50ee5ecf935d764748129bbf4e83b2417ab50854a465cae0c12fccbf,learned_at_runtime|adapter_graph_export_required,not_applicable,fixed_seed_13_resolve_per_adapter,f1fdd27da4e72a140c4f341f94d368fbcaec7507|NO_LICENSE_FILE_FOUND,e79c77412293e8d6f8b22b37bb40a6aaac08b9da790064a54e97e2395082b856,d7c77384eedf44b83bb464f03081bda024ebcdf3ebd2c5ef3e38acffa7bbfeef,adapter_partially_ready,approximate_control,,pending
FULL_UNIFIED_RUN_V1,M5,2016-01-04,mage_placebo,placebo,47,50,10,7,0.001,4,Adam,0.001,v1_0564_m5_20160104_mage_placebo_s47,stage_1,log1p_huber_delta_1,latest locked 28-day rolling origin strictly before formal origin,reinitialize same seed; all pre-origin rolling samples; e_star epochs,configs/adapter_common_contract.yaml,0fdc80620cf8962630e75c1fa2432803a694bdd75347ebc77b3093fc02c15c5f,f363d22b50ee5ecf935d764748129bbf4e83b2417ab50854a465cae0c12fccbf,learned_at_runtime|adapter_graph_export_required,not_applicable,fixed_seed_13_resolve_per_adapter,f1fdd27da4e72a140c4f341f94d368fbcaec7507|NO_LICENSE_FILE_FOUND,6df8d136958d6871b5db6b9016181fa77946a042797470d9f224b3ad121b01cc,d7c77384eedf44b83bb464f03081bda024ebcdf3ebd2c5ef3e38acffa7bbfeef,adapter_partially_ready,approximate_control,,pending
FULL_UNIFIED_RUN_V1,M5,2016-02-01,mage_placebo,placebo,13,50,10,7,0.001,4,Adam,0.001,v1_0565_m5_20160201_mage_placebo_s13,stage_1,log1p_huber_delta_1,latest locked 28-day rolling origin strictly before formal origin,reinitialize same seed; all pre-origin rolling samples; e_star epochs,configs/adapter_common_contract.yaml,0fdc80620cf8962630e75c1fa2432803a694bdd75347ebc77b3093fc02c15c5f,84ec5e1a462241b724bdb52169726ffe86647b20efbad04d01b949a8b9fc2a01,learned_at_runtime|adapter_graph_export_required,not_applicable,fixed_seed_13_resolve_per_adapter,f1fdd27da4e72a140c4f341f94d368fbcaec7507|NO_LICENSE_FILE_FOUND,2895be32700b16b32ff11ea231bfa0888adaeaf2046a251ef00aaa89f2e0acd2,d7c77384eedf44b83bb464f03081bda024ebcdf3ebd2c5ef3e38acffa7bbfeef,adapter_partially_ready,approximate_control,,pending
FULL_UNIFIED_RUN_V1,M5,2016-02-01,mage_placebo,placebo,29,50,10,7,0.001,4,Adam,0.001,v1_0566_m5_20160201_mage_placebo_s29,stage_1,log1p_huber_delta_1,latest locked 28-day rolling origin strictly before formal origin,reinitialize same seed; all pre-origin rolling samples; e_star epochs,configs/adapter_common_contract.yaml,0fdc80620cf8962630e75c1fa2432803a694bdd75347ebc77b3093fc02c15c5f,84ec5e1a462241b724bdb52169726ffe86647b20efbad04d01b949a8b9fc2a01,learned_at_runtime|adapter_graph_export_required,not_applicable,fixed_seed_13_resolve_per_adapter,f1fdd27da4e72a140c4f341f94d368fbcaec7507|NO_LICENSE_FILE_FOUND,ce18e279d482149fedd0dbcffd4dcde4834356775bcf4a29ddef9b36ae4666d7,d7c77384eedf44b83bb464f03081bda024ebcdf3ebd2c5ef3e38acffa7bbfeef,adapter_partially_ready,approximate_control,,pending
FULL_UNIFIED_RUN_V1,M5,2016-02-01,mage_placebo,placebo,47,50,10,7,0.001,4,Adam,0.001,v1_0567_m5_20160201_mage_placebo_s47,stage_1,log1p_huber_delta_1,latest locked 28-day rolling origin strictly before formal origin,reinitialize same seed; all pre-origin rolling samples; e_star epochs,configs/adapter_common_contract.yaml,0fdc80620cf8962630e75c1fa2432803a694bdd75347ebc77b3093fc02c15c5f,84ec5e1a462241b724bdb52169726ffe86647b20efbad04d01b949a8b9fc2a01,learned_at_runtime|adapter_graph_export_required,not_applicable,fixed_seed_13_resolve_per_adapter,f1fdd27da4e72a140c4f341f94d368fbcaec7507|NO_LICENSE_FILE_FOUND,48752bc098305efbdc181cf1b4c904329402b107ebc6f978b7c88a38d6271b28,d7c77384eedf44b83bb464f03081bda024ebcdf3ebd2c5ef3e38acffa7bbfeef,adapter_partially_ready,approximate_control,,pending
FULL_UNIFIED_RUN_V1,Favorita,2017-03-01,mage_placebo,placebo,13,50,10,7,0.001,4,Adam,0.001,v1_0568_favorita_20170301_mage_placebo_s13,stage_1,log1p_huber_delta_1,latest locked 28-day rolling origin strictly before formal origin,reinitialize same seed; all pre-origin rolling samples; e_star epochs,configs/adapter_common_contract.yaml,99f53feff701ca0e8ddb39eaf4c2384b14067b4e69669a6d805e4efea668fb19,cd0beeec37632daa955a38f9eba4e42ab5553d9daac470a0028c402132af43b1,learned_at_runtime|adapter_graph_export_required,not_applicable,fixed_seed_13_resolve_per_adapter,f1fdd27da4e72a140c4f341f94d368fbcaec7507|NO_LICENSE_FILE_FOUND,9c9df1d640210acff5fb3cee57e4834cd4b7567742650f6b9671558be2cca2e7,d7c77384eedf44b83bb464f03081bda024ebcdf3ebd2c5ef3e38acffa7bbfeef,adapter_partially_ready,approximate_control,,pending
FULL_UNIFIED_RUN_V1,Favorita,2017-03-01,mage_placebo,placebo,29,50,10,7,0.001,4,Adam,0.001,v1_0569_favorita_20170301_mage_placebo_s29,stage_1,log1p_huber_delta_1,latest locked 28-day rolling origin strictly before formal origin,reinitialize same seed; all pre-origin rolling samples; e_star epochs,configs/adapter_common_contract.yaml,99f53feff701ca0e8ddb39eaf4c2384b14067b4e69669a6d805e4efea668fb19,cd0beeec37632daa955a38f9eba4e42ab5553d9daac470a0028c402132af43b1,learned_at_runtime|adapter_graph_export_required,not_applicable,fixed_seed_13_resolve_per_adapter,f1fdd27da4e72a140c4f341f94d368fbcaec7507|NO_LICENSE_FILE_FOUND,a72289f11410abfbbfda040544967b2027f3ccca6e1237b920e6feb3fafbfcaf,d7c77384eedf44b83bb464f03081bda024ebcdf3ebd2c5ef3e38acffa7bbfeef,adapter_partially_ready,approximate_control,,pending
FULL_UNIFIED_RUN_V1,Favorita,2017-03-01,mage_placebo,placebo,47,50,10,7,0.001,4,Adam,0.001,v1_0570_favorita_20170301_mage_placebo_s47,stage_1,log1p_huber_delta_1,latest locked 28-day rolling origin strictly before formal origin,reinitialize same seed; all pre-origin rolling samples; e_star epochs,configs/adapter_common_contract.yaml,99f53feff701ca0e8ddb39eaf4c2384b14067b4e69669a6d805e4efea668fb19,cd0beeec37632daa955a38f9eba4e42ab5553d9daac470a0028c402132af43b1,learned_at_runtime|adapter_graph_export_required,not_applicable,fixed_seed_13_resolve_per_adapter,f1fdd27da4e72a140c4f341f94d368fbcaec7507|NO_LICENSE_FILE_FOUND,713f55305fa4cd1656b09879dccb2b52f7b902810dd3f0baea7827c7575cc8aa,d7c77384eedf44b83bb464f03081bda024ebcdf3ebd2c5ef3e38acffa7bbfeef,adapter_partially_ready,approximate_control,,pending
FULL_UNIFIED_RUN_V1,Favorita,2017-03-29,mage_placebo,placebo,13,50,10,7,0.001,4,Adam,0.001,v1_0571_favorita_20170329_mage_placebo_s13,stage_1,log1p_huber_delta_1,latest locked 28-day rolling origin strictly before formal origin,reinitialize same seed; all pre-origin rolling samples; e_star epochs,configs/adapter_common_contract.yaml,99f53feff701ca0e8ddb39eaf4c2384b14067b4e69669a6d805e4efea668fb19,345dabcf47b0f7e1fb1895e4c61f5d5ebffaa56e09a9f5b2d7896f439c70937b,learned_at_runtime|adapter_graph_export_required,not_applicable,fixed_seed_13_resolve_per_adapter,f1fdd27da4e72a140c4f341f94d368fbcaec7507|NO_LICENSE_FILE_FOUND,9e0b5fb48211866bb1273d7cc55468b74e5523a563ad231e686582a268afc1a2,d7c77384eedf44b83bb464f03081bda024ebcdf3ebd2c5ef3e38acffa7bbfeef,adapter_partially_ready,approximate_control,,pending
FULL_UNIFIED_RUN_V1,Favorita,2017-03-29,mage_placebo,placebo,29,50,10,7,0.001,4,Adam,0.001,v1_0572_favorita_20170329_mage_placebo_s29,stage_1,log1p_huber_delta_1,latest locked 28-day rolling origin strictly before formal origin,reinitialize same seed; all pre-origin rolling samples; e_star epochs,configs/adapter_common_contract.yaml,99f53feff701ca0e8ddb39eaf4c2384b14067b4e69669a6d805e4efea668fb19,345dabcf47b0f7e1fb1895e4c61f5d5ebffaa56e09a9f5b2d7896f439c70937b,learned_at_runtime|adapter_graph_export_required,not_applicable,fixed_seed_13_resolve_per_adapter,f1fdd27da4e72a140c4f341f94d368fbcaec7507|NO_LICENSE_FILE_FOUND,2dc40bcf0548d10c302cc7b9caf4278d24f486b0e9b69bf5977038c799ae130a,d7c77384eedf44b83bb464f03081bda024ebcdf3ebd2c5ef3e38acffa7bbfeef,adapter_partially_ready,approximate_control,,pending
FULL_UNIFIED_RUN_V1,Favorita,2017-03-29,mage_placebo,placebo,47,50,10,7,0.001,4,Adam,0.001,v1_0573_favorita_20170329_mage_placebo_s47,stage_1,log1p_huber_delta_1,latest locked 28-day rolling origin strictly before formal origin,reinitialize same seed; all pre-origin rolling samples; e_star epochs,configs/adapter_common_contract.yaml,99f53feff701ca0e8ddb39eaf4c2384b14067b4e69669a6d805e4efea668fb19,345dabcf47b0f7e1fb1895e4c61f5d5ebffaa56e09a9f5b2d7896f439c70937b,learned_at_runtime|adapter_graph_export_required,not_applicable,fixed_seed_13_resolve_per_adapter,f1fdd27da4e72a140c4f341f94d368fbcaec7507|NO_LICENSE_FILE_FOUND,c3a8eedcea1ee007440b300667dfea3ea8cc515facf07f97f412739a687b4e4c,d7c77384eedf44b83bb464f03081bda024ebcdf3ebd2c5ef3e38acffa7bbfeef,adapter_partially_ready,approximate_control,,pending
FULL_UNIFIED_RUN_V1,Favorita,2017-04-26,mage_placebo,placebo,13,50,10,7,0.001,4,Adam,0.001,v1_0574_favorita_20170426_mage_placebo_s13,stage_1,log1p_huber_delta_1,latest locked 28-day rolling origin strictly before formal origin,reinitialize same seed; all pre-origin rolling samples; e_star epochs,configs/adapter_common_contract.yaml,99f53feff701ca0e8ddb39eaf4c2384b14067b4e69669a6d805e4efea668fb19,c488ebe713d35972ff5a908aa6c2090b4ea444972f31abbf215c0d17998dda91,learned_at_runtime|adapter_graph_export_required,not_applicable,fixed_seed_13_resolve_per_adapter,f1fdd27da4e72a140c4f341f94d368fbcaec7507|NO_LICENSE_FILE_FOUND,e4c678cc3c6273c24accd90eec203f7b4386e739f9e24df8262f5491d9002006,d7c77384eedf44b83bb464f03081bda024ebcdf3ebd2c5ef3e38acffa7bbfeef,adapter_partially_ready,approximate_control,,pending
FULL_UNIFIED_RUN_V1,Favorita,2017-04-26,mage_placebo,placebo,29,50,10,7,0.001,4,Adam,0.001,v1_0575_favorita_20170426_mage_placebo_s29,stage_1,log1p_huber_delta_1,latest locked 28-day rolling origin strictly before formal origin,reinitialize same seed; all pre-origin rolling samples; e_star epochs,configs/adapter_common_contract.yaml,99f53feff701ca0e8ddb39eaf4c2384b14067b4e69669a6d805e4efea668fb19,c488ebe713d35972ff5a908aa6c2090b4ea444972f31abbf215c0d17998dda91,learned_at_runtime|adapter_graph_export_required,not_applicable,fixed_seed_13_resolve_per_adapter,f1fdd27da4e72a140c4f341f94d368fbcaec7507|NO_LICENSE_FILE_FOUND,ca0aef1b08cb82c57438d7b9823c119ca595ca35e8caea93221d6e9472cdf2d3,d7c77384eedf44b83bb464f03081bda024ebcdf3ebd2c5ef3e38acffa7bbfeef,adapter_partially_ready,approximate_control,,pending
FULL_UNIFIED_RUN_V1,Favorita,2017-04-26,mage_placebo,placebo,47,50,10,7,0.001,4,Adam,0.001,v1_0576_favorita_20170426_mage_placebo_s47,stage_1,log1p_huber_delta_1,latest locked 28-day rolling origin strictly before formal origin,reinitialize same seed; all pre-origin rolling samples; e_star epochs,configs/adapter_common_contract.yaml,99f53feff701ca0e8ddb39eaf4c2384b14067b4e69669a6d805e4efea668fb19,c488ebe713d35972ff5a908aa6c2090b4ea444972f31abbf215c0d17998dda91,learned_at_runtime|adapter_graph_export_required,not_applicable,fixed_seed_13_resolve_per_adapter,f1fdd27da4e72a140c4f341f94d368fbcaec7507|NO_LICENSE_FILE_FOUND,dd4dd19996741d23b4a9241ef99845ede9b2ad4a8c4e9a643fc563beb5c2dc5b,d7c77384eedf44b83bb464f03081bda024ebcdf3ebd2c5ef3e38acffa7bbfeef,adapter_partially_ready,approximate_control,,pending
FULL_UNIFIED_RUN_V1,Store Item,2017-05-22,mage_placebo,placebo,13,50,10,7,0.001,4,Adam,0.001,v1_0577_store_item_20170522_mage_placebo_s13,stage_1,log1p_huber_delta_1,latest locked 28-day rolling origin strictly before formal origin,reinitialize same seed; all pre-origin rolling samples; e_star epochs,configs/adapter_common_contract.yaml,99f53feff701ca0e8ddb39eaf4c2384b14067b4e69669a6d805e4efea668fb19,96f573b570f1b2d301538d41f90dacef49f3190e6f15d4c0105641fefebfcd31,learned_at_runtime|adapter_graph_export_required,not_applicable,fixed_seed_13_resolve_per_adapter,f1fdd27da4e72a140c4f341f94d368fbcaec7507|NO_LICENSE_FILE_FOUND,11179ea7d7a39c8aad38f18771b8960b3d57949c5efa2104c26c7c9b481cb7a7,d7c77384eedf44b83bb464f03081bda024ebcdf3ebd2c5ef3e38acffa7bbfeef,adapter_partially_ready,approximate_control,test.csv|sample_submission.csv|sealed_independent_test,pending
FULL_UNIFIED_RUN_V1,Store Item,2017-05-22,mage_placebo,placebo,29,50,10,7,0.001,4,Adam,0.001,v1_0578_store_item_20170522_mage_placebo_s29,stage_1,log1p_huber_delta_1,latest locked 28-day rolling origin strictly before formal origin,reinitialize same seed; all pre-origin rolling samples; e_star epochs,configs/adapter_common_contract.yaml,99f53feff701ca0e8ddb39eaf4c2384b14067b4e69669a6d805e4efea668fb19,96f573b570f1b2d301538d41f90dacef49f3190e6f15d4c0105641fefebfcd31,learned_at_runtime|adapter_graph_export_required,not_applicable,fixed_seed_13_resolve_per_adapter,f1fdd27da4e72a140c4f341f94d368fbcaec7507|NO_LICENSE_FILE_FOUND,f82b314d2a09875c2b2eaa7f053c02772f54f9a00ba983b224719dece9f31d45,d7c77384eedf44b83bb464f03081bda024ebcdf3ebd2c5ef3e38acffa7bbfeef,adapter_partially_ready,approximate_control,test.csv|sample_submission.csv|sealed_independent_test,pending
FULL_UNIFIED_RUN_V1,Store Item,2017-05-22,mage_placebo,placebo,47,50,10,7,0.001,4,Adam,0.001,v1_0579_store_item_20170522_mage_placebo_s47,stage_1,log1p_huber_delta_1,latest locked 28-day rolling origin strictly before formal origin,reinitialize same seed; all pre-origin rolling samples; e_star epochs,configs/adapter_common_contract.yaml,99f53feff701ca0e8ddb39eaf4c2384b14067b4e69669a6d805e4efea668fb19,96f573b570f1b2d301538d41f90dacef49f3190e6f15d4c0105641fefebfcd31,learned_at_runtime|adapter_graph_export_required,not_applicable,fixed_seed_13_resolve_per_adapter,f1fdd27da4e72a140c4f341f94d368fbcaec7507|NO_LICENSE_FILE_FOUND,c1a554c325dfa9836fb515de7f5277ef062bd32abadc5c404789797133265eef,d7c77384eedf44b83bb464f03081bda024ebcdf3ebd2c5ef3e38acffa7bbfeef,adapter_partially_ready,approximate_control,test.csv|sample_submission.csv|sealed_independent_test,pending
FULL_UNIFIED_RUN_V1,Store Item,2017-06-19,mage_placebo,placebo,13,50,10,7,0.001,4,Adam,0.001,v1_0580_store_item_20170619_mage_placebo_s13,stage_1,log1p_huber_delta_1,latest locked 28-day rolling origin strictly before formal origin,reinitialize same seed; all pre-origin rolling samples; e_star epochs,configs/adapter_common_contract.yaml,99f53feff701ca0e8ddb39eaf4c2384b14067b4e69669a6d805e4efea668fb19,28beca4732b3f14a100f847605d2098885a415ba97668113a3ccce044ffb107d,learned_at_runtime|adapter_graph_export_required,not_applicable,fixed_seed_13_resolve_per_adapter,f1fdd27da4e72a140c4f341f94d368fbcaec7507|NO_LICENSE_FILE_FOUND,84627a2943ff10fac68a115656500a39e0c0038c48999efd10cc2bd86c44b91d,d7c77384eedf44b83bb464f03081bda024ebcdf3ebd2c5ef3e38acffa7bbfeef,adapter_partially_ready,approximate_control,test.csv|sample_submission.csv|sealed_independent_test,pending
FULL_UNIFIED_RUN_V1,Store Item,2017-06-19,mage_placebo,placebo,29,50,10,7,0.001,4,Adam,0.001,v1_0581_store_item_20170619_mage_placebo_s29,stage_1,log1p_huber_delta_1,latest locked 28-day rolling origin strictly before formal origin,reinitialize same seed; all pre-origin rolling samples; e_star epochs,configs/adapter_common_contract.yaml,99f53feff701ca0e8ddb39eaf4c2384b14067b4e69669a6d805e4efea668fb19,28beca4732b3f14a100f847605d2098885a415ba97668113a3ccce044ffb107d,learned_at_runtime|adapter_graph_export_required,not_applicable,fixed_seed_13_resolve_per_adapter,f1fdd27da4e72a140c4f341f94d368fbcaec7507|NO_LICENSE_FILE_FOUND,1d04033e5c48bb9b84650737775b7baa39564c0b48de3cfb822e8aa407a5d162,d7c77384eedf44b83bb464f03081bda024ebcdf3ebd2c5ef3e38acffa7bbfeef,adapter_partially_ready,approximate_control,test.csv|sample_submission.csv|sealed_independent_test,pending
FULL_UNIFIED_RUN_V1,Store Item,2017-06-19,mage_placebo,placebo,47,50,10,7,0.001,4,Adam,0.001,v1_0582_store_item_20170619_mage_placebo_s47,stage_1,log1p_huber_delta_1,latest locked 28-day rolling origin strictly before formal origin,reinitialize same seed; all pre-origin rolling samples; e_star epochs,configs/adapter_common_contract.yaml,99f53feff701ca0e8ddb39eaf4c2384b14067b4e69669a6d805e4efea668fb19,28beca4732b3f14a100f847605d2098885a415ba97668113a3ccce044ffb107d,learned_at_runtime|adapter_graph_export_required,not_applicable,fixed_seed_13_resolve_per_adapter,f1fdd27da4e72a140c4f341f94d368fbcaec7507|NO_LICENSE_FILE_FOUND,87e73f2d56091f6eb55fa210da51455fad9ea1ca32f2710c96507ebfdda58623,d7c77384eedf44b83bb464f03081bda024ebcdf3ebd2c5ef3e38acffa7bbfeef,adapter_partially_ready,approximate_control,test.csv|sample_submission.csv|sealed_independent_test,pending
FULL_UNIFIED_RUN_V1,Store Item,2017-07-17,mage_placebo,placebo,13,50,10,7,0.001,4,Adam,0.001,v1_0583_store_item_20170717_mage_placebo_s13,stage_1,log1p_huber_delta_1,latest locked 28-day rolling origin strictly before formal origin,reinitialize same seed; all pre-origin rolling samples; e_star epochs,configs/adapter_common_contract.yaml,99f53feff701ca0e8ddb39eaf4c2384b14067b4e69669a6d805e4efea668fb19,cb704e15bf73a80e87151fc7a786498308b0888b5b69c93a6c61d1fdd789036d,learned_at_runtime|adapter_graph_export_required,not_applicable,fixed_seed_13_resolve_per_adapter,f1fdd27da4e72a140c4f341f94d368fbcaec7507|NO_LICENSE_FILE_FOUND,da6ce06e8041f51df8c442ee6ee9457726628336c7f0d4b0e09df306e2991eb8,d7c77384eedf44b83bb464f03081bda024ebcdf3ebd2c5ef3e38acffa7bbfeef,adapter_partially_ready,approximate_control,test.csv|sample_submission.csv|sealed_independent_test,pending
FULL_UNIFIED_RUN_V1,Store Item,2017-07-17,mage_placebo,placebo,29,50,10,7,0.001,4,Adam,0.001,v1_0584_store_item_20170717_mage_placebo_s29,stage_1,log1p_huber_delta_1,latest locked 28-day rolling origin strictly before formal origin,reinitialize same seed; all pre-origin rolling samples; e_star epochs,configs/adapter_common_contract.yaml,99f53feff701ca0e8ddb39eaf4c2384b14067b4e69669a6d805e4efea668fb19,cb704e15bf73a80e87151fc7a786498308b0888b5b69c93a6c61d1fdd789036d,learned_at_runtime|adapter_graph_export_required,not_applicable,fixed_seed_13_resolve_per_adapter,f1fdd27da4e72a140c4f341f94d368fbcaec7507|NO_LICENSE_FILE_FOUND,7d380e3804ac0b086183828c96025604dcceffea11c3ebf326b1c004cfeba99f,d7c77384eedf44b83bb464f03081bda024ebcdf3ebd2c5ef3e38acffa7bbfeef,adapter_partially_ready,approximate_control,test.csv|sample_submission.csv|sealed_independent_test,pending
FULL_UNIFIED_RUN_V1,Store Item,2017-07-17,mage_placebo,placebo,47,50,10,7,0.001,4,Adam,0.001,v1_0585_store_item_20170717_mage_placebo_s47,stage_1,log1p_huber_delta_1,latest locked 28-day rolling origin strictly before formal origin,reinitialize same seed; all pre-origin rolling samples; e_star epochs,configs/adapter_common_contract.yaml,99f53feff701ca0e8ddb39eaf4c2384b14067b4e69669a6d805e4efea668fb19,cb704e15bf73a80e87151fc7a786498308b0888b5b69c93a6c61d1fdd789036d,learned_at_runtime|adapter_graph_export_required,not_applicable,fixed_seed_13_resolve_per_adapter,f1fdd27da4e72a140c4f341f94d368fbcaec7507|NO_LICENSE_FILE_FOUND,4e0a277476d0c13cb7fe6fd970e3fbdc165884a99a59d1a8f366058b9b96e233,d7c77384eedf44b83bb464f03081bda024ebcdf3ebd2c5ef3e38acffa7bbfeef,adapter_partially_ready,approximate_control,test.csv|sample_submission.csv|sealed_independent_test,pending
FULL_UNIFIED_RUN_V1,M5,2015-12-07,metadata_embedding_tcn,no_graph,13,50,10,7,0.001,4,Adam,0.001,v1_0586_m5_20151207_metadata_embedding_tcn_s13,stage_1,log1p_huber_delta_1,latest locked 28-day rolling origin strictly before formal origin,reinitialize same seed; all pre-origin rolling samples; e_star epochs,configs/adapter_common_contract.yaml,0fdc80620cf8962630e75c1fa2432803a694bdd75347ebc77b3093fc02c15c5f,24f14f88e9945d2a7fb67744b119a74daf41bf279d2a3b941fb03feff77657e4,0c3d3ffb729ba093da08f20dffe30b5862525241bf6e0fc18e4b390d97e506a4,55a15ce42d44e7e2abb9661c51c6edf440dbe255884baf3f51214aec3251b16b,not_applicable,1110a243fdf4706b3f48f1d95db1a4f5529b4d41,0f54a5ccea1e08e9b8b7bf6de70b3b151bb3383167244a469fbb27d5bd410f58,d7c77384eedf44b83bb464f03081bda024ebcdf3ebd2c5ef3e38acffa7bbfeef,adapter_ready,matched_no_graph,,pending
FULL_UNIFIED_RUN_V1,M5,2015-12-07,metadata_embedding_tcn,no_graph,29,50,10,7,0.001,4,Adam,0.001,v1_0587_m5_20151207_metadata_embedding_tcn_s29,stage_1,log1p_huber_delta_1,latest locked 28-day rolling origin strictly before formal origin,reinitialize same seed; all pre-origin rolling samples; e_star epochs,configs/adapter_common_contract.yaml,0fdc80620cf8962630e75c1fa2432803a694bdd75347ebc77b3093fc02c15c5f,24f14f88e9945d2a7fb67744b119a74daf41bf279d2a3b941fb03feff77657e4,0c3d3ffb729ba093da08f20dffe30b5862525241bf6e0fc18e4b390d97e506a4,55a15ce42d44e7e2abb9661c51c6edf440dbe255884baf3f51214aec3251b16b,not_applicable,1110a243fdf4706b3f48f1d95db1a4f5529b4d41,833750b9a948f4f121959f8b6b150ec85035b49af51f22267712700767c29bff,d7c77384eedf44b83bb464f03081bda024ebcdf3ebd2c5ef3e38acffa7bbfeef,adapter_ready,matched_no_graph,,pending
FULL_UNIFIED_RUN_V1,M5,2015-12-07,metadata_embedding_tcn,no_graph,47,50,10,7,0.001,4,Adam,0.001,v1_0588_m5_20151207_metadata_embedding_tcn_s47,stage_1,log1p_huber_delta_1,latest locked 28-day rolling origin strictly before formal origin,reinitialize same seed; all pre-origin rolling samples; e_star epochs,configs/adapter_common_contract.yaml,0fdc80620cf8962630e75c1fa2432803a694bdd75347ebc77b3093fc02c15c5f,24f14f88e9945d2a7fb67744b119a74daf41bf279d2a3b941fb03feff77657e4,0c3d3ffb729ba093da08f20dffe30b5862525241bf6e0fc18e4b390d97e506a4,55a15ce42d44e7e2abb9661c51c6edf440dbe255884baf3f51214aec3251b16b,not_applicable,1110a243fdf4706b3f48f1d95db1a4f5529b4d41,e0bca028ce63b5d90045efe248c2f3d77a2162bdae08590bd2ed00c25598506f,d7c77384eedf44b83bb464f03081bda024ebcdf3ebd2c5ef3e38acffa7bbfeef,adapter_ready,matched_no_graph,,pending
FULL_UNIFIED_RUN_V1,M5,2016-01-04,metadata_embedding_tcn,no_graph,13,50,10,7,0.001,4,Adam,0.001,v1_0589_m5_20160104_metadata_embedding_tcn_s13,stage_1,log1p_huber_delta_1,latest locked 28-day rolling origin strictly before formal origin,reinitialize same seed; all pre-origin rolling samples; e_star epochs,configs/adapter_common_contract.yaml,0fdc80620cf8962630e75c1fa2432803a694bdd75347ebc77b3093fc02c15c5f,f363d22b50ee5ecf935d764748129bbf4e83b2417ab50854a465cae0c12fccbf,0c3d3ffb729ba093da08f20dffe30b5862525241bf6e0fc18e4b390d97e506a4,55a15ce42d44e7e2abb9661c51c6edf440dbe255884baf3f51214aec3251b16b,not_applicable,1110a243fdf4706b3f48f1d95db1a4f5529b4d41,4e1d4364a855ff59613b06a2fb27a4a27e53670a490d346765a0f082179bb91e,d7c77384eedf44b83bb464f03081bda024ebcdf3ebd2c5ef3e38acffa7bbfeef,adapter_ready,matched_no_graph,,pending
FULL_UNIFIED_RUN_V1,M5,2016-01-04,metadata_embedding_tcn,no_graph,29,50,10,7,0.001,4,Adam,0.001,v1_0590_m5_20160104_metadata_embedding_tcn_s29,stage_1,log1p_huber_delta_1,latest locked 28-day rolling origin strictly before formal origin,reinitialize same seed; all pre-origin rolling samples; e_star epochs,configs/adapter_common_contract.yaml,0fdc80620cf8962630e75c1fa2432803a694bdd75347ebc77b3093fc02c15c5f,f363d22b50ee5ecf935d764748129bbf4e83b2417ab50854a465cae0c12fccbf,0c3d3ffb729ba093da08f20dffe30b5862525241bf6e0fc18e4b390d97e506a4,55a15ce42d44e7e2abb9661c51c6edf440dbe255884baf3f51214aec3251b16b,not_applicable,1110a243fdf4706b3f48f1d95db1a4f5529b4d41,0f971659715d493d67ee64b7bdb76bc30a11340ce583fdbcce04882e8c422022,d7c77384eedf44b83bb464f03081bda024ebcdf3ebd2c5ef3e38acffa7bbfeef,adapter_ready,matched_no_graph,,pending
FULL_UNIFIED_RUN_V1,M5,2016-01-04,metadata_embedding_tcn,no_graph,47,50,10,7,0.001,4,Adam,0.001,v1_0591_m5_20160104_metadata_embedding_tcn_s47,stage_1,log1p_huber_delta_1,latest locked 28-day rolling origin strictly before formal origin,reinitialize same seed; all pre-origin rolling samples; e_star epochs,configs/adapter_common_contract.yaml,0fdc80620cf8962630e75c1fa2432803a694bdd75347ebc77b3093fc02c15c5f,f363d22b50ee5ecf935d764748129bbf4e83b2417ab50854a465cae0c12fccbf,0c3d3ffb729ba093da08f20dffe30b5862525241bf6e0fc18e4b390d97e506a4,55a15ce42d44e7e2abb9661c51c6edf440dbe255884baf3f51214aec3251b16b,not_applicable,1110a243fdf4706b3f48f1d95db1a4f5529b4d41,e42342fc116ff9712ba32ae1cd36a0cfec2df45c18186e61658e9bd7959cbd9f,d7c77384eedf44b83bb464f03081bda024ebcdf3ebd2c5ef3e38acffa7bbfeef,adapter_ready,matched_no_graph,,pending
FULL_UNIFIED_RUN_V1,M5,2016-02-01,metadata_embedding_tcn,no_graph,13,50,10,7,0.001,4,Adam,0.001,v1_0592_m5_20160201_metadata_embedding_tcn_s13,stage_1,log1p_huber_delta_1,latest locked 28-day rolling origin strictly before formal origin,reinitialize same seed; all pre-origin rolling samples; e_star epochs,configs/adapter_common_contract.yaml,0fdc80620cf8962630e75c1fa2432803a694bdd75347ebc77b3093fc02c15c5f,84ec5e1a462241b724bdb52169726ffe86647b20efbad04d01b949a8b9fc2a01,0c3d3ffb729ba093da08f20dffe30b5862525241bf6e0fc18e4b390d97e506a4,55a15ce42d44e7e2abb9661c51c6edf440dbe255884baf3f51214aec3251b16b,not_applicable,1110a243fdf4706b3f48f1d95db1a4f5529b4d41,234916481d95d2e6f316dad5c2c5207074e959ecc320da61c4ee6afdb0add53c,d7c77384eedf44b83bb464f03081bda024ebcdf3ebd2c5ef3e38acffa7bbfeef,adapter_ready,matched_no_graph,,pending
FULL_UNIFIED_RUN_V1,M5,2016-02-01,metadata_embedding_tcn,no_graph,29,50,10,7,0.001,4,Adam,0.001,v1_0593_m5_20160201_metadata_embedding_tcn_s29,stage_1,log1p_huber_delta_1,latest locked 28-day rolling origin strictly before formal origin,reinitialize same seed; all pre-origin rolling samples; e_star epochs,configs/adapter_common_contract.yaml,0fdc80620cf8962630e75c1fa2432803a694bdd75347ebc77b3093fc02c15c5f,84ec5e1a462241b724bdb52169726ffe86647b20efbad04d01b949a8b9fc2a01,0c3d3ffb729ba093da08f20dffe30b5862525241bf6e0fc18e4b390d97e506a4,55a15ce42d44e7e2abb9661c51c6edf440dbe255884baf3f51214aec3251b16b,not_applicable,1110a243fdf4706b3f48f1d95db1a4f5529b4d41,0ac31456b9bee3f22429ad2ec2f97c1113ed94d705e6e5487c77fd7f3d2d3d52,d7c77384eedf44b83bb464f03081bda024ebcdf3ebd2c5ef3e38acffa7bbfeef,adapter_ready,matched_no_graph,,pending
FULL_UNIFIED_RUN_V1,M5,2016-02-01,metadata_embedding_tcn,no_graph,47,50,10,7,0.001,4,Adam,0.001,v1_0594_m5_20160201_metadata_embedding_tcn_s47,stage_1,log1p_huber_delta_1,latest locked 28-day rolling origin strictly before formal origin,reinitialize same seed; all pre-origin rolling samples; e_star epochs,configs/adapter_common_contract.yaml,0fdc80620cf8962630e75c1fa2432803a694bdd75347ebc77b3093fc02c15c5f,84ec5e1a462241b724bdb52169726ffe86647b20efbad04d01b949a8b9fc2a01,0c3d3ffb729ba093da08f20dffe30b5862525241bf6e0fc18e4b390d97e506a4,55a15ce42d44e7e2abb9661c51c6edf440dbe255884baf3f51214aec3251b16b,not_applicable,1110a243fdf4706b3f48f1d95db1a4f5529b4d41,c4af779b6f0e262e49f83b22465bd31296d1cbf27c13bc26ee1012693aa9141b,d7c77384eedf44b83bb464f03081bda024ebcdf3ebd2c5ef3e38acffa7bbfeef,adapter_ready,matched_no_graph,,pending
FULL_UNIFIED_RUN_V1,Favorita,2017-03-01,metadata_embedding_tcn,no_graph,13,50,10,7,0.001,4,Adam,0.001,v1_0595_favorita_20170301_metadata_embedding_tcn_s13,stage_1,log1p_huber_delta_1,latest locked 28-day rolling origin strictly before formal origin,reinitialize same seed; all pre-origin rolling samples; e_star epochs,configs/adapter_common_contract.yaml,99f53feff701ca0e8ddb39eaf4c2384b14067b4e69669a6d805e4efea668fb19,cd0beeec37632daa955a38f9eba4e42ab5553d9daac470a0028c402132af43b1,7a38a3a1a631045aca299221b5a37004a5ebd5001b7e53d3264d55104bbe9bf7,8377c3b77e9406c22a7e22ded6c7d899939bfe4915922a5a89918f9da572aa10,not_applicable,1110a243fdf4706b3f48f1d95db1a4f5529b4d41,b9d7db0f38dfe68c5163b9e0a5b0cd3a60ea7c7f5307e8d4d8f6e98e7b418bdd,d7c77384eedf44b83bb464f03081bda024ebcdf3ebd2c5ef3e38acffa7bbfeef,adapter_ready,matched_no_graph,,pending
FULL_UNIFIED_RUN_V1,Favorita,2017-03-01,metadata_embedding_tcn,no_graph,29,50,10,7,0.001,4,Adam,0.001,v1_0596_favorita_20170301_metadata_embedding_tcn_s29,stage_1,log1p_huber_delta_1,latest locked 28-day rolling origin strictly before formal origin,reinitialize same seed; all pre-origin rolling samples; e_star epochs,configs/adapter_common_contract.yaml,99f53feff701ca0e8ddb39eaf4c2384b14067b4e69669a6d805e4efea668fb19,cd0beeec37632daa955a38f9eba4e42ab5553d9daac470a0028c402132af43b1,7a38a3a1a631045aca299221b5a37004a5ebd5001b7e53d3264d55104bbe9bf7,8377c3b77e9406c22a7e22ded6c7d899939bfe4915922a5a89918f9da572aa10,not_applicable,1110a243fdf4706b3f48f1d95db1a4f5529b4d41,af22b4065f8c7910302f8e5283994615c67ee8b3aefd5a402ee1f29b3f7d9144,d7c77384eedf44b83bb464f03081bda024ebcdf3ebd2c5ef3e38acffa7bbfeef,adapter_ready,matched_no_graph,,pending
FULL_UNIFIED_RUN_V1,Favorita,2017-03-01,metadata_embedding_tcn,no_graph,47,50,10,7,0.001,4,Adam,0.001,v1_0597_favorita_20170301_metadata_embedding_tcn_s47,stage_1,log1p_huber_delta_1,latest locked 28-day rolling origin strictly before formal origin,reinitialize same seed; all pre-origin rolling samples; e_star epochs,configs/adapter_common_contract.yaml,99f53feff701ca0e8ddb39eaf4c2384b14067b4e69669a6d805e4efea668fb19,cd0beeec37632daa955a38f9eba4e42ab5553d9daac470a0028c402132af43b1,7a38a3a1a631045aca299221b5a37004a5ebd5001b7e53d3264d55104bbe9bf7,8377c3b77e9406c22a7e22ded6c7d899939bfe4915922a5a89918f9da572aa10,not_applicable,1110a243fdf4706b3f48f1d95db1a4f5529b4d41,a02749fd851dcca4a63dd66df53c63b68ec96b84e47f5ccc1d563f6401419dae,d7c77384eedf44b83bb464f03081bda024ebcdf3ebd2c5ef3e38acffa7bbfeef,adapter_ready,matched_no_graph,,pending
FULL_UNIFIED_RUN_V1,Favorita,2017-03-29,metadata_embedding_tcn,no_graph,13,50,10,7,0.001,4,Adam,0.001,v1_0598_favorita_20170329_metadata_embedding_tcn_s13,stage_1,log1p_huber_delta_1,latest locked 28-day rolling origin strictly before formal origin,reinitialize same seed; all pre-origin rolling samples; e_star epochs,configs/adapter_common_contract.yaml,99f53feff701ca0e8ddb39eaf4c2384b14067b4e69669a6d805e4efea668fb19,345dabcf47b0f7e1fb1895e4c61f5d5ebffaa56e09a9f5b2d7896f439c70937b,7a38a3a1a631045aca299221b5a37004a5ebd5001b7e53d3264d55104bbe9bf7,8377c3b77e9406c22a7e22ded6c7d899939bfe4915922a5a89918f9da572aa10,not_applicable,1110a243fdf4706b3f48f1d95db1a4f5529b4d41,3429b64daad798f1634ab77c84408658e6caa9b544d98ec0054e8e82591db5fe,d7c77384eedf44b83bb464f03081bda024ebcdf3ebd2c5ef3e38acffa7bbfeef,adapter_ready,matched_no_graph,,pending
FULL_UNIFIED_RUN_V1,Favorita,2017-03-29,metadata_embedding_tcn,no_graph,29,50,10,7,0.001,4,Adam,0.001,v1_0599_favorita_20170329_metadata_embedding_tcn_s29,stage_1,log1p_huber_delta_1,latest locked 28-day rolling origin strictly before formal origin,reinitialize same seed; all pre-origin rolling samples; e_star epochs,configs/adapter_common_contract.yaml,99f53feff701ca0e8ddb39eaf4c2384b14067b4e69669a6d805e4efea668fb19,345dabcf47b0f7e1fb1895e4c61f5d5ebffaa56e09a9f5b2d7896f439c70937b,7a38a3a1a631045aca299221b5a37004a5ebd5001b7e53d3264d55104bbe9bf7,8377c3b77e9406c22a7e22ded6c7d899939bfe4915922a5a89918f9da572aa10,not_applicable,1110a243fdf4706b3f48f1d95db1a4f5529b4d41,ee1738fb1e5cd6cc9a4e313033595c4eac9b4c15e5e78cdd7b5496787794efd5,d7c77384eedf44b83bb464f03081bda024ebcdf3ebd2c5ef3e38acffa7bbfeef,adapter_ready,matched_no_graph,,pending
FULL_UNIFIED_RUN_V1,Favorita,2017-03-29,metadata_embedding_tcn,no_graph,47,50,10,7,0.001,4,Adam,0.001,v1_0600_favorita_20170329_metadata_embedding_tcn_s47,stage_1,log1p_huber_delta_1,latest locked 28-day rolling origin strictly before formal origin,reinitialize same seed; all pre-origin rolling samples; e_star epochs,configs/adapter_common_contract.yaml,99f53feff701ca0e8ddb39eaf4c2384b14067b4e69669a6d805e4efea668fb19,345dabcf47b0f7e1fb1895e4c61f5d5ebffaa56e09a9f5b2d7896f439c70937b,7a38a3a1a631045aca299221b5a37004a5ebd5001b7e53d3264d55104bbe9bf7,8377c3b77e9406c22a7e22ded6c7d899939bfe4915922a5a89918f9da572aa10,not_applicable,1110a243fdf4706b3f48f1d95db1a4f5529b4d41,ef0c7f4f5d41277bac7b9b24774978b2872c326efed6b1eabaa31ea148b30169,d7c77384eedf44b83bb464f03081bda024ebcdf3ebd2c5ef3e38acffa7bbfeef,adapter_ready,matched_no_graph,,pending
FULL_UNIFIED_RUN_V1,Favorita,2017-04-26,metadata_embedding_tcn,no_graph,13,50,10,7,0.001,4,Adam,0.001,v1_0601_favorita_20170426_metadata_embedding_tcn_s13,stage_1,log1p_huber_delta_1,latest locked 28-day rolling origin strictly before formal origin,reinitialize same seed; all pre-origin rolling samples; e_star epochs,configs/adapter_common_contract.yaml,99f53feff701ca0e8ddb39eaf4c2384b14067b4e69669a6d805e4efea668fb19,c488ebe713d35972ff5a908aa6c2090b4ea444972f31abbf215c0d17998dda91,7a38a3a1a631045aca299221b5a37004a5ebd5001b7e53d3264d55104bbe9bf7,8377c3b77e9406c22a7e22ded6c7d899939bfe4915922a5a89918f9da572aa10,not_applicable,1110a243fdf4706b3f48f1d95db1a4f5529b4d41,df5b95fd48349b57ab1f4ab90914a810d766ad40dc9f2821b7bef00bf477d696,d7c77384eedf44b83bb464f03081bda024ebcdf3ebd2c5ef3e38acffa7bbfeef,adapter_ready,matched_no_graph,,pending
FULL_UNIFIED_RUN_V1,Favorita,2017-04-26,metadata_embedding_tcn,no_graph,29,50,10,7,0.001,4,Adam,0.001,v1_0602_favorita_20170426_metadata_embedding_tcn_s29,stage_1,log1p_huber_delta_1,latest locked 28-day rolling origin strictly before formal origin,reinitialize same seed; all pre-origin rolling samples; e_star epochs,configs/adapter_common_contract.yaml,99f53feff701ca0e8ddb39eaf4c2384b14067b4e69669a6d805e4efea668fb19,c488ebe713d35972ff5a908aa6c2090b4ea444972f31abbf215c0d17998dda91,7a38a3a1a631045aca299221b5a37004a5ebd5001b7e53d3264d55104bbe9bf7,8377c3b77e9406c22a7e22ded6c7d899939bfe4915922a5a89918f9da572aa10,not_applicable,1110a243fdf4706b3f48f1d95db1a4f5529b4d41,99a803b790e93a580a390e8aed8f6711d3c656cbdc7527050168efd7c39a2553,d7c77384eedf44b83bb464f03081bda024ebcdf3ebd2c5ef3e38acffa7bbfeef,adapter_ready,matched_no_graph,,pending
FULL_UNIFIED_RUN_V1,Favorita,2017-04-26,metadata_embedding_tcn,no_graph,47,50,10,7,0.001,4,Adam,0.001,v1_0603_favorita_20170426_metadata_embedding_tcn_s47,stage_1,log1p_huber_delta_1,latest locked 28-day rolling origin strictly before formal origin,reinitialize same seed; all pre-origin rolling samples; e_star epochs,configs/adapter_common_contract.yaml,99f53feff701ca0e8ddb39eaf4c2384b14067b4e69669a6d805e4efea668fb19,c488ebe713d35972ff5a908aa6c2090b4ea444972f31abbf215c0d17998dda91,7a38a3a1a631045aca299221b5a37004a5ebd5001b7e53d3264d55104bbe9bf7,8377c3b77e9406c22a7e22ded6c7d899939bfe4915922a5a89918f9da572aa10,not_applicable,1110a243fdf4706b3f48f1d95db1a4f5529b4d41,4e93b1ded6acfc777e9f2b32f2cd5eae6933f2e8481463faeb07919ec8b6501b,d7c77384eedf44b83bb464f03081bda024ebcdf3ebd2c5ef3e38acffa7bbfeef,adapter_ready,matched_no_graph,,pending
FULL_UNIFIED_RUN_V1,M5,2015-12-07,semantic_knn_tcn,native,13,50,10,7,0.001,4,Adam,0.001,v1_0604_m5_20151207_semantic_knn_tcn_s13,stage_1,log1p_huber_delta_1,latest locked 28-day rolling origin strictly before formal origin,reinitialize same seed; all pre-origin rolling samples; e_star epochs,configs/adapter_common_contract.yaml,0fdc80620cf8962630e75c1fa2432803a694bdd75347ebc77b3093fc02c15c5f,24f14f88e9945d2a7fb67744b119a74daf41bf279d2a3b941fb03feff77657e4,6ee4571b4c1394462fd444182573d13800dd5ad827269fe09fcc3ab7afa03f92,55a15ce42d44e7e2abb9661c51c6edf440dbe255884baf3f51214aec3251b16b,not_applicable,1110a243fdf4706b3f48f1d95db1a4f5529b4d41,5aa6cfe4c1a59c92897d8e1f367458c66bd79b4c8a53996e504275a22effc005,d7c77384eedf44b83bb464f03081bda024ebcdf3ebd2c5ef3e38acffa7bbfeef,adapter_ready,graph_enabled,,pending
FULL_UNIFIED_RUN_V1,M5,2015-12-07,semantic_knn_tcn,native,29,50,10,7,0.001,4,Adam,0.001,v1_0605_m5_20151207_semantic_knn_tcn_s29,stage_1,log1p_huber_delta_1,latest locked 28-day rolling origin strictly before formal origin,reinitialize same seed; all pre-origin rolling samples; e_star epochs,configs/adapter_common_contract.yaml,0fdc80620cf8962630e75c1fa2432803a694bdd75347ebc77b3093fc02c15c5f,24f14f88e9945d2a7fb67744b119a74daf41bf279d2a3b941fb03feff77657e4,6ee4571b4c1394462fd444182573d13800dd5ad827269fe09fcc3ab7afa03f92,55a15ce42d44e7e2abb9661c51c6edf440dbe255884baf3f51214aec3251b16b,not_applicable,1110a243fdf4706b3f48f1d95db1a4f5529b4d41,8acf1a2684a17770e79ae6099a454d964f77ac2e7a4e7b2f7424842c65e4d456,d7c77384eedf44b83bb464f03081bda024ebcdf3ebd2c5ef3e38acffa7bbfeef,adapter_ready,graph_enabled,,pending
FULL_UNIFIED_RUN_V1,M5,2015-12-07,semantic_knn_tcn,native,47,50,10,7,0.001,4,Adam,0.001,v1_0606_m5_20151207_semantic_knn_tcn_s47,stage_1,log1p_huber_delta_1,latest locked 28-day rolling origin strictly before formal origin,reinitialize same seed; all pre-origin rolling samples; e_star epochs,configs/adapter_common_contract.yaml,0fdc80620cf8962630e75c1fa2432803a694bdd75347ebc77b3093fc02c15c5f,24f14f88e9945d2a7fb67744b119a74daf41bf279d2a3b941fb03feff77657e4,6ee4571b4c1394462fd444182573d13800dd5ad827269fe09fcc3ab7afa03f92,55a15ce42d44e7e2abb9661c51c6edf440dbe255884baf3f51214aec3251b16b,not_applicable,1110a243fdf4706b3f48f1d95db1a4f5529b4d41,828ec417b698d4a94975976d6e17c75de72738ee88c33aff46020f1470295bbf,d7c77384eedf44b83bb464f03081bda024ebcdf3ebd2c5ef3e38acffa7bbfeef,adapter_ready,graph_enabled,,pending
FULL_UNIFIED_RUN_V1,M5,2016-01-04,semantic_knn_tcn,native,13,50,10,7,0.001,4,Adam,0.001,v1_0607_m5_20160104_semantic_knn_tcn_s13,stage_1,log1p_huber_delta_1,latest locked 28-day rolling origin strictly before formal origin,reinitialize same seed; all pre-origin rolling samples; e_star epochs,configs/adapter_common_contract.yaml,0fdc80620cf8962630e75c1fa2432803a694bdd75347ebc77b3093fc02c15c5f,f363d22b50ee5ecf935d764748129bbf4e83b2417ab50854a465cae0c12fccbf,6ee4571b4c1394462fd444182573d13800dd5ad827269fe09fcc3ab7afa03f92,55a15ce42d44e7e2abb9661c51c6edf440dbe255884baf3f51214aec3251b16b,not_applicable,1110a243fdf4706b3f48f1d95db1a4f5529b4d41,5d27c4aa681d00f313f9981317124371567ae4d2c3a0750fd0eee67cabf81fdc,d7c77384eedf44b83bb464f03081bda024ebcdf3ebd2c5ef3e38acffa7bbfeef,adapter_ready,graph_enabled,,pending
FULL_UNIFIED_RUN_V1,M5,2016-01-04,semantic_knn_tcn,native,29,50,10,7,0.001,4,Adam,0.001,v1_0608_m5_20160104_semantic_knn_tcn_s29,stage_1,log1p_huber_delta_1,latest locked 28-day rolling origin strictly before formal origin,reinitialize same seed; all pre-origin rolling samples; e_star epochs,configs/adapter_common_contract.yaml,0fdc80620cf8962630e75c1fa2432803a694bdd75347ebc77b3093fc02c15c5f,f363d22b50ee5ecf935d764748129bbf4e83b2417ab50854a465cae0c12fccbf,6ee4571b4c1394462fd444182573d13800dd5ad827269fe09fcc3ab7afa03f92,55a15ce42d44e7e2abb9661c51c6edf440dbe255884baf3f51214aec3251b16b,not_applicable,1110a243fdf4706b3f48f1d95db1a4f5529b4d41,89f7df29215d142c84d8a157975dfdd573d67571a9e1a3c87cd3499e366758d3,d7c77384eedf44b83bb464f03081bda024ebcdf3ebd2c5ef3e38acffa7bbfeef,adapter_ready,graph_enabled,,pending
FULL_UNIFIED_RUN_V1,M5,2016-01-04,semantic_knn_tcn,native,47,50,10,7,0.001,4,Adam,0.001,v1_0609_m5_20160104_semantic_knn_tcn_s47,stage_1,log1p_huber_delta_1,latest locked 28-day rolling origin strictly before formal origin,reinitialize same seed; all pre-origin rolling samples; e_star epochs,configs/adapter_common_contract.yaml,0fdc80620cf8962630e75c1fa2432803a694bdd75347ebc77b3093fc02c15c5f,f363d22b50ee5ecf935d764748129bbf4e83b2417ab50854a465cae0c12fccbf,6ee4571b4c1394462fd444182573d13800dd5ad827269fe09fcc3ab7afa03f92,55a15ce42d44e7e2abb9661c51c6edf440dbe255884baf3f51214aec3251b16b,not_applicable,1110a243fdf4706b3f48f1d95db1a4f5529b4d41,1543275b83a88f134c42e6a9055786f6e75a2a81abddf22d0fb7753a46881929,d7c77384eedf44b83bb464f03081bda024ebcdf3ebd2c5ef3e38acffa7bbfeef,adapter_ready,graph_enabled,,pending
FULL_UNIFIED_RUN_V1,M5,2016-02-01,semantic_knn_tcn,native,13,50,10,7,0.001,4,Adam,0.001,v1_0610_m5_20160201_semantic_knn_tcn_s13,stage_1,log1p_huber_delta_1,latest locked 28-day rolling origin strictly before formal origin,reinitialize same seed; all pre-origin rolling samples; e_star epochs,configs/adapter_common_contract.yaml,0fdc80620cf8962630e75c1fa2432803a694bdd75347ebc77b3093fc02c15c5f,84ec5e1a462241b724bdb52169726ffe86647b20efbad04d01b949a8b9fc2a01,6ee4571b4c1394462fd444182573d13800dd5ad827269fe09fcc3ab7afa03f92,55a15ce42d44e7e2abb9661c51c6edf440dbe255884baf3f51214aec3251b16b,not_applicable,1110a243fdf4706b3f48f1d95db1a4f5529b4d41,6ce667e13143a86dc195cf7ce80c2bcc373f72e039fa0fbfeef36ad9e243154a,d7c77384eedf44b83bb464f03081bda024ebcdf3ebd2c5ef3e38acffa7bbfeef,adapter_ready,graph_enabled,,pending
FULL_UNIFIED_RUN_V1,M5,2016-02-01,semantic_knn_tcn,native,29,50,10,7,0.001,4,Adam,0.001,v1_0611_m5_20160201_semantic_knn_tcn_s29,stage_1,log1p_huber_delta_1,latest locked 28-day rolling origin strictly before formal origin,reinitialize same seed; all pre-origin rolling samples; e_star epochs,configs/adapter_common_contract.yaml,0fdc80620cf8962630e75c1fa2432803a694bdd75347ebc77b3093fc02c15c5f,84ec5e1a462241b724bdb52169726ffe86647b20efbad04d01b949a8b9fc2a01,6ee4571b4c1394462fd444182573d13800dd5ad827269fe09fcc3ab7afa03f92,55a15ce42d44e7e2abb9661c51c6edf440dbe255884baf3f51214aec3251b16b,not_applicable,1110a243fdf4706b3f48f1d95db1a4f5529b4d41,f06785882a830ad0c1e132a12ba0b953de89294a23c5182737f17353d50613be,d7c77384eedf44b83bb464f03081bda024ebcdf3ebd2c5ef3e38acffa7bbfeef,adapter_ready,graph_enabled,,pending
FULL_UNIFIED_RUN_V1,M5,2016-02-01,semantic_knn_tcn,native,47,50,10,7,0.001,4,Adam,0.001,v1_0612_m5_20160201_semantic_knn_tcn_s47,stage_1,log1p_huber_delta_1,latest locked 28-day rolling origin strictly before formal origin,reinitialize same seed; all pre-origin rolling samples; e_star epochs,configs/adapter_common_contract.yaml,0fdc80620cf8962630e75c1fa2432803a694bdd75347ebc77b3093fc02c15c5f,84ec5e1a462241b724bdb52169726ffe86647b20efbad04d01b949a8b9fc2a01,6ee4571b4c1394462fd444182573d13800dd5ad827269fe09fcc3ab7afa03f92,55a15ce42d44e7e2abb9661c51c6edf440dbe255884baf3f51214aec3251b16b,not_applicable,1110a243fdf4706b3f48f1d95db1a4f5529b4d41,65048909aa7dc0736aa96238dd6dc89fdf957b6f629e826104bfebfd1450de30,d7c77384eedf44b83bb464f03081bda024ebcdf3ebd2c5ef3e38acffa7bbfeef,adapter_ready,graph_enabled,,pending
FULL_UNIFIED_RUN_V1,Favorita,2017-03-01,semantic_knn_tcn,native,13,50,10,7,0.001,4,Adam,0.001,v1_0613_favorita_20170301_semantic_knn_tcn_s13,stage_1,log1p_huber_delta_1,latest locked 28-day rolling origin strictly before formal origin,reinitialize same seed; all pre-origin rolling samples; e_star epochs,configs/adapter_common_contract.yaml,99f53feff701ca0e8ddb39eaf4c2384b14067b4e69669a6d805e4efea668fb19,cd0beeec37632daa955a38f9eba4e42ab5553d9daac470a0028c402132af43b1,fbf3f1492e404ab7fff6d9d0ea5c30c671967257a2b8678b78030e7bcda3bbc0,8377c3b77e9406c22a7e22ded6c7d899939bfe4915922a5a89918f9da572aa10,not_applicable,1110a243fdf4706b3f48f1d95db1a4f5529b4d41,1b5f9cc3e636dd99bb076d7936dad5e495cb917f61f9450274a8a8845fdd4505,d7c77384eedf44b83bb464f03081bda024ebcdf3ebd2c5ef3e38acffa7bbfeef,adapter_ready,graph_enabled,,pending
FULL_UNIFIED_RUN_V1,Favorita,2017-03-01,semantic_knn_tcn,native,29,50,10,7,0.001,4,Adam,0.001,v1_0614_favorita_20170301_semantic_knn_tcn_s29,stage_1,log1p_huber_delta_1,latest locked 28-day rolling origin strictly before formal origin,reinitialize same seed; all pre-origin rolling samples; e_star epochs,configs/adapter_common_contract.yaml,99f53feff701ca0e8ddb39eaf4c2384b14067b4e69669a6d805e4efea668fb19,cd0beeec37632daa955a38f9eba4e42ab5553d9daac470a0028c402132af43b1,fbf3f1492e404ab7fff6d9d0ea5c30c671967257a2b8678b78030e7bcda3bbc0,8377c3b77e9406c22a7e22ded6c7d899939bfe4915922a5a89918f9da572aa10,not_applicable,1110a243fdf4706b3f48f1d95db1a4f5529b4d41,5d430e0bfc94d8d3a3b49d45e65cb8c8c649b6677db1be2d7f81526bc44e6d34,d7c77384eedf44b83bb464f03081bda024ebcdf3ebd2c5ef3e38acffa7bbfeef,adapter_ready,graph_enabled,,pending
FULL_UNIFIED_RUN_V1,Favorita,2017-03-01,semantic_knn_tcn,native,47,50,10,7,0.001,4,Adam,0.001,v1_0615_favorita_20170301_semantic_knn_tcn_s47,stage_1,log1p_huber_delta_1,latest locked 28-day rolling origin strictly before formal origin,reinitialize same seed; all pre-origin rolling samples; e_star epochs,configs/adapter_common_contract.yaml,99f53feff701ca0e8ddb39eaf4c2384b14067b4e69669a6d805e4efea668fb19,cd0beeec37632daa955a38f9eba4e42ab5553d9daac470a0028c402132af43b1,fbf3f1492e404ab7fff6d9d0ea5c30c671967257a2b8678b78030e7bcda3bbc0,8377c3b77e9406c22a7e22ded6c7d899939bfe4915922a5a89918f9da572aa10,not_applicable,1110a243fdf4706b3f48f1d95db1a4f5529b4d41,a6d650e82f613e55abf0f33ae25ee4dc1aa9dd2e3074a1864389e0079555a4fc,d7c77384eedf44b83bb464f03081bda024ebcdf3ebd2c5ef3e38acffa7bbfeef,adapter_ready,graph_enabled,,pending
FULL_UNIFIED_RUN_V1,Favorita,2017-03-29,semantic_knn_tcn,native,13,50,10,7,0.001,4,Adam,0.001,v1_0616_favorita_20170329_semantic_knn_tcn_s13,stage_1,log1p_huber_delta_1,latest locked 28-day rolling origin strictly before formal origin,reinitialize same seed; all pre-origin rolling samples; e_star epochs,configs/adapter_common_contract.yaml,99f53feff701ca0e8ddb39eaf4c2384b14067b4e69669a6d805e4efea668fb19,345dabcf47b0f7e1fb1895e4c61f5d5ebffaa56e09a9f5b2d7896f439c70937b,fbf3f1492e404ab7fff6d9d0ea5c30c671967257a2b8678b78030e7bcda3bbc0,8377c3b77e9406c22a7e22ded6c7d899939bfe4915922a5a89918f9da572aa10,not_applicable,1110a243fdf4706b3f48f1d95db1a4f5529b4d41,536e0dbd78a21658072afe65bc8ae961516252a53d4f41c5dade3fbac2940bb3,d7c77384eedf44b83bb464f03081bda024ebcdf3ebd2c5ef3e38acffa7bbfeef,adapter_ready,graph_enabled,,pending
FULL_UNIFIED_RUN_V1,Favorita,2017-03-29,semantic_knn_tcn,native,29,50,10,7,0.001,4,Adam,0.001,v1_0617_favorita_20170329_semantic_knn_tcn_s29,stage_1,log1p_huber_delta_1,latest locked 28-day rolling origin strictly before formal origin,reinitialize same seed; all pre-origin rolling samples; e_star epochs,configs/adapter_common_contract.yaml,99f53feff701ca0e8ddb39eaf4c2384b14067b4e69669a6d805e4efea668fb19,345dabcf47b0f7e1fb1895e4c61f5d5ebffaa56e09a9f5b2d7896f439c70937b,fbf3f1492e404ab7fff6d9d0ea5c30c671967257a2b8678b78030e7bcda3bbc0,8377c3b77e9406c22a7e22ded6c7d899939bfe4915922a5a89918f9da572aa10,not_applicable,1110a243fdf4706b3f48f1d95db1a4f5529b4d41,fa19f6ebd176bfb2c8052fac8af0895b425de958cd2627480e36c70c4db4d52e,d7c77384eedf44b83bb464f03081bda024ebcdf3ebd2c5ef3e38acffa7bbfeef,adapter_ready,graph_enabled,,pending
FULL_UNIFIED_RUN_V1,Favorita,2017-03-29,semantic_knn_tcn,native,47,50,10,7,0.001,4,Adam,0.001,v1_0618_favorita_20170329_semantic_knn_tcn_s47,stage_1,log1p_huber_delta_1,latest locked 28-day rolling origin strictly before formal origin,reinitialize same seed; all pre-origin rolling samples; e_star epochs,configs/adapter_common_contract.yaml,99f53feff701ca0e8ddb39eaf4c2384b14067b4e69669a6d805e4efea668fb19,345dabcf47b0f7e1fb1895e4c61f5d5ebffaa56e09a9f5b2d7896f439c70937b,fbf3f1492e404ab7fff6d9d0ea5c30c671967257a2b8678b78030e7bcda3bbc0,8377c3b77e9406c22a7e22ded6c7d899939bfe4915922a5a89918f9da572aa10,not_applicable,1110a243fdf4706b3f48f1d95db1a4f5529b4d41,251177f10455fe1d90f6fdbe026fd2a161839f0c7f0aaadd9a28e5fe5f88093c,d7c77384eedf44b83bb464f03081bda024ebcdf3ebd2c5ef3e38acffa7bbfeef,adapter_ready,graph_enabled,,pending
FULL_UNIFIED_RUN_V1,Favorita,2017-04-26,semantic_knn_tcn,native,13,50,10,7,0.001,4,Adam,0.001,v1_0619_favorita_20170426_semantic_knn_tcn_s13,stage_1,log1p_huber_delta_1,latest locked 28-day rolling origin strictly before formal origin,reinitialize same seed; all pre-origin rolling samples; e_star epochs,configs/adapter_common_contract.yaml,99f53feff701ca0e8ddb39eaf4c2384b14067b4e69669a6d805e4efea668fb19,c488ebe713d35972ff5a908aa6c2090b4ea444972f31abbf215c0d17998dda91,fbf3f1492e404ab7fff6d9d0ea5c30c671967257a2b8678b78030e7bcda3bbc0,8377c3b77e9406c22a7e22ded6c7d899939bfe4915922a5a89918f9da572aa10,not_applicable,1110a243fdf4706b3f48f1d95db1a4f5529b4d41,c76638aa272f3d24121c4e8b4032d941616c83bd0929676bf1a7fa37226e1564,d7c77384eedf44b83bb464f03081bda024ebcdf3ebd2c5ef3e38acffa7bbfeef,adapter_ready,graph_enabled,,pending
FULL_UNIFIED_RUN_V1,Favorita,2017-04-26,semantic_knn_tcn,native,29,50,10,7,0.001,4,Adam,0.001,v1_0620_favorita_20170426_semantic_knn_tcn_s29,stage_1,log1p_huber_delta_1,latest locked 28-day rolling origin strictly before formal origin,reinitialize same seed; all pre-origin rolling samples; e_star epochs,configs/adapter_common_contract.yaml,99f53feff701ca0e8ddb39eaf4c2384b14067b4e69669a6d805e4efea668fb19,c488ebe713d35972ff5a908aa6c2090b4ea444972f31abbf215c0d17998dda91,fbf3f1492e404ab7fff6d9d0ea5c30c671967257a2b8678b78030e7bcda3bbc0,8377c3b77e9406c22a7e22ded6c7d899939bfe4915922a5a89918f9da572aa10,not_applicable,1110a243fdf4706b3f48f1d95db1a4f5529b4d41,d8e7e9d69abd0646a15e83ee28e7874144ed5a03cef25730455d1e2f551ae98b,d7c77384eedf44b83bb464f03081bda024ebcdf3ebd2c5ef3e38acffa7bbfeef,adapter_ready,graph_enabled,,pending
FULL_UNIFIED_RUN_V1,Favorita,2017-04-26,semantic_knn_tcn,native,47,50,10,7,0.001,4,Adam,0.001,v1_0621_favorita_20170426_semantic_knn_tcn_s47,stage_1,log1p_huber_delta_1,latest locked 28-day rolling origin strictly before formal origin,reinitialize same seed; all pre-origin rolling samples; e_star epochs,configs/adapter_common_contract.yaml,99f53feff701ca0e8ddb39eaf4c2384b14067b4e69669a6d805e4efea668fb19,c488ebe713d35972ff5a908aa6c2090b4ea444972f31abbf215c0d17998dda91,fbf3f1492e404ab7fff6d9d0ea5c30c671967257a2b8678b78030e7bcda3bbc0,8377c3b77e9406c22a7e22ded6c7d899939bfe4915922a5a89918f9da572aa10,not_applicable,1110a243fdf4706b3f48f1d95db1a4f5529b4d41,22bbb265bae98e51a6860333da80fe883c070ab70e8593203ef3f85a2a558aba,d7c77384eedf44b83bb464f03081bda024ebcdf3ebd2c5ef3e38acffa7bbfeef,adapter_ready,graph_enabled,,pending
FULL_UNIFIED_RUN_V1,M5,2015-12-07,semantic_placebo_tcn,placebo,13,50,10,7,0.001,4,Adam,0.001,v1_0622_m5_20151207_semantic_placebo_tcn_s13,stage_1,log1p_huber_delta_1,latest locked 28-day rolling origin strictly before formal origin,reinitialize same seed; all pre-origin rolling samples; e_star epochs,configs/adapter_common_contract.yaml,0fdc80620cf8962630e75c1fa2432803a694bdd75347ebc77b3093fc02c15c5f,24f14f88e9945d2a7fb67744b119a74daf41bf279d2a3b941fb03feff77657e4,9a73cbdd34414b70165bdcddbe88e67a3346079f2a569e7c886f6a7a34c67a39,55a15ce42d44e7e2abb9661c51c6edf440dbe255884baf3f51214aec3251b16b,fixed_seed_13_resolve_per_adapter,1110a243fdf4706b3f48f1d95db1a4f5529b4d41,1fc949215cadf4cca93cf09ce6bd24ab715140f59de0680f039b716bcf4b0945,d7c77384eedf44b83bb464f03081bda024ebcdf3ebd2c5ef3e38acffa7bbfeef,adapter_ready,topology_placebo,,pending
FULL_UNIFIED_RUN_V1,M5,2015-12-07,semantic_placebo_tcn,placebo,29,50,10,7,0.001,4,Adam,0.001,v1_0623_m5_20151207_semantic_placebo_tcn_s29,stage_1,log1p_huber_delta_1,latest locked 28-day rolling origin strictly before formal origin,reinitialize same seed; all pre-origin rolling samples; e_star epochs,configs/adapter_common_contract.yaml,0fdc80620cf8962630e75c1fa2432803a694bdd75347ebc77b3093fc02c15c5f,24f14f88e9945d2a7fb67744b119a74daf41bf279d2a3b941fb03feff77657e4,9a73cbdd34414b70165bdcddbe88e67a3346079f2a569e7c886f6a7a34c67a39,55a15ce42d44e7e2abb9661c51c6edf440dbe255884baf3f51214aec3251b16b,fixed_seed_13_resolve_per_adapter,1110a243fdf4706b3f48f1d95db1a4f5529b4d41,5ca382ab6e076df55b83849527a24396f802d1fb637628c0bf841833d2681976,d7c77384eedf44b83bb464f03081bda024ebcdf3ebd2c5ef3e38acffa7bbfeef,adapter_ready,topology_placebo,,pending
FULL_UNIFIED_RUN_V1,M5,2015-12-07,semantic_placebo_tcn,placebo,47,50,10,7,0.001,4,Adam,0.001,v1_0624_m5_20151207_semantic_placebo_tcn_s47,stage_1,log1p_huber_delta_1,latest locked 28-day rolling origin strictly before formal origin,reinitialize same seed; all pre-origin rolling samples; e_star epochs,configs/adapter_common_contract.yaml,0fdc80620cf8962630e75c1fa2432803a694bdd75347ebc77b3093fc02c15c5f,24f14f88e9945d2a7fb67744b119a74daf41bf279d2a3b941fb03feff77657e4,9a73cbdd34414b70165bdcddbe88e67a3346079f2a569e7c886f6a7a34c67a39,55a15ce42d44e7e2abb9661c51c6edf440dbe255884baf3f51214aec3251b16b,fixed_seed_13_resolve_per_adapter,1110a243fdf4706b3f48f1d95db1a4f5529b4d41,515b762516f6586de6be8874377963582d871e6a47fce2fdda684b6287c42a86,d7c77384eedf44b83bb464f03081bda024ebcdf3ebd2c5ef3e38acffa7bbfeef,adapter_ready,topology_placebo,,pending
FULL_UNIFIED_RUN_V1,M5,2016-01-04,semantic_placebo_tcn,placebo,13,50,10,7,0.001,4,Adam,0.001,v1_0625_m5_20160104_semantic_placebo_tcn_s13,stage_1,log1p_huber_delta_1,latest locked 28-day rolling origin strictly before formal origin,reinitialize same seed; all pre-origin rolling samples; e_star epochs,configs/adapter_common_contract.yaml,0fdc80620cf8962630e75c1fa2432803a694bdd75347ebc77b3093fc02c15c5f,f363d22b50ee5ecf935d764748129bbf4e83b2417ab50854a465cae0c12fccbf,9a73cbdd34414b70165bdcddbe88e67a3346079f2a569e7c886f6a7a34c67a39,55a15ce42d44e7e2abb9661c51c6edf440dbe255884baf3f51214aec3251b16b,fixed_seed_13_resolve_per_adapter,1110a243fdf4706b3f48f1d95db1a4f5529b4d41,70dbcb20872cfb4f20b98b849511947bfe414852a9bd884df1c1b68ab05e5c02,d7c77384eedf44b83bb464f03081bda024ebcdf3ebd2c5ef3e38acffa7bbfeef,adapter_ready,topology_placebo,,pending
FULL_UNIFIED_RUN_V1,M5,2016-01-04,semantic_placebo_tcn,placebo,29,50,10,7,0.001,4,Adam,0.001,v1_0626_m5_20160104_semantic_placebo_tcn_s29,stage_1,log1p_huber_delta_1,latest locked 28-day rolling origin strictly before formal origin,reinitialize same seed; all pre-origin rolling samples; e_star epochs,configs/adapter_common_contract.yaml,0fdc80620cf8962630e75c1fa2432803a694bdd75347ebc77b3093fc02c15c5f,f363d22b50ee5ecf935d764748129bbf4e83b2417ab50854a465cae0c12fccbf,9a73cbdd34414b70165bdcddbe88e67a3346079f2a569e7c886f6a7a34c67a39,55a15ce42d44e7e2abb9661c51c6edf440dbe255884baf3f51214aec3251b16b,fixed_seed_13_resolve_per_adapter,1110a243fdf4706b3f48f1d95db1a4f5529b4d41,8e7af7a31cf5350d5b84fdbb0f1970afb6865a791c5173d183605c0c325c2ef5,d7c77384eedf44b83bb464f03081bda024ebcdf3ebd2c5ef3e38acffa7bbfeef,adapter_ready,topology_placebo,,pending
FULL_UNIFIED_RUN_V1,M5,2016-01-04,semantic_placebo_tcn,placebo,47,50,10,7,0.001,4,Adam,0.001,v1_0627_m5_20160104_semantic_placebo_tcn_s47,stage_1,log1p_huber_delta_1,latest locked 28-day rolling origin strictly before formal origin,reinitialize same seed; all pre-origin rolling samples; e_star epochs,configs/adapter_common_contract.yaml,0fdc80620cf8962630e75c1fa2432803a694bdd75347ebc77b3093fc02c15c5f,f363d22b50ee5ecf935d764748129bbf4e83b2417ab50854a465cae0c12fccbf,9a73cbdd34414b70165bdcddbe88e67a3346079f2a569e7c886f6a7a34c67a39,55a15ce42d44e7e2abb9661c51c6edf440dbe255884baf3f51214aec3251b16b,fixed_seed_13_resolve_per_adapter,1110a243fdf4706b3f48f1d95db1a4f5529b4d41,e4c5513bcd404b60b1e0cb791af1f9e7ad280dbf2ef8e18a22bf6d433c557450,d7c77384eedf44b83bb464f03081bda024ebcdf3ebd2c5ef3e38acffa7bbfeef,adapter_ready,topology_placebo,,pending
FULL_UNIFIED_RUN_V1,M5,2016-02-01,semantic_placebo_tcn,placebo,13,50,10,7,0.001,4,Adam,0.001,v1_0628_m5_20160201_semantic_placebo_tcn_s13,stage_1,log1p_huber_delta_1,latest locked 28-day rolling origin strictly before formal origin,reinitialize same seed; all pre-origin rolling samples; e_star epochs,configs/adapter_common_contract.yaml,0fdc80620cf8962630e75c1fa2432803a694bdd75347ebc77b3093fc02c15c5f,84ec5e1a462241b724bdb52169726ffe86647b20efbad04d01b949a8b9fc2a01,9a73cbdd34414b70165bdcddbe88e67a3346079f2a569e7c886f6a7a34c67a39,55a15ce42d44e7e2abb9661c51c6edf440dbe255884baf3f51214aec3251b16b,fixed_seed_13_resolve_per_adapter,1110a243fdf4706b3f48f1d95db1a4f5529b4d41,109eeb2f937d88bbf21d986fc4204cf664ab940d52be23440b93765dc47fc560,d7c77384eedf44b83bb464f03081bda024ebcdf3ebd2c5ef3e38acffa7bbfeef,adapter_ready,topology_placebo,,pending
FULL_UNIFIED_RUN_V1,M5,2016-02-01,semantic_placebo_tcn,placebo,29,50,10,7,0.001,4,Adam,0.001,v1_0629_m5_20160201_semantic_placebo_tcn_s29,stage_1,log1p_huber_delta_1,latest locked 28-day rolling origin strictly before formal origin,reinitialize same seed; all pre-origin rolling samples; e_star epochs,configs/adapter_common_contract.yaml,0fdc80620cf8962630e75c1fa2432803a694bdd75347ebc77b3093fc02c15c5f,84ec5e1a462241b724bdb52169726ffe86647b20efbad04d01b949a8b9fc2a01,9a73cbdd34414b70165bdcddbe88e67a3346079f2a569e7c886f6a7a34c67a39,55a15ce42d44e7e2abb9661c51c6edf440dbe255884baf3f51214aec3251b16b,fixed_seed_13_resolve_per_adapter,1110a243fdf4706b3f48f1d95db1a4f5529b4d41,34f175e4c9aa71703fad2e4af5412b7b7ea5f2dc729395a1034435782bd41924,d7c77384eedf44b83bb464f03081bda024ebcdf3ebd2c5ef3e38acffa7bbfeef,adapter_ready,topology_placebo,,pending
FULL_UNIFIED_RUN_V1,M5,2016-02-01,semantic_placebo_tcn,placebo,47,50,10,7,0.001,4,Adam,0.001,v1_0630_m5_20160201_semantic_placebo_tcn_s47,stage_1,log1p_huber_delta_1,latest locked 28-day rolling origin strictly before formal origin,reinitialize same seed; all pre-origin rolling samples; e_star epochs,configs/adapter_common_contract.yaml,0fdc80620cf8962630e75c1fa2432803a694bdd75347ebc77b3093fc02c15c5f,84ec5e1a462241b724bdb52169726ffe86647b20efbad04d01b949a8b9fc2a01,9a73cbdd34414b70165bdcddbe88e67a3346079f2a569e7c886f6a7a34c67a39,55a15ce42d44e7e2abb9661c51c6edf440dbe255884baf3f51214aec3251b16b,fixed_seed_13_resolve_per_adapter,1110a243fdf4706b3f48f1d95db1a4f5529b4d41,330308782d6fa62e7616e8b89b0c1b6d7fe893b5cc61bb1c9959c223fbf3c1bc,d7c77384eedf44b83bb464f03081bda024ebcdf3ebd2c5ef3e38acffa7bbfeef,adapter_ready,topology_placebo,,pending
FULL_UNIFIED_RUN_V1,Favorita,2017-03-01,semantic_placebo_tcn,placebo,13,50,10,7,0.001,4,Adam,0.001,v1_0631_favorita_20170301_semantic_placebo_tcn_s13,stage_1,log1p_huber_delta_1,latest locked 28-day rolling origin strictly before formal origin,reinitialize same seed; all pre-origin rolling samples; e_star epochs,configs/adapter_common_contract.yaml,99f53feff701ca0e8ddb39eaf4c2384b14067b4e69669a6d805e4efea668fb19,cd0beeec37632daa955a38f9eba4e42ab5553d9daac470a0028c402132af43b1,834a9d8076de42b0c35e734303e0964afc35c6ef7c866660c6458c30ea3e391f,8377c3b77e9406c22a7e22ded6c7d899939bfe4915922a5a89918f9da572aa10,fixed_seed_13_resolve_per_adapter,1110a243fdf4706b3f48f1d95db1a4f5529b4d41,f8633cdffaca6d5614dae9b9fecd989f42b0a0d54b4345b7e892061c8667b214,d7c77384eedf44b83bb464f03081bda024ebcdf3ebd2c5ef3e38acffa7bbfeef,adapter_ready,topology_placebo,,pending
FULL_UNIFIED_RUN_V1,Favorita,2017-03-01,semantic_placebo_tcn,placebo,29,50,10,7,0.001,4,Adam,0.001,v1_0632_favorita_20170301_semantic_placebo_tcn_s29,stage_1,log1p_huber_delta_1,latest locked 28-day rolling origin strictly before formal origin,reinitialize same seed; all pre-origin rolling samples; e_star epochs,configs/adapter_common_contract.yaml,99f53feff701ca0e8ddb39eaf4c2384b14067b4e69669a6d805e4efea668fb19,cd0beeec37632daa955a38f9eba4e42ab5553d9daac470a0028c402132af43b1,834a9d8076de42b0c35e734303e0964afc35c6ef7c866660c6458c30ea3e391f,8377c3b77e9406c22a7e22ded6c7d899939bfe4915922a5a89918f9da572aa10,fixed_seed_13_resolve_per_adapter,1110a243fdf4706b3f48f1d95db1a4f5529b4d41,c3887958242f625b1a291325e03c9f647a09eae939a87250a924980f90cc67b7,d7c77384eedf44b83bb464f03081bda024ebcdf3ebd2c5ef3e38acffa7bbfeef,adapter_ready,topology_placebo,,pending
FULL_UNIFIED_RUN_V1,Favorita,2017-03-01,semantic_placebo_tcn,placebo,47,50,10,7,0.001,4,Adam,0.001,v1_0633_favorita_20170301_semantic_placebo_tcn_s47,stage_1,log1p_huber_delta_1,latest locked 28-day rolling origin strictly before formal origin,reinitialize same seed; all pre-origin rolling samples; e_star epochs,configs/adapter_common_contract.yaml,99f53feff701ca0e8ddb39eaf4c2384b14067b4e69669a6d805e4efea668fb19,cd0beeec37632daa955a38f9eba4e42ab5553d9daac470a0028c402132af43b1,834a9d8076de42b0c35e734303e0964afc35c6ef7c866660c6458c30ea3e391f,8377c3b77e9406c22a7e22ded6c7d899939bfe4915922a5a89918f9da572aa10,fixed_seed_13_resolve_per_adapter,1110a243fdf4706b3f48f1d95db1a4f5529b4d41,1c7bd98de2ae87c74ee8e3ca3e1913e91c27e89b324f96a6ad18e6b639011b27,d7c77384eedf44b83bb464f03081bda024ebcdf3ebd2c5ef3e38acffa7bbfeef,adapter_ready,topology_placebo,,pending
FULL_UNIFIED_RUN_V1,Favorita,2017-03-29,semantic_placebo_tcn,placebo,13,50,10,7,0.001,4,Adam,0.001,v1_0634_favorita_20170329_semantic_placebo_tcn_s13,stage_1,log1p_huber_delta_1,latest locked 28-day rolling origin strictly before formal origin,reinitialize same seed; all pre-origin rolling samples; e_star epochs,configs/adapter_common_contract.yaml,99f53feff701ca0e8ddb39eaf4c2384b14067b4e69669a6d805e4efea668fb19,345dabcf47b0f7e1fb1895e4c61f5d5ebffaa56e09a9f5b2d7896f439c70937b,834a9d8076de42b0c35e734303e0964afc35c6ef7c866660c6458c30ea3e391f,8377c3b77e9406c22a7e22ded6c7d899939bfe4915922a5a89918f9da572aa10,fixed_seed_13_resolve_per_adapter,1110a243fdf4706b3f48f1d95db1a4f5529b4d41,9e5cb4918f9c1b82e664fa9fb267966b85802fa2b536d4cdcc49e220ff938169,d7c77384eedf44b83bb464f03081bda024ebcdf3ebd2c5ef3e38acffa7bbfeef,adapter_ready,topology_placebo,,pending
FULL_UNIFIED_RUN_V1,Favorita,2017-03-29,semantic_placebo_tcn,placebo,29,50,10,7,0.001,4,Adam,0.001,v1_0635_favorita_20170329_semantic_placebo_tcn_s29,stage_1,log1p_huber_delta_1,latest locked 28-day rolling origin strictly before formal origin,reinitialize same seed; all pre-origin rolling samples; e_star epochs,configs/adapter_common_contract.yaml,99f53feff701ca0e8ddb39eaf4c2384b14067b4e69669a6d805e4efea668fb19,345dabcf47b0f7e1fb1895e4c61f5d5ebffaa56e09a9f5b2d7896f439c70937b,834a9d8076de42b0c35e734303e0964afc35c6ef7c866660c6458c30ea3e391f,8377c3b77e9406c22a7e22ded6c7d899939bfe4915922a5a89918f9da572aa10,fixed_seed_13_resolve_per_adapter,1110a243fdf4706b3f48f1d95db1a4f5529b4d41,242ec93cddd9f5c7c75a89de656251e64eebf55370821b70fcce5cef1c0d23c3,d7c77384eedf44b83bb464f03081bda024ebcdf3ebd2c5ef3e38acffa7bbfeef,adapter_ready,topology_placebo,,pending
FULL_UNIFIED_RUN_V1,Favorita,2017-03-29,semantic_placebo_tcn,placebo,47,50,10,7,0.001,4,Adam,0.001,v1_0636_favorita_20170329_semantic_placebo_tcn_s47,stage_1,log1p_huber_delta_1,latest locked 28-day rolling origin strictly before formal origin,reinitialize same seed; all pre-origin rolling samples; e_star epochs,configs/adapter_common_contract.yaml,99f53feff701ca0e8ddb39eaf4c2384b14067b4e69669a6d805e4efea668fb19,345dabcf47b0f7e1fb1895e4c61f5d5ebffaa56e09a9f5b2d7896f439c70937b,834a9d8076de42b0c35e734303e0964afc35c6ef7c866660c6458c30ea3e391f,8377c3b77e9406c22a7e22ded6c7d899939bfe4915922a5a89918f9da572aa10,fixed_seed_13_resolve_per_adapter,1110a243fdf4706b3f48f1d95db1a4f5529b4d41,75040f042674373ae7400483d0ae8da1206436bbeeb05ec33fdeaaa8fcc4f2a5,d7c77384eedf44b83bb464f03081bda024ebcdf3ebd2c5ef3e38acffa7bbfeef,adapter_ready,topology_placebo,,pending
FULL_UNIFIED_RUN_V1,Favorita,2017-04-26,semantic_placebo_tcn,placebo,13,50,10,7,0.001,4,Adam,0.001,v1_0637_favorita_20170426_semantic_placebo_tcn_s13,stage_1,log1p_huber_delta_1,latest locked 28-day rolling origin strictly before formal origin,reinitialize same seed; all pre-origin rolling samples; e_star epochs,configs/adapter_common_contract.yaml,99f53feff701ca0e8ddb39eaf4c2384b14067b4e69669a6d805e4efea668fb19,c488ebe713d35972ff5a908aa6c2090b4ea444972f31abbf215c0d17998dda91,834a9d8076de42b0c35e734303e0964afc35c6ef7c866660c6458c30ea3e391f,8377c3b77e9406c22a7e22ded6c7d899939bfe4915922a5a89918f9da572aa10,fixed_seed_13_resolve_per_adapter,1110a243fdf4706b3f48f1d95db1a4f5529b4d41,b4b079cabb701fb1e054cb275e2acb3b6f01bc6b66d4ca1281b3f0bb4ff03a42,d7c77384eedf44b83bb464f03081bda024ebcdf3ebd2c5ef3e38acffa7bbfeef,adapter_ready,topology_placebo,,pending
FULL_UNIFIED_RUN_V1,Favorita,2017-04-26,semantic_placebo_tcn,placebo,29,50,10,7,0.001,4,Adam,0.001,v1_0638_favorita_20170426_semantic_placebo_tcn_s29,stage_1,log1p_huber_delta_1,latest locked 28-day rolling origin strictly before formal origin,reinitialize same seed; all pre-origin rolling samples; e_star epochs,configs/adapter_common_contract.yaml,99f53feff701ca0e8ddb39eaf4c2384b14067b4e69669a6d805e4efea668fb19,c488ebe713d35972ff5a908aa6c2090b4ea444972f31abbf215c0d17998dda91,834a9d8076de42b0c35e734303e0964afc35c6ef7c866660c6458c30ea3e391f,8377c3b77e9406c22a7e22ded6c7d899939bfe4915922a5a89918f9da572aa10,fixed_seed_13_resolve_per_adapter,1110a243fdf4706b3f48f1d95db1a4f5529b4d41,ae1cf9000dc7b9e22772e83abb86471209ff1904a431e0e405512e3b16d913c7,d7c77384eedf44b83bb464f03081bda024ebcdf3ebd2c5ef3e38acffa7bbfeef,adapter_ready,topology_placebo,,pending
FULL_UNIFIED_RUN_V1,Favorita,2017-04-26,semantic_placebo_tcn,placebo,47,50,10,7,0.001,4,Adam,0.001,v1_0639_favorita_20170426_semantic_placebo_tcn_s47,stage_1,log1p_huber_delta_1,latest locked 28-day rolling origin strictly before formal origin,reinitialize same seed; all pre-origin rolling samples; e_star epochs,configs/adapter_common_contract.yaml,99f53feff701ca0e8ddb39eaf4c2384b14067b4e69669a6d805e4efea668fb19,c488ebe713d35972ff5a908aa6c2090b4ea444972f31abbf215c0d17998dda91,834a9d8076de42b0c35e734303e0964afc35c6ef7c866660c6458c30ea3e391f,8377c3b77e9406c22a7e22ded6c7d899939bfe4915922a5a89918f9da572aa10,fixed_seed_13_resolve_per_adapter,1110a243fdf4706b3f48f1d95db1a4f5529b4d41,e22c009ca36d7764cf58391b519d53b0a5f2509d10a9b8c028e0680a16140ff3,d7c77384eedf44b83bb464f03081bda024ebcdf3ebd2c5ef3e38acffa7bbfeef,adapter_ready,topology_placebo,,pending
