experiment_version,dataset,forecast_origin,model_id,graph_mode,seed,max_epochs,min_epochs,early_stopping_patience,early_stopping_min_relative_improvement,batch_size,optimizer,learning_rate,full_run_task_id,execution_stage,loss,inner_validation_definition,refit_policy,input_contract,node_ids_sha256,data_slice_sha256,graph_sha256,embedding_sha256,placebo_permutation_sha256,source_commit_or_lock,config_sha256,metric_protocol_sha256,adapter_status,control_faithfulness,prohibited_files,planned_status
FULL_UNIFIED_RUN_V1,M5,2015-12-07,seasonal_naive,none,13,,,,,4,native,,v1_0001_m5_20151207_seasonal_naive_s13,stage_2,log1p_huber_delta_1,latest locked 28-day rolling origin strictly before formal origin,reinitialize same seed; all pre-origin rolling samples; e_star epochs,configs/adapter_common_contract.yaml,0fdc80620cf8962630e75c1fa2432803a694bdd75347ebc77b3093fc02c15c5f,24f14f88e9945d2a7fb67744b119a74daf41bf279d2a3b941fb03feff77657e4,4e848b74ea357e0224e7040a2b5ea8d3cfd77d9b55bb869887df86ed6bfc2751,not_applicable,not_applicable,existing_source_locks.csv|compatibility_config_hash:15120158aaa48625c00f34b8cc1572b184fc98569bd1df31445ff86a5d54baa5,e6a9759eec74735c27f556ca1b69d374f5ed9b8062cf2b075e198f1be3af6aff,d7c77384eedf44b83bb464f03081bda024ebcdf3ebd2c5ef3e38acffa7bbfeef,adapter_ready,forecast_model,,pending
FULL_UNIFIED_RUN_V1,M5,2016-01-04,seasonal_naive,none,13,,,,,4,native,,v1_0002_m5_20160104_seasonal_naive_s13,stage_2,log1p_huber_delta_1,latest locked 28-day rolling origin strictly before formal origin,reinitialize same seed; all pre-origin rolling samples; e_star epochs,configs/adapter_common_contract.yaml,0fdc80620cf8962630e75c1fa2432803a694bdd75347ebc77b3093fc02c15c5f,f363d22b50ee5ecf935d764748129bbf4e83b2417ab50854a465cae0c12fccbf,3016e2d14ad01bc58bf8bc0ed0e99fd89d95ae1895eb99367eaa330b9cef355d,not_applicable,not_applicable,existing_source_locks.csv|compatibility_config_hash:15120158aaa48625c00f34b8cc1572b184fc98569bd1df31445ff86a5d54baa5,9ec15a6ac928218108735a98b6e7a1f914d8089bb08dc40786788d3af3ad1074,d7c77384eedf44b83bb464f03081bda024ebcdf3ebd2c5ef3e38acffa7bbfeef,adapter_ready,forecast_model,,pending
FULL_UNIFIED_RUN_V1,M5,2016-02-01,seasonal_naive,none,13,,,,,4,native,,v1_0003_m5_20160201_seasonal_naive_s13,stage_2,log1p_huber_delta_1,latest locked 28-day rolling origin strictly before formal origin,reinitialize same seed; all pre-origin rolling samples; e_star epochs,configs/adapter_common_contract.yaml,0fdc80620cf8962630e75c1fa2432803a694bdd75347ebc77b3093fc02c15c5f,84ec5e1a462241b724bdb52169726ffe86647b20efbad04d01b949a8b9fc2a01,3016e2d14ad01bc58bf8bc0ed0e99fd89d95ae1895eb99367eaa330b9cef355d,not_applicable,not_applicable,existing_source_locks.csv|compatibility_config_hash:15120158aaa48625c00f34b8cc1572b184fc98569bd1df31445ff86a5d54baa5,2ef3454da0229e133a990a306c9a3a480f93c790a1d37be32fe30819ed28848a,d7c77384eedf44b83bb464f03081bda024ebcdf3ebd2c5ef3e38acffa7bbfeef,adapter_ready,forecast_model,,pending
FULL_UNIFIED_RUN_V1,Favorita,2017-03-01,seasonal_naive,none,13,,,,,4,native,,v1_0004_favorita_20170301_seasonal_naive_s13,stage_2,log1p_huber_delta_1,latest locked 28-day rolling origin strictly before formal origin,reinitialize same seed; all pre-origin rolling samples; e_star epochs,configs/adapter_common_contract.yaml,99f53feff701ca0e8ddb39eaf4c2384b14067b4e69669a6d805e4efea668fb19,cd0beeec37632daa955a38f9eba4e42ab5553d9daac470a0028c402132af43b1,55dc80374cd57120ded1af94a404fe3169d392e3a0e2c0f29bd6d1a2eed1002e,not_applicable,not_applicable,existing_source_locks.csv|compatibility_config_hash:15120158aaa48625c00f34b8cc1572b184fc98569bd1df31445ff86a5d54baa5,90230acaa09332c2fd5a95ca4d8e553d7c47c8e41b0816e769b73504a065e364,d7c77384eedf44b83bb464f03081bda024ebcdf3ebd2c5ef3e38acffa7bbfeef,adapter_ready,forecast_model,,pending
FULL_UNIFIED_RUN_V1,Favorita,2017-03-29,seasonal_naive,none,13,,,,,4,native,,v1_0005_favorita_20170329_seasonal_naive_s13,stage_2,log1p_huber_delta_1,latest locked 28-day rolling origin strictly before formal origin,reinitialize same seed; all pre-origin rolling samples; e_star epochs,configs/adapter_common_contract.yaml,99f53feff701ca0e8ddb39eaf4c2384b14067b4e69669a6d805e4efea668fb19,345dabcf47b0f7e1fb1895e4c61f5d5ebffaa56e09a9f5b2d7896f439c70937b,61b843616ad20b3c0f66e85ec548fd8ee39336145e3b216b3e7363c867264271,not_applicable,not_applicable,existing_source_locks.csv|compatibility_config_hash:15120158aaa48625c00f34b8cc1572b184fc98569bd1df31445ff86a5d54baa5,54be18f219c51ddc770a171f37b9ebc97949c9637f6ff2a0b1ffc80ec3a33528,d7c77384eedf44b83bb464f03081bda024ebcdf3ebd2c5ef3e38acffa7bbfeef,adapter_ready,forecast_model,,pending
FULL_UNIFIED_RUN_V1,Favorita,2017-04-26,seasonal_naive,none,13,,,,,4,native,,v1_0006_favorita_20170426_seasonal_naive_s13,stage_2,log1p_huber_delta_1,latest locked 28-day rolling origin strictly before formal origin,reinitialize same seed; all pre-origin rolling samples; e_star epochs,configs/adapter_common_contract.yaml,99f53feff701ca0e8ddb39eaf4c2384b14067b4e69669a6d805e4efea668fb19,c488ebe713d35972ff5a908aa6c2090b4ea444972f31abbf215c0d17998dda91,c5ea41145b284ccabb9c8485eff0a16b0d7d6e25e5c1c3c30f9e41f0516db7ad,not_applicable,not_applicable,existing_source_locks.csv|compatibility_config_hash:15120158aaa48625c00f34b8cc1572b184fc98569bd1df31445ff86a5d54baa5,f34f531077b61f0ed30d936895f02542b7ff579f13025e0803005a51f65142f2,d7c77384eedf44b83bb464f03081bda024ebcdf3ebd2c5ef3e38acffa7bbfeef,adapter_ready,forecast_model,,pending
FULL_UNIFIED_RUN_V1,Store Item,2017-05-22,seasonal_naive,none,13,,,,,4,native,,v1_0007_store_item_20170522_seasonal_naive_s13,stage_2,log1p_huber_delta_1,latest locked 28-day rolling origin strictly before formal origin,reinitialize same seed; all pre-origin rolling samples; e_star epochs,configs/adapter_common_contract.yaml,99f53feff701ca0e8ddb39eaf4c2384b14067b4e69669a6d805e4efea668fb19,96f573b570f1b2d301538d41f90dacef49f3190e6f15d4c0105641fefebfcd31,16faaf5314d2d656099b5dfcf1294a6e3ae99741f8f303dcc812754898b52246,not_applicable,not_applicable,existing_source_locks.csv|compatibility_config_hash:15120158aaa48625c00f34b8cc1572b184fc98569bd1df31445ff86a5d54baa5,9865da6aaf46dbb0cd419a9c20e42aab847f590832881e9e9f3823c9a492728c,d7c77384eedf44b83bb464f03081bda024ebcdf3ebd2c5ef3e38acffa7bbfeef,adapter_ready,forecast_model,test.csv|sample_submission.csv|sealed_independent_test,pending
FULL_UNIFIED_RUN_V1,Store Item,2017-06-19,seasonal_naive,none,13,,,,,4,native,,v1_0008_store_item_20170619_seasonal_naive_s13,stage_2,log1p_huber_delta_1,latest locked 28-day rolling origin strictly before formal origin,reinitialize same seed; all pre-origin rolling samples; e_star epochs,configs/adapter_common_contract.yaml,99f53feff701ca0e8ddb39eaf4c2384b14067b4e69669a6d805e4efea668fb19,28beca4732b3f14a100f847605d2098885a415ba97668113a3ccce044ffb107d,0fbc52c84fd91f7cae2d2b0d15d8eb3627c8926e5b3fe3208f25e73f9d77146e,not_applicable,not_applicable,existing_source_locks.csv|compatibility_config_hash:15120158aaa48625c00f34b8cc1572b184fc98569bd1df31445ff86a5d54baa5,4f77d20f5094dd691be584683fef1824d7f2b94b60c35c1778369098c642a971,d7c77384eedf44b83bb464f03081bda024ebcdf3ebd2c5ef3e38acffa7bbfeef,adapter_ready,forecast_model,test.csv|sample_submission.csv|sealed_independent_test,pending
FULL_UNIFIED_RUN_V1,Store Item,2017-07-17,seasonal_naive,none,13,,,,,4,native,,v1_0009_store_item_20170717_seasonal_naive_s13,stage_2,log1p_huber_delta_1,latest locked 28-day rolling origin strictly before formal origin,reinitialize same seed; all pre-origin rolling samples; e_star epochs,configs/adapter_common_contract.yaml,99f53feff701ca0e8ddb39eaf4c2384b14067b4e69669a6d805e4efea668fb19,cb704e15bf73a80e87151fc7a786498308b0888b5b69c93a6c61d1fdd789036d,34d53ca2bc8d880fcab243b4a0c32e211cbc184f8aa88af0a0cc7daa0679b437,not_applicable,not_applicable,existing_source_locks.csv|compatibility_config_hash:15120158aaa48625c00f34b8cc1572b184fc98569bd1df31445ff86a5d54baa5,21a23ca6456026a3ec2d5bef731b11fdbc84e741451f728ed1f803157ea4fb69,d7c77384eedf44b83bb464f03081bda024ebcdf3ebd2c5ef3e38acffa7bbfeef,adapter_ready,forecast_model,test.csv|sample_submission.csv|sealed_independent_test,pending
FULL_UNIFIED_RUN_V1,M5,2015-12-07,global_lightgbm,none,13,,,7,0.001,4,native,,v1_0010_m5_20151207_global_lightgbm_s13,stage_2,log1p_huber_delta_1,latest locked 28-day rolling origin strictly before formal origin,reinitialize same seed; all pre-origin rolling samples; e_star epochs,configs/adapter_common_contract.yaml,0fdc80620cf8962630e75c1fa2432803a694bdd75347ebc77b3093fc02c15c5f,24f14f88e9945d2a7fb67744b119a74daf41bf279d2a3b941fb03feff77657e4,4e848b74ea357e0224e7040a2b5ea8d3cfd77d9b55bb869887df86ed6bfc2751,not_applicable,not_applicable,existing_source_locks.csv|compatibility_config_hash:15120158aaa48625c00f34b8cc1572b184fc98569bd1df31445ff86a5d54baa5,193ef103c54c766d35057c2a1a4bc0f5866319ab20f4156783fe6cd6d7a3388e,d7c77384eedf44b83bb464f03081bda024ebcdf3ebd2c5ef3e38acffa7bbfeef,adapter_ready,forecast_model,,pending
FULL_UNIFIED_RUN_V1,M5,2016-01-04,global_lightgbm,none,13,,,7,0.001,4,native,,v1_0011_m5_20160104_global_lightgbm_s13,stage_2,log1p_huber_delta_1,latest locked 28-day rolling origin strictly before formal origin,reinitialize same seed; all pre-origin rolling samples; e_star epochs,configs/adapter_common_contract.yaml,0fdc80620cf8962630e75c1fa2432803a694bdd75347ebc77b3093fc02c15c5f,f363d22b50ee5ecf935d764748129bbf4e83b2417ab50854a465cae0c12fccbf,3016e2d14ad01bc58bf8bc0ed0e99fd89d95ae1895eb99367eaa330b9cef355d,not_applicable,not_applicable,existing_source_locks.csv|compatibility_config_hash:15120158aaa48625c00f34b8cc1572b184fc98569bd1df31445ff86a5d54baa5,0062a100e0ff4072d8da42833514cb1f9185b32a7f0cc6c2a3964aa61199c347,d7c77384eedf44b83bb464f03081bda024ebcdf3ebd2c5ef3e38acffa7bbfeef,adapter_ready,forecast_model,,pending
FULL_UNIFIED_RUN_V1,M5,2016-02-01,global_lightgbm,none,13,,,7,0.001,4,native,,v1_0012_m5_20160201_global_lightgbm_s13,stage_2,log1p_huber_delta_1,latest locked 28-day rolling origin strictly before formal origin,reinitialize same seed; all pre-origin rolling samples; e_star epochs,configs/adapter_common_contract.yaml,0fdc80620cf8962630e75c1fa2432803a694bdd75347ebc77b3093fc02c15c5f,84ec5e1a462241b724bdb52169726ffe86647b20efbad04d01b949a8b9fc2a01,3016e2d14ad01bc58bf8bc0ed0e99fd89d95ae1895eb99367eaa330b9cef355d,not_applicable,not_applicable,existing_source_locks.csv|compatibility_config_hash:15120158aaa48625c00f34b8cc1572b184fc98569bd1df31445ff86a5d54baa5,ce833df7d70a6aaa419d22811497ddbb2457764d7bd3e1846bbec412943b7f9a,d7c77384eedf44b83bb464f03081bda024ebcdf3ebd2c5ef3e38acffa7bbfeef,adapter_ready,forecast_model,,pending
FULL_UNIFIED_RUN_V1,Favorita,2017-03-01,global_lightgbm,none,13,,,7,0.001,4,native,,v1_0013_favorita_20170301_global_lightgbm_s13,stage_2,log1p_huber_delta_1,latest locked 28-day rolling origin strictly before formal origin,reinitialize same seed; all pre-origin rolling samples; e_star epochs,configs/adapter_common_contract.yaml,99f53feff701ca0e8ddb39eaf4c2384b14067b4e69669a6d805e4efea668fb19,cd0beeec37632daa955a38f9eba4e42ab5553d9daac470a0028c402132af43b1,55dc80374cd57120ded1af94a404fe3169d392e3a0e2c0f29bd6d1a2eed1002e,not_applicable,not_applicable,existing_source_locks.csv|compatibility_config_hash:15120158aaa48625c00f34b8cc1572b184fc98569bd1df31445ff86a5d54baa5,943c3314b79dd7eca017716c918c714e93b095f85390281a6315701660a9d554,d7c77384eedf44b83bb464f03081bda024ebcdf3ebd2c5ef3e38acffa7bbfeef,adapter_ready,forecast_model,,pending
FULL_UNIFIED_RUN_V1,Favorita,2017-03-29,global_lightgbm,none,13,,,7,0.001,4,native,,v1_0014_favorita_20170329_global_lightgbm_s13,stage_2,log1p_huber_delta_1,latest locked 28-day rolling origin strictly before formal origin,reinitialize same seed; all pre-origin rolling samples; e_star epochs,configs/adapter_common_contract.yaml,99f53feff701ca0e8ddb39eaf4c2384b14067b4e69669a6d805e4efea668fb19,345dabcf47b0f7e1fb1895e4c61f5d5ebffaa56e09a9f5b2d7896f439c70937b,61b843616ad20b3c0f66e85ec548fd8ee39336145e3b216b3e7363c867264271,not_applicable,not_applicable,existing_source_locks.csv|compatibility_config_hash:15120158aaa48625c00f34b8cc1572b184fc98569bd1df31445ff86a5d54baa5,7bf093e7697d4c38b808a5585eaab886440d3c862c30c6657bcdbbe6086ff7b2,d7c77384eedf44b83bb464f03081bda024ebcdf3ebd2c5ef3e38acffa7bbfeef,adapter_ready,forecast_model,,pending
FULL_UNIFIED_RUN_V1,Favorita,2017-04-26,global_lightgbm,none,13,,,7,0.001,4,native,,v1_0015_favorita_20170426_global_lightgbm_s13,stage_2,log1p_huber_delta_1,latest locked 28-day rolling origin strictly before formal origin,reinitialize same seed; all pre-origin rolling samples; e_star epochs,configs/adapter_common_contract.yaml,99f53feff701ca0e8ddb39eaf4c2384b14067b4e69669a6d805e4efea668fb19,c488ebe713d35972ff5a908aa6c2090b4ea444972f31abbf215c0d17998dda91,c5ea41145b284ccabb9c8485eff0a16b0d7d6e25e5c1c3c30f9e41f0516db7ad,not_applicable,not_applicable,existing_source_locks.csv|compatibility_config_hash:15120158aaa48625c00f34b8cc1572b184fc98569bd1df31445ff86a5d54baa5,07afe46be93fafe475145ba7e8e8c30f99a2818737a6dc172e840fe113d6302a,d7c77384eedf44b83bb464f03081bda024ebcdf3ebd2c5ef3e38acffa7bbfeef,adapter_ready,forecast_model,,pending
FULL_UNIFIED_RUN_V1,Store Item,2017-05-22,global_lightgbm,none,13,,,7,0.001,4,native,,v1_0016_store_item_20170522_global_lightgbm_s13,stage_2,log1p_huber_delta_1,latest locked 28-day rolling origin strictly before formal origin,reinitialize same seed; all pre-origin rolling samples; e_star epochs,configs/adapter_common_contract.yaml,99f53feff701ca0e8ddb39eaf4c2384b14067b4e69669a6d805e4efea668fb19,96f573b570f1b2d301538d41f90dacef49f3190e6f15d4c0105641fefebfcd31,16faaf5314d2d656099b5dfcf1294a6e3ae99741f8f303dcc812754898b52246,not_applicable,not_applicable,existing_source_locks.csv|compatibility_config_hash:15120158aaa48625c00f34b8cc1572b184fc98569bd1df31445ff86a5d54baa5,9c56dbb15504f098841eef5a5b07f4dd6ae89b4595fb6cdafc27d5f13e706888,d7c77384eedf44b83bb464f03081bda024ebcdf3ebd2c5ef3e38acffa7bbfeef,adapter_ready,forecast_model,test.csv|sample_submission.csv|sealed_independent_test,pending
FULL_UNIFIED_RUN_V1,Store Item,2017-06-19,global_lightgbm,none,13,,,7,0.001,4,native,,v1_0017_store_item_20170619_global_lightgbm_s13,stage_2,log1p_huber_delta_1,latest locked 28-day rolling origin strictly before formal origin,reinitialize same seed; all pre-origin rolling samples; e_star epochs,configs/adapter_common_contract.yaml,99f53feff701ca0e8ddb39eaf4c2384b14067b4e69669a6d805e4efea668fb19,28beca4732b3f14a100f847605d2098885a415ba97668113a3ccce044ffb107d,0fbc52c84fd91f7cae2d2b0d15d8eb3627c8926e5b3fe3208f25e73f9d77146e,not_applicable,not_applicable,existing_source_locks.csv|compatibility_config_hash:15120158aaa48625c00f34b8cc1572b184fc98569bd1df31445ff86a5d54baa5,7a36ea654154df9d707b1f77cee2a6e4facb8513041e75c48c211231df958529,d7c77384eedf44b83bb464f03081bda024ebcdf3ebd2c5ef3e38acffa7bbfeef,adapter_ready,forecast_model,test.csv|sample_submission.csv|sealed_independent_test,pending
FULL_UNIFIED_RUN_V1,Store Item,2017-07-17,global_lightgbm,none,13,,,7,0.001,4,native,,v1_0018_store_item_20170717_global_lightgbm_s13,stage_2,log1p_huber_delta_1,latest locked 28-day rolling origin strictly before formal origin,reinitialize same seed; all pre-origin rolling samples; e_star epochs,configs/adapter_common_contract.yaml,99f53feff701ca0e8ddb39eaf4c2384b14067b4e69669a6d805e4efea668fb19,cb704e15bf73a80e87151fc7a786498308b0888b5b69c93a6c61d1fdd789036d,34d53ca2bc8d880fcab243b4a0c32e211cbc184f8aa88af0a0cc7daa0679b437,not_applicable,not_applicable,existing_source_locks.csv|compatibility_config_hash:15120158aaa48625c00f34b8cc1572b184fc98569bd1df31445ff86a5d54baa5,693bcb28c3c0fcdc5e11d309c290275610f758a7a75e5bd6eb5b0a88de7176e3,d7c77384eedf44b83bb464f03081bda024ebcdf3ebd2c5ef3e38acffa7bbfeef,adapter_ready,forecast_model,test.csv|sample_submission.csv|sealed_independent_test,pending
FULL_UNIFIED_RUN_V1,M5,2015-12-07,tcn_business,native,13,50,10,7,0.001,4,Adam,0.001,v1_0046_m5_20151207_tcn_business_s13,stage_2,log1p_huber_delta_1,latest locked 28-day rolling origin strictly before formal origin,reinitialize same seed; all pre-origin rolling samples; e_star epochs,configs/adapter_common_contract.yaml,0fdc80620cf8962630e75c1fa2432803a694bdd75347ebc77b3093fc02c15c5f,24f14f88e9945d2a7fb67744b119a74daf41bf279d2a3b941fb03feff77657e4,4e848b74ea357e0224e7040a2b5ea8d3cfd77d9b55bb869887df86ed6bfc2751,not_applicable,not_applicable,existing_source_locks.csv|compatibility_config_hash:15120158aaa48625c00f34b8cc1572b184fc98569bd1df31445ff86a5d54baa5,3a72ee3a0379921de4a08c3da9b0d3bddf9b9c80b3b018f5b755b6f192bb6a22,d7c77384eedf44b83bb464f03081bda024ebcdf3ebd2c5ef3e38acffa7bbfeef,adapter_ready,graph_enabled,,pending
FULL_UNIFIED_RUN_V1,M5,2015-12-07,tcn_business,native,29,50,10,7,0.001,4,Adam,0.001,v1_0047_m5_20151207_tcn_business_s29,stage_2,log1p_huber_delta_1,latest locked 28-day rolling origin strictly before formal origin,reinitialize same seed; all pre-origin rolling samples; e_star epochs,configs/adapter_common_contract.yaml,0fdc80620cf8962630e75c1fa2432803a694bdd75347ebc77b3093fc02c15c5f,24f14f88e9945d2a7fb67744b119a74daf41bf279d2a3b941fb03feff77657e4,4e848b74ea357e0224e7040a2b5ea8d3cfd77d9b55bb869887df86ed6bfc2751,not_applicable,not_applicable,existing_source_locks.csv|compatibility_config_hash:15120158aaa48625c00f34b8cc1572b184fc98569bd1df31445ff86a5d54baa5,e09aa97625fa404264415b230571f69d8872ecd9b1bc4e1a8d67bd63dad61eb7,d7c77384eedf44b83bb464f03081bda024ebcdf3ebd2c5ef3e38acffa7bbfeef,adapter_ready,graph_enabled,,pending
FULL_UNIFIED_RUN_V1,M5,2015-12-07,tcn_business,native,47,50,10,7,0.001,4,Adam,0.001,v1_0048_m5_20151207_tcn_business_s47,stage_2,log1p_huber_delta_1,latest locked 28-day rolling origin strictly before formal origin,reinitialize same seed; all pre-origin rolling samples; e_star epochs,configs/adapter_common_contract.yaml,0fdc80620cf8962630e75c1fa2432803a694bdd75347ebc77b3093fc02c15c5f,24f14f88e9945d2a7fb67744b119a74daf41bf279d2a3b941fb03feff77657e4,4e848b74ea357e0224e7040a2b5ea8d3cfd77d9b55bb869887df86ed6bfc2751,not_applicable,not_applicable,existing_source_locks.csv|compatibility_config_hash:15120158aaa48625c00f34b8cc1572b184fc98569bd1df31445ff86a5d54baa5,e9df02679d31640f4b17aa26b52fe97d25336ee2f59b0272af3fbdabd257c44c,d7c77384eedf44b83bb464f03081bda024ebcdf3ebd2c5ef3e38acffa7bbfeef,adapter_ready,graph_enabled,,pending
FULL_UNIFIED_RUN_V1,M5,2016-01-04,tcn_business,native,13,50,10,7,0.001,4,Adam,0.001,v1_0049_m5_20160104_tcn_business_s13,stage_2,log1p_huber_delta_1,latest locked 28-day rolling origin strictly before formal origin,reinitialize same seed; all pre-origin rolling samples; e_star epochs,configs/adapter_common_contract.yaml,0fdc80620cf8962630e75c1fa2432803a694bdd75347ebc77b3093fc02c15c5f,f363d22b50ee5ecf935d764748129bbf4e83b2417ab50854a465cae0c12fccbf,3016e2d14ad01bc58bf8bc0ed0e99fd89d95ae1895eb99367eaa330b9cef355d,not_applicable,not_applicable,existing_source_locks.csv|compatibility_config_hash:15120158aaa48625c00f34b8cc1572b184fc98569bd1df31445ff86a5d54baa5,08334ca08ca77752a5299862c24bbf2d8ecd1fd1cc5ab3f1cccc3179bd4317e5,d7c77384eedf44b83bb464f03081bda024ebcdf3ebd2c5ef3e38acffa7bbfeef,adapter_ready,graph_enabled,,pending
FULL_UNIFIED_RUN_V1,M5,2016-01-04,tcn_business,native,29,50,10,7,0.001,4,Adam,0.001,v1_0050_m5_20160104_tcn_business_s29,stage_2,log1p_huber_delta_1,latest locked 28-day rolling origin strictly before formal origin,reinitialize same seed; all pre-origin rolling samples; e_star epochs,configs/adapter_common_contract.yaml,0fdc80620cf8962630e75c1fa2432803a694bdd75347ebc77b3093fc02c15c5f,f363d22b50ee5ecf935d764748129bbf4e83b2417ab50854a465cae0c12fccbf,3016e2d14ad01bc58bf8bc0ed0e99fd89d95ae1895eb99367eaa330b9cef355d,not_applicable,not_applicable,existing_source_locks.csv|compatibility_config_hash:15120158aaa48625c00f34b8cc1572b184fc98569bd1df31445ff86a5d54baa5,3b4fa2e5e8f5e9c34495219a572d4332aa4dda2d45aebb611a7f74c3f58a2dfb,d7c77384eedf44b83bb464f03081bda024ebcdf3ebd2c5ef3e38acffa7bbfeef,adapter_ready,graph_enabled,,pending
FULL_UNIFIED_RUN_V1,M5,2016-01-04,tcn_business,native,47,50,10,7,0.001,4,Adam,0.001,v1_0051_m5_20160104_tcn_business_s47,stage_2,log1p_huber_delta_1,latest locked 28-day rolling origin strictly before formal origin,reinitialize same seed; all pre-origin rolling samples; e_star epochs,configs/adapter_common_contract.yaml,0fdc80620cf8962630e75c1fa2432803a694bdd75347ebc77b3093fc02c15c5f,f363d22b50ee5ecf935d764748129bbf4e83b2417ab50854a465cae0c12fccbf,3016e2d14ad01bc58bf8bc0ed0e99fd89d95ae1895eb99367eaa330b9cef355d,not_applicable,not_applicable,existing_source_locks.csv|compatibility_config_hash:15120158aaa48625c00f34b8cc1572b184fc98569bd1df31445ff86a5d54baa5,7db9fb55f0a03d463954439c84f455279447071dfab2d58ea64cda9e2cc3b61a,d7c77384eedf44b83bb464f03081bda024ebcdf3ebd2c5ef3e38acffa7bbfeef,adapter_ready,graph_enabled,,pending
FULL_UNIFIED_RUN_V1,M5,2016-02-01,tcn_business,native,13,50,10,7,0.001,4,Adam,0.001,v1_0052_m5_20160201_tcn_business_s13,stage_2,log1p_huber_delta_1,latest locked 28-day rolling origin strictly before formal origin,reinitialize same seed; all pre-origin rolling samples; e_star epochs,configs/adapter_common_contract.yaml,0fdc80620cf8962630e75c1fa2432803a694bdd75347ebc77b3093fc02c15c5f,84ec5e1a462241b724bdb52169726ffe86647b20efbad04d01b949a8b9fc2a01,3016e2d14ad01bc58bf8bc0ed0e99fd89d95ae1895eb99367eaa330b9cef355d,not_applicable,not_applicable,existing_source_locks.csv|compatibility_config_hash:15120158aaa48625c00f34b8cc1572b184fc98569bd1df31445ff86a5d54baa5,6e6df3f4edae1308f21d62ca487db082e5af97c401064a85b777e74318dd2b82,d7c77384eedf44b83bb464f03081bda024ebcdf3ebd2c5ef3e38acffa7bbfeef,adapter_ready,graph_enabled,,pending
FULL_UNIFIED_RUN_V1,M5,2016-02-01,tcn_business,native,29,50,10,7,0.001,4,Adam,0.001,v1_0053_m5_20160201_tcn_business_s29,stage_2,log1p_huber_delta_1,latest locked 28-day rolling origin strictly before formal origin,reinitialize same seed; all pre-origin rolling samples; e_star epochs,configs/adapter_common_contract.yaml,0fdc80620cf8962630e75c1fa2432803a694bdd75347ebc77b3093fc02c15c5f,84ec5e1a462241b724bdb52169726ffe86647b20efbad04d01b949a8b9fc2a01,3016e2d14ad01bc58bf8bc0ed0e99fd89d95ae1895eb99367eaa330b9cef355d,not_applicable,not_applicable,existing_source_locks.csv|compatibility_config_hash:15120158aaa48625c00f34b8cc1572b184fc98569bd1df31445ff86a5d54baa5,e111d87d99dd8b90d0284b3b59f88b9adf9d6f32698abefc0bad6af4731a16a2,d7c77384eedf44b83bb464f03081bda024ebcdf3ebd2c5ef3e38acffa7bbfeef,adapter_ready,graph_enabled,,pending
FULL_UNIFIED_RUN_V1,M5,2016-02-01,tcn_business,native,47,50,10,7,0.001,4,Adam,0.001,v1_0054_m5_20160201_tcn_business_s47,stage_2,log1p_huber_delta_1,latest locked 28-day rolling origin strictly before formal origin,reinitialize same seed; all pre-origin rolling samples; e_star epochs,configs/adapter_common_contract.yaml,0fdc80620cf8962630e75c1fa2432803a694bdd75347ebc77b3093fc02c15c5f,84ec5e1a462241b724bdb52169726ffe86647b20efbad04d01b949a8b9fc2a01,3016e2d14ad01bc58bf8bc0ed0e99fd89d95ae1895eb99367eaa330b9cef355d,not_applicable,not_applicable,existing_source_locks.csv|compatibility_config_hash:15120158aaa48625c00f34b8cc1572b184fc98569bd1df31445ff86a5d54baa5,ea622d49f6944236c4628a55f5b810f86c81c27251a4ebcc01e69af6aaf95ca6,d7c77384eedf44b83bb464f03081bda024ebcdf3ebd2c5ef3e38acffa7bbfeef,adapter_ready,graph_enabled,,pending
FULL_UNIFIED_RUN_V1,Favorita,2017-03-01,tcn_business,native,13,50,10,7,0.001,4,Adam,0.001,v1_0055_favorita_20170301_tcn_business_s13,stage_2,log1p_huber_delta_1,latest locked 28-day rolling origin strictly before formal origin,reinitialize same seed; all pre-origin rolling samples; e_star epochs,configs/adapter_common_contract.yaml,99f53feff701ca0e8ddb39eaf4c2384b14067b4e69669a6d805e4efea668fb19,cd0beeec37632daa955a38f9eba4e42ab5553d9daac470a0028c402132af43b1,55dc80374cd57120ded1af94a404fe3169d392e3a0e2c0f29bd6d1a2eed1002e,not_applicable,not_applicable,existing_source_locks.csv|compatibility_config_hash:15120158aaa48625c00f34b8cc1572b184fc98569bd1df31445ff86a5d54baa5,2c510ea8f5c97816bbdae7a2d63dd072a3b20bc168e75c44de7ae19068305b68,d7c77384eedf44b83bb464f03081bda024ebcdf3ebd2c5ef3e38acffa7bbfeef,adapter_ready,graph_enabled,,pending
FULL_UNIFIED_RUN_V1,Favorita,2017-03-01,tcn_business,native,29,50,10,7,0.001,4,Adam,0.001,v1_0056_favorita_20170301_tcn_business_s29,stage_2,log1p_huber_delta_1,latest locked 28-day rolling origin strictly before formal origin,reinitialize same seed; all pre-origin rolling samples; e_star epochs,configs/adapter_common_contract.yaml,99f53feff701ca0e8ddb39eaf4c2384b14067b4e69669a6d805e4efea668fb19,cd0beeec37632daa955a38f9eba4e42ab5553d9daac470a0028c402132af43b1,55dc80374cd57120ded1af94a404fe3169d392e3a0e2c0f29bd6d1a2eed1002e,not_applicable,not_applicable,existing_source_locks.csv|compatibility_config_hash:15120158aaa48625c00f34b8cc1572b184fc98569bd1df31445ff86a5d54baa5,6f5df3a34b983447afe0228817260e6406451861ce1242d5eb3c523a200bc822,d7c77384eedf44b83bb464f03081bda024ebcdf3ebd2c5ef3e38acffa7bbfeef,adapter_ready,graph_enabled,,pending
FULL_UNIFIED_RUN_V1,Favorita,2017-03-01,tcn_business,native,47,50,10,7,0.001,4,Adam,0.001,v1_0057_favorita_20170301_tcn_business_s47,stage_2,log1p_huber_delta_1,latest locked 28-day rolling origin strictly before formal origin,reinitialize same seed; all pre-origin rolling samples; e_star epochs,configs/adapter_common_contract.yaml,99f53feff701ca0e8ddb39eaf4c2384b14067b4e69669a6d805e4efea668fb19,cd0beeec37632daa955a38f9eba4e42ab5553d9daac470a0028c402132af43b1,55dc80374cd57120ded1af94a404fe3169d392e3a0e2c0f29bd6d1a2eed1002e,not_applicable,not_applicable,existing_source_locks.csv|compatibility_config_hash:15120158aaa48625c00f34b8cc1572b184fc98569bd1df31445ff86a5d54baa5,2699d9754b4d5c91db3eee70864a087bd439889720c8f1e8df7bda05cbc194c6,d7c77384eedf44b83bb464f03081bda024ebcdf3ebd2c5ef3e38acffa7bbfeef,adapter_ready,graph_enabled,,pending
FULL_UNIFIED_RUN_V1,Favorita,2017-03-29,tcn_business,native,13,50,10,7,0.001,4,Adam,0.001,v1_0058_favorita_20170329_tcn_business_s13,stage_2,log1p_huber_delta_1,latest locked 28-day rolling origin strictly before formal origin,reinitialize same seed; all pre-origin rolling samples; e_star epochs,configs/adapter_common_contract.yaml,99f53feff701ca0e8ddb39eaf4c2384b14067b4e69669a6d805e4efea668fb19,345dabcf47b0f7e1fb1895e4c61f5d5ebffaa56e09a9f5b2d7896f439c70937b,61b843616ad20b3c0f66e85ec548fd8ee39336145e3b216b3e7363c867264271,not_applicable,not_applicable,existing_source_locks.csv|compatibility_config_hash:15120158aaa48625c00f34b8cc1572b184fc98569bd1df31445ff86a5d54baa5,2fd62af0ce8e674b0decc42bccb78ee08761df62e8a2fdc78a4207a0590fca43,d7c77384eedf44b83bb464f03081bda024ebcdf3ebd2c5ef3e38acffa7bbfeef,adapter_ready,graph_enabled,,pending
FULL_UNIFIED_RUN_V1,Favorita,2017-03-29,tcn_business,native,29,50,10,7,0.001,4,Adam,0.001,v1_0059_favorita_20170329_tcn_business_s29,stage_2,log1p_huber_delta_1,latest locked 28-day rolling origin strictly before formal origin,reinitialize same seed; all pre-origin rolling samples; e_star epochs,configs/adapter_common_contract.yaml,99f53feff701ca0e8ddb39eaf4c2384b14067b4e69669a6d805e4efea668fb19,345dabcf47b0f7e1fb1895e4c61f5d5ebffaa56e09a9f5b2d7896f439c70937b,61b843616ad20b3c0f66e85ec548fd8ee39336145e3b216b3e7363c867264271,not_applicable,not_applicable,existing_source_locks.csv|compatibility_config_hash:15120158aaa48625c00f34b8cc1572b184fc98569bd1df31445ff86a5d54baa5,cf5dfe33304da9e513833df4611c61d1f9d8893426fb8344bea86b29a1704cad,d7c77384eedf44b83bb464f03081bda024ebcdf3ebd2c5ef3e38acffa7bbfeef,adapter_ready,graph_enabled,,pending
FULL_UNIFIED_RUN_V1,Favorita,2017-03-29,tcn_business,native,47,50,10,7,0.001,4,Adam,0.001,v1_0060_favorita_20170329_tcn_business_s47,stage_2,log1p_huber_delta_1,latest locked 28-day rolling origin strictly before formal origin,reinitialize same seed; all pre-origin rolling samples; e_star epochs,configs/adapter_common_contract.yaml,99f53feff701ca0e8ddb39eaf4c2384b14067b4e69669a6d805e4efea668fb19,345dabcf47b0f7e1fb1895e4c61f5d5ebffaa56e09a9f5b2d7896f439c70937b,61b843616ad20b3c0f66e85ec548fd8ee39336145e3b216b3e7363c867264271,not_applicable,not_applicable,existing_source_locks.csv|compatibility_config_hash:15120158aaa48625c00f34b8cc1572b184fc98569bd1df31445ff86a5d54baa5,74c07199dc76bed22a7e2b616e22c0be6e50d1ab0c54de00516618d3751e78fa,d7c77384eedf44b83bb464f03081bda024ebcdf3ebd2c5ef3e38acffa7bbfeef,adapter_ready,graph_enabled,,pending
FULL_UNIFIED_RUN_V1,Favorita,2017-04-26,tcn_business,native,13,50,10,7,0.001,4,Adam,0.001,v1_0061_favorita_20170426_tcn_business_s13,stage_2,log1p_huber_delta_1,latest locked 28-day rolling origin strictly before formal origin,reinitialize same seed; all pre-origin rolling samples; e_star epochs,configs/adapter_common_contract.yaml,99f53feff701ca0e8ddb39eaf4c2384b14067b4e69669a6d805e4efea668fb19,c488ebe713d35972ff5a908aa6c2090b4ea444972f31abbf215c0d17998dda91,c5ea41145b284ccabb9c8485eff0a16b0d7d6e25e5c1c3c30f9e41f0516db7ad,not_applicable,not_applicable,existing_source_locks.csv|compatibility_config_hash:15120158aaa48625c00f34b8cc1572b184fc98569bd1df31445ff86a5d54baa5,7abee605778247378061ec08423285c923113ee47f28ecb5022a7d50c5e1151e,d7c77384eedf44b83bb464f03081bda024ebcdf3ebd2c5ef3e38acffa7bbfeef,adapter_ready,graph_enabled,,pending
FULL_UNIFIED_RUN_V1,Favorita,2017-04-26,tcn_business,native,29,50,10,7,0.001,4,Adam,0.001,v1_0062_favorita_20170426_tcn_business_s29,stage_2,log1p_huber_delta_1,latest locked 28-day rolling origin strictly before formal origin,reinitialize same seed; all pre-origin rolling samples; e_star epochs,configs/adapter_common_contract.yaml,99f53feff701ca0e8ddb39eaf4c2384b14067b4e69669a6d805e4efea668fb19,c488ebe713d35972ff5a908aa6c2090b4ea444972f31abbf215c0d17998dda91,c5ea41145b284ccabb9c8485eff0a16b0d7d6e25e5c1c3c30f9e41f0516db7ad,not_applicable,not_applicable,existing_source_locks.csv|compatibility_config_hash:15120158aaa48625c00f34b8cc1572b184fc98569bd1df31445ff86a5d54baa5,a0134b2ff7fcdaae90cf553313cadd37775f2b225c5ee9cab166b3cea02702d9,d7c77384eedf44b83bb464f03081bda024ebcdf3ebd2c5ef3e38acffa7bbfeef,adapter_ready,graph_enabled,,pending
FULL_UNIFIED_RUN_V1,Favorita,2017-04-26,tcn_business,native,47,50,10,7,0.001,4,Adam,0.001,v1_0063_favorita_20170426_tcn_business_s47,stage_2,log1p_huber_delta_1,latest locked 28-day rolling origin strictly before formal origin,reinitialize same seed; all pre-origin rolling samples; e_star epochs,configs/adapter_common_contract.yaml,99f53feff701ca0e8ddb39eaf4c2384b14067b4e69669a6d805e4efea668fb19,c488ebe713d35972ff5a908aa6c2090b4ea444972f31abbf215c0d17998dda91,c5ea41145b284ccabb9c8485eff0a16b0d7d6e25e5c1c3c30f9e41f0516db7ad,not_applicable,not_applicable,existing_source_locks.csv|compatibility_config_hash:15120158aaa48625c00f34b8cc1572b184fc98569bd1df31445ff86a5d54baa5,f9fc861129bd010d8c76d2f404c22cd20766ea7c58703b9824161b6082e512db,d7c77384eedf44b83bb464f03081bda024ebcdf3ebd2c5ef3e38acffa7bbfeef,adapter_ready,graph_enabled,,pending
FULL_UNIFIED_RUN_V1,Store Item,2017-05-22,tcn_business,native,13,50,10,7,0.001,4,Adam,0.001,v1_0064_store_item_20170522_tcn_business_s13,stage_2,log1p_huber_delta_1,latest locked 28-day rolling origin strictly before formal origin,reinitialize same seed; all pre-origin rolling samples; e_star epochs,configs/adapter_common_contract.yaml,99f53feff701ca0e8ddb39eaf4c2384b14067b4e69669a6d805e4efea668fb19,96f573b570f1b2d301538d41f90dacef49f3190e6f15d4c0105641fefebfcd31,16faaf5314d2d656099b5dfcf1294a6e3ae99741f8f303dcc812754898b52246,not_applicable,not_applicable,existing_source_locks.csv|compatibility_config_hash:15120158aaa48625c00f34b8cc1572b184fc98569bd1df31445ff86a5d54baa5,6fb2f87fb0f9595df016c2f1c73990889577305b3259001420680303749a58e6,d7c77384eedf44b83bb464f03081bda024ebcdf3ebd2c5ef3e38acffa7bbfeef,adapter_ready,graph_enabled,test.csv|sample_submission.csv|sealed_independent_test,pending
FULL_UNIFIED_RUN_V1,Store Item,2017-05-22,tcn_business,native,29,50,10,7,0.001,4,Adam,0.001,v1_0065_store_item_20170522_tcn_business_s29,stage_2,log1p_huber_delta_1,latest locked 28-day rolling origin strictly before formal origin,reinitialize same seed; all pre-origin rolling samples; e_star epochs,configs/adapter_common_contract.yaml,99f53feff701ca0e8ddb39eaf4c2384b14067b4e69669a6d805e4efea668fb19,96f573b570f1b2d301538d41f90dacef49f3190e6f15d4c0105641fefebfcd31,16faaf5314d2d656099b5dfcf1294a6e3ae99741f8f303dcc812754898b52246,not_applicable,not_applicable,existing_source_locks.csv|compatibility_config_hash:15120158aaa48625c00f34b8cc1572b184fc98569bd1df31445ff86a5d54baa5,8ceb00b7403287e875a70095e9ffca28a0014c6de4a16d07ad87d2c9b5193979,d7c77384eedf44b83bb464f03081bda024ebcdf3ebd2c5ef3e38acffa7bbfeef,adapter_ready,graph_enabled,test.csv|sample_submission.csv|sealed_independent_test,pending
FULL_UNIFIED_RUN_V1,Store Item,2017-05-22,tcn_business,native,47,50,10,7,0.001,4,Adam,0.001,v1_0066_store_item_20170522_tcn_business_s47,stage_2,log1p_huber_delta_1,latest locked 28-day rolling origin strictly before formal origin,reinitialize same seed; all pre-origin rolling samples; e_star epochs,configs/adapter_common_contract.yaml,99f53feff701ca0e8ddb39eaf4c2384b14067b4e69669a6d805e4efea668fb19,96f573b570f1b2d301538d41f90dacef49f3190e6f15d4c0105641fefebfcd31,16faaf5314d2d656099b5dfcf1294a6e3ae99741f8f303dcc812754898b52246,not_applicable,not_applicable,existing_source_locks.csv|compatibility_config_hash:15120158aaa48625c00f34b8cc1572b184fc98569bd1df31445ff86a5d54baa5,5b5a4bdebf195df1298c8b9dc0bba51e69f74785ebdd8d3d432aab0ed9df4013,d7c77384eedf44b83bb464f03081bda024ebcdf3ebd2c5ef3e38acffa7bbfeef,adapter_ready,graph_enabled,test.csv|sample_submission.csv|sealed_independent_test,pending
FULL_UNIFIED_RUN_V1,Store Item,2017-06-19,tcn_business,native,13,50,10,7,0.001,4,Adam,0.001,v1_0067_store_item_20170619_tcn_business_s13,stage_2,log1p_huber_delta_1,latest locked 28-day rolling origin strictly before formal origin,reinitialize same seed; all pre-origin rolling samples; e_star epochs,configs/adapter_common_contract.yaml,99f53feff701ca0e8ddb39eaf4c2384b14067b4e69669a6d805e4efea668fb19,28beca4732b3f14a100f847605d2098885a415ba97668113a3ccce044ffb107d,0fbc52c84fd91f7cae2d2b0d15d8eb3627c8926e5b3fe3208f25e73f9d77146e,not_applicable,not_applicable,existing_source_locks.csv|compatibility_config_hash:15120158aaa48625c00f34b8cc1572b184fc98569bd1df31445ff86a5d54baa5,f5e8c8a284b563c69ab113d419c609544beb426926d53f4d1089e9ac5d8d1fa8,d7c77384eedf44b83bb464f03081bda024ebcdf3ebd2c5ef3e38acffa7bbfeef,adapter_ready,graph_enabled,test.csv|sample_submission.csv|sealed_independent_test,pending
FULL_UNIFIED_RUN_V1,Store Item,2017-06-19,tcn_business,native,29,50,10,7,0.001,4,Adam,0.001,v1_0068_store_item_20170619_tcn_business_s29,stage_2,log1p_huber_delta_1,latest locked 28-day rolling origin strictly before formal origin,reinitialize same seed; all pre-origin rolling samples; e_star epochs,configs/adapter_common_contract.yaml,99f53feff701ca0e8ddb39eaf4c2384b14067b4e69669a6d805e4efea668fb19,28beca4732b3f14a100f847605d2098885a415ba97668113a3ccce044ffb107d,0fbc52c84fd91f7cae2d2b0d15d8eb3627c8926e5b3fe3208f25e73f9d77146e,not_applicable,not_applicable,existing_source_locks.csv|compatibility_config_hash:15120158aaa48625c00f34b8cc1572b184fc98569bd1df31445ff86a5d54baa5,3d39f5607ca63037189dd227f735896c3d329109610b77120777e7a0919f2dac,d7c77384eedf44b83bb464f03081bda024ebcdf3ebd2c5ef3e38acffa7bbfeef,adapter_ready,graph_enabled,test.csv|sample_submission.csv|sealed_independent_test,pending
FULL_UNIFIED_RUN_V1,Store Item,2017-06-19,tcn_business,native,47,50,10,7,0.001,4,Adam,0.001,v1_0069_store_item_20170619_tcn_business_s47,stage_2,log1p_huber_delta_1,latest locked 28-day rolling origin strictly before formal origin,reinitialize same seed; all pre-origin rolling samples; e_star epochs,configs/adapter_common_contract.yaml,99f53feff701ca0e8ddb39eaf4c2384b14067b4e69669a6d805e4efea668fb19,28beca4732b3f14a100f847605d2098885a415ba97668113a3ccce044ffb107d,0fbc52c84fd91f7cae2d2b0d15d8eb3627c8926e5b3fe3208f25e73f9d77146e,not_applicable,not_applicable,existing_source_locks.csv|compatibility_config_hash:15120158aaa48625c00f34b8cc1572b184fc98569bd1df31445ff86a5d54baa5,0d46857ed0f3acbb2271ace22f2469993d38e3dbba10ab227d277cc15689d993,d7c77384eedf44b83bb464f03081bda024ebcdf3ebd2c5ef3e38acffa7bbfeef,adapter_ready,graph_enabled,test.csv|sample_submission.csv|sealed_independent_test,pending
FULL_UNIFIED_RUN_V1,Store Item,2017-07-17,tcn_business,native,13,50,10,7,0.001,4,Adam,0.001,v1_0070_store_item_20170717_tcn_business_s13,stage_2,log1p_huber_delta_1,latest locked 28-day rolling origin strictly before formal origin,reinitialize same seed; all pre-origin rolling samples; e_star epochs,configs/adapter_common_contract.yaml,99f53feff701ca0e8ddb39eaf4c2384b14067b4e69669a6d805e4efea668fb19,cb704e15bf73a80e87151fc7a786498308b0888b5b69c93a6c61d1fdd789036d,34d53ca2bc8d880fcab243b4a0c32e211cbc184f8aa88af0a0cc7daa0679b437,not_applicable,not_applicable,existing_source_locks.csv|compatibility_config_hash:15120158aaa48625c00f34b8cc1572b184fc98569bd1df31445ff86a5d54baa5,291816c9efea97b8490bcba4d8f31ca95fa0d00001a7df204dd7aa441441e5fa,d7c77384eedf44b83bb464f03081bda024ebcdf3ebd2c5ef3e38acffa7bbfeef,adapter_ready,graph_enabled,test.csv|sample_submission.csv|sealed_independent_test,pending
FULL_UNIFIED_RUN_V1,Store Item,2017-07-17,tcn_business,native,29,50,10,7,0.001,4,Adam,0.001,v1_0071_store_item_20170717_tcn_business_s29,stage_2,log1p_huber_delta_1,latest locked 28-day rolling origin strictly before formal origin,reinitialize same seed; all pre-origin rolling samples; e_star epochs,configs/adapter_common_contract.yaml,99f53feff701ca0e8ddb39eaf4c2384b14067b4e69669a6d805e4efea668fb19,cb704e15bf73a80e87151fc7a786498308b0888b5b69c93a6c61d1fdd789036d,34d53ca2bc8d880fcab243b4a0c32e211cbc184f8aa88af0a0cc7daa0679b437,not_applicable,not_applicable,existing_source_locks.csv|compatibility_config_hash:15120158aaa48625c00f34b8cc1572b184fc98569bd1df31445ff86a5d54baa5,b1f9a4cf50533d8f87046150132a2426d88a18058f5168fe5bea76786ce9154d,d7c77384eedf44b83bb464f03081bda024ebcdf3ebd2c5ef3e38acffa7bbfeef,adapter_ready,graph_enabled,test.csv|sample_submission.csv|sealed_independent_test,pending
FULL_UNIFIED_RUN_V1,Store Item,2017-07-17,tcn_business,native,47,50,10,7,0.001,4,Adam,0.001,v1_0072_store_item_20170717_tcn_business_s47,stage_2,log1p_huber_delta_1,latest locked 28-day rolling origin strictly before formal origin,reinitialize same seed; all pre-origin rolling samples; e_star epochs,configs/adapter_common_contract.yaml,99f53feff701ca0e8ddb39eaf4c2384b14067b4e69669a6d805e4efea668fb19,cb704e15bf73a80e87151fc7a786498308b0888b5b69c93a6c61d1fdd789036d,34d53ca2bc8d880fcab243b4a0c32e211cbc184f8aa88af0a0cc7daa0679b437,not_applicable,not_applicable,existing_source_locks.csv|compatibility_config_hash:15120158aaa48625c00f34b8cc1572b184fc98569bd1df31445ff86a5d54baa5,215c7ba9d473f76a0db5be3e991e536930773c56efa06111eda8077021844e76,d7c77384eedf44b83bb464f03081bda024ebcdf3ebd2c5ef3e38acffa7bbfeef,adapter_ready,graph_enabled,test.csv|sample_submission.csv|sealed_independent_test,pending
FULL_UNIFIED_RUN_V1,M5,2015-12-07,tcn_stat_equal,equal_weight,13,50,10,7,0.001,4,Adam,0.001,v1_0073_m5_20151207_tcn_stat_equal_s13,stage_2,log1p_huber_delta_1,latest locked 28-day rolling origin strictly before formal origin,reinitialize same seed; all pre-origin rolling samples; e_star epochs,configs/adapter_common_contract.yaml,0fdc80620cf8962630e75c1fa2432803a694bdd75347ebc77b3093fc02c15c5f,24f14f88e9945d2a7fb67744b119a74daf41bf279d2a3b941fb03feff77657e4,4e848b74ea357e0224e7040a2b5ea8d3cfd77d9b55bb869887df86ed6bfc2751,not_applicable,not_applicable,existing_source_locks.csv|compatibility_config_hash:15120158aaa48625c00f34b8cc1572b184fc98569bd1df31445ff86a5d54baa5,fa1e710b25eaf7af9a6e401f6af563d3c8a47674c186a4589888891951fbac27,d7c77384eedf44b83bb464f03081bda024ebcdf3ebd2c5ef3e38acffa7bbfeef,adapter_ready,equal_weight_control,,pending
FULL_UNIFIED_RUN_V1,M5,2015-12-07,tcn_stat_equal,equal_weight,29,50,10,7,0.001,4,Adam,0.001,v1_0074_m5_20151207_tcn_stat_equal_s29,stage_2,log1p_huber_delta_1,latest locked 28-day rolling origin strictly before formal origin,reinitialize same seed; all pre-origin rolling samples; e_star epochs,configs/adapter_common_contract.yaml,0fdc80620cf8962630e75c1fa2432803a694bdd75347ebc77b3093fc02c15c5f,24f14f88e9945d2a7fb67744b119a74daf41bf279d2a3b941fb03feff77657e4,4e848b74ea357e0224e7040a2b5ea8d3cfd77d9b55bb869887df86ed6bfc2751,not_applicable,not_applicable,existing_source_locks.csv|compatibility_config_hash:15120158aaa48625c00f34b8cc1572b184fc98569bd1df31445ff86a5d54baa5,424898a42c661b9bc42a87ec340d94659c40a6fcdff907722d63643a6395e601,d7c77384eedf44b83bb464f03081bda024ebcdf3ebd2c5ef3e38acffa7bbfeef,adapter_ready,equal_weight_control,,pending
FULL_UNIFIED_RUN_V1,M5,2015-12-07,tcn_stat_equal,equal_weight,47,50,10,7,0.001,4,Adam,0.001,v1_0075_m5_20151207_tcn_stat_equal_s47,stage_2,log1p_huber_delta_1,latest locked 28-day rolling origin strictly before formal origin,reinitialize same seed; all pre-origin rolling samples; e_star epochs,configs/adapter_common_contract.yaml,0fdc80620cf8962630e75c1fa2432803a694bdd75347ebc77b3093fc02c15c5f,24f14f88e9945d2a7fb67744b119a74daf41bf279d2a3b941fb03feff77657e4,4e848b74ea357e0224e7040a2b5ea8d3cfd77d9b55bb869887df86ed6bfc2751,not_applicable,not_applicable,existing_source_locks.csv|compatibility_config_hash:15120158aaa48625c00f34b8cc1572b184fc98569bd1df31445ff86a5d54baa5,a0eb03918d823b0a3ef133b3ab6d037ef883f37969ee52381cb17b5435bdeda6,d7c77384eedf44b83bb464f03081bda024ebcdf3ebd2c5ef3e38acffa7bbfeef,adapter_ready,equal_weight_control,,pending
FULL_UNIFIED_RUN_V1,M5,2016-01-04,tcn_stat_equal,equal_weight,13,50,10,7,0.001,4,Adam,0.001,v1_0076_m5_20160104_tcn_stat_equal_s13,stage_2,log1p_huber_delta_1,latest locked 28-day rolling origin strictly before formal origin,reinitialize same seed; all pre-origin rolling samples; e_star epochs,configs/adapter_common_contract.yaml,0fdc80620cf8962630e75c1fa2432803a694bdd75347ebc77b3093fc02c15c5f,f363d22b50ee5ecf935d764748129bbf4e83b2417ab50854a465cae0c12fccbf,3016e2d14ad01bc58bf8bc0ed0e99fd89d95ae1895eb99367eaa330b9cef355d,not_applicable,not_applicable,existing_source_locks.csv|compatibility_config_hash:15120158aaa48625c00f34b8cc1572b184fc98569bd1df31445ff86a5d54baa5,e49123ed6c1bbe5d23a485a11f9dec065686fdefa4659491e4aba1e983e1e9ff,d7c77384eedf44b83bb464f03081bda024ebcdf3ebd2c5ef3e38acffa7bbfeef,adapter_ready,equal_weight_control,,pending
FULL_UNIFIED_RUN_V1,M5,2016-01-04,tcn_stat_equal,equal_weight,29,50,10,7,0.001,4,Adam,0.001,v1_0077_m5_20160104_tcn_stat_equal_s29,stage_2,log1p_huber_delta_1,latest locked 28-day rolling origin strictly before formal origin,reinitialize same seed; all pre-origin rolling samples; e_star epochs,configs/adapter_common_contract.yaml,0fdc80620cf8962630e75c1fa2432803a694bdd75347ebc77b3093fc02c15c5f,f363d22b50ee5ecf935d764748129bbf4e83b2417ab50854a465cae0c12fccbf,3016e2d14ad01bc58bf8bc0ed0e99fd89d95ae1895eb99367eaa330b9cef355d,not_applicable,not_applicable,existing_source_locks.csv|compatibility_config_hash:15120158aaa48625c00f34b8cc1572b184fc98569bd1df31445ff86a5d54baa5,0addc0cacfdaf1f7e2031542c1cd316c601bb91c78afecbfa949d21d224ad764,d7c77384eedf44b83bb464f03081bda024ebcdf3ebd2c5ef3e38acffa7bbfeef,adapter_ready,equal_weight_control,,pending
FULL_UNIFIED_RUN_V1,M5,2016-01-04,tcn_stat_equal,equal_weight,47,50,10,7,0.001,4,Adam,0.001,v1_0078_m5_20160104_tcn_stat_equal_s47,stage_2,log1p_huber_delta_1,latest locked 28-day rolling origin strictly before formal origin,reinitialize same seed; all pre-origin rolling samples; e_star epochs,configs/adapter_common_contract.yaml,0fdc80620cf8962630e75c1fa2432803a694bdd75347ebc77b3093fc02c15c5f,f363d22b50ee5ecf935d764748129bbf4e83b2417ab50854a465cae0c12fccbf,3016e2d14ad01bc58bf8bc0ed0e99fd89d95ae1895eb99367eaa330b9cef355d,not_applicable,not_applicable,existing_source_locks.csv|compatibility_config_hash:15120158aaa48625c00f34b8cc1572b184fc98569bd1df31445ff86a5d54baa5,97f09c7350f94855ed1b1150971006cb739b9c262e4f0a66cb050d97181706e0,d7c77384eedf44b83bb464f03081bda024ebcdf3ebd2c5ef3e38acffa7bbfeef,adapter_ready,equal_weight_control,,pending
FULL_UNIFIED_RUN_V1,M5,2016-02-01,tcn_stat_equal,equal_weight,13,50,10,7,0.001,4,Adam,0.001,v1_0079_m5_20160201_tcn_stat_equal_s13,stage_2,log1p_huber_delta_1,latest locked 28-day rolling origin strictly before formal origin,reinitialize same seed; all pre-origin rolling samples; e_star epochs,configs/adapter_common_contract.yaml,0fdc80620cf8962630e75c1fa2432803a694bdd75347ebc77b3093fc02c15c5f,84ec5e1a462241b724bdb52169726ffe86647b20efbad04d01b949a8b9fc2a01,3016e2d14ad01bc58bf8bc0ed0e99fd89d95ae1895eb99367eaa330b9cef355d,not_applicable,not_applicable,existing_source_locks.csv|compatibility_config_hash:15120158aaa48625c00f34b8cc1572b184fc98569bd1df31445ff86a5d54baa5,2274ad0b31d60530fa1ac810ba1653e4f41da1bfe95c9f9ced77ccf119171b87,d7c77384eedf44b83bb464f03081bda024ebcdf3ebd2c5ef3e38acffa7bbfeef,adapter_ready,equal_weight_control,,pending
FULL_UNIFIED_RUN_V1,M5,2016-02-01,tcn_stat_equal,equal_weight,29,50,10,7,0.001,4,Adam,0.001,v1_0080_m5_20160201_tcn_stat_equal_s29,stage_2,log1p_huber_delta_1,latest locked 28-day rolling origin strictly before formal origin,reinitialize same seed; all pre-origin rolling samples; e_star epochs,configs/adapter_common_contract.yaml,0fdc80620cf8962630e75c1fa2432803a694bdd75347ebc77b3093fc02c15c5f,84ec5e1a462241b724bdb52169726ffe86647b20efbad04d01b949a8b9fc2a01,3016e2d14ad01bc58bf8bc0ed0e99fd89d95ae1895eb99367eaa330b9cef355d,not_applicable,not_applicable,existing_source_locks.csv|compatibility_config_hash:15120158aaa48625c00f34b8cc1572b184fc98569bd1df31445ff86a5d54baa5,1217b2c75876a5d78960ad7fde033394c8d2ce7e58de09646f54bebe208841b1,d7c77384eedf44b83bb464f03081bda024ebcdf3ebd2c5ef3e38acffa7bbfeef,adapter_ready,equal_weight_control,,pending
FULL_UNIFIED_RUN_V1,M5,2016-02-01,tcn_stat_equal,equal_weight,47,50,10,7,0.001,4,Adam,0.001,v1_0081_m5_20160201_tcn_stat_equal_s47,stage_2,log1p_huber_delta_1,latest locked 28-day rolling origin strictly before formal origin,reinitialize same seed; all pre-origin rolling samples; e_star epochs,configs/adapter_common_contract.yaml,0fdc80620cf8962630e75c1fa2432803a694bdd75347ebc77b3093fc02c15c5f,84ec5e1a462241b724bdb52169726ffe86647b20efbad04d01b949a8b9fc2a01,3016e2d14ad01bc58bf8bc0ed0e99fd89d95ae1895eb99367eaa330b9cef355d,not_applicable,not_applicable,existing_source_locks.csv|compatibility_config_hash:15120158aaa48625c00f34b8cc1572b184fc98569bd1df31445ff86a5d54baa5,ff173c6f35ccafe4baef39190ac920693c3779569dd85c131503965ce79734d4,d7c77384eedf44b83bb464f03081bda024ebcdf3ebd2c5ef3e38acffa7bbfeef,adapter_ready,equal_weight_control,,pending
FULL_UNIFIED_RUN_V1,Favorita,2017-03-01,tcn_stat_equal,equal_weight,13,50,10,7,0.001,4,Adam,0.001,v1_0082_favorita_20170301_tcn_stat_equal_s13,stage_2,log1p_huber_delta_1,latest locked 28-day rolling origin strictly before formal origin,reinitialize same seed; all pre-origin rolling samples; e_star epochs,configs/adapter_common_contract.yaml,99f53feff701ca0e8ddb39eaf4c2384b14067b4e69669a6d805e4efea668fb19,cd0beeec37632daa955a38f9eba4e42ab5553d9daac470a0028c402132af43b1,55dc80374cd57120ded1af94a404fe3169d392e3a0e2c0f29bd6d1a2eed1002e,not_applicable,not_applicable,existing_source_locks.csv|compatibility_config_hash:15120158aaa48625c00f34b8cc1572b184fc98569bd1df31445ff86a5d54baa5,f20bd0266405767c0ac9118f3ba8a3b2eee7a9126b5b8da268b37bbe27c1a298,d7c77384eedf44b83bb464f03081bda024ebcdf3ebd2c5ef3e38acffa7bbfeef,adapter_ready,equal_weight_control,,pending
FULL_UNIFIED_RUN_V1,Favorita,2017-03-01,tcn_stat_equal,equal_weight,29,50,10,7,0.001,4,Adam,0.001,v1_0083_favorita_20170301_tcn_stat_equal_s29,stage_2,log1p_huber_delta_1,latest locked 28-day rolling origin strictly before formal origin,reinitialize same seed; all pre-origin rolling samples; e_star epochs,configs/adapter_common_contract.yaml,99f53feff701ca0e8ddb39eaf4c2384b14067b4e69669a6d805e4efea668fb19,cd0beeec37632daa955a38f9eba4e42ab5553d9daac470a0028c402132af43b1,55dc80374cd57120ded1af94a404fe3169d392e3a0e2c0f29bd6d1a2eed1002e,not_applicable,not_applicable,existing_source_locks.csv|compatibility_config_hash:15120158aaa48625c00f34b8cc1572b184fc98569bd1df31445ff86a5d54baa5,ab9ef16225b80c5ad80c9d27be9c067849e426f5968c2e5d6426bba7c52ada7f,d7c77384eedf44b83bb464f03081bda024ebcdf3ebd2c5ef3e38acffa7bbfeef,adapter_ready,equal_weight_control,,pending
FULL_UNIFIED_RUN_V1,Favorita,2017-03-01,tcn_stat_equal,equal_weight,47,50,10,7,0.001,4,Adam,0.001,v1_0084_favorita_20170301_tcn_stat_equal_s47,stage_2,log1p_huber_delta_1,latest locked 28-day rolling origin strictly before formal origin,reinitialize same seed; all pre-origin rolling samples; e_star epochs,configs/adapter_common_contract.yaml,99f53feff701ca0e8ddb39eaf4c2384b14067b4e69669a6d805e4efea668fb19,cd0beeec37632daa955a38f9eba4e42ab5553d9daac470a0028c402132af43b1,55dc80374cd57120ded1af94a404fe3169d392e3a0e2c0f29bd6d1a2eed1002e,not_applicable,not_applicable,existing_source_locks.csv|compatibility_config_hash:15120158aaa48625c00f34b8cc1572b184fc98569bd1df31445ff86a5d54baa5,2a5b9bebe099034a3db41235deb72bc8bb4975316c3111090df113cc28770fd7,d7c77384eedf44b83bb464f03081bda024ebcdf3ebd2c5ef3e38acffa7bbfeef,adapter_ready,equal_weight_control,,pending
FULL_UNIFIED_RUN_V1,Favorita,2017-03-29,tcn_stat_equal,equal_weight,13,50,10,7,0.001,4,Adam,0.001,v1_0085_favorita_20170329_tcn_stat_equal_s13,stage_2,log1p_huber_delta_1,latest locked 28-day rolling origin strictly before formal origin,reinitialize same seed; all pre-origin rolling samples; e_star epochs,configs/adapter_common_contract.yaml,99f53feff701ca0e8ddb39eaf4c2384b14067b4e69669a6d805e4efea668fb19,345dabcf47b0f7e1fb1895e4c61f5d5ebffaa56e09a9f5b2d7896f439c70937b,61b843616ad20b3c0f66e85ec548fd8ee39336145e3b216b3e7363c867264271,not_applicable,not_applicable,existing_source_locks.csv|compatibility_config_hash:15120158aaa48625c00f34b8cc1572b184fc98569bd1df31445ff86a5d54baa5,3f09d4ccf5d854f794fc3db9c231c0371da7aa6b36060988be412dd7fc7c22b5,d7c77384eedf44b83bb464f03081bda024ebcdf3ebd2c5ef3e38acffa7bbfeef,adapter_ready,equal_weight_control,,pending
FULL_UNIFIED_RUN_V1,Favorita,2017-03-29,tcn_stat_equal,equal_weight,29,50,10,7,0.001,4,Adam,0.001,v1_0086_favorita_20170329_tcn_stat_equal_s29,stage_2,log1p_huber_delta_1,latest locked 28-day rolling origin strictly before formal origin,reinitialize same seed; all pre-origin rolling samples; e_star epochs,configs/adapter_common_contract.yaml,99f53feff701ca0e8ddb39eaf4c2384b14067b4e69669a6d805e4efea668fb19,345dabcf47b0f7e1fb1895e4c61f5d5ebffaa56e09a9f5b2d7896f439c70937b,61b843616ad20b3c0f66e85ec548fd8ee39336145e3b216b3e7363c867264271,not_applicable,not_applicable,existing_source_locks.csv|compatibility_config_hash:15120158aaa48625c00f34b8cc1572b184fc98569bd1df31445ff86a5d54baa5,4760399ca00005bd5b20294bb4da1b456d9061a461bb62136a4a7b4eb42cdce2,d7c77384eedf44b83bb464f03081bda024ebcdf3ebd2c5ef3e38acffa7bbfeef,adapter_ready,equal_weight_control,,pending
FULL_UNIFIED_RUN_V1,Favorita,2017-03-29,tcn_stat_equal,equal_weight,47,50,10,7,0.001,4,Adam,0.001,v1_0087_favorita_20170329_tcn_stat_equal_s47,stage_2,log1p_huber_delta_1,latest locked 28-day rolling origin strictly before formal origin,reinitialize same seed; all pre-origin rolling samples; e_star epochs,configs/adapter_common_contract.yaml,99f53feff701ca0e8ddb39eaf4c2384b14067b4e69669a6d805e4efea668fb19,345dabcf47b0f7e1fb1895e4c61f5d5ebffaa56e09a9f5b2d7896f439c70937b,61b843616ad20b3c0f66e85ec548fd8ee39336145e3b216b3e7363c867264271,not_applicable,not_applicable,existing_source_locks.csv|compatibility_config_hash:15120158aaa48625c00f34b8cc1572b184fc98569bd1df31445ff86a5d54baa5,2d375d72a91cd70f9c5907256253ca592fdf8b6a2be629b9b77e6f13781ebd95,d7c77384eedf44b83bb464f03081bda024ebcdf3ebd2c5ef3e38acffa7bbfeef,adapter_ready,equal_weight_control,,pending
FULL_UNIFIED_RUN_V1,Favorita,2017-04-26,tcn_stat_equal,equal_weight,13,50,10,7,0.001,4,Adam,0.001,v1_0088_favorita_20170426_tcn_stat_equal_s13,stage_2,log1p_huber_delta_1,latest locked 28-day rolling origin strictly before formal origin,reinitialize same seed; all pre-origin rolling samples; e_star epochs,configs/adapter_common_contract.yaml,99f53feff701ca0e8ddb39eaf4c2384b14067b4e69669a6d805e4efea668fb19,c488ebe713d35972ff5a908aa6c2090b4ea444972f31abbf215c0d17998dda91,c5ea41145b284ccabb9c8485eff0a16b0d7d6e25e5c1c3c30f9e41f0516db7ad,not_applicable,not_applicable,existing_source_locks.csv|compatibility_config_hash:15120158aaa48625c00f34b8cc1572b184fc98569bd1df31445ff86a5d54baa5,f17b26d90e37d6c0062ceaf729169a82e7425252791f46c764b2a7fb2a21df1b,d7c77384eedf44b83bb464f03081bda024ebcdf3ebd2c5ef3e38acffa7bbfeef,adapter_ready,equal_weight_control,,pending
FULL_UNIFIED_RUN_V1,Favorita,2017-04-26,tcn_stat_equal,equal_weight,29,50,10,7,0.001,4,Adam,0.001,v1_0089_favorita_20170426_tcn_stat_equal_s29,stage_2,log1p_huber_delta_1,latest locked 28-day rolling origin strictly before formal origin,reinitialize same seed; all pre-origin rolling samples; e_star epochs,configs/adapter_common_contract.yaml,99f53feff701ca0e8ddb39eaf4c2384b14067b4e69669a6d805e4efea668fb19,c488ebe713d35972ff5a908aa6c2090b4ea444972f31abbf215c0d17998dda91,c5ea41145b284ccabb9c8485eff0a16b0d7d6e25e5c1c3c30f9e41f0516db7ad,not_applicable,not_applicable,existing_source_locks.csv|compatibility_config_hash:15120158aaa48625c00f34b8cc1572b184fc98569bd1df31445ff86a5d54baa5,9d034aa1fb7eda32f4732f5dcab28f97537013f582d1228689c70b937b986b49,d7c77384eedf44b83bb464f03081bda024ebcdf3ebd2c5ef3e38acffa7bbfeef,adapter_ready,equal_weight_control,,pending
FULL_UNIFIED_RUN_V1,Favorita,2017-04-26,tcn_stat_equal,equal_weight,47,50,10,7,0.001,4,Adam,0.001,v1_0090_favorita_20170426_tcn_stat_equal_s47,stage_2,log1p_huber_delta_1,latest locked 28-day rolling origin strictly before formal origin,reinitialize same seed; all pre-origin rolling samples; e_star epochs,configs/adapter_common_contract.yaml,99f53feff701ca0e8ddb39eaf4c2384b14067b4e69669a6d805e4efea668fb19,c488ebe713d35972ff5a908aa6c2090b4ea444972f31abbf215c0d17998dda91,c5ea41145b284ccabb9c8485eff0a16b0d7d6e25e5c1c3c30f9e41f0516db7ad,not_applicable,not_applicable,existing_source_locks.csv|compatibility_config_hash:15120158aaa48625c00f34b8cc1572b184fc98569bd1df31445ff86a5d54baa5,2039e5ba167c507f91a932bdcc5ee7795a4db1dffe15765eee0edd20fb6d3d77,d7c77384eedf44b83bb464f03081bda024ebcdf3ebd2c5ef3e38acffa7bbfeef,adapter_ready,equal_weight_control,,pending
FULL_UNIFIED_RUN_V1,Store Item,2017-05-22,tcn_stat_equal,equal_weight,13,50,10,7,0.001,4,Adam,0.001,v1_0091_store_item_20170522_tcn_stat_equal_s13,stage_2,log1p_huber_delta_1,latest locked 28-day rolling origin strictly before formal origin,reinitialize same seed; all pre-origin rolling samples; e_star epochs,configs/adapter_common_contract.yaml,99f53feff701ca0e8ddb39eaf4c2384b14067b4e69669a6d805e4efea668fb19,96f573b570f1b2d301538d41f90dacef49f3190e6f15d4c0105641fefebfcd31,16faaf5314d2d656099b5dfcf1294a6e3ae99741f8f303dcc812754898b52246,not_applicable,not_applicable,existing_source_locks.csv|compatibility_config_hash:15120158aaa48625c00f34b8cc1572b184fc98569bd1df31445ff86a5d54baa5,7d34e8e461244bd4ccb66cefec99285521ce7652e025ab861974637dbb7ae2eb,d7c77384eedf44b83bb464f03081bda024ebcdf3ebd2c5ef3e38acffa7bbfeef,adapter_ready,equal_weight_control,test.csv|sample_submission.csv|sealed_independent_test,pending
FULL_UNIFIED_RUN_V1,Store Item,2017-05-22,tcn_stat_equal,equal_weight,29,50,10,7,0.001,4,Adam,0.001,v1_0092_store_item_20170522_tcn_stat_equal_s29,stage_2,log1p_huber_delta_1,latest locked 28-day rolling origin strictly before formal origin,reinitialize same seed; all pre-origin rolling samples; e_star epochs,configs/adapter_common_contract.yaml,99f53feff701ca0e8ddb39eaf4c2384b14067b4e69669a6d805e4efea668fb19,96f573b570f1b2d301538d41f90dacef49f3190e6f15d4c0105641fefebfcd31,16faaf5314d2d656099b5dfcf1294a6e3ae99741f8f303dcc812754898b52246,not_applicable,not_applicable,existing_source_locks.csv|compatibility_config_hash:15120158aaa48625c00f34b8cc1572b184fc98569bd1df31445ff86a5d54baa5,b7a27312d8b13b4cc8fedde7f1715adb9e7a31caa90fe94c03145f3d4f6511dd,d7c77384eedf44b83bb464f03081bda024ebcdf3ebd2c5ef3e38acffa7bbfeef,adapter_ready,equal_weight_control,test.csv|sample_submission.csv|sealed_independent_test,pending
FULL_UNIFIED_RUN_V1,Store Item,2017-05-22,tcn_stat_equal,equal_weight,47,50,10,7,0.001,4,Adam,0.001,v1_0093_store_item_20170522_tcn_stat_equal_s47,stage_2,log1p_huber_delta_1,latest locked 28-day rolling origin strictly before formal origin,reinitialize same seed; all pre-origin rolling samples; e_star epochs,configs/adapter_common_contract.yaml,99f53feff701ca0e8ddb39eaf4c2384b14067b4e69669a6d805e4efea668fb19,96f573b570f1b2d301538d41f90dacef49f3190e6f15d4c0105641fefebfcd31,16faaf5314d2d656099b5dfcf1294a6e3ae99741f8f303dcc812754898b52246,not_applicable,not_applicable,existing_source_locks.csv|compatibility_config_hash:15120158aaa48625c00f34b8cc1572b184fc98569bd1df31445ff86a5d54baa5,f128282dbe1ef8f9fa6e980b063087222b44c2a010502c76713f5c14137a5b53,d7c77384eedf44b83bb464f03081bda024ebcdf3ebd2c5ef3e38acffa7bbfeef,adapter_ready,equal_weight_control,test.csv|sample_submission.csv|sealed_independent_test,pending
FULL_UNIFIED_RUN_V1,Store Item,2017-06-19,tcn_stat_equal,equal_weight,13,50,10,7,0.001,4,Adam,0.001,v1_0094_store_item_20170619_tcn_stat_equal_s13,stage_2,log1p_huber_delta_1,latest locked 28-day rolling origin strictly before formal origin,reinitialize same seed; all pre-origin rolling samples; e_star epochs,configs/adapter_common_contract.yaml,99f53feff701ca0e8ddb39eaf4c2384b14067b4e69669a6d805e4efea668fb19,28beca4732b3f14a100f847605d2098885a415ba97668113a3ccce044ffb107d,0fbc52c84fd91f7cae2d2b0d15d8eb3627c8926e5b3fe3208f25e73f9d77146e,not_applicable,not_applicable,existing_source_locks.csv|compatibility_config_hash:15120158aaa48625c00f34b8cc1572b184fc98569bd1df31445ff86a5d54baa5,833a0448a88ee059ba207a1c409f9d401d7ec6f6d37f70eb846ca00b0d5bcc1d,d7c77384eedf44b83bb464f03081bda024ebcdf3ebd2c5ef3e38acffa7bbfeef,adapter_ready,equal_weight_control,test.csv|sample_submission.csv|sealed_independent_test,pending
FULL_UNIFIED_RUN_V1,Store Item,2017-06-19,tcn_stat_equal,equal_weight,29,50,10,7,0.001,4,Adam,0.001,v1_0095_store_item_20170619_tcn_stat_equal_s29,stage_2,log1p_huber_delta_1,latest locked 28-day rolling origin strictly before formal origin,reinitialize same seed; all pre-origin rolling samples; e_star epochs,configs/adapter_common_contract.yaml,99f53feff701ca0e8ddb39eaf4c2384b14067b4e69669a6d805e4efea668fb19,28beca4732b3f14a100f847605d2098885a415ba97668113a3ccce044ffb107d,0fbc52c84fd91f7cae2d2b0d15d8eb3627c8926e5b3fe3208f25e73f9d77146e,not_applicable,not_applicable,existing_source_locks.csv|compatibility_config_hash:15120158aaa48625c00f34b8cc1572b184fc98569bd1df31445ff86a5d54baa5,93c0609a2351ffbcf493bab4239d5d6540d9bf0f0ac65d6b0952bca44bf3895c,d7c77384eedf44b83bb464f03081bda024ebcdf3ebd2c5ef3e38acffa7bbfeef,adapter_ready,equal_weight_control,test.csv|sample_submission.csv|sealed_independent_test,pending
FULL_UNIFIED_RUN_V1,Store Item,2017-06-19,tcn_stat_equal,equal_weight,47,50,10,7,0.001,4,Adam,0.001,v1_0096_store_item_20170619_tcn_stat_equal_s47,stage_2,log1p_huber_delta_1,latest locked 28-day rolling origin strictly before formal origin,reinitialize same seed; all pre-origin rolling samples; e_star epochs,configs/adapter_common_contract.yaml,99f53feff701ca0e8ddb39eaf4c2384b14067b4e69669a6d805e4efea668fb19,28beca4732b3f14a100f847605d2098885a415ba97668113a3ccce044ffb107d,0fbc52c84fd91f7cae2d2b0d15d8eb3627c8926e5b3fe3208f25e73f9d77146e,not_applicable,not_applicable,existing_source_locks.csv|compatibility_config_hash:15120158aaa48625c00f34b8cc1572b184fc98569bd1df31445ff86a5d54baa5,94594f9ed63f5249b8866d5177b8d78b5e7fa816343440a3aef7e6e1ed1a3640,d7c77384eedf44b83bb464f03081bda024ebcdf3ebd2c5ef3e38acffa7bbfeef,adapter_ready,equal_weight_control,test.csv|sample_submission.csv|sealed_independent_test,pending
FULL_UNIFIED_RUN_V1,Store Item,2017-07-17,tcn_stat_equal,equal_weight,13,50,10,7,0.001,4,Adam,0.001,v1_0097_store_item_20170717_tcn_stat_equal_s13,stage_2,log1p_huber_delta_1,latest locked 28-day rolling origin strictly before formal origin,reinitialize same seed; all pre-origin rolling samples; e_star epochs,configs/adapter_common_contract.yaml,99f53feff701ca0e8ddb39eaf4c2384b14067b4e69669a6d805e4efea668fb19,cb704e15bf73a80e87151fc7a786498308b0888b5b69c93a6c61d1fdd789036d,34d53ca2bc8d880fcab243b4a0c32e211cbc184f8aa88af0a0cc7daa0679b437,not_applicable,not_applicable,existing_source_locks.csv|compatibility_config_hash:15120158aaa48625c00f34b8cc1572b184fc98569bd1df31445ff86a5d54baa5,8bb8d42233b0acba8312dfa19f8b141fae0a1d73484804978d137118f4742a6a,d7c77384eedf44b83bb464f03081bda024ebcdf3ebd2c5ef3e38acffa7bbfeef,adapter_ready,equal_weight_control,test.csv|sample_submission.csv|sealed_independent_test,pending
FULL_UNIFIED_RUN_V1,Store Item,2017-07-17,tcn_stat_equal,equal_weight,29,50,10,7,0.001,4,Adam,0.001,v1_0098_store_item_20170717_tcn_stat_equal_s29,stage_2,log1p_huber_delta_1,latest locked 28-day rolling origin strictly before formal origin,reinitialize same seed; all pre-origin rolling samples; e_star epochs,configs/adapter_common_contract.yaml,99f53feff701ca0e8ddb39eaf4c2384b14067b4e69669a6d805e4efea668fb19,cb704e15bf73a80e87151fc7a786498308b0888b5b69c93a6c61d1fdd789036d,34d53ca2bc8d880fcab243b4a0c32e211cbc184f8aa88af0a0cc7daa0679b437,not_applicable,not_applicable,existing_source_locks.csv|compatibility_config_hash:15120158aaa48625c00f34b8cc1572b184fc98569bd1df31445ff86a5d54baa5,fb6c13e64b31b0bf1a2663f27fce31f0e3cc9d2de9d9b55427f0c23a9c389436,d7c77384eedf44b83bb464f03081bda024ebcdf3ebd2c5ef3e38acffa7bbfeef,adapter_ready,equal_weight_control,test.csv|sample_submission.csv|sealed_independent_test,pending
FULL_UNIFIED_RUN_V1,Store Item,2017-07-17,tcn_stat_equal,equal_weight,47,50,10,7,0.001,4,Adam,0.001,v1_0099_store_item_20170717_tcn_stat_equal_s47,stage_2,log1p_huber_delta_1,latest locked 28-day rolling origin strictly before formal origin,reinitialize same seed; all pre-origin rolling samples; e_star epochs,configs/adapter_common_contract.yaml,99f53feff701ca0e8ddb39eaf4c2384b14067b4e69669a6d805e4efea668fb19,cb704e15bf73a80e87151fc7a786498308b0888b5b69c93a6c61d1fdd789036d,34d53ca2bc8d880fcab243b4a0c32e211cbc184f8aa88af0a0cc7daa0679b437,not_applicable,not_applicable,existing_source_locks.csv|compatibility_config_hash:15120158aaa48625c00f34b8cc1572b184fc98569bd1df31445ff86a5d54baa5,82765bdc497017c5da7d34620ce42b97dee00ab4005fb66624f7ffb9548d5289,d7c77384eedf44b83bb464f03081bda024ebcdf3ebd2c5ef3e38acffa7bbfeef,adapter_ready,equal_weight_control,test.csv|sample_submission.csv|sealed_independent_test,pending
FULL_UNIFIED_RUN_V1,M5,2015-12-07,tcn_stat_placebo,placebo,13,50,10,7,0.001,4,Adam,0.001,v1_0127_m5_20151207_tcn_stat_placebo_s13,stage_2,log1p_huber_delta_1,latest locked 28-day rolling origin strictly before formal origin,reinitialize same seed; all pre-origin rolling samples; e_star epochs,configs/adapter_common_contract.yaml,0fdc80620cf8962630e75c1fa2432803a694bdd75347ebc77b3093fc02c15c5f,24f14f88e9945d2a7fb67744b119a74daf41bf279d2a3b941fb03feff77657e4,4e848b74ea357e0224e7040a2b5ea8d3cfd77d9b55bb869887df86ed6bfc2751,not_applicable,fixed_seed_13_resolve_per_adapter,existing_source_locks.csv|compatibility_config_hash:15120158aaa48625c00f34b8cc1572b184fc98569bd1df31445ff86a5d54baa5,ad073bade76057a5097c89b02b555cc887f08ca76ceebc98d4a13e8ac5414072,d7c77384eedf44b83bb464f03081bda024ebcdf3ebd2c5ef3e38acffa7bbfeef,adapter_ready,topology_placebo,,pending
FULL_UNIFIED_RUN_V1,M5,2015-12-07,tcn_stat_placebo,placebo,29,50,10,7,0.001,4,Adam,0.001,v1_0128_m5_20151207_tcn_stat_placebo_s29,stage_2,log1p_huber_delta_1,latest locked 28-day rolling origin strictly before formal origin,reinitialize same seed; all pre-origin rolling samples; e_star epochs,configs/adapter_common_contract.yaml,0fdc80620cf8962630e75c1fa2432803a694bdd75347ebc77b3093fc02c15c5f,24f14f88e9945d2a7fb67744b119a74daf41bf279d2a3b941fb03feff77657e4,4e848b74ea357e0224e7040a2b5ea8d3cfd77d9b55bb869887df86ed6bfc2751,not_applicable,fixed_seed_13_resolve_per_adapter,existing_source_locks.csv|compatibility_config_hash:15120158aaa48625c00f34b8cc1572b184fc98569bd1df31445ff86a5d54baa5,c76a841abdf802091996ff83fd86d176e25ed87f1e7131df3392ce3e441d210d,d7c77384eedf44b83bb464f03081bda024ebcdf3ebd2c5ef3e38acffa7bbfeef,adapter_ready,topology_placebo,,pending
FULL_UNIFIED_RUN_V1,M5,2015-12-07,tcn_stat_placebo,placebo,47,50,10,7,0.001,4,Adam,0.001,v1_0129_m5_20151207_tcn_stat_placebo_s47,stage_2,log1p_huber_delta_1,latest locked 28-day rolling origin strictly before formal origin,reinitialize same seed; all pre-origin rolling samples; e_star epochs,configs/adapter_common_contract.yaml,0fdc80620cf8962630e75c1fa2432803a694bdd75347ebc77b3093fc02c15c5f,24f14f88e9945d2a7fb67744b119a74daf41bf279d2a3b941fb03feff77657e4,4e848b74ea357e0224e7040a2b5ea8d3cfd77d9b55bb869887df86ed6bfc2751,not_applicable,fixed_seed_13_resolve_per_adapter,existing_source_locks.csv|compatibility_config_hash:15120158aaa48625c00f34b8cc1572b184fc98569bd1df31445ff86a5d54baa5,0393d5a5902d43bce64bc150a01b277cc52910acddcd333a651696d657cc11c8,d7c77384eedf44b83bb464f03081bda024ebcdf3ebd2c5ef3e38acffa7bbfeef,adapter_ready,topology_placebo,,pending
FULL_UNIFIED_RUN_V1,M5,2016-01-04,tcn_stat_placebo,placebo,13,50,10,7,0.001,4,Adam,0.001,v1_0130_m5_20160104_tcn_stat_placebo_s13,stage_2,log1p_huber_delta_1,latest locked 28-day rolling origin strictly before formal origin,reinitialize same seed; all pre-origin rolling samples; e_star epochs,configs/adapter_common_contract.yaml,0fdc80620cf8962630e75c1fa2432803a694bdd75347ebc77b3093fc02c15c5f,f363d22b50ee5ecf935d764748129bbf4e83b2417ab50854a465cae0c12fccbf,3016e2d14ad01bc58bf8bc0ed0e99fd89d95ae1895eb99367eaa330b9cef355d,not_applicable,fixed_seed_13_resolve_per_adapter,existing_source_locks.csv|compatibility_config_hash:15120158aaa48625c00f34b8cc1572b184fc98569bd1df31445ff86a5d54baa5,3baf5f08558d6d95f1818ab8e4a898185cc15a4fc738982226efa6b061285b32,d7c77384eedf44b83bb464f03081bda024ebcdf3ebd2c5ef3e38acffa7bbfeef,adapter_ready,topology_placebo,,pending
FULL_UNIFIED_RUN_V1,M5,2016-01-04,tcn_stat_placebo,placebo,29,50,10,7,0.001,4,Adam,0.001,v1_0131_m5_20160104_tcn_stat_placebo_s29,stage_2,log1p_huber_delta_1,latest locked 28-day rolling origin strictly before formal origin,reinitialize same seed; all pre-origin rolling samples; e_star epochs,configs/adapter_common_contract.yaml,0fdc80620cf8962630e75c1fa2432803a694bdd75347ebc77b3093fc02c15c5f,f363d22b50ee5ecf935d764748129bbf4e83b2417ab50854a465cae0c12fccbf,3016e2d14ad01bc58bf8bc0ed0e99fd89d95ae1895eb99367eaa330b9cef355d,not_applicable,fixed_seed_13_resolve_per_adapter,existing_source_locks.csv|compatibility_config_hash:15120158aaa48625c00f34b8cc1572b184fc98569bd1df31445ff86a5d54baa5,1e14d0b388cca3891b941c42034d0e52d531459dda20205fbb845d9c8e554b0b,d7c77384eedf44b83bb464f03081bda024ebcdf3ebd2c5ef3e38acffa7bbfeef,adapter_ready,topology_placebo,,pending
FULL_UNIFIED_RUN_V1,M5,2016-01-04,tcn_stat_placebo,placebo,47,50,10,7,0.001,4,Adam,0.001,v1_0132_m5_20160104_tcn_stat_placebo_s47,stage_2,log1p_huber_delta_1,latest locked 28-day rolling origin strictly before formal origin,reinitialize same seed; all pre-origin rolling samples; e_star epochs,configs/adapter_common_contract.yaml,0fdc80620cf8962630e75c1fa2432803a694bdd75347ebc77b3093fc02c15c5f,f363d22b50ee5ecf935d764748129bbf4e83b2417ab50854a465cae0c12fccbf,3016e2d14ad01bc58bf8bc0ed0e99fd89d95ae1895eb99367eaa330b9cef355d,not_applicable,fixed_seed_13_resolve_per_adapter,existing_source_locks.csv|compatibility_config_hash:15120158aaa48625c00f34b8cc1572b184fc98569bd1df31445ff86a5d54baa5,48b5679f9ec4592675659361b06855ab0bae9de3dec47e69b864de9c921fcca1,d7c77384eedf44b83bb464f03081bda024ebcdf3ebd2c5ef3e38acffa7bbfeef,adapter_ready,topology_placebo,,pending
FULL_UNIFIED_RUN_V1,M5,2016-02-01,tcn_stat_placebo,placebo,13,50,10,7,0.001,4,Adam,0.001,v1_0133_m5_20160201_tcn_stat_placebo_s13,stage_2,log1p_huber_delta_1,latest locked 28-day rolling origin strictly before formal origin,reinitialize same seed; all pre-origin rolling samples; e_star epochs,configs/adapter_common_contract.yaml,0fdc80620cf8962630e75c1fa2432803a694bdd75347ebc77b3093fc02c15c5f,84ec5e1a462241b724bdb52169726ffe86647b20efbad04d01b949a8b9fc2a01,3016e2d14ad01bc58bf8bc0ed0e99fd89d95ae1895eb99367eaa330b9cef355d,not_applicable,fixed_seed_13_resolve_per_adapter,existing_source_locks.csv|compatibility_config_hash:15120158aaa48625c00f34b8cc1572b184fc98569bd1df31445ff86a5d54baa5,720fb418ce730f1299f6c8d27b3df6a4460d48359002035121ec3eb0c38de92a,d7c77384eedf44b83bb464f03081bda024ebcdf3ebd2c5ef3e38acffa7bbfeef,adapter_ready,topology_placebo,,pending
FULL_UNIFIED_RUN_V1,M5,2016-02-01,tcn_stat_placebo,placebo,29,50,10,7,0.001,4,Adam,0.001,v1_0134_m5_20160201_tcn_stat_placebo_s29,stage_2,log1p_huber_delta_1,latest locked 28-day rolling origin strictly before formal origin,reinitialize same seed; all pre-origin rolling samples; e_star epochs,configs/adapter_common_contract.yaml,0fdc80620cf8962630e75c1fa2432803a694bdd75347ebc77b3093fc02c15c5f,84ec5e1a462241b724bdb52169726ffe86647b20efbad04d01b949a8b9fc2a01,3016e2d14ad01bc58bf8bc0ed0e99fd89d95ae1895eb99367eaa330b9cef355d,not_applicable,fixed_seed_13_resolve_per_adapter,existing_source_locks.csv|compatibility_config_hash:15120158aaa48625c00f34b8cc1572b184fc98569bd1df31445ff86a5d54baa5,99e1898303142147d87ad0818301a493da77b6cdf809566f0368888218319db3,d7c77384eedf44b83bb464f03081bda024ebcdf3ebd2c5ef3e38acffa7bbfeef,adapter_ready,topology_placebo,,pending
FULL_UNIFIED_RUN_V1,M5,2016-02-01,tcn_stat_placebo,placebo,47,50,10,7,0.001,4,Adam,0.001,v1_0135_m5_20160201_tcn_stat_placebo_s47,stage_2,log1p_huber_delta_1,latest locked 28-day rolling origin strictly before formal origin,reinitialize same seed; all pre-origin rolling samples; e_star epochs,configs/adapter_common_contract.yaml,0fdc80620cf8962630e75c1fa2432803a694bdd75347ebc77b3093fc02c15c5f,84ec5e1a462241b724bdb52169726ffe86647b20efbad04d01b949a8b9fc2a01,3016e2d14ad01bc58bf8bc0ed0e99fd89d95ae1895eb99367eaa330b9cef355d,not_applicable,fixed_seed_13_resolve_per_adapter,existing_source_locks.csv|compatibility_config_hash:15120158aaa48625c00f34b8cc1572b184fc98569bd1df31445ff86a5d54baa5,2ef894122c0a835cad2394cba7ea26385b6f69f1b6714c5a2990acadd007812c,d7c77384eedf44b83bb464f03081bda024ebcdf3ebd2c5ef3e38acffa7bbfeef,adapter_ready,topology_placebo,,pending
FULL_UNIFIED_RUN_V1,Favorita,2017-03-01,tcn_stat_placebo,placebo,13,50,10,7,0.001,4,Adam,0.001,v1_0136_favorita_20170301_tcn_stat_placebo_s13,stage_2,log1p_huber_delta_1,latest locked 28-day rolling origin strictly before formal origin,reinitialize same seed; all pre-origin rolling samples; e_star epochs,configs/adapter_common_contract.yaml,99f53feff701ca0e8ddb39eaf4c2384b14067b4e69669a6d805e4efea668fb19,cd0beeec37632daa955a38f9eba4e42ab5553d9daac470a0028c402132af43b1,55dc80374cd57120ded1af94a404fe3169d392e3a0e2c0f29bd6d1a2eed1002e,not_applicable,fixed_seed_13_resolve_per_adapter,existing_source_locks.csv|compatibility_config_hash:15120158aaa48625c00f34b8cc1572b184fc98569bd1df31445ff86a5d54baa5,5e0e457fc61c2b5f4d454818bd2a8d801a8e214b6f3ebbda1dd44c7865909f6f,d7c77384eedf44b83bb464f03081bda024ebcdf3ebd2c5ef3e38acffa7bbfeef,adapter_ready,topology_placebo,,pending
FULL_UNIFIED_RUN_V1,Favorita,2017-03-01,tcn_stat_placebo,placebo,29,50,10,7,0.001,4,Adam,0.001,v1_0137_favorita_20170301_tcn_stat_placebo_s29,stage_2,log1p_huber_delta_1,latest locked 28-day rolling origin strictly before formal origin,reinitialize same seed; all pre-origin rolling samples; e_star epochs,configs/adapter_common_contract.yaml,99f53feff701ca0e8ddb39eaf4c2384b14067b4e69669a6d805e4efea668fb19,cd0beeec37632daa955a38f9eba4e42ab5553d9daac470a0028c402132af43b1,55dc80374cd57120ded1af94a404fe3169d392e3a0e2c0f29bd6d1a2eed1002e,not_applicable,fixed_seed_13_resolve_per_adapter,existing_source_locks.csv|compatibility_config_hash:15120158aaa48625c00f34b8cc1572b184fc98569bd1df31445ff86a5d54baa5,6406d2ef2d4f0611e4b1e4655a8cc84e75106d4ccb2b7571549cd69a897a34c3,d7c77384eedf44b83bb464f03081bda024ebcdf3ebd2c5ef3e38acffa7bbfeef,adapter_ready,topology_placebo,,pending
FULL_UNIFIED_RUN_V1,Favorita,2017-03-01,tcn_stat_placebo,placebo,47,50,10,7,0.001,4,Adam,0.001,v1_0138_favorita_20170301_tcn_stat_placebo_s47,stage_2,log1p_huber_delta_1,latest locked 28-day rolling origin strictly before formal origin,reinitialize same seed; all pre-origin rolling samples; e_star epochs,configs/adapter_common_contract.yaml,99f53feff701ca0e8ddb39eaf4c2384b14067b4e69669a6d805e4efea668fb19,cd0beeec37632daa955a38f9eba4e42ab5553d9daac470a0028c402132af43b1,55dc80374cd57120ded1af94a404fe3169d392e3a0e2c0f29bd6d1a2eed1002e,not_applicable,fixed_seed_13_resolve_per_adapter,existing_source_locks.csv|compatibility_config_hash:15120158aaa48625c00f34b8cc1572b184fc98569bd1df31445ff86a5d54baa5,bec30a08355df7e7b53f7e342213fee168b2f916919c2bdafb2e4c9ef8e36e00,d7c77384eedf44b83bb464f03081bda024ebcdf3ebd2c5ef3e38acffa7bbfeef,adapter_ready,topology_placebo,,pending
FULL_UNIFIED_RUN_V1,Favorita,2017-03-29,tcn_stat_placebo,placebo,13,50,10,7,0.001,4,Adam,0.001,v1_0139_favorita_20170329_tcn_stat_placebo_s13,stage_2,log1p_huber_delta_1,latest locked 28-day rolling origin strictly before formal origin,reinitialize same seed; all pre-origin rolling samples; e_star epochs,configs/adapter_common_contract.yaml,99f53feff701ca0e8ddb39eaf4c2384b14067b4e69669a6d805e4efea668fb19,345dabcf47b0f7e1fb1895e4c61f5d5ebffaa56e09a9f5b2d7896f439c70937b,61b843616ad20b3c0f66e85ec548fd8ee39336145e3b216b3e7363c867264271,not_applicable,fixed_seed_13_resolve_per_adapter,existing_source_locks.csv|compatibility_config_hash:15120158aaa48625c00f34b8cc1572b184fc98569bd1df31445ff86a5d54baa5,942748400f9a01101c906c1a83be8550a03191156aa6f3f84014a4910d99639e,d7c77384eedf44b83bb464f03081bda024ebcdf3ebd2c5ef3e38acffa7bbfeef,adapter_ready,topology_placebo,,pending
FULL_UNIFIED_RUN_V1,Favorita,2017-03-29,tcn_stat_placebo,placebo,29,50,10,7,0.001,4,Adam,0.001,v1_0140_favorita_20170329_tcn_stat_placebo_s29,stage_2,log1p_huber_delta_1,latest locked 28-day rolling origin strictly before formal origin,reinitialize same seed; all pre-origin rolling samples; e_star epochs,configs/adapter_common_contract.yaml,99f53feff701ca0e8ddb39eaf4c2384b14067b4e69669a6d805e4efea668fb19,345dabcf47b0f7e1fb1895e4c61f5d5ebffaa56e09a9f5b2d7896f439c70937b,61b843616ad20b3c0f66e85ec548fd8ee39336145e3b216b3e7363c867264271,not_applicable,fixed_seed_13_resolve_per_adapter,existing_source_locks.csv|compatibility_config_hash:15120158aaa48625c00f34b8cc1572b184fc98569bd1df31445ff86a5d54baa5,0a372014d36b8c043934c87fffcc13b15237f4ac63d8bad081c6fa10ae004135,d7c77384eedf44b83bb464f03081bda024ebcdf3ebd2c5ef3e38acffa7bbfeef,adapter_ready,topology_placebo,,pending
FULL_UNIFIED_RUN_V1,Favorita,2017-03-29,tcn_stat_placebo,placebo,47,50,10,7,0.001,4,Adam,0.001,v1_0141_favorita_20170329_tcn_stat_placebo_s47,stage_2,log1p_huber_delta_1,latest locked 28-day rolling origin strictly before formal origin,reinitialize same seed; all pre-origin rolling samples; e_star epochs,configs/adapter_common_contract.yaml,99f53feff701ca0e8ddb39eaf4c2384b14067b4e69669a6d805e4efea668fb19,345dabcf47b0f7e1fb1895e4c61f5d5ebffaa56e09a9f5b2d7896f439c70937b,61b843616ad20b3c0f66e85ec548fd8ee39336145e3b216b3e7363c867264271,not_applicable,fixed_seed_13_resolve_per_adapter,existing_source_locks.csv|compatibility_config_hash:15120158aaa48625c00f34b8cc1572b184fc98569bd1df31445ff86a5d54baa5,1a32420ad9717a46aff59c8e42906ed1b628923a6020dac2ce435aac97daa623,d7c77384eedf44b83bb464f03081bda024ebcdf3ebd2c5ef3e38acffa7bbfeef,adapter_ready,topology_placebo,,pending
FULL_UNIFIED_RUN_V1,Favorita,2017-04-26,tcn_stat_placebo,placebo,13,50,10,7,0.001,4,Adam,0.001,v1_0142_favorita_20170426_tcn_stat_placebo_s13,stage_2,log1p_huber_delta_1,latest locked 28-day rolling origin strictly before formal origin,reinitialize same seed; all pre-origin rolling samples; e_star epochs,configs/adapter_common_contract.yaml,99f53feff701ca0e8ddb39eaf4c2384b14067b4e69669a6d805e4efea668fb19,c488ebe713d35972ff5a908aa6c2090b4ea444972f31abbf215c0d17998dda91,c5ea41145b284ccabb9c8485eff0a16b0d7d6e25e5c1c3c30f9e41f0516db7ad,not_applicable,fixed_seed_13_resolve_per_adapter,existing_source_locks.csv|compatibility_config_hash:15120158aaa48625c00f34b8cc1572b184fc98569bd1df31445ff86a5d54baa5,8e4c69c45766e8a3b309f428b9edd85294ba3bcf8f7e39b581342690043e2728,d7c77384eedf44b83bb464f03081bda024ebcdf3ebd2c5ef3e38acffa7bbfeef,adapter_ready,topology_placebo,,pending
FULL_UNIFIED_RUN_V1,Favorita,2017-04-26,tcn_stat_placebo,placebo,29,50,10,7,0.001,4,Adam,0.001,v1_0143_favorita_20170426_tcn_stat_placebo_s29,stage_2,log1p_huber_delta_1,latest locked 28-day rolling origin strictly before formal origin,reinitialize same seed; all pre-origin rolling samples; e_star epochs,configs/adapter_common_contract.yaml,99f53feff701ca0e8ddb39eaf4c2384b14067b4e69669a6d805e4efea668fb19,c488ebe713d35972ff5a908aa6c2090b4ea444972f31abbf215c0d17998dda91,c5ea41145b284ccabb9c8485eff0a16b0d7d6e25e5c1c3c30f9e41f0516db7ad,not_applicable,fixed_seed_13_resolve_per_adapter,existing_source_locks.csv|compatibility_config_hash:15120158aaa48625c00f34b8cc1572b184fc98569bd1df31445ff86a5d54baa5,6ce5621be834ce35b7a0680386ae32e50949846d3e48d8a222304f262459c85e,d7c77384eedf44b83bb464f03081bda024ebcdf3ebd2c5ef3e38acffa7bbfeef,adapter_ready,topology_placebo,,pending
FULL_UNIFIED_RUN_V1,Favorita,2017-04-26,tcn_stat_placebo,placebo,47,50,10,7,0.001,4,Adam,0.001,v1_0144_favorita_20170426_tcn_stat_placebo_s47,stage_2,log1p_huber_delta_1,latest locked 28-day rolling origin strictly before formal origin,reinitialize same seed; all pre-origin rolling samples; e_star epochs,configs/adapter_common_contract.yaml,99f53feff701ca0e8ddb39eaf4c2384b14067b4e69669a6d805e4efea668fb19,c488ebe713d35972ff5a908aa6c2090b4ea444972f31abbf215c0d17998dda91,c5ea41145b284ccabb9c8485eff0a16b0d7d6e25e5c1c3c30f9e41f0516db7ad,not_applicable,fixed_seed_13_resolve_per_adapter,existing_source_locks.csv|compatibility_config_hash:15120158aaa48625c00f34b8cc1572b184fc98569bd1df31445ff86a5d54baa5,da4518dd1e62e3809891119476462e5dbcbaa8e04a8de53e1a92bc8cbc90971c,d7c77384eedf44b83bb464f03081bda024ebcdf3ebd2c5ef3e38acffa7bbfeef,adapter_ready,topology_placebo,,pending
FULL_UNIFIED_RUN_V1,Store Item,2017-05-22,tcn_stat_placebo,placebo,13,50,10,7,0.001,4,Adam,0.001,v1_0145_store_item_20170522_tcn_stat_placebo_s13,stage_2,log1p_huber_delta_1,latest locked 28-day rolling origin strictly before formal origin,reinitialize same seed; all pre-origin rolling samples; e_star epochs,configs/adapter_common_contract.yaml,99f53feff701ca0e8ddb39eaf4c2384b14067b4e69669a6d805e4efea668fb19,96f573b570f1b2d301538d41f90dacef49f3190e6f15d4c0105641fefebfcd31,16faaf5314d2d656099b5dfcf1294a6e3ae99741f8f303dcc812754898b52246,not_applicable,fixed_seed_13_resolve_per_adapter,existing_source_locks.csv|compatibility_config_hash:15120158aaa48625c00f34b8cc1572b184fc98569bd1df31445ff86a5d54baa5,16aa7627aab69bbede80493474dfaef08376bc1940cd4b3844843d80ebfb69e1,d7c77384eedf44b83bb464f03081bda024ebcdf3ebd2c5ef3e38acffa7bbfeef,adapter_ready,topology_placebo,test.csv|sample_submission.csv|sealed_independent_test,pending
FULL_UNIFIED_RUN_V1,Store Item,2017-05-22,tcn_stat_placebo,placebo,29,50,10,7,0.001,4,Adam,0.001,v1_0146_store_item_20170522_tcn_stat_placebo_s29,stage_2,log1p_huber_delta_1,latest locked 28-day rolling origin strictly before formal origin,reinitialize same seed; all pre-origin rolling samples; e_star epochs,configs/adapter_common_contract.yaml,99f53feff701ca0e8ddb39eaf4c2384b14067b4e69669a6d805e4efea668fb19,96f573b570f1b2d301538d41f90dacef49f3190e6f15d4c0105641fefebfcd31,16faaf5314d2d656099b5dfcf1294a6e3ae99741f8f303dcc812754898b52246,not_applicable,fixed_seed_13_resolve_per_adapter,existing_source_locks.csv|compatibility_config_hash:15120158aaa48625c00f34b8cc1572b184fc98569bd1df31445ff86a5d54baa5,b7570b8b8fcea1c7f7eade9aa34670a6738476772a46a8b788f9c88e5e1b59be,d7c77384eedf44b83bb464f03081bda024ebcdf3ebd2c5ef3e38acffa7bbfeef,adapter_ready,topology_placebo,test.csv|sample_submission.csv|sealed_independent_test,pending
FULL_UNIFIED_RUN_V1,Store Item,2017-05-22,tcn_stat_placebo,placebo,47,50,10,7,0.001,4,Adam,0.001,v1_0147_store_item_20170522_tcn_stat_placebo_s47,stage_2,log1p_huber_delta_1,latest locked 28-day rolling origin strictly before formal origin,reinitialize same seed; all pre-origin rolling samples; e_star epochs,configs/adapter_common_contract.yaml,99f53feff701ca0e8ddb39eaf4c2384b14067b4e69669a6d805e4efea668fb19,96f573b570f1b2d301538d41f90dacef49f3190e6f15d4c0105641fefebfcd31,16faaf5314d2d656099b5dfcf1294a6e3ae99741f8f303dcc812754898b52246,not_applicable,fixed_seed_13_resolve_per_adapter,existing_source_locks.csv|compatibility_config_hash:15120158aaa48625c00f34b8cc1572b184fc98569bd1df31445ff86a5d54baa5,7fc55156eae8a4dc98f6586c6a6ab736cc06202fec41176c70ac59ed75d99990,d7c77384eedf44b83bb464f03081bda024ebcdf3ebd2c5ef3e38acffa7bbfeef,adapter_ready,topology_placebo,test.csv|sample_submission.csv|sealed_independent_test,pending
FULL_UNIFIED_RUN_V1,Store Item,2017-06-19,tcn_stat_placebo,placebo,13,50,10,7,0.001,4,Adam,0.001,v1_0148_store_item_20170619_tcn_stat_placebo_s13,stage_2,log1p_huber_delta_1,latest locked 28-day rolling origin strictly before formal origin,reinitialize same seed; all pre-origin rolling samples; e_star epochs,configs/adapter_common_contract.yaml,99f53feff701ca0e8ddb39eaf4c2384b14067b4e69669a6d805e4efea668fb19,28beca4732b3f14a100f847605d2098885a415ba97668113a3ccce044ffb107d,0fbc52c84fd91f7cae2d2b0d15d8eb3627c8926e5b3fe3208f25e73f9d77146e,not_applicable,fixed_seed_13_resolve_per_adapter,existing_source_locks.csv|compatibility_config_hash:15120158aaa48625c00f34b8cc1572b184fc98569bd1df31445ff86a5d54baa5,680ce1de175dc7e7c905921edfbec46a2527385afb8b6747aa3fff3e4f3862e8,d7c77384eedf44b83bb464f03081bda024ebcdf3ebd2c5ef3e38acffa7bbfeef,adapter_ready,topology_placebo,test.csv|sample_submission.csv|sealed_independent_test,pending
FULL_UNIFIED_RUN_V1,Store Item,2017-06-19,tcn_stat_placebo,placebo,29,50,10,7,0.001,4,Adam,0.001,v1_0149_store_item_20170619_tcn_stat_placebo_s29,stage_2,log1p_huber_delta_1,latest locked 28-day rolling origin strictly before formal origin,reinitialize same seed; all pre-origin rolling samples; e_star epochs,configs/adapter_common_contract.yaml,99f53feff701ca0e8ddb39eaf4c2384b14067b4e69669a6d805e4efea668fb19,28beca4732b3f14a100f847605d2098885a415ba97668113a3ccce044ffb107d,0fbc52c84fd91f7cae2d2b0d15d8eb3627c8926e5b3fe3208f25e73f9d77146e,not_applicable,fixed_seed_13_resolve_per_adapter,existing_source_locks.csv|compatibility_config_hash:15120158aaa48625c00f34b8cc1572b184fc98569bd1df31445ff86a5d54baa5,33823c1d11128a377befe644fc1d37f66b721a9d322c9c27e3d3322f3f95c194,d7c77384eedf44b83bb464f03081bda024ebcdf3ebd2c5ef3e38acffa7bbfeef,adapter_ready,topology_placebo,test.csv|sample_submission.csv|sealed_independent_test,pending
FULL_UNIFIED_RUN_V1,Store Item,2017-06-19,tcn_stat_placebo,placebo,47,50,10,7,0.001,4,Adam,0.001,v1_0150_store_item_20170619_tcn_stat_placebo_s47,stage_2,log1p_huber_delta_1,latest locked 28-day rolling origin strictly before formal origin,reinitialize same seed; all pre-origin rolling samples; e_star epochs,configs/adapter_common_contract.yaml,99f53feff701ca0e8ddb39eaf4c2384b14067b4e69669a6d805e4efea668fb19,28beca4732b3f14a100f847605d2098885a415ba97668113a3ccce044ffb107d,0fbc52c84fd91f7cae2d2b0d15d8eb3627c8926e5b3fe3208f25e73f9d77146e,not_applicable,fixed_seed_13_resolve_per_adapter,existing_source_locks.csv|compatibility_config_hash:15120158aaa48625c00f34b8cc1572b184fc98569bd1df31445ff86a5d54baa5,4f6c5961a939e38b20716e7c16becfebc755f71f755c3ce97634dfc37d87f50d,d7c77384eedf44b83bb464f03081bda024ebcdf3ebd2c5ef3e38acffa7bbfeef,adapter_ready,topology_placebo,test.csv|sample_submission.csv|sealed_independent_test,pending
FULL_UNIFIED_RUN_V1,Store Item,2017-07-17,tcn_stat_placebo,placebo,13,50,10,7,0.001,4,Adam,0.001,v1_0151_store_item_20170717_tcn_stat_placebo_s13,stage_2,log1p_huber_delta_1,latest locked 28-day rolling origin strictly before formal origin,reinitialize same seed; all pre-origin rolling samples; e_star epochs,configs/adapter_common_contract.yaml,99f53feff701ca0e8ddb39eaf4c2384b14067b4e69669a6d805e4efea668fb19,cb704e15bf73a80e87151fc7a786498308b0888b5b69c93a6c61d1fdd789036d,34d53ca2bc8d880fcab243b4a0c32e211cbc184f8aa88af0a0cc7daa0679b437,not_applicable,fixed_seed_13_resolve_per_adapter,existing_source_locks.csv|compatibility_config_hash:15120158aaa48625c00f34b8cc1572b184fc98569bd1df31445ff86a5d54baa5,e44fe80af8456374dfa51013ec9956906897c69e6c139ecf2a68ed27456670e1,d7c77384eedf44b83bb464f03081bda024ebcdf3ebd2c5ef3e38acffa7bbfeef,adapter_ready,topology_placebo,test.csv|sample_submission.csv|sealed_independent_test,pending
FULL_UNIFIED_RUN_V1,Store Item,2017-07-17,tcn_stat_placebo,placebo,29,50,10,7,0.001,4,Adam,0.001,v1_0152_store_item_20170717_tcn_stat_placebo_s29,stage_2,log1p_huber_delta_1,latest locked 28-day rolling origin strictly before formal origin,reinitialize same seed; all pre-origin rolling samples; e_star epochs,configs/adapter_common_contract.yaml,99f53feff701ca0e8ddb39eaf4c2384b14067b4e69669a6d805e4efea668fb19,cb704e15bf73a80e87151fc7a786498308b0888b5b69c93a6c61d1fdd789036d,34d53ca2bc8d880fcab243b4a0c32e211cbc184f8aa88af0a0cc7daa0679b437,not_applicable,fixed_seed_13_resolve_per_adapter,existing_source_locks.csv|compatibility_config_hash:15120158aaa48625c00f34b8cc1572b184fc98569bd1df31445ff86a5d54baa5,04474dfe968dc9889e74281a3a3401dc145f82bb2d1e34aa3429e1cdedd1f346,d7c77384eedf44b83bb464f03081bda024ebcdf3ebd2c5ef3e38acffa7bbfeef,adapter_ready,topology_placebo,test.csv|sample_submission.csv|sealed_independent_test,pending
FULL_UNIFIED_RUN_V1,Store Item,2017-07-17,tcn_stat_placebo,placebo,47,50,10,7,0.001,4,Adam,0.001,v1_0153_store_item_20170717_tcn_stat_placebo_s47,stage_2,log1p_huber_delta_1,latest locked 28-day rolling origin strictly before formal origin,reinitialize same seed; all pre-origin rolling samples; e_star epochs,configs/adapter_common_contract.yaml,99f53feff701ca0e8ddb39eaf4c2384b14067b4e69669a6d805e4efea668fb19,cb704e15bf73a80e87151fc7a786498308b0888b5b69c93a6c61d1fdd789036d,34d53ca2bc8d880fcab243b4a0c32e211cbc184f8aa88af0a0cc7daa0679b437,not_applicable,fixed_seed_13_resolve_per_adapter,existing_source_locks.csv|compatibility_config_hash:15120158aaa48625c00f34b8cc1572b184fc98569bd1df31445ff86a5d54baa5,4a48fe0343ab2e8ad123ee03bbc5dc763aa407b67cb37c9b9dde38ccbe38587b,d7c77384eedf44b83bb464f03081bda024ebcdf3ebd2c5ef3e38acffa7bbfeef,adapter_ready,topology_placebo,test.csv|sample_submission.csv|sealed_independent_test,pending
FULL_UNIFIED_RUN_V1,M5,2015-12-07,tcn_target_only,none,13,50,10,7,0.001,4,Adam,0.001,v1_0154_m5_20151207_tcn_target_only_s13,stage_2,log1p_huber_delta_1,latest locked 28-day rolling origin strictly before formal origin,reinitialize same seed; all pre-origin rolling samples; e_star epochs,configs/adapter_common_contract.yaml,0fdc80620cf8962630e75c1fa2432803a694bdd75347ebc77b3093fc02c15c5f,24f14f88e9945d2a7fb67744b119a74daf41bf279d2a3b941fb03feff77657e4,4e848b74ea357e0224e7040a2b5ea8d3cfd77d9b55bb869887df86ed6bfc2751,not_applicable,not_applicable,existing_source_locks.csv|compatibility_config_hash:15120158aaa48625c00f34b8cc1572b184fc98569bd1df31445ff86a5d54baa5,27cd53d27b06f971294ced56373709b90631a845587b3bde152277d03abcce05,d7c77384eedf44b83bb464f03081bda024ebcdf3ebd2c5ef3e38acffa7bbfeef,adapter_ready,forecast_model,,pending
FULL_UNIFIED_RUN_V1,M5,2015-12-07,tcn_target_only,none,29,50,10,7,0.001,4,Adam,0.001,v1_0155_m5_20151207_tcn_target_only_s29,stage_2,log1p_huber_delta_1,latest locked 28-day rolling origin strictly before formal origin,reinitialize same seed; all pre-origin rolling samples; e_star epochs,configs/adapter_common_contract.yaml,0fdc80620cf8962630e75c1fa2432803a694bdd75347ebc77b3093fc02c15c5f,24f14f88e9945d2a7fb67744b119a74daf41bf279d2a3b941fb03feff77657e4,4e848b74ea357e0224e7040a2b5ea8d3cfd77d9b55bb869887df86ed6bfc2751,not_applicable,not_applicable,existing_source_locks.csv|compatibility_config_hash:15120158aaa48625c00f34b8cc1572b184fc98569bd1df31445ff86a5d54baa5,68d9de8236c4f1771ffde3877cc9b376411d681823c88829440987bd7b9037b6,d7c77384eedf44b83bb464f03081bda024ebcdf3ebd2c5ef3e38acffa7bbfeef,adapter_ready,forecast_model,,pending
FULL_UNIFIED_RUN_V1,M5,2015-12-07,tcn_target_only,none,47,50,10,7,0.001,4,Adam,0.001,v1_0156_m5_20151207_tcn_target_only_s47,stage_2,log1p_huber_delta_1,latest locked 28-day rolling origin strictly before formal origin,reinitialize same seed; all pre-origin rolling samples; e_star epochs,configs/adapter_common_contract.yaml,0fdc80620cf8962630e75c1fa2432803a694bdd75347ebc77b3093fc02c15c5f,24f14f88e9945d2a7fb67744b119a74daf41bf279d2a3b941fb03feff77657e4,4e848b74ea357e0224e7040a2b5ea8d3cfd77d9b55bb869887df86ed6bfc2751,not_applicable,not_applicable,existing_source_locks.csv|compatibility_config_hash:15120158aaa48625c00f34b8cc1572b184fc98569bd1df31445ff86a5d54baa5,d6273489a8a6594886fb6140b9d39675ac30cfd303f8dae457cd659ec2c57665,d7c77384eedf44b83bb464f03081bda024ebcdf3ebd2c5ef3e38acffa7bbfeef,adapter_ready,forecast_model,,pending
FULL_UNIFIED_RUN_V1,M5,2016-01-04,tcn_target_only,none,13,50,10,7,0.001,4,Adam,0.001,v1_0157_m5_20160104_tcn_target_only_s13,stage_2,log1p_huber_delta_1,latest locked 28-day rolling origin strictly before formal origin,reinitialize same seed; all pre-origin rolling samples; e_star epochs,configs/adapter_common_contract.yaml,0fdc80620cf8962630e75c1fa2432803a694bdd75347ebc77b3093fc02c15c5f,f363d22b50ee5ecf935d764748129bbf4e83b2417ab50854a465cae0c12fccbf,3016e2d14ad01bc58bf8bc0ed0e99fd89d95ae1895eb99367eaa330b9cef355d,not_applicable,not_applicable,existing_source_locks.csv|compatibility_config_hash:15120158aaa48625c00f34b8cc1572b184fc98569bd1df31445ff86a5d54baa5,68231efb0f8ce44d5f05ed74d962e793fd302dfa8d5c9f55ef5d6a7aa850c30d,d7c77384eedf44b83bb464f03081bda024ebcdf3ebd2c5ef3e38acffa7bbfeef,adapter_ready,forecast_model,,pending
FULL_UNIFIED_RUN_V1,M5,2016-01-04,tcn_target_only,none,29,50,10,7,0.001,4,Adam,0.001,v1_0158_m5_20160104_tcn_target_only_s29,stage_2,log1p_huber_delta_1,latest locked 28-day rolling origin strictly before formal origin,reinitialize same seed; all pre-origin rolling samples; e_star epochs,configs/adapter_common_contract.yaml,0fdc80620cf8962630e75c1fa2432803a694bdd75347ebc77b3093fc02c15c5f,f363d22b50ee5ecf935d764748129bbf4e83b2417ab50854a465cae0c12fccbf,3016e2d14ad01bc58bf8bc0ed0e99fd89d95ae1895eb99367eaa330b9cef355d,not_applicable,not_applicable,existing_source_locks.csv|compatibility_config_hash:15120158aaa48625c00f34b8cc1572b184fc98569bd1df31445ff86a5d54baa5,3ac497889a0d6788e46bc479eb71b2bde4530b0e960e0a0a4b803967eeb8ca4e,d7c77384eedf44b83bb464f03081bda024ebcdf3ebd2c5ef3e38acffa7bbfeef,adapter_ready,forecast_model,,pending
FULL_UNIFIED_RUN_V1,M5,2016-01-04,tcn_target_only,none,47,50,10,7,0.001,4,Adam,0.001,v1_0159_m5_20160104_tcn_target_only_s47,stage_2,log1p_huber_delta_1,latest locked 28-day rolling origin strictly before formal origin,reinitialize same seed; all pre-origin rolling samples; e_star epochs,configs/adapter_common_contract.yaml,0fdc80620cf8962630e75c1fa2432803a694bdd75347ebc77b3093fc02c15c5f,f363d22b50ee5ecf935d764748129bbf4e83b2417ab50854a465cae0c12fccbf,3016e2d14ad01bc58bf8bc0ed0e99fd89d95ae1895eb99367eaa330b9cef355d,not_applicable,not_applicable,existing_source_locks.csv|compatibility_config_hash:15120158aaa48625c00f34b8cc1572b184fc98569bd1df31445ff86a5d54baa5,c8f5d75240e64aa851ea3d26ead26060b0ff64ad8d5ccd4912b57abde795ca40,d7c77384eedf44b83bb464f03081bda024ebcdf3ebd2c5ef3e38acffa7bbfeef,adapter_ready,forecast_model,,pending
FULL_UNIFIED_RUN_V1,M5,2016-02-01,tcn_target_only,none,13,50,10,7,0.001,4,Adam,0.001,v1_0160_m5_20160201_tcn_target_only_s13,stage_2,log1p_huber_delta_1,latest locked 28-day rolling origin strictly before formal origin,reinitialize same seed; all pre-origin rolling samples; e_star epochs,configs/adapter_common_contract.yaml,0fdc80620cf8962630e75c1fa2432803a694bdd75347ebc77b3093fc02c15c5f,84ec5e1a462241b724bdb52169726ffe86647b20efbad04d01b949a8b9fc2a01,3016e2d14ad01bc58bf8bc0ed0e99fd89d95ae1895eb99367eaa330b9cef355d,not_applicable,not_applicable,existing_source_locks.csv|compatibility_config_hash:15120158aaa48625c00f34b8cc1572b184fc98569bd1df31445ff86a5d54baa5,c1f2d49e3434cdcd24ad453af0757ca3b6af589f9de5cfe05839faafda2e9d48,d7c77384eedf44b83bb464f03081bda024ebcdf3ebd2c5ef3e38acffa7bbfeef,adapter_ready,forecast_model,,pending
FULL_UNIFIED_RUN_V1,M5,2016-02-01,tcn_target_only,none,29,50,10,7,0.001,4,Adam,0.001,v1_0161_m5_20160201_tcn_target_only_s29,stage_2,log1p_huber_delta_1,latest locked 28-day rolling origin strictly before formal origin,reinitialize same seed; all pre-origin rolling samples; e_star epochs,configs/adapter_common_contract.yaml,0fdc80620cf8962630e75c1fa2432803a694bdd75347ebc77b3093fc02c15c5f,84ec5e1a462241b724bdb52169726ffe86647b20efbad04d01b949a8b9fc2a01,3016e2d14ad01bc58bf8bc0ed0e99fd89d95ae1895eb99367eaa330b9cef355d,not_applicable,not_applicable,existing_source_locks.csv|compatibility_config_hash:15120158aaa48625c00f34b8cc1572b184fc98569bd1df31445ff86a5d54baa5,1c18a315c1ca7bb61bbef83928a072ce994a74fd6066d0d483d2f9217d925605,d7c77384eedf44b83bb464f03081bda024ebcdf3ebd2c5ef3e38acffa7bbfeef,adapter_ready,forecast_model,,pending
FULL_UNIFIED_RUN_V1,M5,2016-02-01,tcn_target_only,none,47,50,10,7,0.001,4,Adam,0.001,v1_0162_m5_20160201_tcn_target_only_s47,stage_2,log1p_huber_delta_1,latest locked 28-day rolling origin strictly before formal origin,reinitialize same seed; all pre-origin rolling samples; e_star epochs,configs/adapter_common_contract.yaml,0fdc80620cf8962630e75c1fa2432803a694bdd75347ebc77b3093fc02c15c5f,84ec5e1a462241b724bdb52169726ffe86647b20efbad04d01b949a8b9fc2a01,3016e2d14ad01bc58bf8bc0ed0e99fd89d95ae1895eb99367eaa330b9cef355d,not_applicable,not_applicable,existing_source_locks.csv|compatibility_config_hash:15120158aaa48625c00f34b8cc1572b184fc98569bd1df31445ff86a5d54baa5,1defa440f36eccd18cb2f3d9f0b737d829e1d3053732738fe970342514cd9c9b,d7c77384eedf44b83bb464f03081bda024ebcdf3ebd2c5ef3e38acffa7bbfeef,adapter_ready,forecast_model,,pending
FULL_UNIFIED_RUN_V1,Favorita,2017-03-01,tcn_target_only,none,13,50,10,7,0.001,4,Adam,0.001,v1_0163_favorita_20170301_tcn_target_only_s13,stage_2,log1p_huber_delta_1,latest locked 28-day rolling origin strictly before formal origin,reinitialize same seed; all pre-origin rolling samples; e_star epochs,configs/adapter_common_contract.yaml,99f53feff701ca0e8ddb39eaf4c2384b14067b4e69669a6d805e4efea668fb19,cd0beeec37632daa955a38f9eba4e42ab5553d9daac470a0028c402132af43b1,55dc80374cd57120ded1af94a404fe3169d392e3a0e2c0f29bd6d1a2eed1002e,not_applicable,not_applicable,existing_source_locks.csv|compatibility_config_hash:15120158aaa48625c00f34b8cc1572b184fc98569bd1df31445ff86a5d54baa5,e0087e0748b0636ec4bdb85aeb09d7a029f4a421a2ec2ee4d0ec4847c4df9ac3,d7c77384eedf44b83bb464f03081bda024ebcdf3ebd2c5ef3e38acffa7bbfeef,adapter_ready,forecast_model,,pending
FULL_UNIFIED_RUN_V1,Favorita,2017-03-01,tcn_target_only,none,29,50,10,7,0.001,4,Adam,0.001,v1_0164_favorita_20170301_tcn_target_only_s29,stage_2,log1p_huber_delta_1,latest locked 28-day rolling origin strictly before formal origin,reinitialize same seed; all pre-origin rolling samples; e_star epochs,configs/adapter_common_contract.yaml,99f53feff701ca0e8ddb39eaf4c2384b14067b4e69669a6d805e4efea668fb19,cd0beeec37632daa955a38f9eba4e42ab5553d9daac470a0028c402132af43b1,55dc80374cd57120ded1af94a404fe3169d392e3a0e2c0f29bd6d1a2eed1002e,not_applicable,not_applicable,existing_source_locks.csv|compatibility_config_hash:15120158aaa48625c00f34b8cc1572b184fc98569bd1df31445ff86a5d54baa5,aa032bcc59e7871058c10a731b57cb14ad49e984f8020f642d562dcc89480871,d7c77384eedf44b83bb464f03081bda024ebcdf3ebd2c5ef3e38acffa7bbfeef,adapter_ready,forecast_model,,pending
FULL_UNIFIED_RUN_V1,Favorita,2017-03-01,tcn_target_only,none,47,50,10,7,0.001,4,Adam,0.001,v1_0165_favorita_20170301_tcn_target_only_s47,stage_2,log1p_huber_delta_1,latest locked 28-day rolling origin strictly before formal origin,reinitialize same seed; all pre-origin rolling samples; e_star epochs,configs/adapter_common_contract.yaml,99f53feff701ca0e8ddb39eaf4c2384b14067b4e69669a6d805e4efea668fb19,cd0beeec37632daa955a38f9eba4e42ab5553d9daac470a0028c402132af43b1,55dc80374cd57120ded1af94a404fe3169d392e3a0e2c0f29bd6d1a2eed1002e,not_applicable,not_applicable,existing_source_locks.csv|compatibility_config_hash:15120158aaa48625c00f34b8cc1572b184fc98569bd1df31445ff86a5d54baa5,a3a6223e74eeb41b3ac4dc14b9e530f49d04e65e6146eb7ed625aecf2d7b5a55,d7c77384eedf44b83bb464f03081bda024ebcdf3ebd2c5ef3e38acffa7bbfeef,adapter_ready,forecast_model,,pending
FULL_UNIFIED_RUN_V1,Favorita,2017-03-29,tcn_target_only,none,13,50,10,7,0.001,4,Adam,0.001,v1_0166_favorita_20170329_tcn_target_only_s13,stage_2,log1p_huber_delta_1,latest locked 28-day rolling origin strictly before formal origin,reinitialize same seed; all pre-origin rolling samples; e_star epochs,configs/adapter_common_contract.yaml,99f53feff701ca0e8ddb39eaf4c2384b14067b4e69669a6d805e4efea668fb19,345dabcf47b0f7e1fb1895e4c61f5d5ebffaa56e09a9f5b2d7896f439c70937b,61b843616ad20b3c0f66e85ec548fd8ee39336145e3b216b3e7363c867264271,not_applicable,not_applicable,existing_source_locks.csv|compatibility_config_hash:15120158aaa48625c00f34b8cc1572b184fc98569bd1df31445ff86a5d54baa5,c3225c51c41baa925cbc593782d366ef0b73a4209813a00556e76fbebc5b014e,d7c77384eedf44b83bb464f03081bda024ebcdf3ebd2c5ef3e38acffa7bbfeef,adapter_ready,forecast_model,,pending
FULL_UNIFIED_RUN_V1,Favorita,2017-03-29,tcn_target_only,none,29,50,10,7,0.001,4,Adam,0.001,v1_0167_favorita_20170329_tcn_target_only_s29,stage_2,log1p_huber_delta_1,latest locked 28-day rolling origin strictly before formal origin,reinitialize same seed; all pre-origin rolling samples; e_star epochs,configs/adapter_common_contract.yaml,99f53feff701ca0e8ddb39eaf4c2384b14067b4e69669a6d805e4efea668fb19,345dabcf47b0f7e1fb1895e4c61f5d5ebffaa56e09a9f5b2d7896f439c70937b,61b843616ad20b3c0f66e85ec548fd8ee39336145e3b216b3e7363c867264271,not_applicable,not_applicable,existing_source_locks.csv|compatibility_config_hash:15120158aaa48625c00f34b8cc1572b184fc98569bd1df31445ff86a5d54baa5,58803bcecec874bc43c4ff72078ffe25ca43ebc58486f31cf63ae18efece3f41,d7c77384eedf44b83bb464f03081bda024ebcdf3ebd2c5ef3e38acffa7bbfeef,adapter_ready,forecast_model,,pending
FULL_UNIFIED_RUN_V1,Favorita,2017-03-29,tcn_target_only,none,47,50,10,7,0.001,4,Adam,0.001,v1_0168_favorita_20170329_tcn_target_only_s47,stage_2,log1p_huber_delta_1,latest locked 28-day rolling origin strictly before formal origin,reinitialize same seed; all pre-origin rolling samples; e_star epochs,configs/adapter_common_contract.yaml,99f53feff701ca0e8ddb39eaf4c2384b14067b4e69669a6d805e4efea668fb19,345dabcf47b0f7e1fb1895e4c61f5d5ebffaa56e09a9f5b2d7896f439c70937b,61b843616ad20b3c0f66e85ec548fd8ee39336145e3b216b3e7363c867264271,not_applicable,not_applicable,existing_source_locks.csv|compatibility_config_hash:15120158aaa48625c00f34b8cc1572b184fc98569bd1df31445ff86a5d54baa5,6afe0de232f753f5ff8aa1e4021cff78cfb55509d7a9db0b2f066207b4d5b85b,d7c77384eedf44b83bb464f03081bda024ebcdf3ebd2c5ef3e38acffa7bbfeef,adapter_ready,forecast_model,,pending
FULL_UNIFIED_RUN_V1,Favorita,2017-04-26,tcn_target_only,none,13,50,10,7,0.001,4,Adam,0.001,v1_0169_favorita_20170426_tcn_target_only_s13,stage_2,log1p_huber_delta_1,latest locked 28-day rolling origin strictly before formal origin,reinitialize same seed; all pre-origin rolling samples; e_star epochs,configs/adapter_common_contract.yaml,99f53feff701ca0e8ddb39eaf4c2384b14067b4e69669a6d805e4efea668fb19,c488ebe713d35972ff5a908aa6c2090b4ea444972f31abbf215c0d17998dda91,c5ea41145b284ccabb9c8485eff0a16b0d7d6e25e5c1c3c30f9e41f0516db7ad,not_applicable,not_applicable,existing_source_locks.csv|compatibility_config_hash:15120158aaa48625c00f34b8cc1572b184fc98569bd1df31445ff86a5d54baa5,a748d47bab8b3b4e270936f0f9546fa52007d3858ef519146ff900455c034342,d7c77384eedf44b83bb464f03081bda024ebcdf3ebd2c5ef3e38acffa7bbfeef,adapter_ready,forecast_model,,pending
FULL_UNIFIED_RUN_V1,Favorita,2017-04-26,tcn_target_only,none,29,50,10,7,0.001,4,Adam,0.001,v1_0170_favorita_20170426_tcn_target_only_s29,stage_2,log1p_huber_delta_1,latest locked 28-day rolling origin strictly before formal origin,reinitialize same seed; all pre-origin rolling samples; e_star epochs,configs/adapter_common_contract.yaml,99f53feff701ca0e8ddb39eaf4c2384b14067b4e69669a6d805e4efea668fb19,c488ebe713d35972ff5a908aa6c2090b4ea444972f31abbf215c0d17998dda91,c5ea41145b284ccabb9c8485eff0a16b0d7d6e25e5c1c3c30f9e41f0516db7ad,not_applicable,not_applicable,existing_source_locks.csv|compatibility_config_hash:15120158aaa48625c00f34b8cc1572b184fc98569bd1df31445ff86a5d54baa5,7236830d6a49e9596cfdd8201a549173633b17a0a1ff45e32b27f1b99d810863,d7c77384eedf44b83bb464f03081bda024ebcdf3ebd2c5ef3e38acffa7bbfeef,adapter_ready,forecast_model,,pending
FULL_UNIFIED_RUN_V1,Favorita,2017-04-26,tcn_target_only,none,47,50,10,7,0.001,4,Adam,0.001,v1_0171_favorita_20170426_tcn_target_only_s47,stage_2,log1p_huber_delta_1,latest locked 28-day rolling origin strictly before formal origin,reinitialize same seed; all pre-origin rolling samples; e_star epochs,configs/adapter_common_contract.yaml,99f53feff701ca0e8ddb39eaf4c2384b14067b4e69669a6d805e4efea668fb19,c488ebe713d35972ff5a908aa6c2090b4ea444972f31abbf215c0d17998dda91,c5ea41145b284ccabb9c8485eff0a16b0d7d6e25e5c1c3c30f9e41f0516db7ad,not_applicable,not_applicable,existing_source_locks.csv|compatibility_config_hash:15120158aaa48625c00f34b8cc1572b184fc98569bd1df31445ff86a5d54baa5,781453c520e71af777a1788779fe3b7a778bf43e6cfc466d13e88b9ed96726d7,d7c77384eedf44b83bb464f03081bda024ebcdf3ebd2c5ef3e38acffa7bbfeef,adapter_ready,forecast_model,,pending
FULL_UNIFIED_RUN_V1,Store Item,2017-05-22,tcn_target_only,none,13,50,10,7,0.001,4,Adam,0.001,v1_0172_store_item_20170522_tcn_target_only_s13,stage_2,log1p_huber_delta_1,latest locked 28-day rolling origin strictly before formal origin,reinitialize same seed; all pre-origin rolling samples; e_star epochs,configs/adapter_common_contract.yaml,99f53feff701ca0e8ddb39eaf4c2384b14067b4e69669a6d805e4efea668fb19,96f573b570f1b2d301538d41f90dacef49f3190e6f15d4c0105641fefebfcd31,16faaf5314d2d656099b5dfcf1294a6e3ae99741f8f303dcc812754898b52246,not_applicable,not_applicable,existing_source_locks.csv|compatibility_config_hash:15120158aaa48625c00f34b8cc1572b184fc98569bd1df31445ff86a5d54baa5,fc6e77f990a5cb1a715b28dc7b2ca5f9a3356a3ed9b22dc12c1d80fde199719a,d7c77384eedf44b83bb464f03081bda024ebcdf3ebd2c5ef3e38acffa7bbfeef,adapter_ready,forecast_model,test.csv|sample_submission.csv|sealed_independent_test,pending
FULL_UNIFIED_RUN_V1,Store Item,2017-05-22,tcn_target_only,none,29,50,10,7,0.001,4,Adam,0.001,v1_0173_store_item_20170522_tcn_target_only_s29,stage_2,log1p_huber_delta_1,latest locked 28-day rolling origin strictly before formal origin,reinitialize same seed; all pre-origin rolling samples; e_star epochs,configs/adapter_common_contract.yaml,99f53feff701ca0e8ddb39eaf4c2384b14067b4e69669a6d805e4efea668fb19,96f573b570f1b2d301538d41f90dacef49f3190e6f15d4c0105641fefebfcd31,16faaf5314d2d656099b5dfcf1294a6e3ae99741f8f303dcc812754898b52246,not_applicable,not_applicable,existing_source_locks.csv|compatibility_config_hash:15120158aaa48625c00f34b8cc1572b184fc98569bd1df31445ff86a5d54baa5,cc7cc2b5991da8c16ee702d258e85c761a5bf1501af61c81f5925277556ace1d,d7c77384eedf44b83bb464f03081bda024ebcdf3ebd2c5ef3e38acffa7bbfeef,adapter_ready,forecast_model,test.csv|sample_submission.csv|sealed_independent_test,pending
FULL_UNIFIED_RUN_V1,Store Item,2017-05-22,tcn_target_only,none,47,50,10,7,0.001,4,Adam,0.001,v1_0174_store_item_20170522_tcn_target_only_s47,stage_2,log1p_huber_delta_1,latest locked 28-day rolling origin strictly before formal origin,reinitialize same seed; all pre-origin rolling samples; e_star epochs,configs/adapter_common_contract.yaml,99f53feff701ca0e8ddb39eaf4c2384b14067b4e69669a6d805e4efea668fb19,96f573b570f1b2d301538d41f90dacef49f3190e6f15d4c0105641fefebfcd31,16faaf5314d2d656099b5dfcf1294a6e3ae99741f8f303dcc812754898b52246,not_applicable,not_applicable,existing_source_locks.csv|compatibility_config_hash:15120158aaa48625c00f34b8cc1572b184fc98569bd1df31445ff86a5d54baa5,409c47f5541b1500c688ea2245ce7de9211dac38bdd3805ebe01370e2098a965,d7c77384eedf44b83bb464f03081bda024ebcdf3ebd2c5ef3e38acffa7bbfeef,adapter_ready,forecast_model,test.csv|sample_submission.csv|sealed_independent_test,pending
FULL_UNIFIED_RUN_V1,Store Item,2017-06-19,tcn_target_only,none,13,50,10,7,0.001,4,Adam,0.001,v1_0175_store_item_20170619_tcn_target_only_s13,stage_2,log1p_huber_delta_1,latest locked 28-day rolling origin strictly before formal origin,reinitialize same seed; all pre-origin rolling samples; e_star epochs,configs/adapter_common_contract.yaml,99f53feff701ca0e8ddb39eaf4c2384b14067b4e69669a6d805e4efea668fb19,28beca4732b3f14a100f847605d2098885a415ba97668113a3ccce044ffb107d,0fbc52c84fd91f7cae2d2b0d15d8eb3627c8926e5b3fe3208f25e73f9d77146e,not_applicable,not_applicable,existing_source_locks.csv|compatibility_config_hash:15120158aaa48625c00f34b8cc1572b184fc98569bd1df31445ff86a5d54baa5,d2dd1cc08d8dd5e4e1bc6f509e2868c5f905ed39706425e2cb440926f984a151,d7c77384eedf44b83bb464f03081bda024ebcdf3ebd2c5ef3e38acffa7bbfeef,adapter_ready,forecast_model,test.csv|sample_submission.csv|sealed_independent_test,pending
FULL_UNIFIED_RUN_V1,Store Item,2017-06-19,tcn_target_only,none,29,50,10,7,0.001,4,Adam,0.001,v1_0176_store_item_20170619_tcn_target_only_s29,stage_2,log1p_huber_delta_1,latest locked 28-day rolling origin strictly before formal origin,reinitialize same seed; all pre-origin rolling samples; e_star epochs,configs/adapter_common_contract.yaml,99f53feff701ca0e8ddb39eaf4c2384b14067b4e69669a6d805e4efea668fb19,28beca4732b3f14a100f847605d2098885a415ba97668113a3ccce044ffb107d,0fbc52c84fd91f7cae2d2b0d15d8eb3627c8926e5b3fe3208f25e73f9d77146e,not_applicable,not_applicable,existing_source_locks.csv|compatibility_config_hash:15120158aaa48625c00f34b8cc1572b184fc98569bd1df31445ff86a5d54baa5,dea272fac670a970b9443c3784a80d4a4adcbd2665d0695cf1fa4fa7f8a16679,d7c77384eedf44b83bb464f03081bda024ebcdf3ebd2c5ef3e38acffa7bbfeef,adapter_ready,forecast_model,test.csv|sample_submission.csv|sealed_independent_test,pending
FULL_UNIFIED_RUN_V1,Store Item,2017-06-19,tcn_target_only,none,47,50,10,7,0.001,4,Adam,0.001,v1_0177_store_item_20170619_tcn_target_only_s47,stage_2,log1p_huber_delta_1,latest locked 28-day rolling origin strictly before formal origin,reinitialize same seed; all pre-origin rolling samples; e_star epochs,configs/adapter_common_contract.yaml,99f53feff701ca0e8ddb39eaf4c2384b14067b4e69669a6d805e4efea668fb19,28beca4732b3f14a100f847605d2098885a415ba97668113a3ccce044ffb107d,0fbc52c84fd91f7cae2d2b0d15d8eb3627c8926e5b3fe3208f25e73f9d77146e,not_applicable,not_applicable,existing_source_locks.csv|compatibility_config_hash:15120158aaa48625c00f34b8cc1572b184fc98569bd1df31445ff86a5d54baa5,3511eb71ce1cde6c5ed5ad5c2a384c15a783108251eca54c33809dd62a629ba1,d7c77384eedf44b83bb464f03081bda024ebcdf3ebd2c5ef3e38acffa7bbfeef,adapter_ready,forecast_model,test.csv|sample_submission.csv|sealed_independent_test,pending
FULL_UNIFIED_RUN_V1,Store Item,2017-07-17,tcn_target_only,none,13,50,10,7,0.001,4,Adam,0.001,v1_0178_store_item_20170717_tcn_target_only_s13,stage_2,log1p_huber_delta_1,latest locked 28-day rolling origin strictly before formal origin,reinitialize same seed; all pre-origin rolling samples; e_star epochs,configs/adapter_common_contract.yaml,99f53feff701ca0e8ddb39eaf4c2384b14067b4e69669a6d805e4efea668fb19,cb704e15bf73a80e87151fc7a786498308b0888b5b69c93a6c61d1fdd789036d,34d53ca2bc8d880fcab243b4a0c32e211cbc184f8aa88af0a0cc7daa0679b437,not_applicable,not_applicable,existing_source_locks.csv|compatibility_config_hash:15120158aaa48625c00f34b8cc1572b184fc98569bd1df31445ff86a5d54baa5,9af1893039541657e2de3d2384396f53a6a8f815f9f91bab125abfdec69bad1f,d7c77384eedf44b83bb464f03081bda024ebcdf3ebd2c5ef3e38acffa7bbfeef,adapter_ready,forecast_model,test.csv|sample_submission.csv|sealed_independent_test,pending
FULL_UNIFIED_RUN_V1,Store Item,2017-07-17,tcn_target_only,none,29,50,10,7,0.001,4,Adam,0.001,v1_0179_store_item_20170717_tcn_target_only_s29,stage_2,log1p_huber_delta_1,latest locked 28-day rolling origin strictly before formal origin,reinitialize same seed; all pre-origin rolling samples; e_star epochs,configs/adapter_common_contract.yaml,99f53feff701ca0e8ddb39eaf4c2384b14067b4e69669a6d805e4efea668fb19,cb704e15bf73a80e87151fc7a786498308b0888b5b69c93a6c61d1fdd789036d,34d53ca2bc8d880fcab243b4a0c32e211cbc184f8aa88af0a0cc7daa0679b437,not_applicable,not_applicable,existing_source_locks.csv|compatibility_config_hash:15120158aaa48625c00f34b8cc1572b184fc98569bd1df31445ff86a5d54baa5,be0b93f21d222aa8d5228762f5687e1263b511d715851dff80fa9c2ac67ff2c4,d7c77384eedf44b83bb464f03081bda024ebcdf3ebd2c5ef3e38acffa7bbfeef,adapter_ready,forecast_model,test.csv|sample_submission.csv|sealed_independent_test,pending
FULL_UNIFIED_RUN_V1,Store Item,2017-07-17,tcn_target_only,none,47,50,10,7,0.001,4,Adam,0.001,v1_0180_store_item_20170717_tcn_target_only_s47,stage_2,log1p_huber_delta_1,latest locked 28-day rolling origin strictly before formal origin,reinitialize same seed; all pre-origin rolling samples; e_star epochs,configs/adapter_common_contract.yaml,99f53feff701ca0e8ddb39eaf4c2384b14067b4e69669a6d805e4efea668fb19,cb704e15bf73a80e87151fc7a786498308b0888b5b69c93a6c61d1fdd789036d,34d53ca2bc8d880fcab243b4a0c32e211cbc184f8aa88af0a0cc7daa0679b437,not_applicable,not_applicable,existing_source_locks.csv|compatibility_config_hash:15120158aaa48625c00f34b8cc1572b184fc98569bd1df31445ff86a5d54baa5,e572f049d9ef821de96c5510c998148d121e2d9efe5952db654ed2a00af32597,d7c77384eedf44b83bb464f03081bda024ebcdf3ebd2c5ef3e38acffa7bbfeef,adapter_ready,forecast_model,test.csv|sample_submission.csv|sealed_independent_test,pending
FULL_UNIFIED_RUN_V1,M5,2015-12-07,dlinear,none,13,50,10,7,0.001,4,Adam,0.001,v1_0181_m5_20151207_dlinear_s13,stage_2,log1p_huber_delta_1,latest locked 28-day rolling origin strictly before formal origin,reinitialize same seed; all pre-origin rolling samples; e_star epochs,configs/adapter_common_contract.yaml,0fdc80620cf8962630e75c1fa2432803a694bdd75347ebc77b3093fc02c15c5f,24f14f88e9945d2a7fb67744b119a74daf41bf279d2a3b941fb03feff77657e4,4e848b74ea357e0224e7040a2b5ea8d3cfd77d9b55bb869887df86ed6bfc2751,not_applicable,not_applicable,existing_source_locks.csv|compatibility_config_hash:15120158aaa48625c00f34b8cc1572b184fc98569bd1df31445ff86a5d54baa5,258684e2b651ad9155b012a1aebc88c72fd0109509582b6c7b2b98317f4c9adb,d7c77384eedf44b83bb464f03081bda024ebcdf3ebd2c5ef3e38acffa7bbfeef,adapter_ready,forecast_model,,pending
FULL_UNIFIED_RUN_V1,M5,2015-12-07,dlinear,none,29,50,10,7,0.001,4,Adam,0.001,v1_0182_m5_20151207_dlinear_s29,stage_2,log1p_huber_delta_1,latest locked 28-day rolling origin strictly before formal origin,reinitialize same seed; all pre-origin rolling samples; e_star epochs,configs/adapter_common_contract.yaml,0fdc80620cf8962630e75c1fa2432803a694bdd75347ebc77b3093fc02c15c5f,24f14f88e9945d2a7fb67744b119a74daf41bf279d2a3b941fb03feff77657e4,4e848b74ea357e0224e7040a2b5ea8d3cfd77d9b55bb869887df86ed6bfc2751,not_applicable,not_applicable,existing_source_locks.csv|compatibility_config_hash:15120158aaa48625c00f34b8cc1572b184fc98569bd1df31445ff86a5d54baa5,0a0bbabd3fc60201b0711df2895217bcac58f8155d9f26419e952734c9c2ac4a,d7c77384eedf44b83bb464f03081bda024ebcdf3ebd2c5ef3e38acffa7bbfeef,adapter_ready,forecast_model,,pending
FULL_UNIFIED_RUN_V1,M5,2015-12-07,dlinear,none,47,50,10,7,0.001,4,Adam,0.001,v1_0183_m5_20151207_dlinear_s47,stage_2,log1p_huber_delta_1,latest locked 28-day rolling origin strictly before formal origin,reinitialize same seed; all pre-origin rolling samples; e_star epochs,configs/adapter_common_contract.yaml,0fdc80620cf8962630e75c1fa2432803a694bdd75347ebc77b3093fc02c15c5f,24f14f88e9945d2a7fb67744b119a74daf41bf279d2a3b941fb03feff77657e4,4e848b74ea357e0224e7040a2b5ea8d3cfd77d9b55bb869887df86ed6bfc2751,not_applicable,not_applicable,existing_source_locks.csv|compatibility_config_hash:15120158aaa48625c00f34b8cc1572b184fc98569bd1df31445ff86a5d54baa5,2dcee15cfdb0b4b6acd8e3461bef1d7c55f98f5fd94850edbd93ad2efb890dd1,d7c77384eedf44b83bb464f03081bda024ebcdf3ebd2c5ef3e38acffa7bbfeef,adapter_ready,forecast_model,,pending
FULL_UNIFIED_RUN_V1,M5,2016-01-04,dlinear,none,13,50,10,7,0.001,4,Adam,0.001,v1_0184_m5_20160104_dlinear_s13,stage_2,log1p_huber_delta_1,latest locked 28-day rolling origin strictly before formal origin,reinitialize same seed; all pre-origin rolling samples; e_star epochs,configs/adapter_common_contract.yaml,0fdc80620cf8962630e75c1fa2432803a694bdd75347ebc77b3093fc02c15c5f,f363d22b50ee5ecf935d764748129bbf4e83b2417ab50854a465cae0c12fccbf,3016e2d14ad01bc58bf8bc0ed0e99fd89d95ae1895eb99367eaa330b9cef355d,not_applicable,not_applicable,existing_source_locks.csv|compatibility_config_hash:15120158aaa48625c00f34b8cc1572b184fc98569bd1df31445ff86a5d54baa5,d1be93395c26ad90102feb364daa68f84335396f8f1f37220f4c378912806baa,d7c77384eedf44b83bb464f03081bda024ebcdf3ebd2c5ef3e38acffa7bbfeef,adapter_ready,forecast_model,,pending
FULL_UNIFIED_RUN_V1,M5,2016-01-04,dlinear,none,29,50,10,7,0.001,4,Adam,0.001,v1_0185_m5_20160104_dlinear_s29,stage_2,log1p_huber_delta_1,latest locked 28-day rolling origin strictly before formal origin,reinitialize same seed; all pre-origin rolling samples; e_star epochs,configs/adapter_common_contract.yaml,0fdc80620cf8962630e75c1fa2432803a694bdd75347ebc77b3093fc02c15c5f,f363d22b50ee5ecf935d764748129bbf4e83b2417ab50854a465cae0c12fccbf,3016e2d14ad01bc58bf8bc0ed0e99fd89d95ae1895eb99367eaa330b9cef355d,not_applicable,not_applicable,existing_source_locks.csv|compatibility_config_hash:15120158aaa48625c00f34b8cc1572b184fc98569bd1df31445ff86a5d54baa5,9f07f6364b8c339b36611bf6fa0d809454e95a54dcb7baf2947d327548986a70,d7c77384eedf44b83bb464f03081bda024ebcdf3ebd2c5ef3e38acffa7bbfeef,adapter_ready,forecast_model,,pending
FULL_UNIFIED_RUN_V1,M5,2016-01-04,dlinear,none,47,50,10,7,0.001,4,Adam,0.001,v1_0186_m5_20160104_dlinear_s47,stage_2,log1p_huber_delta_1,latest locked 28-day rolling origin strictly before formal origin,reinitialize same seed; all pre-origin rolling samples; e_star epochs,configs/adapter_common_contract.yaml,0fdc80620cf8962630e75c1fa2432803a694bdd75347ebc77b3093fc02c15c5f,f363d22b50ee5ecf935d764748129bbf4e83b2417ab50854a465cae0c12fccbf,3016e2d14ad01bc58bf8bc0ed0e99fd89d95ae1895eb99367eaa330b9cef355d,not_applicable,not_applicable,existing_source_locks.csv|compatibility_config_hash:15120158aaa48625c00f34b8cc1572b184fc98569bd1df31445ff86a5d54baa5,ae86479bd962d5bf210972c5e19d0ea27a794778cba8625657ceecfd115505fe,d7c77384eedf44b83bb464f03081bda024ebcdf3ebd2c5ef3e38acffa7bbfeef,adapter_ready,forecast_model,,pending
FULL_UNIFIED_RUN_V1,M5,2016-02-01,dlinear,none,13,50,10,7,0.001,4,Adam,0.001,v1_0187_m5_20160201_dlinear_s13,stage_2,log1p_huber_delta_1,latest locked 28-day rolling origin strictly before formal origin,reinitialize same seed; all pre-origin rolling samples; e_star epochs,configs/adapter_common_contract.yaml,0fdc80620cf8962630e75c1fa2432803a694bdd75347ebc77b3093fc02c15c5f,84ec5e1a462241b724bdb52169726ffe86647b20efbad04d01b949a8b9fc2a01,3016e2d14ad01bc58bf8bc0ed0e99fd89d95ae1895eb99367eaa330b9cef355d,not_applicable,not_applicable,existing_source_locks.csv|compatibility_config_hash:15120158aaa48625c00f34b8cc1572b184fc98569bd1df31445ff86a5d54baa5,4481262b1c4400b163a2ee2e85ad77c96723c399211a558c0a9192f95e224240,d7c77384eedf44b83bb464f03081bda024ebcdf3ebd2c5ef3e38acffa7bbfeef,adapter_ready,forecast_model,,pending
FULL_UNIFIED_RUN_V1,M5,2016-02-01,dlinear,none,29,50,10,7,0.001,4,Adam,0.001,v1_0188_m5_20160201_dlinear_s29,stage_2,log1p_huber_delta_1,latest locked 28-day rolling origin strictly before formal origin,reinitialize same seed; all pre-origin rolling samples; e_star epochs,configs/adapter_common_contract.yaml,0fdc80620cf8962630e75c1fa2432803a694bdd75347ebc77b3093fc02c15c5f,84ec5e1a462241b724bdb52169726ffe86647b20efbad04d01b949a8b9fc2a01,3016e2d14ad01bc58bf8bc0ed0e99fd89d95ae1895eb99367eaa330b9cef355d,not_applicable,not_applicable,existing_source_locks.csv|compatibility_config_hash:15120158aaa48625c00f34b8cc1572b184fc98569bd1df31445ff86a5d54baa5,476161e1684f7da6ce23a18ab500e48bbf9ef9ea86d18e2686c2770ada8a987f,d7c77384eedf44b83bb464f03081bda024ebcdf3ebd2c5ef3e38acffa7bbfeef,adapter_ready,forecast_model,,pending
FULL_UNIFIED_RUN_V1,M5,2016-02-01,dlinear,none,47,50,10,7,0.001,4,Adam,0.001,v1_0189_m5_20160201_dlinear_s47,stage_2,log1p_huber_delta_1,latest locked 28-day rolling origin strictly before formal origin,reinitialize same seed; all pre-origin rolling samples; e_star epochs,configs/adapter_common_contract.yaml,0fdc80620cf8962630e75c1fa2432803a694bdd75347ebc77b3093fc02c15c5f,84ec5e1a462241b724bdb52169726ffe86647b20efbad04d01b949a8b9fc2a01,3016e2d14ad01bc58bf8bc0ed0e99fd89d95ae1895eb99367eaa330b9cef355d,not_applicable,not_applicable,existing_source_locks.csv|compatibility_config_hash:15120158aaa48625c00f34b8cc1572b184fc98569bd1df31445ff86a5d54baa5,730fb5661f5fc883eed2b2bd1a496f27596954ce3a6bbef196920401f7dd3c7b,d7c77384eedf44b83bb464f03081bda024ebcdf3ebd2c5ef3e38acffa7bbfeef,adapter_ready,forecast_model,,pending
FULL_UNIFIED_RUN_V1,Favorita,2017-03-01,dlinear,none,13,50,10,7,0.001,4,Adam,0.001,v1_0190_favorita_20170301_dlinear_s13,stage_2,log1p_huber_delta_1,latest locked 28-day rolling origin strictly before formal origin,reinitialize same seed; all pre-origin rolling samples; e_star epochs,configs/adapter_common_contract.yaml,99f53feff701ca0e8ddb39eaf4c2384b14067b4e69669a6d805e4efea668fb19,cd0beeec37632daa955a38f9eba4e42ab5553d9daac470a0028c402132af43b1,55dc80374cd57120ded1af94a404fe3169d392e3a0e2c0f29bd6d1a2eed1002e,not_applicable,not_applicable,existing_source_locks.csv|compatibility_config_hash:15120158aaa48625c00f34b8cc1572b184fc98569bd1df31445ff86a5d54baa5,b0a7b7ec251be8e860fd33efa7594a85d4649a23d7886e7a19640ce190ca16b5,d7c77384eedf44b83bb464f03081bda024ebcdf3ebd2c5ef3e38acffa7bbfeef,adapter_ready,forecast_model,,pending
FULL_UNIFIED_RUN_V1,Favorita,2017-03-01,dlinear,none,29,50,10,7,0.001,4,Adam,0.001,v1_0191_favorita_20170301_dlinear_s29,stage_2,log1p_huber_delta_1,latest locked 28-day rolling origin strictly before formal origin,reinitialize same seed; all pre-origin rolling samples; e_star epochs,configs/adapter_common_contract.yaml,99f53feff701ca0e8ddb39eaf4c2384b14067b4e69669a6d805e4efea668fb19,cd0beeec37632daa955a38f9eba4e42ab5553d9daac470a0028c402132af43b1,55dc80374cd57120ded1af94a404fe3169d392e3a0e2c0f29bd6d1a2eed1002e,not_applicable,not_applicable,existing_source_locks.csv|compatibility_config_hash:15120158aaa48625c00f34b8cc1572b184fc98569bd1df31445ff86a5d54baa5,3b8243837617ed740c358fcdad5117b411959fdd217df3db6b02f212ae85f09e,d7c77384eedf44b83bb464f03081bda024ebcdf3ebd2c5ef3e38acffa7bbfeef,adapter_ready,forecast_model,,pending
FULL_UNIFIED_RUN_V1,Favorita,2017-03-01,dlinear,none,47,50,10,7,0.001,4,Adam,0.001,v1_0192_favorita_20170301_dlinear_s47,stage_2,log1p_huber_delta_1,latest locked 28-day rolling origin strictly before formal origin,reinitialize same seed; all pre-origin rolling samples; e_star epochs,configs/adapter_common_contract.yaml,99f53feff701ca0e8ddb39eaf4c2384b14067b4e69669a6d805e4efea668fb19,cd0beeec37632daa955a38f9eba4e42ab5553d9daac470a0028c402132af43b1,55dc80374cd57120ded1af94a404fe3169d392e3a0e2c0f29bd6d1a2eed1002e,not_applicable,not_applicable,existing_source_locks.csv|compatibility_config_hash:15120158aaa48625c00f34b8cc1572b184fc98569bd1df31445ff86a5d54baa5,0d213c427404fd6b091d93d17ff5dfe2e647e79ea2bd36d2b58480b2e763dfe8,d7c77384eedf44b83bb464f03081bda024ebcdf3ebd2c5ef3e38acffa7bbfeef,adapter_ready,forecast_model,,pending
FULL_UNIFIED_RUN_V1,Favorita,2017-03-29,dlinear,none,13,50,10,7,0.001,4,Adam,0.001,v1_0193_favorita_20170329_dlinear_s13,stage_2,log1p_huber_delta_1,latest locked 28-day rolling origin strictly before formal origin,reinitialize same seed; all pre-origin rolling samples; e_star epochs,configs/adapter_common_contract.yaml,99f53feff701ca0e8ddb39eaf4c2384b14067b4e69669a6d805e4efea668fb19,345dabcf47b0f7e1fb1895e4c61f5d5ebffaa56e09a9f5b2d7896f439c70937b,61b843616ad20b3c0f66e85ec548fd8ee39336145e3b216b3e7363c867264271,not_applicable,not_applicable,existing_source_locks.csv|compatibility_config_hash:15120158aaa48625c00f34b8cc1572b184fc98569bd1df31445ff86a5d54baa5,51642ee6573f2a5bb0efd4f7a5f87075f7b441112f5d73fa180356d1bd11b72c,d7c77384eedf44b83bb464f03081bda024ebcdf3ebd2c5ef3e38acffa7bbfeef,adapter_ready,forecast_model,,pending
FULL_UNIFIED_RUN_V1,Favorita,2017-03-29,dlinear,none,29,50,10,7,0.001,4,Adam,0.001,v1_0194_favorita_20170329_dlinear_s29,stage_2,log1p_huber_delta_1,latest locked 28-day rolling origin strictly before formal origin,reinitialize same seed; all pre-origin rolling samples; e_star epochs,configs/adapter_common_contract.yaml,99f53feff701ca0e8ddb39eaf4c2384b14067b4e69669a6d805e4efea668fb19,345dabcf47b0f7e1fb1895e4c61f5d5ebffaa56e09a9f5b2d7896f439c70937b,61b843616ad20b3c0f66e85ec548fd8ee39336145e3b216b3e7363c867264271,not_applicable,not_applicable,existing_source_locks.csv|compatibility_config_hash:15120158aaa48625c00f34b8cc1572b184fc98569bd1df31445ff86a5d54baa5,546be5f1bc70f99681fb5ff7b1fa2f792f534816866d19b8dd9f4127e3bc2d56,d7c77384eedf44b83bb464f03081bda024ebcdf3ebd2c5ef3e38acffa7bbfeef,adapter_ready,forecast_model,,pending
FULL_UNIFIED_RUN_V1,Favorita,2017-03-29,dlinear,none,47,50,10,7,0.001,4,Adam,0.001,v1_0195_favorita_20170329_dlinear_s47,stage_2,log1p_huber_delta_1,latest locked 28-day rolling origin strictly before formal origin,reinitialize same seed; all pre-origin rolling samples; e_star epochs,configs/adapter_common_contract.yaml,99f53feff701ca0e8ddb39eaf4c2384b14067b4e69669a6d805e4efea668fb19,345dabcf47b0f7e1fb1895e4c61f5d5ebffaa56e09a9f5b2d7896f439c70937b,61b843616ad20b3c0f66e85ec548fd8ee39336145e3b216b3e7363c867264271,not_applicable,not_applicable,existing_source_locks.csv|compatibility_config_hash:15120158aaa48625c00f34b8cc1572b184fc98569bd1df31445ff86a5d54baa5,4435a452178cb3d558bedbdf67bb45cebfad33c733818416d52e705dfd1811b5,d7c77384eedf44b83bb464f03081bda024ebcdf3ebd2c5ef3e38acffa7bbfeef,adapter_ready,forecast_model,,pending
FULL_UNIFIED_RUN_V1,Favorita,2017-04-26,dlinear,none,13,50,10,7,0.001,4,Adam,0.001,v1_0196_favorita_20170426_dlinear_s13,stage_2,log1p_huber_delta_1,latest locked 28-day rolling origin strictly before formal origin,reinitialize same seed; all pre-origin rolling samples; e_star epochs,configs/adapter_common_contract.yaml,99f53feff701ca0e8ddb39eaf4c2384b14067b4e69669a6d805e4efea668fb19,c488ebe713d35972ff5a908aa6c2090b4ea444972f31abbf215c0d17998dda91,c5ea41145b284ccabb9c8485eff0a16b0d7d6e25e5c1c3c30f9e41f0516db7ad,not_applicable,not_applicable,existing_source_locks.csv|compatibility_config_hash:15120158aaa48625c00f34b8cc1572b184fc98569bd1df31445ff86a5d54baa5,7dd97be0bf76ba6a0099c7d28f09b4b8a0b06264424ad501b2a7e8e13b564ad6,d7c77384eedf44b83bb464f03081bda024ebcdf3ebd2c5ef3e38acffa7bbfeef,adapter_ready,forecast_model,,pending
FULL_UNIFIED_RUN_V1,Favorita,2017-04-26,dlinear,none,29,50,10,7,0.001,4,Adam,0.001,v1_0197_favorita_20170426_dlinear_s29,stage_2,log1p_huber_delta_1,latest locked 28-day rolling origin strictly before formal origin,reinitialize same seed; all pre-origin rolling samples; e_star epochs,configs/adapter_common_contract.yaml,99f53feff701ca0e8ddb39eaf4c2384b14067b4e69669a6d805e4efea668fb19,c488ebe713d35972ff5a908aa6c2090b4ea444972f31abbf215c0d17998dda91,c5ea41145b284ccabb9c8485eff0a16b0d7d6e25e5c1c3c30f9e41f0516db7ad,not_applicable,not_applicable,existing_source_locks.csv|compatibility_config_hash:15120158aaa48625c00f34b8cc1572b184fc98569bd1df31445ff86a5d54baa5,5ef73a3410a18dc2c87b90f9506ae6037ea88ef2dcbe9abe8617830ed1199589,d7c77384eedf44b83bb464f03081bda024ebcdf3ebd2c5ef3e38acffa7bbfeef,adapter_ready,forecast_model,,pending
FULL_UNIFIED_RUN_V1,Favorita,2017-04-26,dlinear,none,47,50,10,7,0.001,4,Adam,0.001,v1_0198_favorita_20170426_dlinear_s47,stage_2,log1p_huber_delta_1,latest locked 28-day rolling origin strictly before formal origin,reinitialize same seed; all pre-origin rolling samples; e_star epochs,configs/adapter_common_contract.yaml,99f53feff701ca0e8ddb39eaf4c2384b14067b4e69669a6d805e4efea668fb19,c488ebe713d35972ff5a908aa6c2090b4ea444972f31abbf215c0d17998dda91,c5ea41145b284ccabb9c8485eff0a16b0d7d6e25e5c1c3c30f9e41f0516db7ad,not_applicable,not_applicable,existing_source_locks.csv|compatibility_config_hash:15120158aaa48625c00f34b8cc1572b184fc98569bd1df31445ff86a5d54baa5,3279f3b818abb597d03ba7dd1f055416300dab372eddb52b9417ba249e11ba5a,d7c77384eedf44b83bb464f03081bda024ebcdf3ebd2c5ef3e38acffa7bbfeef,adapter_ready,forecast_model,,pending
FULL_UNIFIED_RUN_V1,Store Item,2017-05-22,dlinear,none,13,50,10,7,0.001,4,Adam,0.001,v1_0199_store_item_20170522_dlinear_s13,stage_2,log1p_huber_delta_1,latest locked 28-day rolling origin strictly before formal origin,reinitialize same seed; all pre-origin rolling samples; e_star epochs,configs/adapter_common_contract.yaml,99f53feff701ca0e8ddb39eaf4c2384b14067b4e69669a6d805e4efea668fb19,96f573b570f1b2d301538d41f90dacef49f3190e6f15d4c0105641fefebfcd31,16faaf5314d2d656099b5dfcf1294a6e3ae99741f8f303dcc812754898b52246,not_applicable,not_applicable,existing_source_locks.csv|compatibility_config_hash:15120158aaa48625c00f34b8cc1572b184fc98569bd1df31445ff86a5d54baa5,410888b796470f020f330822d09fe1e64780610aa9df4c7e7df2d0cf22a4f0e1,d7c77384eedf44b83bb464f03081bda024ebcdf3ebd2c5ef3e38acffa7bbfeef,adapter_ready,forecast_model,test.csv|sample_submission.csv|sealed_independent_test,pending
FULL_UNIFIED_RUN_V1,Store Item,2017-05-22,dlinear,none,29,50,10,7,0.001,4,Adam,0.001,v1_0200_store_item_20170522_dlinear_s29,stage_2,log1p_huber_delta_1,latest locked 28-day rolling origin strictly before formal origin,reinitialize same seed; all pre-origin rolling samples; e_star epochs,configs/adapter_common_contract.yaml,99f53feff701ca0e8ddb39eaf4c2384b14067b4e69669a6d805e4efea668fb19,96f573b570f1b2d301538d41f90dacef49f3190e6f15d4c0105641fefebfcd31,16faaf5314d2d656099b5dfcf1294a6e3ae99741f8f303dcc812754898b52246,not_applicable,not_applicable,existing_source_locks.csv|compatibility_config_hash:15120158aaa48625c00f34b8cc1572b184fc98569bd1df31445ff86a5d54baa5,e3f1bfc37b89f6114430a381b3b3c56fb6d6b612e28df423d4c15ba1d133e881,d7c77384eedf44b83bb464f03081bda024ebcdf3ebd2c5ef3e38acffa7bbfeef,adapter_ready,forecast_model,test.csv|sample_submission.csv|sealed_independent_test,pending
FULL_UNIFIED_RUN_V1,Store Item,2017-05-22,dlinear,none,47,50,10,7,0.001,4,Adam,0.001,v1_0201_store_item_20170522_dlinear_s47,stage_2,log1p_huber_delta_1,latest locked 28-day rolling origin strictly before formal origin,reinitialize same seed; all pre-origin rolling samples; e_star epochs,configs/adapter_common_contract.yaml,99f53feff701ca0e8ddb39eaf4c2384b14067b4e69669a6d805e4efea668fb19,96f573b570f1b2d301538d41f90dacef49f3190e6f15d4c0105641fefebfcd31,16faaf5314d2d656099b5dfcf1294a6e3ae99741f8f303dcc812754898b52246,not_applicable,not_applicable,existing_source_locks.csv|compatibility_config_hash:15120158aaa48625c00f34b8cc1572b184fc98569bd1df31445ff86a5d54baa5,14ee436baeb209f451dbc9b505819271564a7e194a10b3bb93269cdba33aab7b,d7c77384eedf44b83bb464f03081bda024ebcdf3ebd2c5ef3e38acffa7bbfeef,adapter_ready,forecast_model,test.csv|sample_submission.csv|sealed_independent_test,pending
FULL_UNIFIED_RUN_V1,Store Item,2017-06-19,dlinear,none,13,50,10,7,0.001,4,Adam,0.001,v1_0202_store_item_20170619_dlinear_s13,stage_2,log1p_huber_delta_1,latest locked 28-day rolling origin strictly before formal origin,reinitialize same seed; all pre-origin rolling samples; e_star epochs,configs/adapter_common_contract.yaml,99f53feff701ca0e8ddb39eaf4c2384b14067b4e69669a6d805e4efea668fb19,28beca4732b3f14a100f847605d2098885a415ba97668113a3ccce044ffb107d,0fbc52c84fd91f7cae2d2b0d15d8eb3627c8926e5b3fe3208f25e73f9d77146e,not_applicable,not_applicable,existing_source_locks.csv|compatibility_config_hash:15120158aaa48625c00f34b8cc1572b184fc98569bd1df31445ff86a5d54baa5,9c880973c9082b4b8360291d47a022d9fead849688f98ec64def1d7cb893d09f,d7c77384eedf44b83bb464f03081bda024ebcdf3ebd2c5ef3e38acffa7bbfeef,adapter_ready,forecast_model,test.csv|sample_submission.csv|sealed_independent_test,pending
FULL_UNIFIED_RUN_V1,Store Item,2017-06-19,dlinear,none,29,50,10,7,0.001,4,Adam,0.001,v1_0203_store_item_20170619_dlinear_s29,stage_2,log1p_huber_delta_1,latest locked 28-day rolling origin strictly before formal origin,reinitialize same seed; all pre-origin rolling samples; e_star epochs,configs/adapter_common_contract.yaml,99f53feff701ca0e8ddb39eaf4c2384b14067b4e69669a6d805e4efea668fb19,28beca4732b3f14a100f847605d2098885a415ba97668113a3ccce044ffb107d,0fbc52c84fd91f7cae2d2b0d15d8eb3627c8926e5b3fe3208f25e73f9d77146e,not_applicable,not_applicable,existing_source_locks.csv|compatibility_config_hash:15120158aaa48625c00f34b8cc1572b184fc98569bd1df31445ff86a5d54baa5,421f1f8c8a6621d2743789d122e8c28b2e604fdeac2dfe95616aef64f558220b,d7c77384eedf44b83bb464f03081bda024ebcdf3ebd2c5ef3e38acffa7bbfeef,adapter_ready,forecast_model,test.csv|sample_submission.csv|sealed_independent_test,pending
FULL_UNIFIED_RUN_V1,Store Item,2017-06-19,dlinear,none,47,50,10,7,0.001,4,Adam,0.001,v1_0204_store_item_20170619_dlinear_s47,stage_2,log1p_huber_delta_1,latest locked 28-day rolling origin strictly before formal origin,reinitialize same seed; all pre-origin rolling samples; e_star epochs,configs/adapter_common_contract.yaml,99f53feff701ca0e8ddb39eaf4c2384b14067b4e69669a6d805e4efea668fb19,28beca4732b3f14a100f847605d2098885a415ba97668113a3ccce044ffb107d,0fbc52c84fd91f7cae2d2b0d15d8eb3627c8926e5b3fe3208f25e73f9d77146e,not_applicable,not_applicable,existing_source_locks.csv|compatibility_config_hash:15120158aaa48625c00f34b8cc1572b184fc98569bd1df31445ff86a5d54baa5,6115e6c1cfe8dd35dcb569f64693850b44a5bcfb7ef24fa933cff140fc99ae4c,d7c77384eedf44b83bb464f03081bda024ebcdf3ebd2c5ef3e38acffa7bbfeef,adapter_ready,forecast_model,test.csv|sample_submission.csv|sealed_independent_test,pending
FULL_UNIFIED_RUN_V1,Store Item,2017-07-17,dlinear,none,13,50,10,7,0.001,4,Adam,0.001,v1_0205_store_item_20170717_dlinear_s13,stage_2,log1p_huber_delta_1,latest locked 28-day rolling origin strictly before formal origin,reinitialize same seed; all pre-origin rolling samples; e_star epochs,configs/adapter_common_contract.yaml,99f53feff701ca0e8ddb39eaf4c2384b14067b4e69669a6d805e4efea668fb19,cb704e15bf73a80e87151fc7a786498308b0888b5b69c93a6c61d1fdd789036d,34d53ca2bc8d880fcab243b4a0c32e211cbc184f8aa88af0a0cc7daa0679b437,not_applicable,not_applicable,existing_source_locks.csv|compatibility_config_hash:15120158aaa48625c00f34b8cc1572b184fc98569bd1df31445ff86a5d54baa5,e004ed9eee7d84775e91a0ca96d4d6a482ac43aeef4837099b5fe19c88cca8d3,d7c77384eedf44b83bb464f03081bda024ebcdf3ebd2c5ef3e38acffa7bbfeef,adapter_ready,forecast_model,test.csv|sample_submission.csv|sealed_independent_test,pending
FULL_UNIFIED_RUN_V1,Store Item,2017-07-17,dlinear,none,29,50,10,7,0.001,4,Adam,0.001,v1_0206_store_item_20170717_dlinear_s29,stage_2,log1p_huber_delta_1,latest locked 28-day rolling origin strictly before formal origin,reinitialize same seed; all pre-origin rolling samples; e_star epochs,configs/adapter_common_contract.yaml,99f53feff701ca0e8ddb39eaf4c2384b14067b4e69669a6d805e4efea668fb19,cb704e15bf73a80e87151fc7a786498308b0888b5b69c93a6c61d1fdd789036d,34d53ca2bc8d880fcab243b4a0c32e211cbc184f8aa88af0a0cc7daa0679b437,not_applicable,not_applicable,existing_source_locks.csv|compatibility_config_hash:15120158aaa48625c00f34b8cc1572b184fc98569bd1df31445ff86a5d54baa5,54e4c9aa57315a57b60ea22c93b01867a66553cf8dab5bdf9bfeab7704132815,d7c77384eedf44b83bb464f03081bda024ebcdf3ebd2c5ef3e38acffa7bbfeef,adapter_ready,forecast_model,test.csv|sample_submission.csv|sealed_independent_test,pending
FULL_UNIFIED_RUN_V1,Store Item,2017-07-17,dlinear,none,47,50,10,7,0.001,4,Adam,0.001,v1_0207_store_item_20170717_dlinear_s47,stage_2,log1p_huber_delta_1,latest locked 28-day rolling origin strictly before formal origin,reinitialize same seed; all pre-origin rolling samples; e_star epochs,configs/adapter_common_contract.yaml,99f53feff701ca0e8ddb39eaf4c2384b14067b4e69669a6d805e4efea668fb19,cb704e15bf73a80e87151fc7a786498308b0888b5b69c93a6c61d1fdd789036d,34d53ca2bc8d880fcab243b4a0c32e211cbc184f8aa88af0a0cc7daa0679b437,not_applicable,not_applicable,existing_source_locks.csv|compatibility_config_hash:15120158aaa48625c00f34b8cc1572b184fc98569bd1df31445ff86a5d54baa5,89ae45d36f41ae8c07a0c5fa498c393d0ad438eaeaef6aeaa329544a0d950375,d7c77384eedf44b83bb464f03081bda024ebcdf3ebd2c5ef3e38acffa7bbfeef,adapter_ready,forecast_model,test.csv|sample_submission.csv|sealed_independent_test,pending
FULL_UNIFIED_RUN_V1,M5,2015-12-07,nlinear,none,13,50,10,7,0.001,4,Adam,0.001,v1_0208_m5_20151207_nlinear_s13,stage_2,log1p_huber_delta_1,latest locked 28-day rolling origin strictly before formal origin,reinitialize same seed; all pre-origin rolling samples; e_star epochs,configs/adapter_common_contract.yaml,0fdc80620cf8962630e75c1fa2432803a694bdd75347ebc77b3093fc02c15c5f,24f14f88e9945d2a7fb67744b119a74daf41bf279d2a3b941fb03feff77657e4,4e848b74ea357e0224e7040a2b5ea8d3cfd77d9b55bb869887df86ed6bfc2751,not_applicable,not_applicable,existing_source_locks.csv|compatibility_config_hash:15120158aaa48625c00f34b8cc1572b184fc98569bd1df31445ff86a5d54baa5,e798cbae206b2f66e28a5c8525b710985fa433b1f7100fdaa6c23d0717f0142a,d7c77384eedf44b83bb464f03081bda024ebcdf3ebd2c5ef3e38acffa7bbfeef,adapter_ready,forecast_model,,pending
FULL_UNIFIED_RUN_V1,M5,2015-12-07,nlinear,none,29,50,10,7,0.001,4,Adam,0.001,v1_0209_m5_20151207_nlinear_s29,stage_2,log1p_huber_delta_1,latest locked 28-day rolling origin strictly before formal origin,reinitialize same seed; all pre-origin rolling samples; e_star epochs,configs/adapter_common_contract.yaml,0fdc80620cf8962630e75c1fa2432803a694bdd75347ebc77b3093fc02c15c5f,24f14f88e9945d2a7fb67744b119a74daf41bf279d2a3b941fb03feff77657e4,4e848b74ea357e0224e7040a2b5ea8d3cfd77d9b55bb869887df86ed6bfc2751,not_applicable,not_applicable,existing_source_locks.csv|compatibility_config_hash:15120158aaa48625c00f34b8cc1572b184fc98569bd1df31445ff86a5d54baa5,32d70b739fbe88047c6e4c87d4fabd7c1e342b0db61145732a03a9b856868ef5,d7c77384eedf44b83bb464f03081bda024ebcdf3ebd2c5ef3e38acffa7bbfeef,adapter_ready,forecast_model,,pending
FULL_UNIFIED_RUN_V1,M5,2015-12-07,nlinear,none,47,50,10,7,0.001,4,Adam,0.001,v1_0210_m5_20151207_nlinear_s47,stage_2,log1p_huber_delta_1,latest locked 28-day rolling origin strictly before formal origin,reinitialize same seed; all pre-origin rolling samples; e_star epochs,configs/adapter_common_contract.yaml,0fdc80620cf8962630e75c1fa2432803a694bdd75347ebc77b3093fc02c15c5f,24f14f88e9945d2a7fb67744b119a74daf41bf279d2a3b941fb03feff77657e4,4e848b74ea357e0224e7040a2b5ea8d3cfd77d9b55bb869887df86ed6bfc2751,not_applicable,not_applicable,existing_source_locks.csv|compatibility_config_hash:15120158aaa48625c00f34b8cc1572b184fc98569bd1df31445ff86a5d54baa5,53665f68a93a0294ff67657b22a3676373bdf47a8e40a12b253c48b09e4fb231,d7c77384eedf44b83bb464f03081bda024ebcdf3ebd2c5ef3e38acffa7bbfeef,adapter_ready,forecast_model,,pending
FULL_UNIFIED_RUN_V1,M5,2016-01-04,nlinear,none,13,50,10,7,0.001,4,Adam,0.001,v1_0211_m5_20160104_nlinear_s13,stage_2,log1p_huber_delta_1,latest locked 28-day rolling origin strictly before formal origin,reinitialize same seed; all pre-origin rolling samples; e_star epochs,configs/adapter_common_contract.yaml,0fdc80620cf8962630e75c1fa2432803a694bdd75347ebc77b3093fc02c15c5f,f363d22b50ee5ecf935d764748129bbf4e83b2417ab50854a465cae0c12fccbf,3016e2d14ad01bc58bf8bc0ed0e99fd89d95ae1895eb99367eaa330b9cef355d,not_applicable,not_applicable,existing_source_locks.csv|compatibility_config_hash:15120158aaa48625c00f34b8cc1572b184fc98569bd1df31445ff86a5d54baa5,f15538faaed4b3c66b6d1637f20b9df8bd580ce6255804b4d7e8e9b9e2f5e40a,d7c77384eedf44b83bb464f03081bda024ebcdf3ebd2c5ef3e38acffa7bbfeef,adapter_ready,forecast_model,,pending
FULL_UNIFIED_RUN_V1,M5,2016-01-04,nlinear,none,29,50,10,7,0.001,4,Adam,0.001,v1_0212_m5_20160104_nlinear_s29,stage_2,log1p_huber_delta_1,latest locked 28-day rolling origin strictly before formal origin,reinitialize same seed; all pre-origin rolling samples; e_star epochs,configs/adapter_common_contract.yaml,0fdc80620cf8962630e75c1fa2432803a694bdd75347ebc77b3093fc02c15c5f,f363d22b50ee5ecf935d764748129bbf4e83b2417ab50854a465cae0c12fccbf,3016e2d14ad01bc58bf8bc0ed0e99fd89d95ae1895eb99367eaa330b9cef355d,not_applicable,not_applicable,existing_source_locks.csv|compatibility_config_hash:15120158aaa48625c00f34b8cc1572b184fc98569bd1df31445ff86a5d54baa5,0cffad46e7cc2b3d88c06ce33832527930578c9ec03498e487e2f735384f1ed1,d7c77384eedf44b83bb464f03081bda024ebcdf3ebd2c5ef3e38acffa7bbfeef,adapter_ready,forecast_model,,pending
FULL_UNIFIED_RUN_V1,M5,2016-01-04,nlinear,none,47,50,10,7,0.001,4,Adam,0.001,v1_0213_m5_20160104_nlinear_s47,stage_2,log1p_huber_delta_1,latest locked 28-day rolling origin strictly before formal origin,reinitialize same seed; all pre-origin rolling samples; e_star epochs,configs/adapter_common_contract.yaml,0fdc80620cf8962630e75c1fa2432803a694bdd75347ebc77b3093fc02c15c5f,f363d22b50ee5ecf935d764748129bbf4e83b2417ab50854a465cae0c12fccbf,3016e2d14ad01bc58bf8bc0ed0e99fd89d95ae1895eb99367eaa330b9cef355d,not_applicable,not_applicable,existing_source_locks.csv|compatibility_config_hash:15120158aaa48625c00f34b8cc1572b184fc98569bd1df31445ff86a5d54baa5,eba07c553303b1af41d6c2cda08da09ac9c634e427b8126e81ba851707dc7c31,d7c77384eedf44b83bb464f03081bda024ebcdf3ebd2c5ef3e38acffa7bbfeef,adapter_ready,forecast_model,,pending
FULL_UNIFIED_RUN_V1,M5,2016-02-01,nlinear,none,13,50,10,7,0.001,4,Adam,0.001,v1_0214_m5_20160201_nlinear_s13,stage_2,log1p_huber_delta_1,latest locked 28-day rolling origin strictly before formal origin,reinitialize same seed; all pre-origin rolling samples; e_star epochs,configs/adapter_common_contract.yaml,0fdc80620cf8962630e75c1fa2432803a694bdd75347ebc77b3093fc02c15c5f,84ec5e1a462241b724bdb52169726ffe86647b20efbad04d01b949a8b9fc2a01,3016e2d14ad01bc58bf8bc0ed0e99fd89d95ae1895eb99367eaa330b9cef355d,not_applicable,not_applicable,existing_source_locks.csv|compatibility_config_hash:15120158aaa48625c00f34b8cc1572b184fc98569bd1df31445ff86a5d54baa5,a3cf1abfa26518ef4495c16f6fc1b3ef19556cf86866500bc7dbf32d15e7c9b8,d7c77384eedf44b83bb464f03081bda024ebcdf3ebd2c5ef3e38acffa7bbfeef,adapter_ready,forecast_model,,pending
FULL_UNIFIED_RUN_V1,M5,2016-02-01,nlinear,none,29,50,10,7,0.001,4,Adam,0.001,v1_0215_m5_20160201_nlinear_s29,stage_2,log1p_huber_delta_1,latest locked 28-day rolling origin strictly before formal origin,reinitialize same seed; all pre-origin rolling samples; e_star epochs,configs/adapter_common_contract.yaml,0fdc80620cf8962630e75c1fa2432803a694bdd75347ebc77b3093fc02c15c5f,84ec5e1a462241b724bdb52169726ffe86647b20efbad04d01b949a8b9fc2a01,3016e2d14ad01bc58bf8bc0ed0e99fd89d95ae1895eb99367eaa330b9cef355d,not_applicable,not_applicable,existing_source_locks.csv|compatibility_config_hash:15120158aaa48625c00f34b8cc1572b184fc98569bd1df31445ff86a5d54baa5,c0213bd517ed4becfe6fb433dab2f2aca520738fb998c24e183dbec608003a11,d7c77384eedf44b83bb464f03081bda024ebcdf3ebd2c5ef3e38acffa7bbfeef,adapter_ready,forecast_model,,pending
FULL_UNIFIED_RUN_V1,M5,2016-02-01,nlinear,none,47,50,10,7,0.001,4,Adam,0.001,v1_0216_m5_20160201_nlinear_s47,stage_2,log1p_huber_delta_1,latest locked 28-day rolling origin strictly before formal origin,reinitialize same seed; all pre-origin rolling samples; e_star epochs,configs/adapter_common_contract.yaml,0fdc80620cf8962630e75c1fa2432803a694bdd75347ebc77b3093fc02c15c5f,84ec5e1a462241b724bdb52169726ffe86647b20efbad04d01b949a8b9fc2a01,3016e2d14ad01bc58bf8bc0ed0e99fd89d95ae1895eb99367eaa330b9cef355d,not_applicable,not_applicable,existing_source_locks.csv|compatibility_config_hash:15120158aaa48625c00f34b8cc1572b184fc98569bd1df31445ff86a5d54baa5,0b50f03abe0a9b7a88eaedab9564390872cdaf5fd8468683454b1e9539f2184c,d7c77384eedf44b83bb464f03081bda024ebcdf3ebd2c5ef3e38acffa7bbfeef,adapter_ready,forecast_model,,pending
FULL_UNIFIED_RUN_V1,Favorita,2017-03-01,nlinear,none,13,50,10,7,0.001,4,Adam,0.001,v1_0217_favorita_20170301_nlinear_s13,stage_2,log1p_huber_delta_1,latest locked 28-day rolling origin strictly before formal origin,reinitialize same seed; all pre-origin rolling samples; e_star epochs,configs/adapter_common_contract.yaml,99f53feff701ca0e8ddb39eaf4c2384b14067b4e69669a6d805e4efea668fb19,cd0beeec37632daa955a38f9eba4e42ab5553d9daac470a0028c402132af43b1,55dc80374cd57120ded1af94a404fe3169d392e3a0e2c0f29bd6d1a2eed1002e,not_applicable,not_applicable,existing_source_locks.csv|compatibility_config_hash:15120158aaa48625c00f34b8cc1572b184fc98569bd1df31445ff86a5d54baa5,7d45ffabe592c7a21b706217e876b46b12321b8245e0486bebf4ce99a6567d80,d7c77384eedf44b83bb464f03081bda024ebcdf3ebd2c5ef3e38acffa7bbfeef,adapter_ready,forecast_model,,pending
FULL_UNIFIED_RUN_V1,Favorita,2017-03-01,nlinear,none,29,50,10,7,0.001,4,Adam,0.001,v1_0218_favorita_20170301_nlinear_s29,stage_2,log1p_huber_delta_1,latest locked 28-day rolling origin strictly before formal origin,reinitialize same seed; all pre-origin rolling samples; e_star epochs,configs/adapter_common_contract.yaml,99f53feff701ca0e8ddb39eaf4c2384b14067b4e69669a6d805e4efea668fb19,cd0beeec37632daa955a38f9eba4e42ab5553d9daac470a0028c402132af43b1,55dc80374cd57120ded1af94a404fe3169d392e3a0e2c0f29bd6d1a2eed1002e,not_applicable,not_applicable,existing_source_locks.csv|compatibility_config_hash:15120158aaa48625c00f34b8cc1572b184fc98569bd1df31445ff86a5d54baa5,c03b323b0ede7cd00166e6a813af7652fc77ad4be18f4eb23ec5fdbf7f53ebde,d7c77384eedf44b83bb464f03081bda024ebcdf3ebd2c5ef3e38acffa7bbfeef,adapter_ready,forecast_model,,pending
FULL_UNIFIED_RUN_V1,Favorita,2017-03-01,nlinear,none,47,50,10,7,0.001,4,Adam,0.001,v1_0219_favorita_20170301_nlinear_s47,stage_2,log1p_huber_delta_1,latest locked 28-day rolling origin strictly before formal origin,reinitialize same seed; all pre-origin rolling samples; e_star epochs,configs/adapter_common_contract.yaml,99f53feff701ca0e8ddb39eaf4c2384b14067b4e69669a6d805e4efea668fb19,cd0beeec37632daa955a38f9eba4e42ab5553d9daac470a0028c402132af43b1,55dc80374cd57120ded1af94a404fe3169d392e3a0e2c0f29bd6d1a2eed1002e,not_applicable,not_applicable,existing_source_locks.csv|compatibility_config_hash:15120158aaa48625c00f34b8cc1572b184fc98569bd1df31445ff86a5d54baa5,cfcecbb9e9129c5f75f2550fe2d4b38490099e2ebcf13d2a472059b383b093a9,d7c77384eedf44b83bb464f03081bda024ebcdf3ebd2c5ef3e38acffa7bbfeef,adapter_ready,forecast_model,,pending
FULL_UNIFIED_RUN_V1,Favorita,2017-03-29,nlinear,none,13,50,10,7,0.001,4,Adam,0.001,v1_0220_favorita_20170329_nlinear_s13,stage_2,log1p_huber_delta_1,latest locked 28-day rolling origin strictly before formal origin,reinitialize same seed; all pre-origin rolling samples; e_star epochs,configs/adapter_common_contract.yaml,99f53feff701ca0e8ddb39eaf4c2384b14067b4e69669a6d805e4efea668fb19,345dabcf47b0f7e1fb1895e4c61f5d5ebffaa56e09a9f5b2d7896f439c70937b,61b843616ad20b3c0f66e85ec548fd8ee39336145e3b216b3e7363c867264271,not_applicable,not_applicable,existing_source_locks.csv|compatibility_config_hash:15120158aaa48625c00f34b8cc1572b184fc98569bd1df31445ff86a5d54baa5,9598742505816764f3a01a6889d78e7fdbf729c8c99f1f6f80bb50ae5503c6af,d7c77384eedf44b83bb464f03081bda024ebcdf3ebd2c5ef3e38acffa7bbfeef,adapter_ready,forecast_model,,pending
FULL_UNIFIED_RUN_V1,Favorita,2017-03-29,nlinear,none,29,50,10,7,0.001,4,Adam,0.001,v1_0221_favorita_20170329_nlinear_s29,stage_2,log1p_huber_delta_1,latest locked 28-day rolling origin strictly before formal origin,reinitialize same seed; all pre-origin rolling samples; e_star epochs,configs/adapter_common_contract.yaml,99f53feff701ca0e8ddb39eaf4c2384b14067b4e69669a6d805e4efea668fb19,345dabcf47b0f7e1fb1895e4c61f5d5ebffaa56e09a9f5b2d7896f439c70937b,61b843616ad20b3c0f66e85ec548fd8ee39336145e3b216b3e7363c867264271,not_applicable,not_applicable,existing_source_locks.csv|compatibility_config_hash:15120158aaa48625c00f34b8cc1572b184fc98569bd1df31445ff86a5d54baa5,d2e11d41795f06506cbcf1a2c8278d36b036b7c41c282d71b405cba16fa20342,d7c77384eedf44b83bb464f03081bda024ebcdf3ebd2c5ef3e38acffa7bbfeef,adapter_ready,forecast_model,,pending
FULL_UNIFIED_RUN_V1,Favorita,2017-03-29,nlinear,none,47,50,10,7,0.001,4,Adam,0.001,v1_0222_favorita_20170329_nlinear_s47,stage_2,log1p_huber_delta_1,latest locked 28-day rolling origin strictly before formal origin,reinitialize same seed; all pre-origin rolling samples; e_star epochs,configs/adapter_common_contract.yaml,99f53feff701ca0e8ddb39eaf4c2384b14067b4e69669a6d805e4efea668fb19,345dabcf47b0f7e1fb1895e4c61f5d5ebffaa56e09a9f5b2d7896f439c70937b,61b843616ad20b3c0f66e85ec548fd8ee39336145e3b216b3e7363c867264271,not_applicable,not_applicable,existing_source_locks.csv|compatibility_config_hash:15120158aaa48625c00f34b8cc1572b184fc98569bd1df31445ff86a5d54baa5,bdad86cce67c1916cbbf23e2f7489089a94dcf21a673bdf4857db94cece2252d,d7c77384eedf44b83bb464f03081bda024ebcdf3ebd2c5ef3e38acffa7bbfeef,adapter_ready,forecast_model,,pending
FULL_UNIFIED_RUN_V1,Favorita,2017-04-26,nlinear,none,13,50,10,7,0.001,4,Adam,0.001,v1_0223_favorita_20170426_nlinear_s13,stage_2,log1p_huber_delta_1,latest locked 28-day rolling origin strictly before formal origin,reinitialize same seed; all pre-origin rolling samples; e_star epochs,configs/adapter_common_contract.yaml,99f53feff701ca0e8ddb39eaf4c2384b14067b4e69669a6d805e4efea668fb19,c488ebe713d35972ff5a908aa6c2090b4ea444972f31abbf215c0d17998dda91,c5ea41145b284ccabb9c8485eff0a16b0d7d6e25e5c1c3c30f9e41f0516db7ad,not_applicable,not_applicable,existing_source_locks.csv|compatibility_config_hash:15120158aaa48625c00f34b8cc1572b184fc98569bd1df31445ff86a5d54baa5,925039550752e810f5a7b11c7baf290f92c4a96289023a51cf780d6bf64b3a43,d7c77384eedf44b83bb464f03081bda024ebcdf3ebd2c5ef3e38acffa7bbfeef,adapter_ready,forecast_model,,pending
FULL_UNIFIED_RUN_V1,Favorita,2017-04-26,nlinear,none,29,50,10,7,0.001,4,Adam,0.001,v1_0224_favorita_20170426_nlinear_s29,stage_2,log1p_huber_delta_1,latest locked 28-day rolling origin strictly before formal origin,reinitialize same seed; all pre-origin rolling samples; e_star epochs,configs/adapter_common_contract.yaml,99f53feff701ca0e8ddb39eaf4c2384b14067b4e69669a6d805e4efea668fb19,c488ebe713d35972ff5a908aa6c2090b4ea444972f31abbf215c0d17998dda91,c5ea41145b284ccabb9c8485eff0a16b0d7d6e25e5c1c3c30f9e41f0516db7ad,not_applicable,not_applicable,existing_source_locks.csv|compatibility_config_hash:15120158aaa48625c00f34b8cc1572b184fc98569bd1df31445ff86a5d54baa5,99c957cc4410e5995d74ddb7d2c479bc27ca0b75df124a65799d129a7cb23bdb,d7c77384eedf44b83bb464f03081bda024ebcdf3ebd2c5ef3e38acffa7bbfeef,adapter_ready,forecast_model,,pending
FULL_UNIFIED_RUN_V1,Favorita,2017-04-26,nlinear,none,47,50,10,7,0.001,4,Adam,0.001,v1_0225_favorita_20170426_nlinear_s47,stage_2,log1p_huber_delta_1,latest locked 28-day rolling origin strictly before formal origin,reinitialize same seed; all pre-origin rolling samples; e_star epochs,configs/adapter_common_contract.yaml,99f53feff701ca0e8ddb39eaf4c2384b14067b4e69669a6d805e4efea668fb19,c488ebe713d35972ff5a908aa6c2090b4ea444972f31abbf215c0d17998dda91,c5ea41145b284ccabb9c8485eff0a16b0d7d6e25e5c1c3c30f9e41f0516db7ad,not_applicable,not_applicable,existing_source_locks.csv|compatibility_config_hash:15120158aaa48625c00f34b8cc1572b184fc98569bd1df31445ff86a5d54baa5,bc36edc204152c3641498d58a04181842bea818a49fbff028cd3c9f14ddc8019,d7c77384eedf44b83bb464f03081bda024ebcdf3ebd2c5ef3e38acffa7bbfeef,adapter_ready,forecast_model,,pending
FULL_UNIFIED_RUN_V1,Store Item,2017-05-22,nlinear,none,13,50,10,7,0.001,4,Adam,0.001,v1_0226_store_item_20170522_nlinear_s13,stage_2,log1p_huber_delta_1,latest locked 28-day rolling origin strictly before formal origin,reinitialize same seed; all pre-origin rolling samples; e_star epochs,configs/adapter_common_contract.yaml,99f53feff701ca0e8ddb39eaf4c2384b14067b4e69669a6d805e4efea668fb19,96f573b570f1b2d301538d41f90dacef49f3190e6f15d4c0105641fefebfcd31,16faaf5314d2d656099b5dfcf1294a6e3ae99741f8f303dcc812754898b52246,not_applicable,not_applicable,existing_source_locks.csv|compatibility_config_hash:15120158aaa48625c00f34b8cc1572b184fc98569bd1df31445ff86a5d54baa5,cd3e0e1634c3c2a39a8fecda6e097ef80d04556528f4c829346d2bffccececd5,d7c77384eedf44b83bb464f03081bda024ebcdf3ebd2c5ef3e38acffa7bbfeef,adapter_ready,forecast_model,test.csv|sample_submission.csv|sealed_independent_test,pending
FULL_UNIFIED_RUN_V1,Store Item,2017-05-22,nlinear,none,29,50,10,7,0.001,4,Adam,0.001,v1_0227_store_item_20170522_nlinear_s29,stage_2,log1p_huber_delta_1,latest locked 28-day rolling origin strictly before formal origin,reinitialize same seed; all pre-origin rolling samples; e_star epochs,configs/adapter_common_contract.yaml,99f53feff701ca0e8ddb39eaf4c2384b14067b4e69669a6d805e4efea668fb19,96f573b570f1b2d301538d41f90dacef49f3190e6f15d4c0105641fefebfcd31,16faaf5314d2d656099b5dfcf1294a6e3ae99741f8f303dcc812754898b52246,not_applicable,not_applicable,existing_source_locks.csv|compatibility_config_hash:15120158aaa48625c00f34b8cc1572b184fc98569bd1df31445ff86a5d54baa5,39ec8bbec2808d389d65c94e2ab496e7bd516702dca1666bf02d86ab525f6299,d7c77384eedf44b83bb464f03081bda024ebcdf3ebd2c5ef3e38acffa7bbfeef,adapter_ready,forecast_model,test.csv|sample_submission.csv|sealed_independent_test,pending
FULL_UNIFIED_RUN_V1,Store Item,2017-05-22,nlinear,none,47,50,10,7,0.001,4,Adam,0.001,v1_0228_store_item_20170522_nlinear_s47,stage_2,log1p_huber_delta_1,latest locked 28-day rolling origin strictly before formal origin,reinitialize same seed; all pre-origin rolling samples; e_star epochs,configs/adapter_common_contract.yaml,99f53feff701ca0e8ddb39eaf4c2384b14067b4e69669a6d805e4efea668fb19,96f573b570f1b2d301538d41f90dacef49f3190e6f15d4c0105641fefebfcd31,16faaf5314d2d656099b5dfcf1294a6e3ae99741f8f303dcc812754898b52246,not_applicable,not_applicable,existing_source_locks.csv|compatibility_config_hash:15120158aaa48625c00f34b8cc1572b184fc98569bd1df31445ff86a5d54baa5,9f05fd7b8481115c961b0c012602a318e452159db194323c64b48fa2ecdec042,d7c77384eedf44b83bb464f03081bda024ebcdf3ebd2c5ef3e38acffa7bbfeef,adapter_ready,forecast_model,test.csv|sample_submission.csv|sealed_independent_test,pending
FULL_UNIFIED_RUN_V1,Store Item,2017-06-19,nlinear,none,13,50,10,7,0.001,4,Adam,0.001,v1_0229_store_item_20170619_nlinear_s13,stage_2,log1p_huber_delta_1,latest locked 28-day rolling origin strictly before formal origin,reinitialize same seed; all pre-origin rolling samples; e_star epochs,configs/adapter_common_contract.yaml,99f53feff701ca0e8ddb39eaf4c2384b14067b4e69669a6d805e4efea668fb19,28beca4732b3f14a100f847605d2098885a415ba97668113a3ccce044ffb107d,0fbc52c84fd91f7cae2d2b0d15d8eb3627c8926e5b3fe3208f25e73f9d77146e,not_applicable,not_applicable,existing_source_locks.csv|compatibility_config_hash:15120158aaa48625c00f34b8cc1572b184fc98569bd1df31445ff86a5d54baa5,01ddde2f0cc460c5c0cfe8435e16cc6622a480451e62660667caf57da0cbbb3d,d7c77384eedf44b83bb464f03081bda024ebcdf3ebd2c5ef3e38acffa7bbfeef,adapter_ready,forecast_model,test.csv|sample_submission.csv|sealed_independent_test,pending
FULL_UNIFIED_RUN_V1,Store Item,2017-06-19,nlinear,none,29,50,10,7,0.001,4,Adam,0.001,v1_0230_store_item_20170619_nlinear_s29,stage_2,log1p_huber_delta_1,latest locked 28-day rolling origin strictly before formal origin,reinitialize same seed; all pre-origin rolling samples; e_star epochs,configs/adapter_common_contract.yaml,99f53feff701ca0e8ddb39eaf4c2384b14067b4e69669a6d805e4efea668fb19,28beca4732b3f14a100f847605d2098885a415ba97668113a3ccce044ffb107d,0fbc52c84fd91f7cae2d2b0d15d8eb3627c8926e5b3fe3208f25e73f9d77146e,not_applicable,not_applicable,existing_source_locks.csv|compatibility_config_hash:15120158aaa48625c00f34b8cc1572b184fc98569bd1df31445ff86a5d54baa5,e5f99d5353381e24f0d9c4b274f69b2844687d8c103a6402fa5436c645d8a3ca,d7c77384eedf44b83bb464f03081bda024ebcdf3ebd2c5ef3e38acffa7bbfeef,adapter_ready,forecast_model,test.csv|sample_submission.csv|sealed_independent_test,pending
FULL_UNIFIED_RUN_V1,Store Item,2017-06-19,nlinear,none,47,50,10,7,0.001,4,Adam,0.001,v1_0231_store_item_20170619_nlinear_s47,stage_2,log1p_huber_delta_1,latest locked 28-day rolling origin strictly before formal origin,reinitialize same seed; all pre-origin rolling samples; e_star epochs,configs/adapter_common_contract.yaml,99f53feff701ca0e8ddb39eaf4c2384b14067b4e69669a6d805e4efea668fb19,28beca4732b3f14a100f847605d2098885a415ba97668113a3ccce044ffb107d,0fbc52c84fd91f7cae2d2b0d15d8eb3627c8926e5b3fe3208f25e73f9d77146e,not_applicable,not_applicable,existing_source_locks.csv|compatibility_config_hash:15120158aaa48625c00f34b8cc1572b184fc98569bd1df31445ff86a5d54baa5,88ddf366993ccc4c4fdcfd77b2e72d0631f3c49ca40ec0c08cb5b768fa6f54c1,d7c77384eedf44b83bb464f03081bda024ebcdf3ebd2c5ef3e38acffa7bbfeef,adapter_ready,forecast_model,test.csv|sample_submission.csv|sealed_independent_test,pending
FULL_UNIFIED_RUN_V1,Store Item,2017-07-17,nlinear,none,13,50,10,7,0.001,4,Adam,0.001,v1_0232_store_item_20170717_nlinear_s13,stage_2,log1p_huber_delta_1,latest locked 28-day rolling origin strictly before formal origin,reinitialize same seed; all pre-origin rolling samples; e_star epochs,configs/adapter_common_contract.yaml,99f53feff701ca0e8ddb39eaf4c2384b14067b4e69669a6d805e4efea668fb19,cb704e15bf73a80e87151fc7a786498308b0888b5b69c93a6c61d1fdd789036d,34d53ca2bc8d880fcab243b4a0c32e211cbc184f8aa88af0a0cc7daa0679b437,not_applicable,not_applicable,existing_source_locks.csv|compatibility_config_hash:15120158aaa48625c00f34b8cc1572b184fc98569bd1df31445ff86a5d54baa5,4664e2eb08f12ec0900105ed001416fb88691c4b897fb5e1785128326a94988d,d7c77384eedf44b83bb464f03081bda024ebcdf3ebd2c5ef3e38acffa7bbfeef,adapter_ready,forecast_model,test.csv|sample_submission.csv|sealed_independent_test,pending
FULL_UNIFIED_RUN_V1,Store Item,2017-07-17,nlinear,none,29,50,10,7,0.001,4,Adam,0.001,v1_0233_store_item_20170717_nlinear_s29,stage_2,log1p_huber_delta_1,latest locked 28-day rolling origin strictly before formal origin,reinitialize same seed; all pre-origin rolling samples; e_star epochs,configs/adapter_common_contract.yaml,99f53feff701ca0e8ddb39eaf4c2384b14067b4e69669a6d805e4efea668fb19,cb704e15bf73a80e87151fc7a786498308b0888b5b69c93a6c61d1fdd789036d,34d53ca2bc8d880fcab243b4a0c32e211cbc184f8aa88af0a0cc7daa0679b437,not_applicable,not_applicable,existing_source_locks.csv|compatibility_config_hash:15120158aaa48625c00f34b8cc1572b184fc98569bd1df31445ff86a5d54baa5,02582eda41c2baa3bcf52a7d796f89a3dd32774e08bd59cf078516d83560f2b2,d7c77384eedf44b83bb464f03081bda024ebcdf3ebd2c5ef3e38acffa7bbfeef,adapter_ready,forecast_model,test.csv|sample_submission.csv|sealed_independent_test,pending
FULL_UNIFIED_RUN_V1,Store Item,2017-07-17,nlinear,none,47,50,10,7,0.001,4,Adam,0.001,v1_0234_store_item_20170717_nlinear_s47,stage_2,log1p_huber_delta_1,latest locked 28-day rolling origin strictly before formal origin,reinitialize same seed; all pre-origin rolling samples; e_star epochs,configs/adapter_common_contract.yaml,99f53feff701ca0e8ddb39eaf4c2384b14067b4e69669a6d805e4efea668fb19,cb704e15bf73a80e87151fc7a786498308b0888b5b69c93a6c61d1fdd789036d,34d53ca2bc8d880fcab243b4a0c32e211cbc184f8aa88af0a0cc7daa0679b437,not_applicable,not_applicable,existing_source_locks.csv|compatibility_config_hash:15120158aaa48625c00f34b8cc1572b184fc98569bd1df31445ff86a5d54baa5,032af524bba5d6f822922b29686fc565381e698c505d0abb7ee78b2beaedfabf,d7c77384eedf44b83bb464f03081bda024ebcdf3ebd2c5ef3e38acffa7bbfeef,adapter_ready,forecast_model,test.csv|sample_submission.csv|sealed_independent_test,pending
FULL_UNIFIED_RUN_V1,M5,2015-12-07,patchtst,none,13,50,10,7,0.001,4,Adam,0.001,v1_0235_m5_20151207_patchtst_s13,stage_2,log1p_huber_delta_1,latest locked 28-day rolling origin strictly before formal origin,reinitialize same seed; all pre-origin rolling samples; e_star epochs,configs/adapter_common_contract.yaml,0fdc80620cf8962630e75c1fa2432803a694bdd75347ebc77b3093fc02c15c5f,24f14f88e9945d2a7fb67744b119a74daf41bf279d2a3b941fb03feff77657e4,4e848b74ea357e0224e7040a2b5ea8d3cfd77d9b55bb869887df86ed6bfc2751,not_applicable,not_applicable,existing_source_locks.csv|compatibility_config_hash:15120158aaa48625c00f34b8cc1572b184fc98569bd1df31445ff86a5d54baa5,cd05afb544626386b8949bee0b7421909527b88f3c94ac08a42a21c5d17801d3,d7c77384eedf44b83bb464f03081bda024ebcdf3ebd2c5ef3e38acffa7bbfeef,adapter_ready,forecast_model,,pending
FULL_UNIFIED_RUN_V1,M5,2015-12-07,patchtst,none,29,50,10,7,0.001,4,Adam,0.001,v1_0236_m5_20151207_patchtst_s29,stage_2,log1p_huber_delta_1,latest locked 28-day rolling origin strictly before formal origin,reinitialize same seed; all pre-origin rolling samples; e_star epochs,configs/adapter_common_contract.yaml,0fdc80620cf8962630e75c1fa2432803a694bdd75347ebc77b3093fc02c15c5f,24f14f88e9945d2a7fb67744b119a74daf41bf279d2a3b941fb03feff77657e4,4e848b74ea357e0224e7040a2b5ea8d3cfd77d9b55bb869887df86ed6bfc2751,not_applicable,not_applicable,existing_source_locks.csv|compatibility_config_hash:15120158aaa48625c00f34b8cc1572b184fc98569bd1df31445ff86a5d54baa5,e19d846d5560e4b79d50e3e4bd7038e25f34e1d4002f799b3888b82d6db29d41,d7c77384eedf44b83bb464f03081bda024ebcdf3ebd2c5ef3e38acffa7bbfeef,adapter_ready,forecast_model,,pending
FULL_UNIFIED_RUN_V1,M5,2015-12-07,patchtst,none,47,50,10,7,0.001,4,Adam,0.001,v1_0237_m5_20151207_patchtst_s47,stage_2,log1p_huber_delta_1,latest locked 28-day rolling origin strictly before formal origin,reinitialize same seed; all pre-origin rolling samples; e_star epochs,configs/adapter_common_contract.yaml,0fdc80620cf8962630e75c1fa2432803a694bdd75347ebc77b3093fc02c15c5f,24f14f88e9945d2a7fb67744b119a74daf41bf279d2a3b941fb03feff77657e4,4e848b74ea357e0224e7040a2b5ea8d3cfd77d9b55bb869887df86ed6bfc2751,not_applicable,not_applicable,existing_source_locks.csv|compatibility_config_hash:15120158aaa48625c00f34b8cc1572b184fc98569bd1df31445ff86a5d54baa5,7102a17041e7c2e077590a56c2e8b84a395d529112af4154da2a178474fb697c,d7c77384eedf44b83bb464f03081bda024ebcdf3ebd2c5ef3e38acffa7bbfeef,adapter_ready,forecast_model,,pending
FULL_UNIFIED_RUN_V1,M5,2016-01-04,patchtst,none,13,50,10,7,0.001,4,Adam,0.001,v1_0238_m5_20160104_patchtst_s13,stage_2,log1p_huber_delta_1,latest locked 28-day rolling origin strictly before formal origin,reinitialize same seed; all pre-origin rolling samples; e_star epochs,configs/adapter_common_contract.yaml,0fdc80620cf8962630e75c1fa2432803a694bdd75347ebc77b3093fc02c15c5f,f363d22b50ee5ecf935d764748129bbf4e83b2417ab50854a465cae0c12fccbf,3016e2d14ad01bc58bf8bc0ed0e99fd89d95ae1895eb99367eaa330b9cef355d,not_applicable,not_applicable,existing_source_locks.csv|compatibility_config_hash:15120158aaa48625c00f34b8cc1572b184fc98569bd1df31445ff86a5d54baa5,e2424a18ae5ca433441bb818d8432a97854d9c1458945199c195bf3681fc043a,d7c77384eedf44b83bb464f03081bda024ebcdf3ebd2c5ef3e38acffa7bbfeef,adapter_ready,forecast_model,,pending
FULL_UNIFIED_RUN_V1,M5,2016-01-04,patchtst,none,29,50,10,7,0.001,4,Adam,0.001,v1_0239_m5_20160104_patchtst_s29,stage_2,log1p_huber_delta_1,latest locked 28-day rolling origin strictly before formal origin,reinitialize same seed; all pre-origin rolling samples; e_star epochs,configs/adapter_common_contract.yaml,0fdc80620cf8962630e75c1fa2432803a694bdd75347ebc77b3093fc02c15c5f,f363d22b50ee5ecf935d764748129bbf4e83b2417ab50854a465cae0c12fccbf,3016e2d14ad01bc58bf8bc0ed0e99fd89d95ae1895eb99367eaa330b9cef355d,not_applicable,not_applicable,existing_source_locks.csv|compatibility_config_hash:15120158aaa48625c00f34b8cc1572b184fc98569bd1df31445ff86a5d54baa5,ef1344036828f4bff732c285572b939733cbe968af62030dca3d888a11a5874a,d7c77384eedf44b83bb464f03081bda024ebcdf3ebd2c5ef3e38acffa7bbfeef,adapter_ready,forecast_model,,pending
FULL_UNIFIED_RUN_V1,M5,2016-01-04,patchtst,none,47,50,10,7,0.001,4,Adam,0.001,v1_0240_m5_20160104_patchtst_s47,stage_2,log1p_huber_delta_1,latest locked 28-day rolling origin strictly before formal origin,reinitialize same seed; all pre-origin rolling samples; e_star epochs,configs/adapter_common_contract.yaml,0fdc80620cf8962630e75c1fa2432803a694bdd75347ebc77b3093fc02c15c5f,f363d22b50ee5ecf935d764748129bbf4e83b2417ab50854a465cae0c12fccbf,3016e2d14ad01bc58bf8bc0ed0e99fd89d95ae1895eb99367eaa330b9cef355d,not_applicable,not_applicable,existing_source_locks.csv|compatibility_config_hash:15120158aaa48625c00f34b8cc1572b184fc98569bd1df31445ff86a5d54baa5,90aa549c593907e3b1ca345c4472b4b4d3c4f8e7d040cde79dcca98e947fda08,d7c77384eedf44b83bb464f03081bda024ebcdf3ebd2c5ef3e38acffa7bbfeef,adapter_ready,forecast_model,,pending
FULL_UNIFIED_RUN_V1,M5,2016-02-01,patchtst,none,13,50,10,7,0.001,4,Adam,0.001,v1_0241_m5_20160201_patchtst_s13,stage_2,log1p_huber_delta_1,latest locked 28-day rolling origin strictly before formal origin,reinitialize same seed; all pre-origin rolling samples; e_star epochs,configs/adapter_common_contract.yaml,0fdc80620cf8962630e75c1fa2432803a694bdd75347ebc77b3093fc02c15c5f,84ec5e1a462241b724bdb52169726ffe86647b20efbad04d01b949a8b9fc2a01,3016e2d14ad01bc58bf8bc0ed0e99fd89d95ae1895eb99367eaa330b9cef355d,not_applicable,not_applicable,existing_source_locks.csv|compatibility_config_hash:15120158aaa48625c00f34b8cc1572b184fc98569bd1df31445ff86a5d54baa5,b3b7f210ed25b44b5a163446089bc2321adfc237de512a8bb94fea57870a168f,d7c77384eedf44b83bb464f03081bda024ebcdf3ebd2c5ef3e38acffa7bbfeef,adapter_ready,forecast_model,,pending
FULL_UNIFIED_RUN_V1,M5,2016-02-01,patchtst,none,29,50,10,7,0.001,4,Adam,0.001,v1_0242_m5_20160201_patchtst_s29,stage_2,log1p_huber_delta_1,latest locked 28-day rolling origin strictly before formal origin,reinitialize same seed; all pre-origin rolling samples; e_star epochs,configs/adapter_common_contract.yaml,0fdc80620cf8962630e75c1fa2432803a694bdd75347ebc77b3093fc02c15c5f,84ec5e1a462241b724bdb52169726ffe86647b20efbad04d01b949a8b9fc2a01,3016e2d14ad01bc58bf8bc0ed0e99fd89d95ae1895eb99367eaa330b9cef355d,not_applicable,not_applicable,existing_source_locks.csv|compatibility_config_hash:15120158aaa48625c00f34b8cc1572b184fc98569bd1df31445ff86a5d54baa5,2317df97e0de8c1db6f679e9a3090ff3613338426787c7bfd960cfe61d487acc,d7c77384eedf44b83bb464f03081bda024ebcdf3ebd2c5ef3e38acffa7bbfeef,adapter_ready,forecast_model,,pending
FULL_UNIFIED_RUN_V1,M5,2016-02-01,patchtst,none,47,50,10,7,0.001,4,Adam,0.001,v1_0243_m5_20160201_patchtst_s47,stage_2,log1p_huber_delta_1,latest locked 28-day rolling origin strictly before formal origin,reinitialize same seed; all pre-origin rolling samples; e_star epochs,configs/adapter_common_contract.yaml,0fdc80620cf8962630e75c1fa2432803a694bdd75347ebc77b3093fc02c15c5f,84ec5e1a462241b724bdb52169726ffe86647b20efbad04d01b949a8b9fc2a01,3016e2d14ad01bc58bf8bc0ed0e99fd89d95ae1895eb99367eaa330b9cef355d,not_applicable,not_applicable,existing_source_locks.csv|compatibility_config_hash:15120158aaa48625c00f34b8cc1572b184fc98569bd1df31445ff86a5d54baa5,301fd184ff81001f31fb21770becb58b5f668fee9cf9a1d5358c46b7ca3c964d,d7c77384eedf44b83bb464f03081bda024ebcdf3ebd2c5ef3e38acffa7bbfeef,adapter_ready,forecast_model,,pending
FULL_UNIFIED_RUN_V1,Favorita,2017-03-01,patchtst,none,13,50,10,7,0.001,4,Adam,0.001,v1_0244_favorita_20170301_patchtst_s13,stage_2,log1p_huber_delta_1,latest locked 28-day rolling origin strictly before formal origin,reinitialize same seed; all pre-origin rolling samples; e_star epochs,configs/adapter_common_contract.yaml,99f53feff701ca0e8ddb39eaf4c2384b14067b4e69669a6d805e4efea668fb19,cd0beeec37632daa955a38f9eba4e42ab5553d9daac470a0028c402132af43b1,55dc80374cd57120ded1af94a404fe3169d392e3a0e2c0f29bd6d1a2eed1002e,not_applicable,not_applicable,existing_source_locks.csv|compatibility_config_hash:15120158aaa48625c00f34b8cc1572b184fc98569bd1df31445ff86a5d54baa5,16ff36776e951fda624f6922e17f2b4154443084459095364c16fd71e24f1a44,d7c77384eedf44b83bb464f03081bda024ebcdf3ebd2c5ef3e38acffa7bbfeef,adapter_ready,forecast_model,,pending
FULL_UNIFIED_RUN_V1,Favorita,2017-03-01,patchtst,none,29,50,10,7,0.001,4,Adam,0.001,v1_0245_favorita_20170301_patchtst_s29,stage_2,log1p_huber_delta_1,latest locked 28-day rolling origin strictly before formal origin,reinitialize same seed; all pre-origin rolling samples; e_star epochs,configs/adapter_common_contract.yaml,99f53feff701ca0e8ddb39eaf4c2384b14067b4e69669a6d805e4efea668fb19,cd0beeec37632daa955a38f9eba4e42ab5553d9daac470a0028c402132af43b1,55dc80374cd57120ded1af94a404fe3169d392e3a0e2c0f29bd6d1a2eed1002e,not_applicable,not_applicable,existing_source_locks.csv|compatibility_config_hash:15120158aaa48625c00f34b8cc1572b184fc98569bd1df31445ff86a5d54baa5,0c8274d49b46cab6b3e46c80b843d686ed051b90cd2798a46226d7a8993e4cf5,d7c77384eedf44b83bb464f03081bda024ebcdf3ebd2c5ef3e38acffa7bbfeef,adapter_ready,forecast_model,,pending
FULL_UNIFIED_RUN_V1,Favorita,2017-03-01,patchtst,none,47,50,10,7,0.001,4,Adam,0.001,v1_0246_favorita_20170301_patchtst_s47,stage_2,log1p_huber_delta_1,latest locked 28-day rolling origin strictly before formal origin,reinitialize same seed; all pre-origin rolling samples; e_star epochs,configs/adapter_common_contract.yaml,99f53feff701ca0e8ddb39eaf4c2384b14067b4e69669a6d805e4efea668fb19,cd0beeec37632daa955a38f9eba4e42ab5553d9daac470a0028c402132af43b1,55dc80374cd57120ded1af94a404fe3169d392e3a0e2c0f29bd6d1a2eed1002e,not_applicable,not_applicable,existing_source_locks.csv|compatibility_config_hash:15120158aaa48625c00f34b8cc1572b184fc98569bd1df31445ff86a5d54baa5,1f3f43dee5efa6e559bef1cfb90f885afa637df5370bd12348a99bbba95d5fed,d7c77384eedf44b83bb464f03081bda024ebcdf3ebd2c5ef3e38acffa7bbfeef,adapter_ready,forecast_model,,pending
FULL_UNIFIED_RUN_V1,Favorita,2017-03-29,patchtst,none,13,50,10,7,0.001,4,Adam,0.001,v1_0247_favorita_20170329_patchtst_s13,stage_2,log1p_huber_delta_1,latest locked 28-day rolling origin strictly before formal origin,reinitialize same seed; all pre-origin rolling samples; e_star epochs,configs/adapter_common_contract.yaml,99f53feff701ca0e8ddb39eaf4c2384b14067b4e69669a6d805e4efea668fb19,345dabcf47b0f7e1fb1895e4c61f5d5ebffaa56e09a9f5b2d7896f439c70937b,61b843616ad20b3c0f66e85ec548fd8ee39336145e3b216b3e7363c867264271,not_applicable,not_applicable,existing_source_locks.csv|compatibility_config_hash:15120158aaa48625c00f34b8cc1572b184fc98569bd1df31445ff86a5d54baa5,163ae08cc5b9e7eab622eafbe2f4182c6ce8bcc8ddf829b50484b7dcf75f3142,d7c77384eedf44b83bb464f03081bda024ebcdf3ebd2c5ef3e38acffa7bbfeef,adapter_ready,forecast_model,,pending
FULL_UNIFIED_RUN_V1,Favorita,2017-03-29,patchtst,none,29,50,10,7,0.001,4,Adam,0.001,v1_0248_favorita_20170329_patchtst_s29,stage_2,log1p_huber_delta_1,latest locked 28-day rolling origin strictly before formal origin,reinitialize same seed; all pre-origin rolling samples; e_star epochs,configs/adapter_common_contract.yaml,99f53feff701ca0e8ddb39eaf4c2384b14067b4e69669a6d805e4efea668fb19,345dabcf47b0f7e1fb1895e4c61f5d5ebffaa56e09a9f5b2d7896f439c70937b,61b843616ad20b3c0f66e85ec548fd8ee39336145e3b216b3e7363c867264271,not_applicable,not_applicable,existing_source_locks.csv|compatibility_config_hash:15120158aaa48625c00f34b8cc1572b184fc98569bd1df31445ff86a5d54baa5,20b8dfe24f35f7898a2d186f66e4b9decbfeae39bea147c15516f4d057feac10,d7c77384eedf44b83bb464f03081bda024ebcdf3ebd2c5ef3e38acffa7bbfeef,adapter_ready,forecast_model,,pending
FULL_UNIFIED_RUN_V1,Favorita,2017-03-29,patchtst,none,47,50,10,7,0.001,4,Adam,0.001,v1_0249_favorita_20170329_patchtst_s47,stage_2,log1p_huber_delta_1,latest locked 28-day rolling origin strictly before formal origin,reinitialize same seed; all pre-origin rolling samples; e_star epochs,configs/adapter_common_contract.yaml,99f53feff701ca0e8ddb39eaf4c2384b14067b4e69669a6d805e4efea668fb19,345dabcf47b0f7e1fb1895e4c61f5d5ebffaa56e09a9f5b2d7896f439c70937b,61b843616ad20b3c0f66e85ec548fd8ee39336145e3b216b3e7363c867264271,not_applicable,not_applicable,existing_source_locks.csv|compatibility_config_hash:15120158aaa48625c00f34b8cc1572b184fc98569bd1df31445ff86a5d54baa5,10bc9817dce5f5bbc6da3852d9c3e3df93ad580bfa392c322a5e1e3a0d97ac46,d7c77384eedf44b83bb464f03081bda024ebcdf3ebd2c5ef3e38acffa7bbfeef,adapter_ready,forecast_model,,pending
FULL_UNIFIED_RUN_V1,Favorita,2017-04-26,patchtst,none,13,50,10,7,0.001,4,Adam,0.001,v1_0250_favorita_20170426_patchtst_s13,stage_2,log1p_huber_delta_1,latest locked 28-day rolling origin strictly before formal origin,reinitialize same seed; all pre-origin rolling samples; e_star epochs,configs/adapter_common_contract.yaml,99f53feff701ca0e8ddb39eaf4c2384b14067b4e69669a6d805e4efea668fb19,c488ebe713d35972ff5a908aa6c2090b4ea444972f31abbf215c0d17998dda91,c5ea41145b284ccabb9c8485eff0a16b0d7d6e25e5c1c3c30f9e41f0516db7ad,not_applicable,not_applicable,existing_source_locks.csv|compatibility_config_hash:15120158aaa48625c00f34b8cc1572b184fc98569bd1df31445ff86a5d54baa5,39a1c4c1e83432b1e4daeecb72a8d95a580d86381830d6d2ae14ca3223cb869d,d7c77384eedf44b83bb464f03081bda024ebcdf3ebd2c5ef3e38acffa7bbfeef,adapter_ready,forecast_model,,pending
FULL_UNIFIED_RUN_V1,Favorita,2017-04-26,patchtst,none,29,50,10,7,0.001,4,Adam,0.001,v1_0251_favorita_20170426_patchtst_s29,stage_2,log1p_huber_delta_1,latest locked 28-day rolling origin strictly before formal origin,reinitialize same seed; all pre-origin rolling samples; e_star epochs,configs/adapter_common_contract.yaml,99f53feff701ca0e8ddb39eaf4c2384b14067b4e69669a6d805e4efea668fb19,c488ebe713d35972ff5a908aa6c2090b4ea444972f31abbf215c0d17998dda91,c5ea41145b284ccabb9c8485eff0a16b0d7d6e25e5c1c3c30f9e41f0516db7ad,not_applicable,not_applicable,existing_source_locks.csv|compatibility_config_hash:15120158aaa48625c00f34b8cc1572b184fc98569bd1df31445ff86a5d54baa5,5cc830d99380e50405f80c57294fc72ff17b880bd110d6463d760a63ef2a3bcc,d7c77384eedf44b83bb464f03081bda024ebcdf3ebd2c5ef3e38acffa7bbfeef,adapter_ready,forecast_model,,pending
FULL_UNIFIED_RUN_V1,Favorita,2017-04-26,patchtst,none,47,50,10,7,0.001,4,Adam,0.001,v1_0252_favorita_20170426_patchtst_s47,stage_2,log1p_huber_delta_1,latest locked 28-day rolling origin strictly before formal origin,reinitialize same seed; all pre-origin rolling samples; e_star epochs,configs/adapter_common_contract.yaml,99f53feff701ca0e8ddb39eaf4c2384b14067b4e69669a6d805e4efea668fb19,c488ebe713d35972ff5a908aa6c2090b4ea444972f31abbf215c0d17998dda91,c5ea41145b284ccabb9c8485eff0a16b0d7d6e25e5c1c3c30f9e41f0516db7ad,not_applicable,not_applicable,existing_source_locks.csv|compatibility_config_hash:15120158aaa48625c00f34b8cc1572b184fc98569bd1df31445ff86a5d54baa5,c27ad198da52553d762ff70f41d18c6b387b706907f7b321d363ce63eaf237cd,d7c77384eedf44b83bb464f03081bda024ebcdf3ebd2c5ef3e38acffa7bbfeef,adapter_ready,forecast_model,,pending
FULL_UNIFIED_RUN_V1,Store Item,2017-05-22,patchtst,none,13,50,10,7,0.001,4,Adam,0.001,v1_0253_store_item_20170522_patchtst_s13,stage_2,log1p_huber_delta_1,latest locked 28-day rolling origin strictly before formal origin,reinitialize same seed; all pre-origin rolling samples; e_star epochs,configs/adapter_common_contract.yaml,99f53feff701ca0e8ddb39eaf4c2384b14067b4e69669a6d805e4efea668fb19,96f573b570f1b2d301538d41f90dacef49f3190e6f15d4c0105641fefebfcd31,16faaf5314d2d656099b5dfcf1294a6e3ae99741f8f303dcc812754898b52246,not_applicable,not_applicable,existing_source_locks.csv|compatibility_config_hash:15120158aaa48625c00f34b8cc1572b184fc98569bd1df31445ff86a5d54baa5,f86bd2a60e953591de733f1cb0d6916972196cfa65b846f86414f4912f746ff0,d7c77384eedf44b83bb464f03081bda024ebcdf3ebd2c5ef3e38acffa7bbfeef,adapter_ready,forecast_model,test.csv|sample_submission.csv|sealed_independent_test,pending
FULL_UNIFIED_RUN_V1,Store Item,2017-05-22,patchtst,none,29,50,10,7,0.001,4,Adam,0.001,v1_0254_store_item_20170522_patchtst_s29,stage_2,log1p_huber_delta_1,latest locked 28-day rolling origin strictly before formal origin,reinitialize same seed; all pre-origin rolling samples; e_star epochs,configs/adapter_common_contract.yaml,99f53feff701ca0e8ddb39eaf4c2384b14067b4e69669a6d805e4efea668fb19,96f573b570f1b2d301538d41f90dacef49f3190e6f15d4c0105641fefebfcd31,16faaf5314d2d656099b5dfcf1294a6e3ae99741f8f303dcc812754898b52246,not_applicable,not_applicable,existing_source_locks.csv|compatibility_config_hash:15120158aaa48625c00f34b8cc1572b184fc98569bd1df31445ff86a5d54baa5,e20e9b80f035c8010522b30b202220b0ce5dedc342a36def4158a8ff1b1b2a59,d7c77384eedf44b83bb464f03081bda024ebcdf3ebd2c5ef3e38acffa7bbfeef,adapter_ready,forecast_model,test.csv|sample_submission.csv|sealed_independent_test,pending
FULL_UNIFIED_RUN_V1,Store Item,2017-05-22,patchtst,none,47,50,10,7,0.001,4,Adam,0.001,v1_0255_store_item_20170522_patchtst_s47,stage_2,log1p_huber_delta_1,latest locked 28-day rolling origin strictly before formal origin,reinitialize same seed; all pre-origin rolling samples; e_star epochs,configs/adapter_common_contract.yaml,99f53feff701ca0e8ddb39eaf4c2384b14067b4e69669a6d805e4efea668fb19,96f573b570f1b2d301538d41f90dacef49f3190e6f15d4c0105641fefebfcd31,16faaf5314d2d656099b5dfcf1294a6e3ae99741f8f303dcc812754898b52246,not_applicable,not_applicable,existing_source_locks.csv|compatibility_config_hash:15120158aaa48625c00f34b8cc1572b184fc98569bd1df31445ff86a5d54baa5,cd4ea8912308c7e0d4d9ae3bf627e9909f0de88e99d58d879c8e8191e0bb5ba8,d7c77384eedf44b83bb464f03081bda024ebcdf3ebd2c5ef3e38acffa7bbfeef,adapter_ready,forecast_model,test.csv|sample_submission.csv|sealed_independent_test,pending
FULL_UNIFIED_RUN_V1,Store Item,2017-06-19,patchtst,none,13,50,10,7,0.001,4,Adam,0.001,v1_0256_store_item_20170619_patchtst_s13,stage_2,log1p_huber_delta_1,latest locked 28-day rolling origin strictly before formal origin,reinitialize same seed; all pre-origin rolling samples; e_star epochs,configs/adapter_common_contract.yaml,99f53feff701ca0e8ddb39eaf4c2384b14067b4e69669a6d805e4efea668fb19,28beca4732b3f14a100f847605d2098885a415ba97668113a3ccce044ffb107d,0fbc52c84fd91f7cae2d2b0d15d8eb3627c8926e5b3fe3208f25e73f9d77146e,not_applicable,not_applicable,existing_source_locks.csv|compatibility_config_hash:15120158aaa48625c00f34b8cc1572b184fc98569bd1df31445ff86a5d54baa5,84ba769574bc644a16cc5c1aba5e48a30ea79895d11e9c681fbf83bf70036e3f,d7c77384eedf44b83bb464f03081bda024ebcdf3ebd2c5ef3e38acffa7bbfeef,adapter_ready,forecast_model,test.csv|sample_submission.csv|sealed_independent_test,pending
FULL_UNIFIED_RUN_V1,Store Item,2017-06-19,patchtst,none,29,50,10,7,0.001,4,Adam,0.001,v1_0257_store_item_20170619_patchtst_s29,stage_2,log1p_huber_delta_1,latest locked 28-day rolling origin strictly before formal origin,reinitialize same seed; all pre-origin rolling samples; e_star epochs,configs/adapter_common_contract.yaml,99f53feff701ca0e8ddb39eaf4c2384b14067b4e69669a6d805e4efea668fb19,28beca4732b3f14a100f847605d2098885a415ba97668113a3ccce044ffb107d,0fbc52c84fd91f7cae2d2b0d15d8eb3627c8926e5b3fe3208f25e73f9d77146e,not_applicable,not_applicable,existing_source_locks.csv|compatibility_config_hash:15120158aaa48625c00f34b8cc1572b184fc98569bd1df31445ff86a5d54baa5,f31fd75dc0ce22b73bcf39daefaea551215c29f4ea34afa1e73745aa2d31b0c4,d7c77384eedf44b83bb464f03081bda024ebcdf3ebd2c5ef3e38acffa7bbfeef,adapter_ready,forecast_model,test.csv|sample_submission.csv|sealed_independent_test,pending
FULL_UNIFIED_RUN_V1,Store Item,2017-06-19,patchtst,none,47,50,10,7,0.001,4,Adam,0.001,v1_0258_store_item_20170619_patchtst_s47,stage_2,log1p_huber_delta_1,latest locked 28-day rolling origin strictly before formal origin,reinitialize same seed; all pre-origin rolling samples; e_star epochs,configs/adapter_common_contract.yaml,99f53feff701ca0e8ddb39eaf4c2384b14067b4e69669a6d805e4efea668fb19,28beca4732b3f14a100f847605d2098885a415ba97668113a3ccce044ffb107d,0fbc52c84fd91f7cae2d2b0d15d8eb3627c8926e5b3fe3208f25e73f9d77146e,not_applicable,not_applicable,existing_source_locks.csv|compatibility_config_hash:15120158aaa48625c00f34b8cc1572b184fc98569bd1df31445ff86a5d54baa5,d7afede36e24e4abb92b17ab3e9b9786ddb55f1bd927dda5a559d7a6a8ef3b5d,d7c77384eedf44b83bb464f03081bda024ebcdf3ebd2c5ef3e38acffa7bbfeef,adapter_ready,forecast_model,test.csv|sample_submission.csv|sealed_independent_test,pending
FULL_UNIFIED_RUN_V1,Store Item,2017-07-17,patchtst,none,13,50,10,7,0.001,4,Adam,0.001,v1_0259_store_item_20170717_patchtst_s13,stage_2,log1p_huber_delta_1,latest locked 28-day rolling origin strictly before formal origin,reinitialize same seed; all pre-origin rolling samples; e_star epochs,configs/adapter_common_contract.yaml,99f53feff701ca0e8ddb39eaf4c2384b14067b4e69669a6d805e4efea668fb19,cb704e15bf73a80e87151fc7a786498308b0888b5b69c93a6c61d1fdd789036d,34d53ca2bc8d880fcab243b4a0c32e211cbc184f8aa88af0a0cc7daa0679b437,not_applicable,not_applicable,existing_source_locks.csv|compatibility_config_hash:15120158aaa48625c00f34b8cc1572b184fc98569bd1df31445ff86a5d54baa5,c3863fd7b28fd05c4c120da89502d76e51b2ba4a1bdd782708e940503cfbb983,d7c77384eedf44b83bb464f03081bda024ebcdf3ebd2c5ef3e38acffa7bbfeef,adapter_ready,forecast_model,test.csv|sample_submission.csv|sealed_independent_test,pending
FULL_UNIFIED_RUN_V1,Store Item,2017-07-17,patchtst,none,29,50,10,7,0.001,4,Adam,0.001,v1_0260_store_item_20170717_patchtst_s29,stage_2,log1p_huber_delta_1,latest locked 28-day rolling origin strictly before formal origin,reinitialize same seed; all pre-origin rolling samples; e_star epochs,configs/adapter_common_contract.yaml,99f53feff701ca0e8ddb39eaf4c2384b14067b4e69669a6d805e4efea668fb19,cb704e15bf73a80e87151fc7a786498308b0888b5b69c93a6c61d1fdd789036d,34d53ca2bc8d880fcab243b4a0c32e211cbc184f8aa88af0a0cc7daa0679b437,not_applicable,not_applicable,existing_source_locks.csv|compatibility_config_hash:15120158aaa48625c00f34b8cc1572b184fc98569bd1df31445ff86a5d54baa5,3a53d7e9f1c0a8716e07698dbe3c762c5770d5592d088da950a2637551d42fea,d7c77384eedf44b83bb464f03081bda024ebcdf3ebd2c5ef3e38acffa7bbfeef,adapter_ready,forecast_model,test.csv|sample_submission.csv|sealed_independent_test,pending
FULL_UNIFIED_RUN_V1,Store Item,2017-07-17,patchtst,none,47,50,10,7,0.001,4,Adam,0.001,v1_0261_store_item_20170717_patchtst_s47,stage_2,log1p_huber_delta_1,latest locked 28-day rolling origin strictly before formal origin,reinitialize same seed; all pre-origin rolling samples; e_star epochs,configs/adapter_common_contract.yaml,99f53feff701ca0e8ddb39eaf4c2384b14067b4e69669a6d805e4efea668fb19,cb704e15bf73a80e87151fc7a786498308b0888b5b69c93a6c61d1fdd789036d,34d53ca2bc8d880fcab243b4a0c32e211cbc184f8aa88af0a0cc7daa0679b437,not_applicable,not_applicable,existing_source_locks.csv|compatibility_config_hash:15120158aaa48625c00f34b8cc1572b184fc98569bd1df31445ff86a5d54baa5,898c87fac8ecf4e835ae63775cad3c0a157081951d53c7fd031773fb862deaa3,d7c77384eedf44b83bb464f03081bda024ebcdf3ebd2c5ef3e38acffa7bbfeef,adapter_ready,forecast_model,test.csv|sample_submission.csv|sealed_independent_test,pending
FULL_UNIFIED_RUN_V1,M5,2015-12-07,itransformer,none,13,50,10,7,0.001,4,Adam,0.001,v1_0262_m5_20151207_itransformer_s13,stage_2,log1p_huber_delta_1,latest locked 28-day rolling origin strictly before formal origin,reinitialize same seed; all pre-origin rolling samples; e_star epochs,configs/adapter_common_contract.yaml,0fdc80620cf8962630e75c1fa2432803a694bdd75347ebc77b3093fc02c15c5f,24f14f88e9945d2a7fb67744b119a74daf41bf279d2a3b941fb03feff77657e4,4e848b74ea357e0224e7040a2b5ea8d3cfd77d9b55bb869887df86ed6bfc2751,not_applicable,not_applicable,existing_source_locks.csv|compatibility_config_hash:15120158aaa48625c00f34b8cc1572b184fc98569bd1df31445ff86a5d54baa5,766d26d48b619b0fbaf9eb4e24e88584371b4a20e4fb393211ca6224b3d8aa23,d7c77384eedf44b83bb464f03081bda024ebcdf3ebd2c5ef3e38acffa7bbfeef,adapter_ready,forecast_model,,pending
FULL_UNIFIED_RUN_V1,M5,2015-12-07,itransformer,none,29,50,10,7,0.001,4,Adam,0.001,v1_0263_m5_20151207_itransformer_s29,stage_2,log1p_huber_delta_1,latest locked 28-day rolling origin strictly before formal origin,reinitialize same seed; all pre-origin rolling samples; e_star epochs,configs/adapter_common_contract.yaml,0fdc80620cf8962630e75c1fa2432803a694bdd75347ebc77b3093fc02c15c5f,24f14f88e9945d2a7fb67744b119a74daf41bf279d2a3b941fb03feff77657e4,4e848b74ea357e0224e7040a2b5ea8d3cfd77d9b55bb869887df86ed6bfc2751,not_applicable,not_applicable,existing_source_locks.csv|compatibility_config_hash:15120158aaa48625c00f34b8cc1572b184fc98569bd1df31445ff86a5d54baa5,41c4814fe04e1845f07b6387511c3451c4cb49ffb38b639aee0b023afa957c90,d7c77384eedf44b83bb464f03081bda024ebcdf3ebd2c5ef3e38acffa7bbfeef,adapter_ready,forecast_model,,pending
FULL_UNIFIED_RUN_V1,M5,2015-12-07,itransformer,none,47,50,10,7,0.001,4,Adam,0.001,v1_0264_m5_20151207_itransformer_s47,stage_2,log1p_huber_delta_1,latest locked 28-day rolling origin strictly before formal origin,reinitialize same seed; all pre-origin rolling samples; e_star epochs,configs/adapter_common_contract.yaml,0fdc80620cf8962630e75c1fa2432803a694bdd75347ebc77b3093fc02c15c5f,24f14f88e9945d2a7fb67744b119a74daf41bf279d2a3b941fb03feff77657e4,4e848b74ea357e0224e7040a2b5ea8d3cfd77d9b55bb869887df86ed6bfc2751,not_applicable,not_applicable,existing_source_locks.csv|compatibility_config_hash:15120158aaa48625c00f34b8cc1572b184fc98569bd1df31445ff86a5d54baa5,e0e4a9685f77dd7e56ba70ad3a77a9ae12e10884ce389bb74a2a86111e48f08e,d7c77384eedf44b83bb464f03081bda024ebcdf3ebd2c5ef3e38acffa7bbfeef,adapter_ready,forecast_model,,pending
FULL_UNIFIED_RUN_V1,M5,2016-01-04,itransformer,none,13,50,10,7,0.001,4,Adam,0.001,v1_0265_m5_20160104_itransformer_s13,stage_2,log1p_huber_delta_1,latest locked 28-day rolling origin strictly before formal origin,reinitialize same seed; all pre-origin rolling samples; e_star epochs,configs/adapter_common_contract.yaml,0fdc80620cf8962630e75c1fa2432803a694bdd75347ebc77b3093fc02c15c5f,f363d22b50ee5ecf935d764748129bbf4e83b2417ab50854a465cae0c12fccbf,3016e2d14ad01bc58bf8bc0ed0e99fd89d95ae1895eb99367eaa330b9cef355d,not_applicable,not_applicable,existing_source_locks.csv|compatibility_config_hash:15120158aaa48625c00f34b8cc1572b184fc98569bd1df31445ff86a5d54baa5,7533b1bd570a126ca363d4588651c8399446bacf9f47e1592c24cb622fd25d69,d7c77384eedf44b83bb464f03081bda024ebcdf3ebd2c5ef3e38acffa7bbfeef,adapter_ready,forecast_model,,pending
FULL_UNIFIED_RUN_V1,M5,2016-01-04,itransformer,none,29,50,10,7,0.001,4,Adam,0.001,v1_0266_m5_20160104_itransformer_s29,stage_2,log1p_huber_delta_1,latest locked 28-day rolling origin strictly before formal origin,reinitialize same seed; all pre-origin rolling samples; e_star epochs,configs/adapter_common_contract.yaml,0fdc80620cf8962630e75c1fa2432803a694bdd75347ebc77b3093fc02c15c5f,f363d22b50ee5ecf935d764748129bbf4e83b2417ab50854a465cae0c12fccbf,3016e2d14ad01bc58bf8bc0ed0e99fd89d95ae1895eb99367eaa330b9cef355d,not_applicable,not_applicable,existing_source_locks.csv|compatibility_config_hash:15120158aaa48625c00f34b8cc1572b184fc98569bd1df31445ff86a5d54baa5,05010f17ff387d6772dbc6b45e80a9115ca9a2343bfd765202ddb6f22748e7c3,d7c77384eedf44b83bb464f03081bda024ebcdf3ebd2c5ef3e38acffa7bbfeef,adapter_ready,forecast_model,,pending
FULL_UNIFIED_RUN_V1,M5,2016-01-04,itransformer,none,47,50,10,7,0.001,4,Adam,0.001,v1_0267_m5_20160104_itransformer_s47,stage_2,log1p_huber_delta_1,latest locked 28-day rolling origin strictly before formal origin,reinitialize same seed; all pre-origin rolling samples; e_star epochs,configs/adapter_common_contract.yaml,0fdc80620cf8962630e75c1fa2432803a694bdd75347ebc77b3093fc02c15c5f,f363d22b50ee5ecf935d764748129bbf4e83b2417ab50854a465cae0c12fccbf,3016e2d14ad01bc58bf8bc0ed0e99fd89d95ae1895eb99367eaa330b9cef355d,not_applicable,not_applicable,existing_source_locks.csv|compatibility_config_hash:15120158aaa48625c00f34b8cc1572b184fc98569bd1df31445ff86a5d54baa5,d7ddaf65bbd010188e3c7feee76b55877598a775b82fa21add66e53506f3a2b3,d7c77384eedf44b83bb464f03081bda024ebcdf3ebd2c5ef3e38acffa7bbfeef,adapter_ready,forecast_model,,pending
FULL_UNIFIED_RUN_V1,M5,2016-02-01,itransformer,none,13,50,10,7,0.001,4,Adam,0.001,v1_0268_m5_20160201_itransformer_s13,stage_2,log1p_huber_delta_1,latest locked 28-day rolling origin strictly before formal origin,reinitialize same seed; all pre-origin rolling samples; e_star epochs,configs/adapter_common_contract.yaml,0fdc80620cf8962630e75c1fa2432803a694bdd75347ebc77b3093fc02c15c5f,84ec5e1a462241b724bdb52169726ffe86647b20efbad04d01b949a8b9fc2a01,3016e2d14ad01bc58bf8bc0ed0e99fd89d95ae1895eb99367eaa330b9cef355d,not_applicable,not_applicable,existing_source_locks.csv|compatibility_config_hash:15120158aaa48625c00f34b8cc1572b184fc98569bd1df31445ff86a5d54baa5,7c7cb8a3789e515cb7868cbfeabf8281d35394118f8c524cdf014fc08b64de4b,d7c77384eedf44b83bb464f03081bda024ebcdf3ebd2c5ef3e38acffa7bbfeef,adapter_ready,forecast_model,,pending
FULL_UNIFIED_RUN_V1,M5,2016-02-01,itransformer,none,29,50,10,7,0.001,4,Adam,0.001,v1_0269_m5_20160201_itransformer_s29,stage_2,log1p_huber_delta_1,latest locked 28-day rolling origin strictly before formal origin,reinitialize same seed; all pre-origin rolling samples; e_star epochs,configs/adapter_common_contract.yaml,0fdc80620cf8962630e75c1fa2432803a694bdd75347ebc77b3093fc02c15c5f,84ec5e1a462241b724bdb52169726ffe86647b20efbad04d01b949a8b9fc2a01,3016e2d14ad01bc58bf8bc0ed0e99fd89d95ae1895eb99367eaa330b9cef355d,not_applicable,not_applicable,existing_source_locks.csv|compatibility_config_hash:15120158aaa48625c00f34b8cc1572b184fc98569bd1df31445ff86a5d54baa5,ef4eec1c3a85308376562b43ae80db941367e15b5e563df835e6c9d6d2dc2425,d7c77384eedf44b83bb464f03081bda024ebcdf3ebd2c5ef3e38acffa7bbfeef,adapter_ready,forecast_model,,pending
FULL_UNIFIED_RUN_V1,M5,2016-02-01,itransformer,none,47,50,10,7,0.001,4,Adam,0.001,v1_0270_m5_20160201_itransformer_s47,stage_2,log1p_huber_delta_1,latest locked 28-day rolling origin strictly before formal origin,reinitialize same seed; all pre-origin rolling samples; e_star epochs,configs/adapter_common_contract.yaml,0fdc80620cf8962630e75c1fa2432803a694bdd75347ebc77b3093fc02c15c5f,84ec5e1a462241b724bdb52169726ffe86647b20efbad04d01b949a8b9fc2a01,3016e2d14ad01bc58bf8bc0ed0e99fd89d95ae1895eb99367eaa330b9cef355d,not_applicable,not_applicable,existing_source_locks.csv|compatibility_config_hash:15120158aaa48625c00f34b8cc1572b184fc98569bd1df31445ff86a5d54baa5,25ebe43057c42305f3acb91c4ddb592c30bd83f3ef1a85e375b6333081bb5faf,d7c77384eedf44b83bb464f03081bda024ebcdf3ebd2c5ef3e38acffa7bbfeef,adapter_ready,forecast_model,,pending
FULL_UNIFIED_RUN_V1,Favorita,2017-03-01,itransformer,none,13,50,10,7,0.001,4,Adam,0.001,v1_0271_favorita_20170301_itransformer_s13,stage_2,log1p_huber_delta_1,latest locked 28-day rolling origin strictly before formal origin,reinitialize same seed; all pre-origin rolling samples; e_star epochs,configs/adapter_common_contract.yaml,99f53feff701ca0e8ddb39eaf4c2384b14067b4e69669a6d805e4efea668fb19,cd0beeec37632daa955a38f9eba4e42ab5553d9daac470a0028c402132af43b1,55dc80374cd57120ded1af94a404fe3169d392e3a0e2c0f29bd6d1a2eed1002e,not_applicable,not_applicable,existing_source_locks.csv|compatibility_config_hash:15120158aaa48625c00f34b8cc1572b184fc98569bd1df31445ff86a5d54baa5,2c91af24977a16775bc2002c299028905cf6e3c332d2e564b19ddc54b344fa09,d7c77384eedf44b83bb464f03081bda024ebcdf3ebd2c5ef3e38acffa7bbfeef,adapter_ready,forecast_model,,pending
FULL_UNIFIED_RUN_V1,Favorita,2017-03-01,itransformer,none,29,50,10,7,0.001,4,Adam,0.001,v1_0272_favorita_20170301_itransformer_s29,stage_2,log1p_huber_delta_1,latest locked 28-day rolling origin strictly before formal origin,reinitialize same seed; all pre-origin rolling samples; e_star epochs,configs/adapter_common_contract.yaml,99f53feff701ca0e8ddb39eaf4c2384b14067b4e69669a6d805e4efea668fb19,cd0beeec37632daa955a38f9eba4e42ab5553d9daac470a0028c402132af43b1,55dc80374cd57120ded1af94a404fe3169d392e3a0e2c0f29bd6d1a2eed1002e,not_applicable,not_applicable,existing_source_locks.csv|compatibility_config_hash:15120158aaa48625c00f34b8cc1572b184fc98569bd1df31445ff86a5d54baa5,ec3d1e8e00927a246e2c6a07f84ea4f50aa2fc093471238ef79a223b210e464e,d7c77384eedf44b83bb464f03081bda024ebcdf3ebd2c5ef3e38acffa7bbfeef,adapter_ready,forecast_model,,pending
FULL_UNIFIED_RUN_V1,Favorita,2017-03-01,itransformer,none,47,50,10,7,0.001,4,Adam,0.001,v1_0273_favorita_20170301_itransformer_s47,stage_2,log1p_huber_delta_1,latest locked 28-day rolling origin strictly before formal origin,reinitialize same seed; all pre-origin rolling samples; e_star epochs,configs/adapter_common_contract.yaml,99f53feff701ca0e8ddb39eaf4c2384b14067b4e69669a6d805e4efea668fb19,cd0beeec37632daa955a38f9eba4e42ab5553d9daac470a0028c402132af43b1,55dc80374cd57120ded1af94a404fe3169d392e3a0e2c0f29bd6d1a2eed1002e,not_applicable,not_applicable,existing_source_locks.csv|compatibility_config_hash:15120158aaa48625c00f34b8cc1572b184fc98569bd1df31445ff86a5d54baa5,a8daaab63b07e59fd285869ba73d2f28314fe2e0c276c648173f5f057e0f339c,d7c77384eedf44b83bb464f03081bda024ebcdf3ebd2c5ef3e38acffa7bbfeef,adapter_ready,forecast_model,,pending
FULL_UNIFIED_RUN_V1,Favorita,2017-03-29,itransformer,none,13,50,10,7,0.001,4,Adam,0.001,v1_0274_favorita_20170329_itransformer_s13,stage_2,log1p_huber_delta_1,latest locked 28-day rolling origin strictly before formal origin,reinitialize same seed; all pre-origin rolling samples; e_star epochs,configs/adapter_common_contract.yaml,99f53feff701ca0e8ddb39eaf4c2384b14067b4e69669a6d805e4efea668fb19,345dabcf47b0f7e1fb1895e4c61f5d5ebffaa56e09a9f5b2d7896f439c70937b,61b843616ad20b3c0f66e85ec548fd8ee39336145e3b216b3e7363c867264271,not_applicable,not_applicable,existing_source_locks.csv|compatibility_config_hash:15120158aaa48625c00f34b8cc1572b184fc98569bd1df31445ff86a5d54baa5,19ebdd594a992980da7e45aaf0ed471dc921079b4563b246250c6ee91da7dd7d,d7c77384eedf44b83bb464f03081bda024ebcdf3ebd2c5ef3e38acffa7bbfeef,adapter_ready,forecast_model,,pending
FULL_UNIFIED_RUN_V1,Favorita,2017-03-29,itransformer,none,29,50,10,7,0.001,4,Adam,0.001,v1_0275_favorita_20170329_itransformer_s29,stage_2,log1p_huber_delta_1,latest locked 28-day rolling origin strictly before formal origin,reinitialize same seed; all pre-origin rolling samples; e_star epochs,configs/adapter_common_contract.yaml,99f53feff701ca0e8ddb39eaf4c2384b14067b4e69669a6d805e4efea668fb19,345dabcf47b0f7e1fb1895e4c61f5d5ebffaa56e09a9f5b2d7896f439c70937b,61b843616ad20b3c0f66e85ec548fd8ee39336145e3b216b3e7363c867264271,not_applicable,not_applicable,existing_source_locks.csv|compatibility_config_hash:15120158aaa48625c00f34b8cc1572b184fc98569bd1df31445ff86a5d54baa5,bad8abbfc76e90d78ebfb0e426df55353b854b57ea9bb637ba3c1f407b076661,d7c77384eedf44b83bb464f03081bda024ebcdf3ebd2c5ef3e38acffa7bbfeef,adapter_ready,forecast_model,,pending
FULL_UNIFIED_RUN_V1,Favorita,2017-03-29,itransformer,none,47,50,10,7,0.001,4,Adam,0.001,v1_0276_favorita_20170329_itransformer_s47,stage_2,log1p_huber_delta_1,latest locked 28-day rolling origin strictly before formal origin,reinitialize same seed; all pre-origin rolling samples; e_star epochs,configs/adapter_common_contract.yaml,99f53feff701ca0e8ddb39eaf4c2384b14067b4e69669a6d805e4efea668fb19,345dabcf47b0f7e1fb1895e4c61f5d5ebffaa56e09a9f5b2d7896f439c70937b,61b843616ad20b3c0f66e85ec548fd8ee39336145e3b216b3e7363c867264271,not_applicable,not_applicable,existing_source_locks.csv|compatibility_config_hash:15120158aaa48625c00f34b8cc1572b184fc98569bd1df31445ff86a5d54baa5,3468ae3d27b4f4e961dc7141eb03e0aab90fb5739ae11263c4bb9f694262e100,d7c77384eedf44b83bb464f03081bda024ebcdf3ebd2c5ef3e38acffa7bbfeef,adapter_ready,forecast_model,,pending
FULL_UNIFIED_RUN_V1,Favorita,2017-04-26,itransformer,none,13,50,10,7,0.001,4,Adam,0.001,v1_0277_favorita_20170426_itransformer_s13,stage_2,log1p_huber_delta_1,latest locked 28-day rolling origin strictly before formal origin,reinitialize same seed; all pre-origin rolling samples; e_star epochs,configs/adapter_common_contract.yaml,99f53feff701ca0e8ddb39eaf4c2384b14067b4e69669a6d805e4efea668fb19,c488ebe713d35972ff5a908aa6c2090b4ea444972f31abbf215c0d17998dda91,c5ea41145b284ccabb9c8485eff0a16b0d7d6e25e5c1c3c30f9e41f0516db7ad,not_applicable,not_applicable,existing_source_locks.csv|compatibility_config_hash:15120158aaa48625c00f34b8cc1572b184fc98569bd1df31445ff86a5d54baa5,ae953cf410bf2b69d5f0c2e2f18628f1525427554dc3428c0cea3a6de78fc9d1,d7c77384eedf44b83bb464f03081bda024ebcdf3ebd2c5ef3e38acffa7bbfeef,adapter_ready,forecast_model,,pending
FULL_UNIFIED_RUN_V1,Favorita,2017-04-26,itransformer,none,29,50,10,7,0.001,4,Adam,0.001,v1_0278_favorita_20170426_itransformer_s29,stage_2,log1p_huber_delta_1,latest locked 28-day rolling origin strictly before formal origin,reinitialize same seed; all pre-origin rolling samples; e_star epochs,configs/adapter_common_contract.yaml,99f53feff701ca0e8ddb39eaf4c2384b14067b4e69669a6d805e4efea668fb19,c488ebe713d35972ff5a908aa6c2090b4ea444972f31abbf215c0d17998dda91,c5ea41145b284ccabb9c8485eff0a16b0d7d6e25e5c1c3c30f9e41f0516db7ad,not_applicable,not_applicable,existing_source_locks.csv|compatibility_config_hash:15120158aaa48625c00f34b8cc1572b184fc98569bd1df31445ff86a5d54baa5,5d0b2a4daee26de007492bb2d20d5a3e03c0e3034cb63c136d793d094afb621c,d7c77384eedf44b83bb464f03081bda024ebcdf3ebd2c5ef3e38acffa7bbfeef,adapter_ready,forecast_model,,pending
FULL_UNIFIED_RUN_V1,Favorita,2017-04-26,itransformer,none,47,50,10,7,0.001,4,Adam,0.001,v1_0279_favorita_20170426_itransformer_s47,stage_2,log1p_huber_delta_1,latest locked 28-day rolling origin strictly before formal origin,reinitialize same seed; all pre-origin rolling samples; e_star epochs,configs/adapter_common_contract.yaml,99f53feff701ca0e8ddb39eaf4c2384b14067b4e69669a6d805e4efea668fb19,c488ebe713d35972ff5a908aa6c2090b4ea444972f31abbf215c0d17998dda91,c5ea41145b284ccabb9c8485eff0a16b0d7d6e25e5c1c3c30f9e41f0516db7ad,not_applicable,not_applicable,existing_source_locks.csv|compatibility_config_hash:15120158aaa48625c00f34b8cc1572b184fc98569bd1df31445ff86a5d54baa5,066a7337afb023354ab3ffda9831d9125f6c7368523ab9dcc263090becc25f74,d7c77384eedf44b83bb464f03081bda024ebcdf3ebd2c5ef3e38acffa7bbfeef,adapter_ready,forecast_model,,pending
FULL_UNIFIED_RUN_V1,Store Item,2017-05-22,itransformer,none,13,50,10,7,0.001,4,Adam,0.001,v1_0280_store_item_20170522_itransformer_s13,stage_2,log1p_huber_delta_1,latest locked 28-day rolling origin strictly before formal origin,reinitialize same seed; all pre-origin rolling samples; e_star epochs,configs/adapter_common_contract.yaml,99f53feff701ca0e8ddb39eaf4c2384b14067b4e69669a6d805e4efea668fb19,96f573b570f1b2d301538d41f90dacef49f3190e6f15d4c0105641fefebfcd31,16faaf5314d2d656099b5dfcf1294a6e3ae99741f8f303dcc812754898b52246,not_applicable,not_applicable,existing_source_locks.csv|compatibility_config_hash:15120158aaa48625c00f34b8cc1572b184fc98569bd1df31445ff86a5d54baa5,5d8b0794d8b326af59f81d15582e1cd9e1711c512be055dd4d3b19b643316552,d7c77384eedf44b83bb464f03081bda024ebcdf3ebd2c5ef3e38acffa7bbfeef,adapter_ready,forecast_model,test.csv|sample_submission.csv|sealed_independent_test,pending
FULL_UNIFIED_RUN_V1,Store Item,2017-05-22,itransformer,none,29,50,10,7,0.001,4,Adam,0.001,v1_0281_store_item_20170522_itransformer_s29,stage_2,log1p_huber_delta_1,latest locked 28-day rolling origin strictly before formal origin,reinitialize same seed; all pre-origin rolling samples; e_star epochs,configs/adapter_common_contract.yaml,99f53feff701ca0e8ddb39eaf4c2384b14067b4e69669a6d805e4efea668fb19,96f573b570f1b2d301538d41f90dacef49f3190e6f15d4c0105641fefebfcd31,16faaf5314d2d656099b5dfcf1294a6e3ae99741f8f303dcc812754898b52246,not_applicable,not_applicable,existing_source_locks.csv|compatibility_config_hash:15120158aaa48625c00f34b8cc1572b184fc98569bd1df31445ff86a5d54baa5,c7007c89471f36def6f5c25685225d48b8f52712357109eade7db9d674bfb646,d7c77384eedf44b83bb464f03081bda024ebcdf3ebd2c5ef3e38acffa7bbfeef,adapter_ready,forecast_model,test.csv|sample_submission.csv|sealed_independent_test,pending
FULL_UNIFIED_RUN_V1,Store Item,2017-05-22,itransformer,none,47,50,10,7,0.001,4,Adam,0.001,v1_0282_store_item_20170522_itransformer_s47,stage_2,log1p_huber_delta_1,latest locked 28-day rolling origin strictly before formal origin,reinitialize same seed; all pre-origin rolling samples; e_star epochs,configs/adapter_common_contract.yaml,99f53feff701ca0e8ddb39eaf4c2384b14067b4e69669a6d805e4efea668fb19,96f573b570f1b2d301538d41f90dacef49f3190e6f15d4c0105641fefebfcd31,16faaf5314d2d656099b5dfcf1294a6e3ae99741f8f303dcc812754898b52246,not_applicable,not_applicable,existing_source_locks.csv|compatibility_config_hash:15120158aaa48625c00f34b8cc1572b184fc98569bd1df31445ff86a5d54baa5,62a0e1c8c865070bc6451c82be71a89fa47d73bec6441942641151a38266bc4d,d7c77384eedf44b83bb464f03081bda024ebcdf3ebd2c5ef3e38acffa7bbfeef,adapter_ready,forecast_model,test.csv|sample_submission.csv|sealed_independent_test,pending
FULL_UNIFIED_RUN_V1,Store Item,2017-06-19,itransformer,none,13,50,10,7,0.001,4,Adam,0.001,v1_0283_store_item_20170619_itransformer_s13,stage_2,log1p_huber_delta_1,latest locked 28-day rolling origin strictly before formal origin,reinitialize same seed; all pre-origin rolling samples; e_star epochs,configs/adapter_common_contract.yaml,99f53feff701ca0e8ddb39eaf4c2384b14067b4e69669a6d805e4efea668fb19,28beca4732b3f14a100f847605d2098885a415ba97668113a3ccce044ffb107d,0fbc52c84fd91f7cae2d2b0d15d8eb3627c8926e5b3fe3208f25e73f9d77146e,not_applicable,not_applicable,existing_source_locks.csv|compatibility_config_hash:15120158aaa48625c00f34b8cc1572b184fc98569bd1df31445ff86a5d54baa5,fcca7e7b68f855b1ef230a7c769f2f2803133b182307067043bb864b43d6976b,d7c77384eedf44b83bb464f03081bda024ebcdf3ebd2c5ef3e38acffa7bbfeef,adapter_ready,forecast_model,test.csv|sample_submission.csv|sealed_independent_test,pending
FULL_UNIFIED_RUN_V1,Store Item,2017-06-19,itransformer,none,29,50,10,7,0.001,4,Adam,0.001,v1_0284_store_item_20170619_itransformer_s29,stage_2,log1p_huber_delta_1,latest locked 28-day rolling origin strictly before formal origin,reinitialize same seed; all pre-origin rolling samples; e_star epochs,configs/adapter_common_contract.yaml,99f53feff701ca0e8ddb39eaf4c2384b14067b4e69669a6d805e4efea668fb19,28beca4732b3f14a100f847605d2098885a415ba97668113a3ccce044ffb107d,0fbc52c84fd91f7cae2d2b0d15d8eb3627c8926e5b3fe3208f25e73f9d77146e,not_applicable,not_applicable,existing_source_locks.csv|compatibility_config_hash:15120158aaa48625c00f34b8cc1572b184fc98569bd1df31445ff86a5d54baa5,88186ce9af827f7b17b3882f6b279fb960033ef47a91eb4f9fd2242da7fbe634,d7c77384eedf44b83bb464f03081bda024ebcdf3ebd2c5ef3e38acffa7bbfeef,adapter_ready,forecast_model,test.csv|sample_submission.csv|sealed_independent_test,pending
FULL_UNIFIED_RUN_V1,Store Item,2017-06-19,itransformer,none,47,50,10,7,0.001,4,Adam,0.001,v1_0285_store_item_20170619_itransformer_s47,stage_2,log1p_huber_delta_1,latest locked 28-day rolling origin strictly before formal origin,reinitialize same seed; all pre-origin rolling samples; e_star epochs,configs/adapter_common_contract.yaml,99f53feff701ca0e8ddb39eaf4c2384b14067b4e69669a6d805e4efea668fb19,28beca4732b3f14a100f847605d2098885a415ba97668113a3ccce044ffb107d,0fbc52c84fd91f7cae2d2b0d15d8eb3627c8926e5b3fe3208f25e73f9d77146e,not_applicable,not_applicable,existing_source_locks.csv|compatibility_config_hash:15120158aaa48625c00f34b8cc1572b184fc98569bd1df31445ff86a5d54baa5,70325d7c63c906f339c7eecb7659660b116b961b03a96f498143186dad1b1513,d7c77384eedf44b83bb464f03081bda024ebcdf3ebd2c5ef3e38acffa7bbfeef,adapter_ready,forecast_model,test.csv|sample_submission.csv|sealed_independent_test,pending
FULL_UNIFIED_RUN_V1,Store Item,2017-07-17,itransformer,none,13,50,10,7,0.001,4,Adam,0.001,v1_0286_store_item_20170717_itransformer_s13,stage_2,log1p_huber_delta_1,latest locked 28-day rolling origin strictly before formal origin,reinitialize same seed; all pre-origin rolling samples; e_star epochs,configs/adapter_common_contract.yaml,99f53feff701ca0e8ddb39eaf4c2384b14067b4e69669a6d805e4efea668fb19,cb704e15bf73a80e87151fc7a786498308b0888b5b69c93a6c61d1fdd789036d,34d53ca2bc8d880fcab243b4a0c32e211cbc184f8aa88af0a0cc7daa0679b437,not_applicable,not_applicable,existing_source_locks.csv|compatibility_config_hash:15120158aaa48625c00f34b8cc1572b184fc98569bd1df31445ff86a5d54baa5,dccb4ea9835fd45a9a780e0a6035c3622d64b5010cbd797152e72524d980459f,d7c77384eedf44b83bb464f03081bda024ebcdf3ebd2c5ef3e38acffa7bbfeef,adapter_ready,forecast_model,test.csv|sample_submission.csv|sealed_independent_test,pending
FULL_UNIFIED_RUN_V1,Store Item,2017-07-17,itransformer,none,29,50,10,7,0.001,4,Adam,0.001,v1_0287_store_item_20170717_itransformer_s29,stage_2,log1p_huber_delta_1,latest locked 28-day rolling origin strictly before formal origin,reinitialize same seed; all pre-origin rolling samples; e_star epochs,configs/adapter_common_contract.yaml,99f53feff701ca0e8ddb39eaf4c2384b14067b4e69669a6d805e4efea668fb19,cb704e15bf73a80e87151fc7a786498308b0888b5b69c93a6c61d1fdd789036d,34d53ca2bc8d880fcab243b4a0c32e211cbc184f8aa88af0a0cc7daa0679b437,not_applicable,not_applicable,existing_source_locks.csv|compatibility_config_hash:15120158aaa48625c00f34b8cc1572b184fc98569bd1df31445ff86a5d54baa5,34cfe2175037059d2aec041758aabf571f4c3c82c7219b68b3e2fbafd3a5aa12,d7c77384eedf44b83bb464f03081bda024ebcdf3ebd2c5ef3e38acffa7bbfeef,adapter_ready,forecast_model,test.csv|sample_submission.csv|sealed_independent_test,pending
FULL_UNIFIED_RUN_V1,Store Item,2017-07-17,itransformer,none,47,50,10,7,0.001,4,Adam,0.001,v1_0288_store_item_20170717_itransformer_s47,stage_2,log1p_huber_delta_1,latest locked 28-day rolling origin strictly before formal origin,reinitialize same seed; all pre-origin rolling samples; e_star epochs,configs/adapter_common_contract.yaml,99f53feff701ca0e8ddb39eaf4c2384b14067b4e69669a6d805e4efea668fb19,cb704e15bf73a80e87151fc7a786498308b0888b5b69c93a6c61d1fdd789036d,34d53ca2bc8d880fcab243b4a0c32e211cbc184f8aa88af0a0cc7daa0679b437,not_applicable,not_applicable,existing_source_locks.csv|compatibility_config_hash:15120158aaa48625c00f34b8cc1572b184fc98569bd1df31445ff86a5d54baa5,cb159e45a983eb6b103d6c29c6bb05751413fd38be401d643375c0fbba2ee28c,d7c77384eedf44b83bb464f03081bda024ebcdf3ebd2c5ef3e38acffa7bbfeef,adapter_ready,forecast_model,test.csv|sample_submission.csv|sealed_independent_test,pending
FULL_UNIFIED_RUN_V1,M5,2015-12-07,timemixerpp,none,13,50,10,7,0.001,4,Adam,0.001,v1_0289_m5_20151207_timemixerpp_s13,stage_2,log1p_huber_delta_1,latest locked 28-day rolling origin strictly before formal origin,reinitialize same seed; all pre-origin rolling samples; e_star epochs,configs/adapter_common_contract.yaml,0fdc80620cf8962630e75c1fa2432803a694bdd75347ebc77b3093fc02c15c5f,24f14f88e9945d2a7fb67744b119a74daf41bf279d2a3b941fb03feff77657e4,4e848b74ea357e0224e7040a2b5ea8d3cfd77d9b55bb869887df86ed6bfc2751,not_applicable,not_applicable,existing_source_locks.csv|compatibility_config_hash:15120158aaa48625c00f34b8cc1572b184fc98569bd1df31445ff86a5d54baa5,de7188d12fab24142c05795a58a77a30d891d5ac3c914aa019a23a6406d46ab3,d7c77384eedf44b83bb464f03081bda024ebcdf3ebd2c5ef3e38acffa7bbfeef,adapter_ready,forecast_model,,pending
FULL_UNIFIED_RUN_V1,M5,2015-12-07,timemixerpp,none,29,50,10,7,0.001,4,Adam,0.001,v1_0290_m5_20151207_timemixerpp_s29,stage_2,log1p_huber_delta_1,latest locked 28-day rolling origin strictly before formal origin,reinitialize same seed; all pre-origin rolling samples; e_star epochs,configs/adapter_common_contract.yaml,0fdc80620cf8962630e75c1fa2432803a694bdd75347ebc77b3093fc02c15c5f,24f14f88e9945d2a7fb67744b119a74daf41bf279d2a3b941fb03feff77657e4,4e848b74ea357e0224e7040a2b5ea8d3cfd77d9b55bb869887df86ed6bfc2751,not_applicable,not_applicable,existing_source_locks.csv|compatibility_config_hash:15120158aaa48625c00f34b8cc1572b184fc98569bd1df31445ff86a5d54baa5,a566bfe4d35d609948a36612884b39dc24221c61412c171f2a16ab3abf6fe5ee,d7c77384eedf44b83bb464f03081bda024ebcdf3ebd2c5ef3e38acffa7bbfeef,adapter_ready,forecast_model,,pending
FULL_UNIFIED_RUN_V1,M5,2015-12-07,timemixerpp,none,47,50,10,7,0.001,4,Adam,0.001,v1_0291_m5_20151207_timemixerpp_s47,stage_2,log1p_huber_delta_1,latest locked 28-day rolling origin strictly before formal origin,reinitialize same seed; all pre-origin rolling samples; e_star epochs,configs/adapter_common_contract.yaml,0fdc80620cf8962630e75c1fa2432803a694bdd75347ebc77b3093fc02c15c5f,24f14f88e9945d2a7fb67744b119a74daf41bf279d2a3b941fb03feff77657e4,4e848b74ea357e0224e7040a2b5ea8d3cfd77d9b55bb869887df86ed6bfc2751,not_applicable,not_applicable,existing_source_locks.csv|compatibility_config_hash:15120158aaa48625c00f34b8cc1572b184fc98569bd1df31445ff86a5d54baa5,6af919ce707f019875a3d05331b1709fee7e259f132034ccce31f50fb3c4b564,d7c77384eedf44b83bb464f03081bda024ebcdf3ebd2c5ef3e38acffa7bbfeef,adapter_ready,forecast_model,,pending
FULL_UNIFIED_RUN_V1,M5,2016-01-04,timemixerpp,none,13,50,10,7,0.001,4,Adam,0.001,v1_0292_m5_20160104_timemixerpp_s13,stage_2,log1p_huber_delta_1,latest locked 28-day rolling origin strictly before formal origin,reinitialize same seed; all pre-origin rolling samples; e_star epochs,configs/adapter_common_contract.yaml,0fdc80620cf8962630e75c1fa2432803a694bdd75347ebc77b3093fc02c15c5f,f363d22b50ee5ecf935d764748129bbf4e83b2417ab50854a465cae0c12fccbf,3016e2d14ad01bc58bf8bc0ed0e99fd89d95ae1895eb99367eaa330b9cef355d,not_applicable,not_applicable,existing_source_locks.csv|compatibility_config_hash:15120158aaa48625c00f34b8cc1572b184fc98569bd1df31445ff86a5d54baa5,a3690e2eb901dc95819dfd1ffcff81e7cf722eb004946c5ab5e18116cd60b8cc,d7c77384eedf44b83bb464f03081bda024ebcdf3ebd2c5ef3e38acffa7bbfeef,adapter_ready,forecast_model,,pending
FULL_UNIFIED_RUN_V1,M5,2016-01-04,timemixerpp,none,29,50,10,7,0.001,4,Adam,0.001,v1_0293_m5_20160104_timemixerpp_s29,stage_2,log1p_huber_delta_1,latest locked 28-day rolling origin strictly before formal origin,reinitialize same seed; all pre-origin rolling samples; e_star epochs,configs/adapter_common_contract.yaml,0fdc80620cf8962630e75c1fa2432803a694bdd75347ebc77b3093fc02c15c5f,f363d22b50ee5ecf935d764748129bbf4e83b2417ab50854a465cae0c12fccbf,3016e2d14ad01bc58bf8bc0ed0e99fd89d95ae1895eb99367eaa330b9cef355d,not_applicable,not_applicable,existing_source_locks.csv|compatibility_config_hash:15120158aaa48625c00f34b8cc1572b184fc98569bd1df31445ff86a5d54baa5,b2b7a043a3ab05d3b509fe6e2771d1c80d063d16022c12553ddd65a0cc08b8d1,d7c77384eedf44b83bb464f03081bda024ebcdf3ebd2c5ef3e38acffa7bbfeef,adapter_ready,forecast_model,,pending
FULL_UNIFIED_RUN_V1,M5,2016-01-04,timemixerpp,none,47,50,10,7,0.001,4,Adam,0.001,v1_0294_m5_20160104_timemixerpp_s47,stage_2,log1p_huber_delta_1,latest locked 28-day rolling origin strictly before formal origin,reinitialize same seed; all pre-origin rolling samples; e_star epochs,configs/adapter_common_contract.yaml,0fdc80620cf8962630e75c1fa2432803a694bdd75347ebc77b3093fc02c15c5f,f363d22b50ee5ecf935d764748129bbf4e83b2417ab50854a465cae0c12fccbf,3016e2d14ad01bc58bf8bc0ed0e99fd89d95ae1895eb99367eaa330b9cef355d,not_applicable,not_applicable,existing_source_locks.csv|compatibility_config_hash:15120158aaa48625c00f34b8cc1572b184fc98569bd1df31445ff86a5d54baa5,df2e30916f8ab45dc5b519565f0687efb0e8395ebffb45c89bd3ee3e1ce0cc45,d7c77384eedf44b83bb464f03081bda024ebcdf3ebd2c5ef3e38acffa7bbfeef,adapter_ready,forecast_model,,pending
FULL_UNIFIED_RUN_V1,M5,2016-02-01,timemixerpp,none,13,50,10,7,0.001,4,Adam,0.001,v1_0295_m5_20160201_timemixerpp_s13,stage_2,log1p_huber_delta_1,latest locked 28-day rolling origin strictly before formal origin,reinitialize same seed; all pre-origin rolling samples; e_star epochs,configs/adapter_common_contract.yaml,0fdc80620cf8962630e75c1fa2432803a694bdd75347ebc77b3093fc02c15c5f,84ec5e1a462241b724bdb52169726ffe86647b20efbad04d01b949a8b9fc2a01,3016e2d14ad01bc58bf8bc0ed0e99fd89d95ae1895eb99367eaa330b9cef355d,not_applicable,not_applicable,existing_source_locks.csv|compatibility_config_hash:15120158aaa48625c00f34b8cc1572b184fc98569bd1df31445ff86a5d54baa5,c939240bb8973bdfa2e3dbf6e9d327217d19cfb45cac47d78b1e69267b4f5900,d7c77384eedf44b83bb464f03081bda024ebcdf3ebd2c5ef3e38acffa7bbfeef,adapter_ready,forecast_model,,pending
FULL_UNIFIED_RUN_V1,M5,2016-02-01,timemixerpp,none,29,50,10,7,0.001,4,Adam,0.001,v1_0296_m5_20160201_timemixerpp_s29,stage_2,log1p_huber_delta_1,latest locked 28-day rolling origin strictly before formal origin,reinitialize same seed; all pre-origin rolling samples; e_star epochs,configs/adapter_common_contract.yaml,0fdc80620cf8962630e75c1fa2432803a694bdd75347ebc77b3093fc02c15c5f,84ec5e1a462241b724bdb52169726ffe86647b20efbad04d01b949a8b9fc2a01,3016e2d14ad01bc58bf8bc0ed0e99fd89d95ae1895eb99367eaa330b9cef355d,not_applicable,not_applicable,existing_source_locks.csv|compatibility_config_hash:15120158aaa48625c00f34b8cc1572b184fc98569bd1df31445ff86a5d54baa5,e01f6a588e92d99e2f35f496834e2f73c3c94b922e29aa96aa1fab585d0803ad,d7c77384eedf44b83bb464f03081bda024ebcdf3ebd2c5ef3e38acffa7bbfeef,adapter_ready,forecast_model,,pending
FULL_UNIFIED_RUN_V1,M5,2016-02-01,timemixerpp,none,47,50,10,7,0.001,4,Adam,0.001,v1_0297_m5_20160201_timemixerpp_s47,stage_2,log1p_huber_delta_1,latest locked 28-day rolling origin strictly before formal origin,reinitialize same seed; all pre-origin rolling samples; e_star epochs,configs/adapter_common_contract.yaml,0fdc80620cf8962630e75c1fa2432803a694bdd75347ebc77b3093fc02c15c5f,84ec5e1a462241b724bdb52169726ffe86647b20efbad04d01b949a8b9fc2a01,3016e2d14ad01bc58bf8bc0ed0e99fd89d95ae1895eb99367eaa330b9cef355d,not_applicable,not_applicable,existing_source_locks.csv|compatibility_config_hash:15120158aaa48625c00f34b8cc1572b184fc98569bd1df31445ff86a5d54baa5,9d3153708f7b435c1053b09f73cef23be887b4add866c78cb666ed22550b495a,d7c77384eedf44b83bb464f03081bda024ebcdf3ebd2c5ef3e38acffa7bbfeef,adapter_ready,forecast_model,,pending
FULL_UNIFIED_RUN_V1,Favorita,2017-03-01,timemixerpp,none,13,50,10,7,0.001,4,Adam,0.001,v1_0298_favorita_20170301_timemixerpp_s13,stage_2,log1p_huber_delta_1,latest locked 28-day rolling origin strictly before formal origin,reinitialize same seed; all pre-origin rolling samples; e_star epochs,configs/adapter_common_contract.yaml,99f53feff701ca0e8ddb39eaf4c2384b14067b4e69669a6d805e4efea668fb19,cd0beeec37632daa955a38f9eba4e42ab5553d9daac470a0028c402132af43b1,55dc80374cd57120ded1af94a404fe3169d392e3a0e2c0f29bd6d1a2eed1002e,not_applicable,not_applicable,existing_source_locks.csv|compatibility_config_hash:15120158aaa48625c00f34b8cc1572b184fc98569bd1df31445ff86a5d54baa5,cb4544e2c4c1343e4f028fe852fb9235377b68de26558f3f00c61d23517e55cf,d7c77384eedf44b83bb464f03081bda024ebcdf3ebd2c5ef3e38acffa7bbfeef,adapter_ready,forecast_model,,pending
FULL_UNIFIED_RUN_V1,Favorita,2017-03-01,timemixerpp,none,29,50,10,7,0.001,4,Adam,0.001,v1_0299_favorita_20170301_timemixerpp_s29,stage_2,log1p_huber_delta_1,latest locked 28-day rolling origin strictly before formal origin,reinitialize same seed; all pre-origin rolling samples; e_star epochs,configs/adapter_common_contract.yaml,99f53feff701ca0e8ddb39eaf4c2384b14067b4e69669a6d805e4efea668fb19,cd0beeec37632daa955a38f9eba4e42ab5553d9daac470a0028c402132af43b1,55dc80374cd57120ded1af94a404fe3169d392e3a0e2c0f29bd6d1a2eed1002e,not_applicable,not_applicable,existing_source_locks.csv|compatibility_config_hash:15120158aaa48625c00f34b8cc1572b184fc98569bd1df31445ff86a5d54baa5,b7acb3514a4ed8cafb091725caeb56e9114a0f80a3aeca587f130f7c58efcf23,d7c77384eedf44b83bb464f03081bda024ebcdf3ebd2c5ef3e38acffa7bbfeef,adapter_ready,forecast_model,,pending
FULL_UNIFIED_RUN_V1,Favorita,2017-03-01,timemixerpp,none,47,50,10,7,0.001,4,Adam,0.001,v1_0300_favorita_20170301_timemixerpp_s47,stage_2,log1p_huber_delta_1,latest locked 28-day rolling origin strictly before formal origin,reinitialize same seed; all pre-origin rolling samples; e_star epochs,configs/adapter_common_contract.yaml,99f53feff701ca0e8ddb39eaf4c2384b14067b4e69669a6d805e4efea668fb19,cd0beeec37632daa955a38f9eba4e42ab5553d9daac470a0028c402132af43b1,55dc80374cd57120ded1af94a404fe3169d392e3a0e2c0f29bd6d1a2eed1002e,not_applicable,not_applicable,existing_source_locks.csv|compatibility_config_hash:15120158aaa48625c00f34b8cc1572b184fc98569bd1df31445ff86a5d54baa5,8c750569e2d99d0d4b1a8dcabfb91bfa0c2868e4d147853ee3da5b4fbefd7623,d7c77384eedf44b83bb464f03081bda024ebcdf3ebd2c5ef3e38acffa7bbfeef,adapter_ready,forecast_model,,pending
FULL_UNIFIED_RUN_V1,Favorita,2017-03-29,timemixerpp,none,13,50,10,7,0.001,4,Adam,0.001,v1_0301_favorita_20170329_timemixerpp_s13,stage_2,log1p_huber_delta_1,latest locked 28-day rolling origin strictly before formal origin,reinitialize same seed; all pre-origin rolling samples; e_star epochs,configs/adapter_common_contract.yaml,99f53feff701ca0e8ddb39eaf4c2384b14067b4e69669a6d805e4efea668fb19,345dabcf47b0f7e1fb1895e4c61f5d5ebffaa56e09a9f5b2d7896f439c70937b,61b843616ad20b3c0f66e85ec548fd8ee39336145e3b216b3e7363c867264271,not_applicable,not_applicable,existing_source_locks.csv|compatibility_config_hash:15120158aaa48625c00f34b8cc1572b184fc98569bd1df31445ff86a5d54baa5,6c4b5c5357a9fde6b8dde2903b3899b324012822b2dc435462f3390f497d1b41,d7c77384eedf44b83bb464f03081bda024ebcdf3ebd2c5ef3e38acffa7bbfeef,adapter_ready,forecast_model,,pending
FULL_UNIFIED_RUN_V1,Favorita,2017-03-29,timemixerpp,none,29,50,10,7,0.001,4,Adam,0.001,v1_0302_favorita_20170329_timemixerpp_s29,stage_2,log1p_huber_delta_1,latest locked 28-day rolling origin strictly before formal origin,reinitialize same seed; all pre-origin rolling samples; e_star epochs,configs/adapter_common_contract.yaml,99f53feff701ca0e8ddb39eaf4c2384b14067b4e69669a6d805e4efea668fb19,345dabcf47b0f7e1fb1895e4c61f5d5ebffaa56e09a9f5b2d7896f439c70937b,61b843616ad20b3c0f66e85ec548fd8ee39336145e3b216b3e7363c867264271,not_applicable,not_applicable,existing_source_locks.csv|compatibility_config_hash:15120158aaa48625c00f34b8cc1572b184fc98569bd1df31445ff86a5d54baa5,c5415775106db2435b9f6891328a941a1258a24b4d389998ccd5abdca57fa560,d7c77384eedf44b83bb464f03081bda024ebcdf3ebd2c5ef3e38acffa7bbfeef,adapter_ready,forecast_model,,pending
FULL_UNIFIED_RUN_V1,Favorita,2017-03-29,timemixerpp,none,47,50,10,7,0.001,4,Adam,0.001,v1_0303_favorita_20170329_timemixerpp_s47,stage_2,log1p_huber_delta_1,latest locked 28-day rolling origin strictly before formal origin,reinitialize same seed; all pre-origin rolling samples; e_star epochs,configs/adapter_common_contract.yaml,99f53feff701ca0e8ddb39eaf4c2384b14067b4e69669a6d805e4efea668fb19,345dabcf47b0f7e1fb1895e4c61f5d5ebffaa56e09a9f5b2d7896f439c70937b,61b843616ad20b3c0f66e85ec548fd8ee39336145e3b216b3e7363c867264271,not_applicable,not_applicable,existing_source_locks.csv|compatibility_config_hash:15120158aaa48625c00f34b8cc1572b184fc98569bd1df31445ff86a5d54baa5,0c15a747cc967f0ae67dddb58711238d061389fbff5cc8e1c1a5d5da3dc097ee,d7c77384eedf44b83bb464f03081bda024ebcdf3ebd2c5ef3e38acffa7bbfeef,adapter_ready,forecast_model,,pending
FULL_UNIFIED_RUN_V1,Favorita,2017-04-26,timemixerpp,none,13,50,10,7,0.001,4,Adam,0.001,v1_0304_favorita_20170426_timemixerpp_s13,stage_2,log1p_huber_delta_1,latest locked 28-day rolling origin strictly before formal origin,reinitialize same seed; all pre-origin rolling samples; e_star epochs,configs/adapter_common_contract.yaml,99f53feff701ca0e8ddb39eaf4c2384b14067b4e69669a6d805e4efea668fb19,c488ebe713d35972ff5a908aa6c2090b4ea444972f31abbf215c0d17998dda91,c5ea41145b284ccabb9c8485eff0a16b0d7d6e25e5c1c3c30f9e41f0516db7ad,not_applicable,not_applicable,existing_source_locks.csv|compatibility_config_hash:15120158aaa48625c00f34b8cc1572b184fc98569bd1df31445ff86a5d54baa5,fc35f60d513d0ed0a013f85607b6b2baccad87f2c5457baec7c4bc3e5f8e3d2e,d7c77384eedf44b83bb464f03081bda024ebcdf3ebd2c5ef3e38acffa7bbfeef,adapter_ready,forecast_model,,pending
FULL_UNIFIED_RUN_V1,Favorita,2017-04-26,timemixerpp,none,29,50,10,7,0.001,4,Adam,0.001,v1_0305_favorita_20170426_timemixerpp_s29,stage_2,log1p_huber_delta_1,latest locked 28-day rolling origin strictly before formal origin,reinitialize same seed; all pre-origin rolling samples; e_star epochs,configs/adapter_common_contract.yaml,99f53feff701ca0e8ddb39eaf4c2384b14067b4e69669a6d805e4efea668fb19,c488ebe713d35972ff5a908aa6c2090b4ea444972f31abbf215c0d17998dda91,c5ea41145b284ccabb9c8485eff0a16b0d7d6e25e5c1c3c30f9e41f0516db7ad,not_applicable,not_applicable,existing_source_locks.csv|compatibility_config_hash:15120158aaa48625c00f34b8cc1572b184fc98569bd1df31445ff86a5d54baa5,cf573aac6e8147e0d6f5a056d557d99239eab08c033ac800c62d44a80f6dde72,d7c77384eedf44b83bb464f03081bda024ebcdf3ebd2c5ef3e38acffa7bbfeef,adapter_ready,forecast_model,,pending
FULL_UNIFIED_RUN_V1,Favorita,2017-04-26,timemixerpp,none,47,50,10,7,0.001,4,Adam,0.001,v1_0306_favorita_20170426_timemixerpp_s47,stage_2,log1p_huber_delta_1,latest locked 28-day rolling origin strictly before formal origin,reinitialize same seed; all pre-origin rolling samples; e_star epochs,configs/adapter_common_contract.yaml,99f53feff701ca0e8ddb39eaf4c2384b14067b4e69669a6d805e4efea668fb19,c488ebe713d35972ff5a908aa6c2090b4ea444972f31abbf215c0d17998dda91,c5ea41145b284ccabb9c8485eff0a16b0d7d6e25e5c1c3c30f9e41f0516db7ad,not_applicable,not_applicable,existing_source_locks.csv|compatibility_config_hash:15120158aaa48625c00f34b8cc1572b184fc98569bd1df31445ff86a5d54baa5,99c253cd6072637aec0d286f46aed555513dfaf7747a350d93b341952c181cae,d7c77384eedf44b83bb464f03081bda024ebcdf3ebd2c5ef3e38acffa7bbfeef,adapter_ready,forecast_model,,pending
FULL_UNIFIED_RUN_V1,Store Item,2017-05-22,timemixerpp,none,13,50,10,7,0.001,4,Adam,0.001,v1_0307_store_item_20170522_timemixerpp_s13,stage_2,log1p_huber_delta_1,latest locked 28-day rolling origin strictly before formal origin,reinitialize same seed; all pre-origin rolling samples; e_star epochs,configs/adapter_common_contract.yaml,99f53feff701ca0e8ddb39eaf4c2384b14067b4e69669a6d805e4efea668fb19,96f573b570f1b2d301538d41f90dacef49f3190e6f15d4c0105641fefebfcd31,16faaf5314d2d656099b5dfcf1294a6e3ae99741f8f303dcc812754898b52246,not_applicable,not_applicable,existing_source_locks.csv|compatibility_config_hash:15120158aaa48625c00f34b8cc1572b184fc98569bd1df31445ff86a5d54baa5,392e05192ba325d756629448e2428aa51ef4a3390a2ad4e2d58b94cffcb1eabf,d7c77384eedf44b83bb464f03081bda024ebcdf3ebd2c5ef3e38acffa7bbfeef,adapter_ready,forecast_model,test.csv|sample_submission.csv|sealed_independent_test,pending
FULL_UNIFIED_RUN_V1,Store Item,2017-05-22,timemixerpp,none,29,50,10,7,0.001,4,Adam,0.001,v1_0308_store_item_20170522_timemixerpp_s29,stage_2,log1p_huber_delta_1,latest locked 28-day rolling origin strictly before formal origin,reinitialize same seed; all pre-origin rolling samples; e_star epochs,configs/adapter_common_contract.yaml,99f53feff701ca0e8ddb39eaf4c2384b14067b4e69669a6d805e4efea668fb19,96f573b570f1b2d301538d41f90dacef49f3190e6f15d4c0105641fefebfcd31,16faaf5314d2d656099b5dfcf1294a6e3ae99741f8f303dcc812754898b52246,not_applicable,not_applicable,existing_source_locks.csv|compatibility_config_hash:15120158aaa48625c00f34b8cc1572b184fc98569bd1df31445ff86a5d54baa5,f3c31faa863a2ebe0236460bced08b342e56f2b8d22997594630eca7cd70588d,d7c77384eedf44b83bb464f03081bda024ebcdf3ebd2c5ef3e38acffa7bbfeef,adapter_ready,forecast_model,test.csv|sample_submission.csv|sealed_independent_test,pending
FULL_UNIFIED_RUN_V1,Store Item,2017-05-22,timemixerpp,none,47,50,10,7,0.001,4,Adam,0.001,v1_0309_store_item_20170522_timemixerpp_s47,stage_2,log1p_huber_delta_1,latest locked 28-day rolling origin strictly before formal origin,reinitialize same seed; all pre-origin rolling samples; e_star epochs,configs/adapter_common_contract.yaml,99f53feff701ca0e8ddb39eaf4c2384b14067b4e69669a6d805e4efea668fb19,96f573b570f1b2d301538d41f90dacef49f3190e6f15d4c0105641fefebfcd31,16faaf5314d2d656099b5dfcf1294a6e3ae99741f8f303dcc812754898b52246,not_applicable,not_applicable,existing_source_locks.csv|compatibility_config_hash:15120158aaa48625c00f34b8cc1572b184fc98569bd1df31445ff86a5d54baa5,acbe4064894ab5a61d62c126256bebfe81e3d81107f1aad1f049bb44363c4c25,d7c77384eedf44b83bb464f03081bda024ebcdf3ebd2c5ef3e38acffa7bbfeef,adapter_ready,forecast_model,test.csv|sample_submission.csv|sealed_independent_test,pending
FULL_UNIFIED_RUN_V1,Store Item,2017-06-19,timemixerpp,none,13,50,10,7,0.001,4,Adam,0.001,v1_0310_store_item_20170619_timemixerpp_s13,stage_2,log1p_huber_delta_1,latest locked 28-day rolling origin strictly before formal origin,reinitialize same seed; all pre-origin rolling samples; e_star epochs,configs/adapter_common_contract.yaml,99f53feff701ca0e8ddb39eaf4c2384b14067b4e69669a6d805e4efea668fb19,28beca4732b3f14a100f847605d2098885a415ba97668113a3ccce044ffb107d,0fbc52c84fd91f7cae2d2b0d15d8eb3627c8926e5b3fe3208f25e73f9d77146e,not_applicable,not_applicable,existing_source_locks.csv|compatibility_config_hash:15120158aaa48625c00f34b8cc1572b184fc98569bd1df31445ff86a5d54baa5,4460a978673f064412a9ad437409b6bd93bbe6aebabc9f5421128709947f9f86,d7c77384eedf44b83bb464f03081bda024ebcdf3ebd2c5ef3e38acffa7bbfeef,adapter_ready,forecast_model,test.csv|sample_submission.csv|sealed_independent_test,pending
FULL_UNIFIED_RUN_V1,Store Item,2017-06-19,timemixerpp,none,29,50,10,7,0.001,4,Adam,0.001,v1_0311_store_item_20170619_timemixerpp_s29,stage_2,log1p_huber_delta_1,latest locked 28-day rolling origin strictly before formal origin,reinitialize same seed; all pre-origin rolling samples; e_star epochs,configs/adapter_common_contract.yaml,99f53feff701ca0e8ddb39eaf4c2384b14067b4e69669a6d805e4efea668fb19,28beca4732b3f14a100f847605d2098885a415ba97668113a3ccce044ffb107d,0fbc52c84fd91f7cae2d2b0d15d8eb3627c8926e5b3fe3208f25e73f9d77146e,not_applicable,not_applicable,existing_source_locks.csv|compatibility_config_hash:15120158aaa48625c00f34b8cc1572b184fc98569bd1df31445ff86a5d54baa5,e3fe51bf320bd822337a181bfbd054982a3be5401a06b2f76927fa06d0144561,d7c77384eedf44b83bb464f03081bda024ebcdf3ebd2c5ef3e38acffa7bbfeef,adapter_ready,forecast_model,test.csv|sample_submission.csv|sealed_independent_test,pending
FULL_UNIFIED_RUN_V1,Store Item,2017-06-19,timemixerpp,none,47,50,10,7,0.001,4,Adam,0.001,v1_0312_store_item_20170619_timemixerpp_s47,stage_2,log1p_huber_delta_1,latest locked 28-day rolling origin strictly before formal origin,reinitialize same seed; all pre-origin rolling samples; e_star epochs,configs/adapter_common_contract.yaml,99f53feff701ca0e8ddb39eaf4c2384b14067b4e69669a6d805e4efea668fb19,28beca4732b3f14a100f847605d2098885a415ba97668113a3ccce044ffb107d,0fbc52c84fd91f7cae2d2b0d15d8eb3627c8926e5b3fe3208f25e73f9d77146e,not_applicable,not_applicable,existing_source_locks.csv|compatibility_config_hash:15120158aaa48625c00f34b8cc1572b184fc98569bd1df31445ff86a5d54baa5,13b478be85204738a10e7d40a7471badabbab878c2e41cb83641a9e2b597bb0a,d7c77384eedf44b83bb464f03081bda024ebcdf3ebd2c5ef3e38acffa7bbfeef,adapter_ready,forecast_model,test.csv|sample_submission.csv|sealed_independent_test,pending
FULL_UNIFIED_RUN_V1,Store Item,2017-07-17,timemixerpp,none,13,50,10,7,0.001,4,Adam,0.001,v1_0313_store_item_20170717_timemixerpp_s13,stage_2,log1p_huber_delta_1,latest locked 28-day rolling origin strictly before formal origin,reinitialize same seed; all pre-origin rolling samples; e_star epochs,configs/adapter_common_contract.yaml,99f53feff701ca0e8ddb39eaf4c2384b14067b4e69669a6d805e4efea668fb19,cb704e15bf73a80e87151fc7a786498308b0888b5b69c93a6c61d1fdd789036d,34d53ca2bc8d880fcab243b4a0c32e211cbc184f8aa88af0a0cc7daa0679b437,not_applicable,not_applicable,existing_source_locks.csv|compatibility_config_hash:15120158aaa48625c00f34b8cc1572b184fc98569bd1df31445ff86a5d54baa5,02986b10650f71736b971b6b8804715e5ba760702eed38f2a2f67c8f1e739748,d7c77384eedf44b83bb464f03081bda024ebcdf3ebd2c5ef3e38acffa7bbfeef,adapter_ready,forecast_model,test.csv|sample_submission.csv|sealed_independent_test,pending
FULL_UNIFIED_RUN_V1,Store Item,2017-07-17,timemixerpp,none,29,50,10,7,0.001,4,Adam,0.001,v1_0314_store_item_20170717_timemixerpp_s29,stage_2,log1p_huber_delta_1,latest locked 28-day rolling origin strictly before formal origin,reinitialize same seed; all pre-origin rolling samples; e_star epochs,configs/adapter_common_contract.yaml,99f53feff701ca0e8ddb39eaf4c2384b14067b4e69669a6d805e4efea668fb19,cb704e15bf73a80e87151fc7a786498308b0888b5b69c93a6c61d1fdd789036d,34d53ca2bc8d880fcab243b4a0c32e211cbc184f8aa88af0a0cc7daa0679b437,not_applicable,not_applicable,existing_source_locks.csv|compatibility_config_hash:15120158aaa48625c00f34b8cc1572b184fc98569bd1df31445ff86a5d54baa5,48259324c771343f2b3d76626b8241006b6680a4f3cc782ab2758436d25e1d1c,d7c77384eedf44b83bb464f03081bda024ebcdf3ebd2c5ef3e38acffa7bbfeef,adapter_ready,forecast_model,test.csv|sample_submission.csv|sealed_independent_test,pending
FULL_UNIFIED_RUN_V1,Store Item,2017-07-17,timemixerpp,none,47,50,10,7,0.001,4,Adam,0.001,v1_0315_store_item_20170717_timemixerpp_s47,stage_2,log1p_huber_delta_1,latest locked 28-day rolling origin strictly before formal origin,reinitialize same seed; all pre-origin rolling samples; e_star epochs,configs/adapter_common_contract.yaml,99f53feff701ca0e8ddb39eaf4c2384b14067b4e69669a6d805e4efea668fb19,cb704e15bf73a80e87151fc7a786498308b0888b5b69c93a6c61d1fdd789036d,34d53ca2bc8d880fcab243b4a0c32e211cbc184f8aa88af0a0cc7daa0679b437,not_applicable,not_applicable,existing_source_locks.csv|compatibility_config_hash:15120158aaa48625c00f34b8cc1572b184fc98569bd1df31445ff86a5d54baa5,de7cdf216f2b608b5876f56c22b5a681f411111c7d602c457058f982a2f1163a,d7c77384eedf44b83bb464f03081bda024ebcdf3ebd2c5ef3e38acffa7bbfeef,adapter_ready,forecast_model,test.csv|sample_submission.csv|sealed_independent_test,pending
FULL_UNIFIED_RUN_V1,M5,2015-12-07,mixlinear,none,13,50,10,7,0.001,4,Adam,0.01,v1_0316_m5_20151207_mixlinear_s13,stage_2,log1p_huber_delta_1,latest locked 28-day rolling origin strictly before formal origin,reinitialize same seed; all pre-origin rolling samples; e_star epochs,configs/adapter_common_contract.yaml,0fdc80620cf8962630e75c1fa2432803a694bdd75347ebc77b3093fc02c15c5f,24f14f88e9945d2a7fb67744b119a74daf41bf279d2a3b941fb03feff77657e4,4e848b74ea357e0224e7040a2b5ea8d3cfd77d9b55bb869887df86ed6bfc2751,not_applicable,not_applicable,existing_source_locks.csv|compatibility_config_hash:15120158aaa48625c00f34b8cc1572b184fc98569bd1df31445ff86a5d54baa5,37d66afc7294887357188de075a1e3bf196be4cfea1f5241ece05a78f0ee26dc,d7c77384eedf44b83bb464f03081bda024ebcdf3ebd2c5ef3e38acffa7bbfeef,adapter_ready,forecast_model,,pending
FULL_UNIFIED_RUN_V1,M5,2015-12-07,mixlinear,none,29,50,10,7,0.001,4,Adam,0.01,v1_0317_m5_20151207_mixlinear_s29,stage_2,log1p_huber_delta_1,latest locked 28-day rolling origin strictly before formal origin,reinitialize same seed; all pre-origin rolling samples; e_star epochs,configs/adapter_common_contract.yaml,0fdc80620cf8962630e75c1fa2432803a694bdd75347ebc77b3093fc02c15c5f,24f14f88e9945d2a7fb67744b119a74daf41bf279d2a3b941fb03feff77657e4,4e848b74ea357e0224e7040a2b5ea8d3cfd77d9b55bb869887df86ed6bfc2751,not_applicable,not_applicable,existing_source_locks.csv|compatibility_config_hash:15120158aaa48625c00f34b8cc1572b184fc98569bd1df31445ff86a5d54baa5,46c20a4f754ca7d208a0064fc0bb4e4fab059ae5aa069c3418cb11c1e1711f9b,d7c77384eedf44b83bb464f03081bda024ebcdf3ebd2c5ef3e38acffa7bbfeef,adapter_ready,forecast_model,,pending
FULL_UNIFIED_RUN_V1,M5,2015-12-07,mixlinear,none,47,50,10,7,0.001,4,Adam,0.01,v1_0318_m5_20151207_mixlinear_s47,stage_2,log1p_huber_delta_1,latest locked 28-day rolling origin strictly before formal origin,reinitialize same seed; all pre-origin rolling samples; e_star epochs,configs/adapter_common_contract.yaml,0fdc80620cf8962630e75c1fa2432803a694bdd75347ebc77b3093fc02c15c5f,24f14f88e9945d2a7fb67744b119a74daf41bf279d2a3b941fb03feff77657e4,4e848b74ea357e0224e7040a2b5ea8d3cfd77d9b55bb869887df86ed6bfc2751,not_applicable,not_applicable,existing_source_locks.csv|compatibility_config_hash:15120158aaa48625c00f34b8cc1572b184fc98569bd1df31445ff86a5d54baa5,21c4360d8be4fc36154c2cf1c430bf44179488a0273d239c317fff462b95545c,d7c77384eedf44b83bb464f03081bda024ebcdf3ebd2c5ef3e38acffa7bbfeef,adapter_ready,forecast_model,,pending
FULL_UNIFIED_RUN_V1,M5,2016-01-04,mixlinear,none,13,50,10,7,0.001,4,Adam,0.01,v1_0319_m5_20160104_mixlinear_s13,stage_2,log1p_huber_delta_1,latest locked 28-day rolling origin strictly before formal origin,reinitialize same seed; all pre-origin rolling samples; e_star epochs,configs/adapter_common_contract.yaml,0fdc80620cf8962630e75c1fa2432803a694bdd75347ebc77b3093fc02c15c5f,f363d22b50ee5ecf935d764748129bbf4e83b2417ab50854a465cae0c12fccbf,3016e2d14ad01bc58bf8bc0ed0e99fd89d95ae1895eb99367eaa330b9cef355d,not_applicable,not_applicable,existing_source_locks.csv|compatibility_config_hash:15120158aaa48625c00f34b8cc1572b184fc98569bd1df31445ff86a5d54baa5,d4f77cb970b322bc6439737f85659a2319505eca622d344b3c28e67b5caac555,d7c77384eedf44b83bb464f03081bda024ebcdf3ebd2c5ef3e38acffa7bbfeef,adapter_ready,forecast_model,,pending
FULL_UNIFIED_RUN_V1,M5,2016-01-04,mixlinear,none,29,50,10,7,0.001,4,Adam,0.01,v1_0320_m5_20160104_mixlinear_s29,stage_2,log1p_huber_delta_1,latest locked 28-day rolling origin strictly before formal origin,reinitialize same seed; all pre-origin rolling samples; e_star epochs,configs/adapter_common_contract.yaml,0fdc80620cf8962630e75c1fa2432803a694bdd75347ebc77b3093fc02c15c5f,f363d22b50ee5ecf935d764748129bbf4e83b2417ab50854a465cae0c12fccbf,3016e2d14ad01bc58bf8bc0ed0e99fd89d95ae1895eb99367eaa330b9cef355d,not_applicable,not_applicable,existing_source_locks.csv|compatibility_config_hash:15120158aaa48625c00f34b8cc1572b184fc98569bd1df31445ff86a5d54baa5,f0e5e99857e70088269112f5bb483efde099623af9459635523b06286d5ed3db,d7c77384eedf44b83bb464f03081bda024ebcdf3ebd2c5ef3e38acffa7bbfeef,adapter_ready,forecast_model,,pending
FULL_UNIFIED_RUN_V1,M5,2016-01-04,mixlinear,none,47,50,10,7,0.001,4,Adam,0.01,v1_0321_m5_20160104_mixlinear_s47,stage_2,log1p_huber_delta_1,latest locked 28-day rolling origin strictly before formal origin,reinitialize same seed; all pre-origin rolling samples; e_star epochs,configs/adapter_common_contract.yaml,0fdc80620cf8962630e75c1fa2432803a694bdd75347ebc77b3093fc02c15c5f,f363d22b50ee5ecf935d764748129bbf4e83b2417ab50854a465cae0c12fccbf,3016e2d14ad01bc58bf8bc0ed0e99fd89d95ae1895eb99367eaa330b9cef355d,not_applicable,not_applicable,existing_source_locks.csv|compatibility_config_hash:15120158aaa48625c00f34b8cc1572b184fc98569bd1df31445ff86a5d54baa5,f35f7dce966367786422e258a346d89c6c75afbbae60c294c8b8e2e7010c0bb3,d7c77384eedf44b83bb464f03081bda024ebcdf3ebd2c5ef3e38acffa7bbfeef,adapter_ready,forecast_model,,pending
FULL_UNIFIED_RUN_V1,M5,2016-02-01,mixlinear,none,13,50,10,7,0.001,4,Adam,0.01,v1_0322_m5_20160201_mixlinear_s13,stage_2,log1p_huber_delta_1,latest locked 28-day rolling origin strictly before formal origin,reinitialize same seed; all pre-origin rolling samples; e_star epochs,configs/adapter_common_contract.yaml,0fdc80620cf8962630e75c1fa2432803a694bdd75347ebc77b3093fc02c15c5f,84ec5e1a462241b724bdb52169726ffe86647b20efbad04d01b949a8b9fc2a01,3016e2d14ad01bc58bf8bc0ed0e99fd89d95ae1895eb99367eaa330b9cef355d,not_applicable,not_applicable,existing_source_locks.csv|compatibility_config_hash:15120158aaa48625c00f34b8cc1572b184fc98569bd1df31445ff86a5d54baa5,2bfd22394c3191c1e84c5f3126b8a1998ce389503130dbaa183ce993e77be3fa,d7c77384eedf44b83bb464f03081bda024ebcdf3ebd2c5ef3e38acffa7bbfeef,adapter_ready,forecast_model,,pending
FULL_UNIFIED_RUN_V1,M5,2016-02-01,mixlinear,none,29,50,10,7,0.001,4,Adam,0.01,v1_0323_m5_20160201_mixlinear_s29,stage_2,log1p_huber_delta_1,latest locked 28-day rolling origin strictly before formal origin,reinitialize same seed; all pre-origin rolling samples; e_star epochs,configs/adapter_common_contract.yaml,0fdc80620cf8962630e75c1fa2432803a694bdd75347ebc77b3093fc02c15c5f,84ec5e1a462241b724bdb52169726ffe86647b20efbad04d01b949a8b9fc2a01,3016e2d14ad01bc58bf8bc0ed0e99fd89d95ae1895eb99367eaa330b9cef355d,not_applicable,not_applicable,existing_source_locks.csv|compatibility_config_hash:15120158aaa48625c00f34b8cc1572b184fc98569bd1df31445ff86a5d54baa5,163e8d27ed41ee57380b6c43b6152b3152061def7ee7a8e06be90382ed9e87e5,d7c77384eedf44b83bb464f03081bda024ebcdf3ebd2c5ef3e38acffa7bbfeef,adapter_ready,forecast_model,,pending
FULL_UNIFIED_RUN_V1,M5,2016-02-01,mixlinear,none,47,50,10,7,0.001,4,Adam,0.01,v1_0324_m5_20160201_mixlinear_s47,stage_2,log1p_huber_delta_1,latest locked 28-day rolling origin strictly before formal origin,reinitialize same seed; all pre-origin rolling samples; e_star epochs,configs/adapter_common_contract.yaml,0fdc80620cf8962630e75c1fa2432803a694bdd75347ebc77b3093fc02c15c5f,84ec5e1a462241b724bdb52169726ffe86647b20efbad04d01b949a8b9fc2a01,3016e2d14ad01bc58bf8bc0ed0e99fd89d95ae1895eb99367eaa330b9cef355d,not_applicable,not_applicable,existing_source_locks.csv|compatibility_config_hash:15120158aaa48625c00f34b8cc1572b184fc98569bd1df31445ff86a5d54baa5,650fe4b8fc5448739db4ff394c9ba36d3ac99640123eaf8e2bc93006298ab57f,d7c77384eedf44b83bb464f03081bda024ebcdf3ebd2c5ef3e38acffa7bbfeef,adapter_ready,forecast_model,,pending
FULL_UNIFIED_RUN_V1,Favorita,2017-03-01,mixlinear,none,13,50,10,7,0.001,4,Adam,0.01,v1_0325_favorita_20170301_mixlinear_s13,stage_2,log1p_huber_delta_1,latest locked 28-day rolling origin strictly before formal origin,reinitialize same seed; all pre-origin rolling samples; e_star epochs,configs/adapter_common_contract.yaml,99f53feff701ca0e8ddb39eaf4c2384b14067b4e69669a6d805e4efea668fb19,cd0beeec37632daa955a38f9eba4e42ab5553d9daac470a0028c402132af43b1,55dc80374cd57120ded1af94a404fe3169d392e3a0e2c0f29bd6d1a2eed1002e,not_applicable,not_applicable,existing_source_locks.csv|compatibility_config_hash:15120158aaa48625c00f34b8cc1572b184fc98569bd1df31445ff86a5d54baa5,1233d0d996cdd8c72043593dda016b995b84a89407e01a774f5c32cc823022f2,d7c77384eedf44b83bb464f03081bda024ebcdf3ebd2c5ef3e38acffa7bbfeef,adapter_ready,forecast_model,,pending
FULL_UNIFIED_RUN_V1,Favorita,2017-03-01,mixlinear,none,29,50,10,7,0.001,4,Adam,0.01,v1_0326_favorita_20170301_mixlinear_s29,stage_2,log1p_huber_delta_1,latest locked 28-day rolling origin strictly before formal origin,reinitialize same seed; all pre-origin rolling samples; e_star epochs,configs/adapter_common_contract.yaml,99f53feff701ca0e8ddb39eaf4c2384b14067b4e69669a6d805e4efea668fb19,cd0beeec37632daa955a38f9eba4e42ab5553d9daac470a0028c402132af43b1,55dc80374cd57120ded1af94a404fe3169d392e3a0e2c0f29bd6d1a2eed1002e,not_applicable,not_applicable,existing_source_locks.csv|compatibility_config_hash:15120158aaa48625c00f34b8cc1572b184fc98569bd1df31445ff86a5d54baa5,5169be018ad8284331ddccc7d3024ac9b8d88afff663e8e4c7ddc528caba297e,d7c77384eedf44b83bb464f03081bda024ebcdf3ebd2c5ef3e38acffa7bbfeef,adapter_ready,forecast_model,,pending
FULL_UNIFIED_RUN_V1,Favorita,2017-03-01,mixlinear,none,47,50,10,7,0.001,4,Adam,0.01,v1_0327_favorita_20170301_mixlinear_s47,stage_2,log1p_huber_delta_1,latest locked 28-day rolling origin strictly before formal origin,reinitialize same seed; all pre-origin rolling samples; e_star epochs,configs/adapter_common_contract.yaml,99f53feff701ca0e8ddb39eaf4c2384b14067b4e69669a6d805e4efea668fb19,cd0beeec37632daa955a38f9eba4e42ab5553d9daac470a0028c402132af43b1,55dc80374cd57120ded1af94a404fe3169d392e3a0e2c0f29bd6d1a2eed1002e,not_applicable,not_applicable,existing_source_locks.csv|compatibility_config_hash:15120158aaa48625c00f34b8cc1572b184fc98569bd1df31445ff86a5d54baa5,6dab97a907c5f64a8437063f89169253fdc21a1fb038eca52f92b55e34a97f0a,d7c77384eedf44b83bb464f03081bda024ebcdf3ebd2c5ef3e38acffa7bbfeef,adapter_ready,forecast_model,,pending
FULL_UNIFIED_RUN_V1,Favorita,2017-03-29,mixlinear,none,13,50,10,7,0.001,4,Adam,0.01,v1_0328_favorita_20170329_mixlinear_s13,stage_2,log1p_huber_delta_1,latest locked 28-day rolling origin strictly before formal origin,reinitialize same seed; all pre-origin rolling samples; e_star epochs,configs/adapter_common_contract.yaml,99f53feff701ca0e8ddb39eaf4c2384b14067b4e69669a6d805e4efea668fb19,345dabcf47b0f7e1fb1895e4c61f5d5ebffaa56e09a9f5b2d7896f439c70937b,61b843616ad20b3c0f66e85ec548fd8ee39336145e3b216b3e7363c867264271,not_applicable,not_applicable,existing_source_locks.csv|compatibility_config_hash:15120158aaa48625c00f34b8cc1572b184fc98569bd1df31445ff86a5d54baa5,3d43ab953b0a8cd0cb8e2796f920590bb86cc6d68f00e5a6d79cbb007e2d5091,d7c77384eedf44b83bb464f03081bda024ebcdf3ebd2c5ef3e38acffa7bbfeef,adapter_ready,forecast_model,,pending
FULL_UNIFIED_RUN_V1,Favorita,2017-03-29,mixlinear,none,29,50,10,7,0.001,4,Adam,0.01,v1_0329_favorita_20170329_mixlinear_s29,stage_2,log1p_huber_delta_1,latest locked 28-day rolling origin strictly before formal origin,reinitialize same seed; all pre-origin rolling samples; e_star epochs,configs/adapter_common_contract.yaml,99f53feff701ca0e8ddb39eaf4c2384b14067b4e69669a6d805e4efea668fb19,345dabcf47b0f7e1fb1895e4c61f5d5ebffaa56e09a9f5b2d7896f439c70937b,61b843616ad20b3c0f66e85ec548fd8ee39336145e3b216b3e7363c867264271,not_applicable,not_applicable,existing_source_locks.csv|compatibility_config_hash:15120158aaa48625c00f34b8cc1572b184fc98569bd1df31445ff86a5d54baa5,dbb4538a5ee673acd77c11e455636210bac5397716cb75470e08bc0c8c6846e7,d7c77384eedf44b83bb464f03081bda024ebcdf3ebd2c5ef3e38acffa7bbfeef,adapter_ready,forecast_model,,pending
FULL_UNIFIED_RUN_V1,Favorita,2017-03-29,mixlinear,none,47,50,10,7,0.001,4,Adam,0.01,v1_0330_favorita_20170329_mixlinear_s47,stage_2,log1p_huber_delta_1,latest locked 28-day rolling origin strictly before formal origin,reinitialize same seed; all pre-origin rolling samples; e_star epochs,configs/adapter_common_contract.yaml,99f53feff701ca0e8ddb39eaf4c2384b14067b4e69669a6d805e4efea668fb19,345dabcf47b0f7e1fb1895e4c61f5d5ebffaa56e09a9f5b2d7896f439c70937b,61b843616ad20b3c0f66e85ec548fd8ee39336145e3b216b3e7363c867264271,not_applicable,not_applicable,existing_source_locks.csv|compatibility_config_hash:15120158aaa48625c00f34b8cc1572b184fc98569bd1df31445ff86a5d54baa5,4be7eefa93d398587297f8b016475424f6eef9dea67a8dd6d67dfa7601c92c26,d7c77384eedf44b83bb464f03081bda024ebcdf3ebd2c5ef3e38acffa7bbfeef,adapter_ready,forecast_model,,pending
FULL_UNIFIED_RUN_V1,Favorita,2017-04-26,mixlinear,none,13,50,10,7,0.001,4,Adam,0.01,v1_0331_favorita_20170426_mixlinear_s13,stage_2,log1p_huber_delta_1,latest locked 28-day rolling origin strictly before formal origin,reinitialize same seed; all pre-origin rolling samples; e_star epochs,configs/adapter_common_contract.yaml,99f53feff701ca0e8ddb39eaf4c2384b14067b4e69669a6d805e4efea668fb19,c488ebe713d35972ff5a908aa6c2090b4ea444972f31abbf215c0d17998dda91,c5ea41145b284ccabb9c8485eff0a16b0d7d6e25e5c1c3c30f9e41f0516db7ad,not_applicable,not_applicable,existing_source_locks.csv|compatibility_config_hash:15120158aaa48625c00f34b8cc1572b184fc98569bd1df31445ff86a5d54baa5,f98a946a154421808b52ed5c32463327c0efc4b110c9b5396cf11ea2a42820e2,d7c77384eedf44b83bb464f03081bda024ebcdf3ebd2c5ef3e38acffa7bbfeef,adapter_ready,forecast_model,,pending
FULL_UNIFIED_RUN_V1,Favorita,2017-04-26,mixlinear,none,29,50,10,7,0.001,4,Adam,0.01,v1_0332_favorita_20170426_mixlinear_s29,stage_2,log1p_huber_delta_1,latest locked 28-day rolling origin strictly before formal origin,reinitialize same seed; all pre-origin rolling samples; e_star epochs,configs/adapter_common_contract.yaml,99f53feff701ca0e8ddb39eaf4c2384b14067b4e69669a6d805e4efea668fb19,c488ebe713d35972ff5a908aa6c2090b4ea444972f31abbf215c0d17998dda91,c5ea41145b284ccabb9c8485eff0a16b0d7d6e25e5c1c3c30f9e41f0516db7ad,not_applicable,not_applicable,existing_source_locks.csv|compatibility_config_hash:15120158aaa48625c00f34b8cc1572b184fc98569bd1df31445ff86a5d54baa5,6f72c91dcdd18bbf591635d3927b0e48bdc6bf9f36c376a156415f4f852ce937,d7c77384eedf44b83bb464f03081bda024ebcdf3ebd2c5ef3e38acffa7bbfeef,adapter_ready,forecast_model,,pending
FULL_UNIFIED_RUN_V1,Favorita,2017-04-26,mixlinear,none,47,50,10,7,0.001,4,Adam,0.01,v1_0333_favorita_20170426_mixlinear_s47,stage_2,log1p_huber_delta_1,latest locked 28-day rolling origin strictly before formal origin,reinitialize same seed; all pre-origin rolling samples; e_star epochs,configs/adapter_common_contract.yaml,99f53feff701ca0e8ddb39eaf4c2384b14067b4e69669a6d805e4efea668fb19,c488ebe713d35972ff5a908aa6c2090b4ea444972f31abbf215c0d17998dda91,c5ea41145b284ccabb9c8485eff0a16b0d7d6e25e5c1c3c30f9e41f0516db7ad,not_applicable,not_applicable,existing_source_locks.csv|compatibility_config_hash:15120158aaa48625c00f34b8cc1572b184fc98569bd1df31445ff86a5d54baa5,aa134cf9826cb9483d9c23df61492eca8112a57e7f91e576f5598310ff158563,d7c77384eedf44b83bb464f03081bda024ebcdf3ebd2c5ef3e38acffa7bbfeef,adapter_ready,forecast_model,,pending
FULL_UNIFIED_RUN_V1,Store Item,2017-05-22,mixlinear,none,13,50,10,7,0.001,4,Adam,0.01,v1_0334_store_item_20170522_mixlinear_s13,stage_2,log1p_huber_delta_1,latest locked 28-day rolling origin strictly before formal origin,reinitialize same seed; all pre-origin rolling samples; e_star epochs,configs/adapter_common_contract.yaml,99f53feff701ca0e8ddb39eaf4c2384b14067b4e69669a6d805e4efea668fb19,96f573b570f1b2d301538d41f90dacef49f3190e6f15d4c0105641fefebfcd31,16faaf5314d2d656099b5dfcf1294a6e3ae99741f8f303dcc812754898b52246,not_applicable,not_applicable,existing_source_locks.csv|compatibility_config_hash:15120158aaa48625c00f34b8cc1572b184fc98569bd1df31445ff86a5d54baa5,ec6fccfec6e7a744543dc12960937ba9e7164f9caa17a94e2ccc45b34abadbd9,d7c77384eedf44b83bb464f03081bda024ebcdf3ebd2c5ef3e38acffa7bbfeef,adapter_ready,forecast_model,test.csv|sample_submission.csv|sealed_independent_test,pending
FULL_UNIFIED_RUN_V1,Store Item,2017-05-22,mixlinear,none,29,50,10,7,0.001,4,Adam,0.01,v1_0335_store_item_20170522_mixlinear_s29,stage_2,log1p_huber_delta_1,latest locked 28-day rolling origin strictly before formal origin,reinitialize same seed; all pre-origin rolling samples; e_star epochs,configs/adapter_common_contract.yaml,99f53feff701ca0e8ddb39eaf4c2384b14067b4e69669a6d805e4efea668fb19,96f573b570f1b2d301538d41f90dacef49f3190e6f15d4c0105641fefebfcd31,16faaf5314d2d656099b5dfcf1294a6e3ae99741f8f303dcc812754898b52246,not_applicable,not_applicable,existing_source_locks.csv|compatibility_config_hash:15120158aaa48625c00f34b8cc1572b184fc98569bd1df31445ff86a5d54baa5,6c0b50e0a2bb83850ba8962881a9987312bca4b13c3b42722a446bbacf353356,d7c77384eedf44b83bb464f03081bda024ebcdf3ebd2c5ef3e38acffa7bbfeef,adapter_ready,forecast_model,test.csv|sample_submission.csv|sealed_independent_test,pending
FULL_UNIFIED_RUN_V1,Store Item,2017-05-22,mixlinear,none,47,50,10,7,0.001,4,Adam,0.01,v1_0336_store_item_20170522_mixlinear_s47,stage_2,log1p_huber_delta_1,latest locked 28-day rolling origin strictly before formal origin,reinitialize same seed; all pre-origin rolling samples; e_star epochs,configs/adapter_common_contract.yaml,99f53feff701ca0e8ddb39eaf4c2384b14067b4e69669a6d805e4efea668fb19,96f573b570f1b2d301538d41f90dacef49f3190e6f15d4c0105641fefebfcd31,16faaf5314d2d656099b5dfcf1294a6e3ae99741f8f303dcc812754898b52246,not_applicable,not_applicable,existing_source_locks.csv|compatibility_config_hash:15120158aaa48625c00f34b8cc1572b184fc98569bd1df31445ff86a5d54baa5,2b05b3a1d9b927e71095878d3e5834cba8eb55c9dc5136c1fdfa39332c964e5f,d7c77384eedf44b83bb464f03081bda024ebcdf3ebd2c5ef3e38acffa7bbfeef,adapter_ready,forecast_model,test.csv|sample_submission.csv|sealed_independent_test,pending
FULL_UNIFIED_RUN_V1,Store Item,2017-06-19,mixlinear,none,13,50,10,7,0.001,4,Adam,0.01,v1_0337_store_item_20170619_mixlinear_s13,stage_2,log1p_huber_delta_1,latest locked 28-day rolling origin strictly before formal origin,reinitialize same seed; all pre-origin rolling samples; e_star epochs,configs/adapter_common_contract.yaml,99f53feff701ca0e8ddb39eaf4c2384b14067b4e69669a6d805e4efea668fb19,28beca4732b3f14a100f847605d2098885a415ba97668113a3ccce044ffb107d,0fbc52c84fd91f7cae2d2b0d15d8eb3627c8926e5b3fe3208f25e73f9d77146e,not_applicable,not_applicable,existing_source_locks.csv|compatibility_config_hash:15120158aaa48625c00f34b8cc1572b184fc98569bd1df31445ff86a5d54baa5,0c3a402791b1836db786378a09619fe5cdc6afa849550403296626c8684202c5,d7c77384eedf44b83bb464f03081bda024ebcdf3ebd2c5ef3e38acffa7bbfeef,adapter_ready,forecast_model,test.csv|sample_submission.csv|sealed_independent_test,pending
FULL_UNIFIED_RUN_V1,Store Item,2017-06-19,mixlinear,none,29,50,10,7,0.001,4,Adam,0.01,v1_0338_store_item_20170619_mixlinear_s29,stage_2,log1p_huber_delta_1,latest locked 28-day rolling origin strictly before formal origin,reinitialize same seed; all pre-origin rolling samples; e_star epochs,configs/adapter_common_contract.yaml,99f53feff701ca0e8ddb39eaf4c2384b14067b4e69669a6d805e4efea668fb19,28beca4732b3f14a100f847605d2098885a415ba97668113a3ccce044ffb107d,0fbc52c84fd91f7cae2d2b0d15d8eb3627c8926e5b3fe3208f25e73f9d77146e,not_applicable,not_applicable,existing_source_locks.csv|compatibility_config_hash:15120158aaa48625c00f34b8cc1572b184fc98569bd1df31445ff86a5d54baa5,d4b706d6536b67480be51b3f1b86e6c4774750fb4d353605ec7dd26ba4e9ea7d,d7c77384eedf44b83bb464f03081bda024ebcdf3ebd2c5ef3e38acffa7bbfeef,adapter_ready,forecast_model,test.csv|sample_submission.csv|sealed_independent_test,pending
FULL_UNIFIED_RUN_V1,Store Item,2017-06-19,mixlinear,none,47,50,10,7,0.001,4,Adam,0.01,v1_0339_store_item_20170619_mixlinear_s47,stage_2,log1p_huber_delta_1,latest locked 28-day rolling origin strictly before formal origin,reinitialize same seed; all pre-origin rolling samples; e_star epochs,configs/adapter_common_contract.yaml,99f53feff701ca0e8ddb39eaf4c2384b14067b4e69669a6d805e4efea668fb19,28beca4732b3f14a100f847605d2098885a415ba97668113a3ccce044ffb107d,0fbc52c84fd91f7cae2d2b0d15d8eb3627c8926e5b3fe3208f25e73f9d77146e,not_applicable,not_applicable,existing_source_locks.csv|compatibility_config_hash:15120158aaa48625c00f34b8cc1572b184fc98569bd1df31445ff86a5d54baa5,1f969744959b88b40d23dbf7e884ac53a90bc6ee1f9d68ac14f906442e0f51f5,d7c77384eedf44b83bb464f03081bda024ebcdf3ebd2c5ef3e38acffa7bbfeef,adapter_ready,forecast_model,test.csv|sample_submission.csv|sealed_independent_test,pending
FULL_UNIFIED_RUN_V1,Store Item,2017-07-17,mixlinear,none,13,50,10,7,0.001,4,Adam,0.01,v1_0340_store_item_20170717_mixlinear_s13,stage_2,log1p_huber_delta_1,latest locked 28-day rolling origin strictly before formal origin,reinitialize same seed; all pre-origin rolling samples; e_star epochs,configs/adapter_common_contract.yaml,99f53feff701ca0e8ddb39eaf4c2384b14067b4e69669a6d805e4efea668fb19,cb704e15bf73a80e87151fc7a786498308b0888b5b69c93a6c61d1fdd789036d,34d53ca2bc8d880fcab243b4a0c32e211cbc184f8aa88af0a0cc7daa0679b437,not_applicable,not_applicable,existing_source_locks.csv|compatibility_config_hash:15120158aaa48625c00f34b8cc1572b184fc98569bd1df31445ff86a5d54baa5,ed39f5cc448dd02dc74edbdb59e4f5c92dd0da68bfe979ff0fa2c95f43c574f9,d7c77384eedf44b83bb464f03081bda024ebcdf3ebd2c5ef3e38acffa7bbfeef,adapter_ready,forecast_model,test.csv|sample_submission.csv|sealed_independent_test,pending
FULL_UNIFIED_RUN_V1,Store Item,2017-07-17,mixlinear,none,29,50,10,7,0.001,4,Adam,0.01,v1_0341_store_item_20170717_mixlinear_s29,stage_2,log1p_huber_delta_1,latest locked 28-day rolling origin strictly before formal origin,reinitialize same seed; all pre-origin rolling samples; e_star epochs,configs/adapter_common_contract.yaml,99f53feff701ca0e8ddb39eaf4c2384b14067b4e69669a6d805e4efea668fb19,cb704e15bf73a80e87151fc7a786498308b0888b5b69c93a6c61d1fdd789036d,34d53ca2bc8d880fcab243b4a0c32e211cbc184f8aa88af0a0cc7daa0679b437,not_applicable,not_applicable,existing_source_locks.csv|compatibility_config_hash:15120158aaa48625c00f34b8cc1572b184fc98569bd1df31445ff86a5d54baa5,536fae5390ae351bbfa4577043c9a2e88b3835aeae9803541d1c96346a499348,d7c77384eedf44b83bb464f03081bda024ebcdf3ebd2c5ef3e38acffa7bbfeef,adapter_ready,forecast_model,test.csv|sample_submission.csv|sealed_independent_test,pending
FULL_UNIFIED_RUN_V1,Store Item,2017-07-17,mixlinear,none,47,50,10,7,0.001,4,Adam,0.01,v1_0342_store_item_20170717_mixlinear_s47,stage_2,log1p_huber_delta_1,latest locked 28-day rolling origin strictly before formal origin,reinitialize same seed; all pre-origin rolling samples; e_star epochs,configs/adapter_common_contract.yaml,99f53feff701ca0e8ddb39eaf4c2384b14067b4e69669a6d805e4efea668fb19,cb704e15bf73a80e87151fc7a786498308b0888b5b69c93a6c61d1fdd789036d,34d53ca2bc8d880fcab243b4a0c32e211cbc184f8aa88af0a0cc7daa0679b437,not_applicable,not_applicable,existing_source_locks.csv|compatibility_config_hash:15120158aaa48625c00f34b8cc1572b184fc98569bd1df31445ff86a5d54baa5,2d064c3fc46d5e67de68430587d7dc597b350a6f396615d8d003c8df6d075720,d7c77384eedf44b83bb464f03081bda024ebcdf3ebd2c5ef3e38acffa7bbfeef,adapter_ready,forecast_model,test.csv|sample_submission.csv|sealed_independent_test,pending
