experiment_version,full_run_task_id,execution_stage,dataset,forecast_origin,model_id,graph_mode,seed,RMSSE,WAPE,MAE,prediction_rows,selected_epoch,selected_trees,leakage_check_passed,checkpoint_reload_passed,prediction_shape_passed,finite_output_passed,graph_export_passed,config_sha256,data_slice_sha256,node_ids_sha256
FULL_UNIFIED_RUN_V1,v1_0001_m5_20151207_seasonal_naive_s13,stage_2,M5,2015-12-07,seasonal_naive,none,13,0.7920674157770485,1.3893379678245867,2.5234126721109664,2520,,,True,True,True,True,True,e6a9759eec74735c27f556ca1b69d374f5ed9b8062cf2b075e198f1be3af6aff,24f14f88e9945d2a7fb67744b119a74daf41bf279d2a3b941fb03feff77657e4,0fdc80620cf8962630e75c1fa2432803a694bdd75347ebc77b3093fc02c15c5f
FULL_UNIFIED_RUN_V1,v1_0002_m5_20160104_seasonal_naive_s13,stage_2,M5,2016-01-04,seasonal_naive,none,13,0.6639441430569958,0.900772973272503,3.976984203051007,2520,,,True,True,True,True,True,9ec15a6ac928218108735a98b6e7a1f914d8089bb08dc40786788d3af3ad1074,f363d22b50ee5ecf935d764748129bbf4e83b2417ab50854a465cae0c12fccbf,0fdc80620cf8962630e75c1fa2432803a694bdd75347ebc77b3093fc02c15c5f
FULL_UNIFIED_RUN_V1,v1_0003_m5_20160201_seasonal_naive_s13,stage_2,M5,2016-02-01,seasonal_naive,none,13,0.8666454011604331,0.5151603126480464,2.8182540272909495,2520,,,True,True,True,True,True,2ef3454da0229e133a990a306c9a3a480f93c790a1d37be32fe30819ed28848a,84ec5e1a462241b724bdb52169726ffe86647b20efbad04d01b949a8b9fc2a01,0fdc80620cf8962630e75c1fa2432803a694bdd75347ebc77b3093fc02c15c5f
FULL_UNIFIED_RUN_V1,v1_0004_favorita_20170301_seasonal_naive_s13,stage_2,Favorita,2017-03-01,seasonal_naive,none,13,0.8165322114824081,0.5238278676819196,11.881746503852662,2520,,,True,True,True,True,True,90230acaa09332c2fd5a95ca4d8e553d7c47c8e41b0816e769b73504a065e364,cd0beeec37632daa955a38f9eba4e42ab5553d9daac470a0028c402132af43b1,99f53feff701ca0e8ddb39eaf4c2384b14067b4e69669a6d805e4efea668fb19
FULL_UNIFIED_RUN_V1,v1_0005_favorita_20170329_seasonal_naive_s13,stage_2,Favorita,2017-03-29,seasonal_naive,none,13,1.0018225178442666,0.45825325693791924,10.219047858979966,2520,,,True,True,True,True,True,54be18f219c51ddc770a171f37b9ebc97949c9637f6ff2a0b1ffc80ec3a33528,345dabcf47b0f7e1fb1895e4c61f5d5ebffaa56e09a9f5b2d7896f439c70937b,99f53feff701ca0e8ddb39eaf4c2384b14067b4e69669a6d805e4efea668fb19
FULL_UNIFIED_RUN_V1,v1_0006_favorita_20170426_seasonal_naive_s13,stage_2,Favorita,2017-04-26,seasonal_naive,none,13,0.899880608662311,0.5222007886976636,11.065476443464794,2520,,,True,True,True,True,True,f34f531077b61f0ed30d936895f02542b7ff579f13025e0803005a51f65142f2,c488ebe713d35972ff5a908aa6c2090b4ea444972f31abbf215c0d17998dda91,99f53feff701ca0e8ddb39eaf4c2384b14067b4e69669a6d805e4efea668fb19
FULL_UNIFIED_RUN_V1,v1_0007_store_item_20170522_seasonal_naive_s13,stage_2,Store Item,2017-05-22,seasonal_naive,none,13,0.8877201483509353,0.14379350315951786,9.140873196768382,2520,,,True,True,True,True,True,9865da6aaf46dbb0cd419a9c20e42aab847f590832881e9e9f3823c9a492728c,96f573b570f1b2d301538d41f90dacef49f3190e6f15d4c0105641fefebfcd31,99f53feff701ca0e8ddb39eaf4c2384b14067b4e69669a6d805e4efea668fb19
FULL_UNIFIED_RUN_V1,v1_0008_store_item_20170619_seasonal_naive_s13,stage_2,Store Item,2017-06-19,seasonal_naive,none,13,0.9305551280262089,0.139015348854143,9.378571360073392,2520,,,True,True,True,True,True,4f77d20f5094dd691be584683fef1824d7f2b94b60c35c1778369098c642a971,28beca4732b3f14a100f847605d2098885a415ba97668113a3ccce044ffb107d,99f53feff701ca0e8ddb39eaf4c2384b14067b4e69669a6d805e4efea668fb19
FULL_UNIFIED_RUN_V1,v1_0009_store_item_20170717_seasonal_naive_s13,stage_2,Store Item,2017-07-17,seasonal_naive,none,13,1.008393053804831,0.15758045285243555,10.325396818584865,2520,,,True,True,True,True,True,21a23ca6456026a3ec2d5bef731b11fdbc84e741451f728ed1f803157ea4fb69,cb704e15bf73a80e87151fc7a786498308b0888b5b69c93a6c61d1fdd789036d,99f53feff701ca0e8ddb39eaf4c2384b14067b4e69669a6d805e4efea668fb19
FULL_UNIFIED_RUN_V1,v1_0010_m5_20151207_global_lightgbm_s13,stage_2,M5,2015-12-07,global_lightgbm,none,13,0.8682462922492474,2.3903127108443316,4.341452925451218,2520,,25.0,True,True,True,True,True,193ef103c54c766d35057c2a1a4bc0f5866319ab20f4156783fe6cd6d7a3388e,24f14f88e9945d2a7fb67744b119a74daf41bf279d2a3b941fb03feff77657e4,0fdc80620cf8962630e75c1fa2432803a694bdd75347ebc77b3093fc02c15c5f
FULL_UNIFIED_RUN_V1,v1_0011_m5_20160104_global_lightgbm_s13,stage_2,M5,2016-01-04,global_lightgbm,none,13,0.6898504803326487,0.6847011085807758,3.0230097632086466,2520,,50.0,True,True,True,True,True,0062a100e0ff4072d8da42833514cb1f9185b32a7f0cc6c2a3964aa61199c347,f363d22b50ee5ecf935d764748129bbf4e83b2417ab50854a465cae0c12fccbf,0fdc80620cf8962630e75c1fa2432803a694bdd75347ebc77b3093fc02c15c5f
FULL_UNIFIED_RUN_V1,v1_0012_m5_20160201_global_lightgbm_s13,stage_2,M5,2016-02-01,global_lightgbm,none,13,0.7607686104369061,0.6570037716420902,3.594227815916141,2520,,100.0,True,True,True,True,True,ce833df7d70a6aaa419d22811497ddbb2457764d7bd3e1846bbec412943b7f9a,84ec5e1a462241b724bdb52169726ffe86647b20efbad04d01b949a8b9fc2a01,0fdc80620cf8962630e75c1fa2432803a694bdd75347ebc77b3093fc02c15c5f
FULL_UNIFIED_RUN_V1,v1_0013_favorita_20170301_global_lightgbm_s13,stage_2,Favorita,2017-03-01,global_lightgbm,none,13,0.875243094543789,0.45425072399950894,10.303560166888767,2520,,25.0,True,True,True,True,True,943c3314b79dd7eca017716c918c714e93b095f85390281a6315701660a9d554,cd0beeec37632daa955a38f9eba4e42ab5553d9daac470a0028c402132af43b1,99f53feff701ca0e8ddb39eaf4c2384b14067b4e69669a6d805e4efea668fb19
FULL_UNIFIED_RUN_V1,v1_0014_favorita_20170329_global_lightgbm_s13,stage_2,Favorita,2017-03-29,global_lightgbm,none,13,1.0420099091643975,0.4419614112121254,9.855739691143944,2520,,25.0,True,True,True,True,True,7bf093e7697d4c38b808a5585eaab886440d3c862c30c6657bcdbbe6086ff7b2,345dabcf47b0f7e1fb1895e4c61f5d5ebffaa56e09a9f5b2d7896f439c70937b,99f53feff701ca0e8ddb39eaf4c2384b14067b4e69669a6d805e4efea668fb19
FULL_UNIFIED_RUN_V1,v1_0015_favorita_20170426_global_lightgbm_s13,stage_2,Favorita,2017-04-26,global_lightgbm,none,13,0.8236376981689685,0.42603083864972885,9.027627516659125,2520,,50.0,True,True,True,True,True,07afe46be93fafe475145ba7e8e8c30f99a2818737a6dc172e840fe113d6302a,c488ebe713d35972ff5a908aa6c2090b4ea444972f31abbf215c0d17998dda91,99f53feff701ca0e8ddb39eaf4c2384b14067b4e69669a6d805e4efea668fb19
FULL_UNIFIED_RUN_V1,v1_0016_store_item_20170522_global_lightgbm_s13,stage_2,Store Item,2017-05-22,global_lightgbm,none,13,0.7772073251264373,0.12673190265359324,8.056276721046084,2520,,50.0,True,True,True,True,True,9c56dbb15504f098841eef5a5b07f4dd6ae89b4595fb6cdafc27d5f13e706888,96f573b570f1b2d301538d41f90dacef49f3190e6f15d4c0105641fefebfcd31,99f53feff701ca0e8ddb39eaf4c2384b14067b4e69669a6d805e4efea668fb19
FULL_UNIFIED_RUN_V1,v1_0017_store_item_20170619_global_lightgbm_s13,stage_2,Store Item,2017-06-19,global_lightgbm,none,13,0.7962341592565704,0.12416119893676726,8.376446730371505,2520,,50.0,True,True,True,True,True,7a36ea654154df9d707b1f77cee2a6e4facb8513041e75c48c211231df958529,28beca4732b3f14a100f847605d2098885a415ba97668113a3ccce044ffb107d,99f53feff701ca0e8ddb39eaf4c2384b14067b4e69669a6d805e4efea668fb19
FULL_UNIFIED_RUN_V1,v1_0018_store_item_20170717_global_lightgbm_s13,stage_2,Store Item,2017-07-17,global_lightgbm,none,13,0.8483119008238432,0.1351414206415463,8.85508811208937,2520,,50.0,True,True,True,True,True,693bcb28c3c0fcdc5e11d309c290275610f758a7a75e5bd6eb5b0a88de7176e3,cb704e15bf73a80e87151fc7a786498308b0888b5b69c93a6c61d1fdd789036d,99f53feff701ca0e8ddb39eaf4c2384b14067b4e69669a6d805e4efea668fb19
FULL_UNIFIED_RUN_V1,v1_0019_m5_20151207_tcn_no_graph_s13,stage_1,M5,2015-12-07,tcn_no_graph,no_graph,13,0.5446019717886411,0.9239265131905163,1.678099875968127,2520,12.0,,True,True,True,True,True,c19e90dc05d6ddb641349a56d3ccf7c0ef7a06e48cee4c066b70ede07b8a4cf5,24f14f88e9945d2a7fb67744b119a74daf41bf279d2a3b941fb03feff77657e4,0fdc80620cf8962630e75c1fa2432803a694bdd75347ebc77b3093fc02c15c5f
FULL_UNIFIED_RUN_V1,v1_0020_m5_20151207_tcn_no_graph_s29,stage_1,M5,2015-12-07,tcn_no_graph,no_graph,29,0.5195498210933492,0.8142709666602104,1.4789358121549918,2520,47.0,,True,True,True,True,True,10233fbafa4d18edfdd68ef8170f0b604da9b29a381568f38973436b22c087f5,24f14f88e9945d2a7fb67744b119a74daf41bf279d2a3b941fb03feff77657e4,0fdc80620cf8962630e75c1fa2432803a694bdd75347ebc77b3093fc02c15c5f
FULL_UNIFIED_RUN_V1,v1_0021_m5_20151207_tcn_no_graph_s47,stage_1,M5,2015-12-07,tcn_no_graph,no_graph,47,0.5127044132243447,0.7661361030073784,1.3915099102327422,2520,50.0,,True,True,True,True,True,3c701d2df00661157158a0a7e8e6c23da9dfd5abdaf102266bc2af0cc52a8c57,24f14f88e9945d2a7fb67744b119a74daf41bf279d2a3b941fb03feff77657e4,0fdc80620cf8962630e75c1fa2432803a694bdd75347ebc77b3093fc02c15c5f
FULL_UNIFIED_RUN_V1,v1_0022_m5_20160104_tcn_no_graph_s13,stage_1,M5,2016-01-04,tcn_no_graph,no_graph,13,0.644763904977333,0.8887605732133039,3.9239485029426833,2520,5.0,,True,True,True,True,True,3a436ded815931d6e4ddfa77170a156dc740d219a8e7c02a15aa633ebf757a81,f363d22b50ee5ecf935d764748129bbf4e83b2417ab50854a465cae0c12fccbf,0fdc80620cf8962630e75c1fa2432803a694bdd75347ebc77b3093fc02c15c5f
FULL_UNIFIED_RUN_V1,v1_0023_m5_20160104_tcn_no_graph_s29,stage_1,M5,2016-01-04,tcn_no_graph,no_graph,29,0.5504429560569015,0.6851758008051924,3.025105567072474,2520,29.0,,True,True,True,True,True,276a4d262ccd487c6190421bef05f59b010f24be8b7df50b5dd2889cd5dad95e,f363d22b50ee5ecf935d764748129bbf4e83b2417ab50854a465cae0c12fccbf,0fdc80620cf8962630e75c1fa2432803a694bdd75347ebc77b3093fc02c15c5f
FULL_UNIFIED_RUN_V1,v1_0024_m5_20160104_tcn_no_graph_s47,stage_1,M5,2016-01-04,tcn_no_graph,no_graph,47,0.5768618639177631,0.7731410296570038,3.4134790373493047,2520,22.0,,True,True,True,True,True,fadbddd37b4eac6ed787a6f5173db9e1eea421dbeda7235218fce245e6561037,f363d22b50ee5ecf935d764748129bbf4e83b2417ab50854a465cae0c12fccbf,0fdc80620cf8962630e75c1fa2432803a694bdd75347ebc77b3093fc02c15c5f
FULL_UNIFIED_RUN_V1,v1_0025_m5_20160201_tcn_no_graph_s13,stage_1,M5,2016-02-01,tcn_no_graph,no_graph,13,0.7887203296173289,0.681487463701179,3.72816915816317,2520,37.0,,True,True,True,True,True,5ba7e6561c44f1f006af72e2e460db3ee8212c6eeaf1aea93ef935540a28b2d3,84ec5e1a462241b724bdb52169726ffe86647b20efbad04d01b949a8b9fc2a01,0fdc80620cf8962630e75c1fa2432803a694bdd75347ebc77b3093fc02c15c5f
FULL_UNIFIED_RUN_V1,v1_0026_m5_20160201_tcn_no_graph_s29,stage_1,M5,2016-02-01,tcn_no_graph,no_graph,29,0.7607661612646794,0.5902576742219124,3.2290842805116897,2520,24.0,,True,True,True,True,True,b9dc96291b33cfe83d16a8502af99df6aba34c8c418ac0ea3fd0e24fcb4e0a67,84ec5e1a462241b724bdb52169726ffe86647b20efbad04d01b949a8b9fc2a01,0fdc80620cf8962630e75c1fa2432803a694bdd75347ebc77b3093fc02c15c5f
FULL_UNIFIED_RUN_V1,v1_0027_m5_20160201_tcn_no_graph_s47,stage_1,M5,2016-02-01,tcn_no_graph,no_graph,47,0.8011277597580698,0.6772351250016916,3.7049061653219044,2520,29.0,,True,True,True,True,True,c1533c7d9a19380efd0b003abbf2f6ae78e78bc57f45c5ed79ae2ae0a6bf2e6a,84ec5e1a462241b724bdb52169726ffe86647b20efbad04d01b949a8b9fc2a01,0fdc80620cf8962630e75c1fa2432803a694bdd75347ebc77b3093fc02c15c5f
FULL_UNIFIED_RUN_V1,v1_0028_favorita_20170301_tcn_no_graph_s13,stage_1,Favorita,2017-03-01,tcn_no_graph,no_graph,13,0.6910131198165265,0.5479508021591907,12.428915927381743,2520,7.0,,True,True,True,True,True,6157a25acba00ca552c1528f68b6f47b89d5022527b9de62cc43999f76960e68,cd0beeec37632daa955a38f9eba4e42ab5553d9daac470a0028c402132af43b1,99f53feff701ca0e8ddb39eaf4c2384b14067b4e69669a6d805e4efea668fb19
FULL_UNIFIED_RUN_V1,v1_0029_favorita_20170301_tcn_no_graph_s29,stage_1,Favorita,2017-03-01,tcn_no_graph,no_graph,29,0.7073263393143805,0.42251376924118894,9.583685424616412,2520,9.0,,True,True,True,True,True,8279d852fbb8dcbf7b02f6f13186757820646ffa4077c6f1a8072800aa151710,cd0beeec37632daa955a38f9eba4e42ab5553d9daac470a0028c402132af43b1,99f53feff701ca0e8ddb39eaf4c2384b14067b4e69669a6d805e4efea668fb19
FULL_UNIFIED_RUN_V1,v1_0030_favorita_20170301_tcn_no_graph_s47,stage_1,Favorita,2017-03-01,tcn_no_graph,no_graph,47,0.7397317088347434,0.5021877289056845,11.390893192849463,2520,8.0,,True,True,True,True,True,7a0a6f6173676a423f7c988f74bb35cf9898e8cf0ea23a44408034edbfe88492,cd0beeec37632daa955a38f9eba4e42ab5553d9daac470a0028c402132af43b1,99f53feff701ca0e8ddb39eaf4c2384b14067b4e69669a6d805e4efea668fb19
FULL_UNIFIED_RUN_V1,v1_0031_favorita_20170329_tcn_no_graph_s13,stage_1,Favorita,2017-03-29,tcn_no_graph,no_graph,13,0.85838545414373,0.4463463554394743,9.953523949607616,2520,49.0,,True,True,True,True,True,75bb1133fda31d12866bad60a7e63457c8606c6d2eb56c2a6572dd0db9cc6655,345dabcf47b0f7e1fb1895e4c61f5d5ebffaa56e09a9f5b2d7896f439c70937b,99f53feff701ca0e8ddb39eaf4c2384b14067b4e69669a6d805e4efea668fb19
FULL_UNIFIED_RUN_V1,v1_0032_favorita_20170329_tcn_no_graph_s29,stage_1,Favorita,2017-03-29,tcn_no_graph,no_graph,29,0.9970250548418207,0.8650184520138152,19.289911912677308,2520,12.0,,True,True,True,True,True,19e7d0307f46710389e83129e1ac007f2045b86eb7d4394536e19c18b59f5aaa,345dabcf47b0f7e1fb1895e4c61f5d5ebffaa56e09a9f5b2d7896f439c70937b,99f53feff701ca0e8ddb39eaf4c2384b14067b4e69669a6d805e4efea668fb19
FULL_UNIFIED_RUN_V1,v1_0033_favorita_20170329_tcn_no_graph_s47,stage_1,Favorita,2017-03-29,tcn_no_graph,no_graph,47,1.086300056486659,0.9737045560154913,21.713612086290404,2520,6.0,,True,True,True,True,True,08666debefde5651e9b3fdc4130d538ff8a73ed3bcbbf0f4c65f8cd7b237d9df,345dabcf47b0f7e1fb1895e4c61f5d5ebffaa56e09a9f5b2d7896f439c70937b,99f53feff701ca0e8ddb39eaf4c2384b14067b4e69669a6d805e4efea668fb19
FULL_UNIFIED_RUN_V1,v1_0034_favorita_20170426_tcn_no_graph_s13,stage_1,Favorita,2017-04-26,tcn_no_graph,no_graph,13,0.7831851166327997,0.678363181033123,14.374570016557026,2520,31.0,,True,True,True,True,True,6b82372a5a98e4de2449ea6c26202d3c361c95e972b8ed2d7627437cd661b424,c488ebe713d35972ff5a908aa6c2090b4ea444972f31abbf215c0d17998dda91,99f53feff701ca0e8ddb39eaf4c2384b14067b4e69669a6d805e4efea668fb19
FULL_UNIFIED_RUN_V1,v1_0035_favorita_20170426_tcn_no_graph_s29,stage_1,Favorita,2017-04-26,tcn_no_graph,no_graph,29,0.7402390865578394,0.5044459280859284,10.689249528246739,2520,6.0,,True,True,True,True,True,746a1d8e6bff8e9fc4454e89256b9972f31f4c56f1e6f896dcde048c8abcb389,c488ebe713d35972ff5a908aa6c2090b4ea444972f31abbf215c0d17998dda91,99f53feff701ca0e8ddb39eaf4c2384b14067b4e69669a6d805e4efea668fb19
FULL_UNIFIED_RUN_V1,v1_0036_favorita_20170426_tcn_no_graph_s47,stage_1,Favorita,2017-04-26,tcn_no_graph,no_graph,47,0.7420546012508556,0.466400675429677,9.883067584126477,2520,15.0,,True,True,True,True,True,2aa6b8c1c7f823ffdbdf023588068e80b3acc9e04f6c8276342d8b6d812d1d06,c488ebe713d35972ff5a908aa6c2090b4ea444972f31abbf215c0d17998dda91,99f53feff701ca0e8ddb39eaf4c2384b14067b4e69669a6d805e4efea668fb19
FULL_UNIFIED_RUN_V1,v1_0037_store_item_20170522_tcn_no_graph_s13,stage_1,Store Item,2017-05-22,tcn_no_graph,no_graph,13,0.784888449547912,0.12895160272933767,8.197381823025053,2520,19.0,,True,True,True,True,True,34d114efd79fa4fa5e192b85a0b1a654f24aacde63d54091f94651ef684e35fd,96f573b570f1b2d301538d41f90dacef49f3190e6f15d4c0105641fefebfcd31,99f53feff701ca0e8ddb39eaf4c2384b14067b4e69669a6d805e4efea668fb19
FULL_UNIFIED_RUN_V1,v1_0038_store_item_20170522_tcn_no_graph_s29,stage_1,Store Item,2017-05-22,tcn_no_graph,no_graph,29,0.7822424005451877,0.12638656776592577,8.034323973882765,2520,11.0,,True,True,True,True,True,d2d32193a5ee5e4062e9b24eb7b26b20d4034d2ab13c956f96e2f42bcd250a4b,96f573b570f1b2d301538d41f90dacef49f3190e6f15d4c0105641fefebfcd31,99f53feff701ca0e8ddb39eaf4c2384b14067b4e69669a6d805e4efea668fb19
FULL_UNIFIED_RUN_V1,v1_0039_store_item_20170522_tcn_no_graph_s47,stage_1,Store Item,2017-05-22,tcn_no_graph,no_graph,47,0.7046110950870861,0.11278629981850621,7.169762488017007,2520,15.0,,True,True,True,True,True,fe86d20cb521de7644861aa2279ebc23e5ef323f6c4e14fb72f02a13dfff3dc5,96f573b570f1b2d301538d41f90dacef49f3190e6f15d4c0105641fefebfcd31,99f53feff701ca0e8ddb39eaf4c2384b14067b4e69669a6d805e4efea668fb19
FULL_UNIFIED_RUN_V1,v1_0040_store_item_20170619_tcn_no_graph_s13,stage_1,Store Item,2017-06-19,tcn_no_graph,no_graph,13,0.9192739582972258,0.14571818702821682,9.830773556800116,2520,17.0,,True,True,True,True,True,a8a6554d7c07709982ea1bddacb32a6ac472cbc76ab451f7a3c84d6af7397bea,28beca4732b3f14a100f847605d2098885a415ba97668113a3ccce044ffb107d,99f53feff701ca0e8ddb39eaf4c2384b14067b4e69669a6d805e4efea668fb19
FULL_UNIFIED_RUN_V1,v1_0041_store_item_20170619_tcn_no_graph_s29,stage_1,Store Item,2017-06-19,tcn_no_graph,no_graph,29,0.8130582363195865,0.12641387335219875,8.528421803126259,2520,14.0,,True,True,True,True,True,c829b2424aafaec5988fbbae8039d7091432bfc975fd7a8f434d065d8d86a4a1,28beca4732b3f14a100f847605d2098885a415ba97668113a3ccce044ffb107d,99f53feff701ca0e8ddb39eaf4c2384b14067b4e69669a6d805e4efea668fb19
FULL_UNIFIED_RUN_V1,v1_0042_store_item_20170619_tcn_no_graph_s47,stage_1,Store Item,2017-06-19,tcn_no_graph,no_graph,47,0.758495961431623,0.11637478567734358,7.851141913353451,2520,16.0,,True,True,True,True,True,09d40c2ba3c31a2381d22a63bc2ea727fe79a919ed8c2480b6951c42c56a0f38,28beca4732b3f14a100f847605d2098885a415ba97668113a3ccce044ffb107d,99f53feff701ca0e8ddb39eaf4c2384b14067b4e69669a6d805e4efea668fb19
FULL_UNIFIED_RUN_V1,v1_0043_store_item_20170717_tcn_no_graph_s13,stage_1,Store Item,2017-07-17,tcn_no_graph,no_graph,13,1.0593429296541317,0.1762796538197009,11.550654562692793,2520,8.0,,True,True,True,True,True,d7e3d84edb05034934cc90f5e47a8e30b4e422c7ef087fee4555d4cbe1ee1378,cb704e15bf73a80e87151fc7a786498308b0888b5b69c93a6c61d1fdd789036d,99f53feff701ca0e8ddb39eaf4c2384b14067b4e69669a6d805e4efea668fb19
FULL_UNIFIED_RUN_V1,v1_0044_store_item_20170717_tcn_no_graph_s29,stage_1,Store Item,2017-07-17,tcn_no_graph,no_graph,29,0.7680634561373361,0.12299687142792827,8.059321330464076,2520,17.0,,True,True,True,True,True,dd1f9ad222b72eb49a943e6a888e0d638854ff93ff47a31fdf83af70a7e2df79,cb704e15bf73a80e87151fc7a786498308b0888b5b69c93a6c61d1fdd789036d,99f53feff701ca0e8ddb39eaf4c2384b14067b4e69669a6d805e4efea668fb19
FULL_UNIFIED_RUN_V1,v1_0045_store_item_20170717_tcn_no_graph_s47,stage_1,Store Item,2017-07-17,tcn_no_graph,no_graph,47,0.9239981896768208,0.15952939815162676,10.45310068811689,2520,10.0,,True,True,True,True,True,cd5c0024bcd75a641c78d7670d5dea36225d6ba88aa9bf51df19e9b01e3c4313,cb704e15bf73a80e87151fc7a786498308b0888b5b69c93a6c61d1fdd789036d,99f53feff701ca0e8ddb39eaf4c2384b14067b4e69669a6d805e4efea668fb19
FULL_UNIFIED_RUN_V1,v1_0046_m5_20151207_tcn_business_s13,stage_2,M5,2015-12-07,tcn_business,native,13,0.5489729251604176,0.953425874736066,1.7316786771433221,2520,21.0,,True,True,True,True,True,3a72ee3a0379921de4a08c3da9b0d3bddf9b9c80b3b018f5b755b6f192bb6a22,24f14f88e9945d2a7fb67744b119a74daf41bf279d2a3b941fb03feff77657e4,0fdc80620cf8962630e75c1fa2432803a694bdd75347ebc77b3093fc02c15c5f
FULL_UNIFIED_RUN_V1,v1_0047_m5_20151207_tcn_business_s29,stage_2,M5,2015-12-07,tcn_business,native,29,0.5548221117353793,0.9419892494281715,1.7109066793310737,2520,18.0,,True,True,True,True,True,e09aa97625fa404264415b230571f69d8872ecd9b1bc4e1a8d67bd63dad61eb7,24f14f88e9945d2a7fb67744b119a74daf41bf279d2a3b941fb03feff77657e4,0fdc80620cf8962630e75c1fa2432803a694bdd75347ebc77b3093fc02c15c5f
FULL_UNIFIED_RUN_V1,v1_0048_m5_20151207_tcn_business_s47,stage_2,M5,2015-12-07,tcn_business,native,47,0.5490707209046849,0.8646920606398816,1.5705141253059818,2520,12.0,,True,True,True,True,True,e9df02679d31640f4b17aa26b52fe97d25336ee2f59b0272af3fbdabd257c44c,24f14f88e9945d2a7fb67744b119a74daf41bf279d2a3b941fb03feff77657e4,0fdc80620cf8962630e75c1fa2432803a694bdd75347ebc77b3093fc02c15c5f
FULL_UNIFIED_RUN_V1,v1_0049_m5_20160104_tcn_business_s13,stage_2,M5,2016-01-04,tcn_business,native,13,0.5835103505883183,0.7986303622799282,3.5260164648649237,2520,17.0,,True,True,True,True,True,08334ca08ca77752a5299862c24bbf2d8ecd1fd1cc5ab3f1cccc3179bd4317e5,f363d22b50ee5ecf935d764748129bbf4e83b2417ab50854a465cae0c12fccbf,0fdc80620cf8962630e75c1fa2432803a694bdd75347ebc77b3093fc02c15c5f
FULL_UNIFIED_RUN_V1,v1_0050_m5_20160104_tcn_business_s29,stage_2,M5,2016-01-04,tcn_business,native,29,0.5503044615749585,0.6831699135418133,3.0162494155267874,2520,26.0,,True,True,True,True,True,3b4fa2e5e8f5e9c34495219a572d4332aa4dda2d45aebb611a7f74c3f58a2dfb,f363d22b50ee5ecf935d764748129bbf4e83b2417ab50854a465cae0c12fccbf,0fdc80620cf8962630e75c1fa2432803a694bdd75347ebc77b3093fc02c15c5f
FULL_UNIFIED_RUN_V1,v1_0051_m5_20160104_tcn_business_s47,stage_2,M5,2016-01-04,tcn_business,native,47,0.566207859469786,0.7302500734437969,3.2241120599032866,2520,24.0,,True,True,True,True,True,7db9fb55f0a03d463954439c84f455279447071dfab2d58ea64cda9e2cc3b61a,f363d22b50ee5ecf935d764748129bbf4e83b2417ab50854a465cae0c12fccbf,0fdc80620cf8962630e75c1fa2432803a694bdd75347ebc77b3093fc02c15c5f
FULL_UNIFIED_RUN_V1,v1_0052_m5_20160201_tcn_business_s13,stage_2,M5,2016-02-01,tcn_business,native,13,0.7721234471632225,0.6259265732942808,3.4242158075173696,2520,23.0,,True,True,True,True,True,6e6df3f4edae1308f21d62ca487db082e5af97c401064a85b777e74318dd2b82,84ec5e1a462241b724bdb52169726ffe86647b20efbad04d01b949a8b9fc2a01,0fdc80620cf8962630e75c1fa2432803a694bdd75347ebc77b3093fc02c15c5f
FULL_UNIFIED_RUN_V1,v1_0053_m5_20160201_tcn_business_s29,stage_2,M5,2016-02-01,tcn_business,native,29,0.7873981145624409,0.7261029016355764,3.9722439336280027,2520,28.0,,True,True,True,True,True,e111d87d99dd8b90d0284b3b59f88b9adf9d6f32698abefc0bad6af4731a16a2,84ec5e1a462241b724bdb52169726ffe86647b20efbad04d01b949a8b9fc2a01,0fdc80620cf8962630e75c1fa2432803a694bdd75347ebc77b3093fc02c15c5f
FULL_UNIFIED_RUN_V1,v1_0054_m5_20160201_tcn_business_s47,stage_2,M5,2016-02-01,tcn_business,native,47,0.8116077274772974,0.6997173053232809,3.8278979674425155,2520,32.0,,True,True,True,True,True,ea622d49f6944236c4628a55f5b810f86c81c27251a4ebcc01e69af6aaf95ca6,84ec5e1a462241b724bdb52169726ffe86647b20efbad04d01b949a8b9fc2a01,0fdc80620cf8962630e75c1fa2432803a694bdd75347ebc77b3093fc02c15c5f
FULL_UNIFIED_RUN_V1,v1_0055_favorita_20170301_tcn_business_s13,stage_2,Favorita,2017-03-01,tcn_business,native,13,0.698661579811074,0.5488724801307827,12.449821924737522,2520,13.0,,True,True,True,True,True,2c510ea8f5c97816bbdae7a2d63dd072a3b20bc168e75c44de7ae19068305b68,cd0beeec37632daa955a38f9eba4e42ab5553d9daac470a0028c402132af43b1,99f53feff701ca0e8ddb39eaf4c2384b14067b4e69669a6d805e4efea668fb19
FULL_UNIFIED_RUN_V1,v1_0056_favorita_20170301_tcn_business_s29,stage_2,Favorita,2017-03-01,tcn_business,native,29,0.6678692860890738,0.449622812115848,10.198587370983192,2520,17.0,,True,True,True,True,True,6f5df3a34b983447afe0228817260e6406451861ce1242d5eb3c523a200bc822,cd0beeec37632daa955a38f9eba4e42ab5553d9daac470a0028c402132af43b1,99f53feff701ca0e8ddb39eaf4c2384b14067b4e69669a6d805e4efea668fb19
FULL_UNIFIED_RUN_V1,v1_0057_favorita_20170301_tcn_business_s47,stage_2,Favorita,2017-03-01,tcn_business,native,47,0.7347333383719443,0.5953069223114587,13.503073011740806,2520,7.0,,True,True,True,True,True,2699d9754b4d5c91db3eee70864a087bd439889720c8f1e8df7bda05cbc194c6,cd0beeec37632daa955a38f9eba4e42ab5553d9daac470a0028c402132af43b1,99f53feff701ca0e8ddb39eaf4c2384b14067b4e69669a6d805e4efea668fb19
FULL_UNIFIED_RUN_V1,v1_0058_favorita_20170329_tcn_business_s13,stage_2,Favorita,2017-03-29,tcn_business,native,13,0.8764152754732537,0.4740671692090914,10.571698110538815,2520,22.0,,True,True,True,True,True,2fd62af0ce8e674b0decc42bccb78ee08761df62e8a2fdc78a4207a0590fca43,345dabcf47b0f7e1fb1895e4c61f5d5ebffaa56e09a9f5b2d7896f439c70937b,99f53feff701ca0e8ddb39eaf4c2384b14067b4e69669a6d805e4efea668fb19
FULL_UNIFIED_RUN_V1,v1_0059_favorita_20170329_tcn_business_s29,stage_2,Favorita,2017-03-29,tcn_business,native,29,0.9742874650613038,0.6104372081548874,13.612750047256077,2520,12.0,,True,True,True,True,True,cf5dfe33304da9e513833df4611c61d1f9d8893426fb8344bea86b29a1704cad,345dabcf47b0f7e1fb1895e4c61f5d5ebffaa56e09a9f5b2d7896f439c70937b,99f53feff701ca0e8ddb39eaf4c2384b14067b4e69669a6d805e4efea668fb19
FULL_UNIFIED_RUN_V1,v1_0060_favorita_20170329_tcn_business_s47,stage_2,Favorita,2017-03-29,tcn_business,native,47,0.9346477320608891,0.6128638688914837,13.666864582896233,2520,27.0,,True,True,True,True,True,74c07199dc76bed22a7e2b616e22c0be6e50d1ab0c54de00516618d3751e78fa,345dabcf47b0f7e1fb1895e4c61f5d5ebffaa56e09a9f5b2d7896f439c70937b,99f53feff701ca0e8ddb39eaf4c2384b14067b4e69669a6d805e4efea668fb19
FULL_UNIFIED_RUN_V1,v1_0061_favorita_20170426_tcn_business_s13,stage_2,Favorita,2017-04-26,tcn_business,native,13,0.7899786262353093,0.5496294204396825,11.646691341999741,2520,15.0,,True,True,True,True,True,7abee605778247378061ec08423285c923113ee47f28ecb5022a7d50c5e1151e,c488ebe713d35972ff5a908aa6c2090b4ea444972f31abbf215c0d17998dda91,99f53feff701ca0e8ddb39eaf4c2384b14067b4e69669a6d805e4efea668fb19
FULL_UNIFIED_RUN_V1,v1_0062_favorita_20170426_tcn_business_s29,stage_2,Favorita,2017-04-26,tcn_business,native,29,0.7135187288061756,0.4123446103521647,8.737615245317537,2520,24.0,,True,True,True,True,True,a0134b2ff7fcdaae90cf553313cadd37775f2b225c5ee9cab166b3cea02702d9,c488ebe713d35972ff5a908aa6c2090b4ea444972f31abbf215c0d17998dda91,99f53feff701ca0e8ddb39eaf4c2384b14067b4e69669a6d805e4efea668fb19
FULL_UNIFIED_RUN_V1,v1_0063_favorita_20170426_tcn_business_s47,stage_2,Favorita,2017-04-26,tcn_business,native,47,0.7311958066236961,0.4202550836161471,8.90523880593597,2520,24.0,,True,True,True,True,True,f9fc861129bd010d8c76d2f404c22cd20766ea7c58703b9824161b6082e512db,c488ebe713d35972ff5a908aa6c2090b4ea444972f31abbf215c0d17998dda91,99f53feff701ca0e8ddb39eaf4c2384b14067b4e69669a6d805e4efea668fb19
FULL_UNIFIED_RUN_V1,v1_0064_store_item_20170522_tcn_business_s13,stage_2,Store Item,2017-05-22,tcn_business,native,13,0.7146573299380009,0.11516864483101971,7.321206838365585,2520,41.0,,True,True,True,True,True,6fb2f87fb0f9595df016c2f1c73990889577305b3259001420680303749a58e6,96f573b570f1b2d301538d41f90dacef49f3190e6f15d4c0105641fefebfcd31,99f53feff701ca0e8ddb39eaf4c2384b14067b4e69669a6d805e4efea668fb19
FULL_UNIFIED_RUN_V1,v1_0065_store_item_20170522_tcn_business_s29,stage_2,Store Item,2017-05-22,tcn_business,native,29,0.7118633560418838,0.11280887544055473,7.171197607782152,2520,36.0,,True,True,True,True,True,8ceb00b7403287e875a70095e9ffca28a0014c6de4a16d07ad87d2c9b5193979,96f573b570f1b2d301538d41f90dacef49f3190e6f15d4c0105641fefebfcd31,99f53feff701ca0e8ddb39eaf4c2384b14067b4e69669a6d805e4efea668fb19
FULL_UNIFIED_RUN_V1,v1_0066_store_item_20170522_tcn_business_s47,stage_2,Store Item,2017-05-22,tcn_business,native,47,0.8979964310672743,0.1439156251982993,9.148636427001348,2520,22.0,,True,True,True,True,True,5b5a4bdebf195df1298c8b9dc0bba51e69f74785ebdd8d3d432aab0ed9df4013,96f573b570f1b2d301538d41f90dacef49f3190e6f15d4c0105641fefebfcd31,99f53feff701ca0e8ddb39eaf4c2384b14067b4e69669a6d805e4efea668fb19
FULL_UNIFIED_RUN_V1,v1_0067_store_item_20170619_tcn_business_s13,stage_2,Store Item,2017-06-19,tcn_business,native,13,1.1071079430178576,0.18989600910816604,12.811198814331538,2520,16.0,,True,True,True,True,True,f5e8c8a284b563c69ab113d419c609544beb426926d53f4d1089e9ac5d8d1fa8,28beca4732b3f14a100f847605d2098885a415ba97668113a3ccce044ffb107d,99f53feff701ca0e8ddb39eaf4c2384b14067b4e69669a6d805e4efea668fb19
FULL_UNIFIED_RUN_V1,v1_0068_store_item_20170619_tcn_business_s29,stage_2,Store Item,2017-06-19,tcn_business,native,29,0.9402067290722897,0.15311314505689527,10.329669125874837,2520,27.0,,True,True,True,True,True,3d39f5607ca63037189dd227f735896c3d329109610b77120777e7a0919f2dac,28beca4732b3f14a100f847605d2098885a415ba97668113a3ccce044ffb107d,99f53feff701ca0e8ddb39eaf4c2384b14067b4e69669a6d805e4efea668fb19
FULL_UNIFIED_RUN_V1,v1_0069_store_item_20170619_tcn_business_s47,stage_2,Store Item,2017-06-19,tcn_business,native,47,1.2972924622488782,0.22166522163634914,14.954486078686184,2520,22.0,,True,True,True,True,True,0d46857ed0f3acbb2271ace22f2469993d38e3dbba10ab227d277cc15689d993,28beca4732b3f14a100f847605d2098885a415ba97668113a3ccce044ffb107d,99f53feff701ca0e8ddb39eaf4c2384b14067b4e69669a6d805e4efea668fb19
FULL_UNIFIED_RUN_V1,v1_0070_store_item_20170717_tcn_business_s13,stage_2,Store Item,2017-07-17,tcn_business,native,13,0.9104471010518224,0.1546207090855841,10.131460779432267,2520,17.0,,True,True,True,True,True,291816c9efea97b8490bcba4d8f31ca95fa0d00001a7df204dd7aa441441e5fa,cb704e15bf73a80e87151fc7a786498308b0888b5b69c93a6c61d1fdd789036d,99f53feff701ca0e8ddb39eaf4c2384b14067b4e69669a6d805e4efea668fb19
FULL_UNIFIED_RUN_V1,v1_0071_store_item_20170717_tcn_business_s29,stage_2,Store Item,2017-07-17,tcn_business,native,29,0.8234647713944626,0.1343962233657812,8.806259355469356,2520,27.0,,True,True,True,True,True,b1f9a4cf50533d8f87046150132a2426d88a18058f5168fe5bea76786ce9154d,cb704e15bf73a80e87151fc7a786498308b0888b5b69c93a6c61d1fdd789036d,99f53feff701ca0e8ddb39eaf4c2384b14067b4e69669a6d805e4efea668fb19
FULL_UNIFIED_RUN_V1,v1_0072_store_item_20170717_tcn_business_s47,stage_2,Store Item,2017-07-17,tcn_business,native,47,0.7564123510799283,0.12101591542091487,7.929519971968635,2520,29.0,,True,True,True,True,True,215c7ba9d473f76a0db5be3e991e536930773c56efa06111eda8077021844e76,cb704e15bf73a80e87151fc7a786498308b0888b5b69c93a6c61d1fdd789036d,99f53feff701ca0e8ddb39eaf4c2384b14067b4e69669a6d805e4efea668fb19
FULL_UNIFIED_RUN_V1,v1_0073_m5_20151207_tcn_stat_equal_s13,stage_2,M5,2015-12-07,tcn_stat_equal,equal_weight,13,0.5275980313573563,0.8601115241482153,1.5621946349473936,2520,49.0,,True,True,True,True,True,fa1e710b25eaf7af9a6e401f6af563d3c8a47674c186a4589888891951fbac27,24f14f88e9945d2a7fb67744b119a74daf41bf279d2a3b941fb03feff77657e4,0fdc80620cf8962630e75c1fa2432803a694bdd75347ebc77b3093fc02c15c5f
FULL_UNIFIED_RUN_V1,v1_0074_m5_20151207_tcn_stat_equal_s29,stage_2,M5,2015-12-07,tcn_stat_equal,equal_weight,29,0.5387098787131424,0.8862382766333915,1.6096478679468706,2520,47.0,,True,True,True,True,True,424898a42c661b9bc42a87ec340d94659c40a6fcdff907722d63643a6395e601,24f14f88e9945d2a7fb67744b119a74daf41bf279d2a3b941fb03feff77657e4,0fdc80620cf8962630e75c1fa2432803a694bdd75347ebc77b3093fc02c15c5f
FULL_UNIFIED_RUN_V1,v1_0075_m5_20151207_tcn_stat_equal_s47,stage_2,M5,2015-12-07,tcn_stat_equal,equal_weight,47,0.5286899753796289,0.8488848497425298,1.541803964630272,2520,45.0,,True,True,True,True,True,a0eb03918d823b0a3ef133b3ab6d037ef883f37969ee52381cb17b5435bdeda6,24f14f88e9945d2a7fb67744b119a74daf41bf279d2a3b941fb03feff77657e4,0fdc80620cf8962630e75c1fa2432803a694bdd75347ebc77b3093fc02c15c5f
FULL_UNIFIED_RUN_V1,v1_0076_m5_20160104_tcn_stat_equal_s13,stage_2,M5,2016-01-04,tcn_stat_equal,equal_weight,13,0.5965983222848107,0.8170158887997061,3.6071900243560475,2520,13.0,,True,True,True,True,True,e49123ed6c1bbe5d23a485a11f9dec065686fdefa4659491e4aba1e983e1e9ff,f363d22b50ee5ecf935d764748129bbf4e83b2417ab50854a465cae0c12fccbf,0fdc80620cf8962630e75c1fa2432803a694bdd75347ebc77b3093fc02c15c5f
FULL_UNIFIED_RUN_V1,v1_0077_m5_20160104_tcn_stat_equal_s29,stage_2,M5,2016-01-04,tcn_stat_equal,equal_weight,29,0.8161446459992621,1.5816909691532939,6.98329122329042,2520,50.0,,True,True,True,True,True,0addc0cacfdaf1f7e2031542c1cd316c601bb91c78afecbfa949d21d224ad764,f363d22b50ee5ecf935d764748129bbf4e83b2417ab50854a465cae0c12fccbf,0fdc80620cf8962630e75c1fa2432803a694bdd75347ebc77b3093fc02c15c5f
FULL_UNIFIED_RUN_V1,v1_0078_m5_20160104_tcn_stat_equal_s47,stage_2,M5,2016-01-04,tcn_stat_equal,equal_weight,47,0.5895791108926834,0.7887993123960048,3.482611598990976,2520,22.0,,True,True,True,True,True,97f09c7350f94855ed1b1150971006cb739b9c262e4f0a66cb050d97181706e0,f363d22b50ee5ecf935d764748129bbf4e83b2417ab50854a465cae0c12fccbf,0fdc80620cf8962630e75c1fa2432803a694bdd75347ebc77b3093fc02c15c5f
FULL_UNIFIED_RUN_V1,v1_0079_m5_20160201_tcn_stat_equal_s13,stage_2,M5,2016-02-01,tcn_stat_equal,equal_weight,13,0.8021006918008241,0.7314320910822382,4.001397983836276,2520,19.0,,True,True,True,True,True,2274ad0b31d60530fa1ac810ba1653e4f41da1bfe95c9f9ced77ccf119171b87,84ec5e1a462241b724bdb52169726ffe86647b20efbad04d01b949a8b9fc2a01,0fdc80620cf8962630e75c1fa2432803a694bdd75347ebc77b3093fc02c15c5f
FULL_UNIFIED_RUN_V1,v1_0080_m5_20160201_tcn_stat_equal_s29,stage_2,M5,2016-02-01,tcn_stat_equal,equal_weight,29,0.8093876156765141,0.7201899323951906,3.9398962372588735,2520,35.0,,True,True,True,True,True,1217b2c75876a5d78960ad7fde033394c8d2ce7e58de09646f54bebe208841b1,84ec5e1a462241b724bdb52169726ffe86647b20efbad04d01b949a8b9fc2a01,0fdc80620cf8962630e75c1fa2432803a694bdd75347ebc77b3093fc02c15c5f
FULL_UNIFIED_RUN_V1,v1_0081_m5_20160201_tcn_stat_equal_s47,stage_2,M5,2016-02-01,tcn_stat_equal,equal_weight,47,0.8490832133684667,0.6996642855747517,3.8276079157515177,2520,35.0,,True,True,True,True,True,ff173c6f35ccafe4baef39190ac920693c3779569dd85c131503965ce79734d4,84ec5e1a462241b724bdb52169726ffe86647b20efbad04d01b949a8b9fc2a01,0fdc80620cf8962630e75c1fa2432803a694bdd75347ebc77b3093fc02c15c5f
FULL_UNIFIED_RUN_V1,v1_0082_favorita_20170301_tcn_stat_equal_s13,stage_2,Favorita,2017-03-01,tcn_stat_equal,equal_weight,13,0.6714501635619664,0.48696355064319713,11.045570162127888,2520,23.0,,True,True,True,True,True,f20bd0266405767c0ac9118f3ba8a3b2eee7a9126b5b8da268b37bbe27c1a298,cd0beeec37632daa955a38f9eba4e42ab5553d9daac470a0028c402132af43b1,99f53feff701ca0e8ddb39eaf4c2384b14067b4e69669a6d805e4efea668fb19
FULL_UNIFIED_RUN_V1,v1_0083_favorita_20170301_tcn_stat_equal_s29,stage_2,Favorita,2017-03-01,tcn_stat_equal,equal_weight,29,0.6681376882141575,0.44262053035718535,10.0397578356758,2520,17.0,,True,True,True,True,True,ab9ef16225b80c5ad80c9d27be9c067849e426f5968c2e5d6426bba7c52ada7f,cd0beeec37632daa955a38f9eba4e42ab5553d9daac470a0028c402132af43b1,99f53feff701ca0e8ddb39eaf4c2384b14067b4e69669a6d805e4efea668fb19
FULL_UNIFIED_RUN_V1,v1_0084_favorita_20170301_tcn_stat_equal_s47,stage_2,Favorita,2017-03-01,tcn_stat_equal,equal_weight,47,0.6765946764045496,0.43323374286565536,9.826841653966241,2520,32.0,,True,True,True,True,True,2a5b9bebe099034a3db41235deb72bc8bb4975316c3111090df113cc28770fd7,cd0beeec37632daa955a38f9eba4e42ab5553d9daac470a0028c402132af43b1,99f53feff701ca0e8ddb39eaf4c2384b14067b4e69669a6d805e4efea668fb19
FULL_UNIFIED_RUN_V1,v1_0085_favorita_20170329_tcn_stat_equal_s13,stage_2,Favorita,2017-03-29,tcn_stat_equal,equal_weight,13,0.8394579812669226,0.39791906816795475,8.873595419224529,2520,50.0,,True,True,True,True,True,3f09d4ccf5d854f794fc3db9c231c0371da7aa6b36060988be412dd7fc7c22b5,345dabcf47b0f7e1fb1895e4c61f5d5ebffaa56e09a9f5b2d7896f439c70937b,99f53feff701ca0e8ddb39eaf4c2384b14067b4e69669a6d805e4efea668fb19
FULL_UNIFIED_RUN_V1,v1_0086_favorita_20170329_tcn_stat_equal_s29,stage_2,Favorita,2017-03-29,tcn_stat_equal,equal_weight,29,0.9463315132373022,0.5447273273777258,12.14741967305068,2520,12.0,,True,True,True,True,True,4760399ca00005bd5b20294bb4da1b456d9061a461bb62136a4a7b4eb42cdce2,345dabcf47b0f7e1fb1895e4c61f5d5ebffaa56e09a9f5b2d7896f439c70937b,99f53feff701ca0e8ddb39eaf4c2384b14067b4e69669a6d805e4efea668fb19
FULL_UNIFIED_RUN_V1,v1_0087_favorita_20170329_tcn_stat_equal_s47,stage_2,Favorita,2017-03-29,tcn_stat_equal,equal_weight,47,0.9676797514967955,0.6332705987128653,14.12193466812254,2520,33.0,,True,True,True,True,True,2d375d72a91cd70f9c5907256253ca592fdf8b6a2be629b9b77e6f13781ebd95,345dabcf47b0f7e1fb1895e4c61f5d5ebffaa56e09a9f5b2d7896f439c70937b,99f53feff701ca0e8ddb39eaf4c2384b14067b4e69669a6d805e4efea668fb19
FULL_UNIFIED_RUN_V1,v1_0088_favorita_20170426_tcn_stat_equal_s13,stage_2,Favorita,2017-04-26,tcn_stat_equal,equal_weight,13,0.7481536262311317,0.5418211940371545,11.481234400546445,2520,47.0,,True,True,True,True,True,f17b26d90e37d6c0062ceaf729169a82e7425252791f46c764b2a7fb2a21df1b,c488ebe713d35972ff5a908aa6c2090b4ea444972f31abbf215c0d17998dda91,99f53feff701ca0e8ddb39eaf4c2384b14067b4e69669a6d805e4efea668fb19
FULL_UNIFIED_RUN_V1,v1_0089_favorita_20170426_tcn_stat_equal_s29,stage_2,Favorita,2017-04-26,tcn_stat_equal,equal_weight,29,0.7241427103559597,0.4466016453474532,9.463524554471766,2520,42.0,,True,True,True,True,True,9d034aa1fb7eda32f4732f5dcab28f97537013f582d1228689c70b937b986b49,c488ebe713d35972ff5a908aa6c2090b4ea444972f31abbf215c0d17998dda91,99f53feff701ca0e8ddb39eaf4c2384b14067b4e69669a6d805e4efea668fb19
FULL_UNIFIED_RUN_V1,v1_0090_favorita_20170426_tcn_stat_equal_s47,stage_2,Favorita,2017-04-26,tcn_stat_equal,equal_weight,47,0.7220386751421534,0.45367961385403993,9.613507272752505,2520,29.0,,True,True,True,True,True,2039e5ba167c507f91a932bdcc5ee7795a4db1dffe15765eee0edd20fb6d3d77,c488ebe713d35972ff5a908aa6c2090b4ea444972f31abbf215c0d17998dda91,99f53feff701ca0e8ddb39eaf4c2384b14067b4e69669a6d805e4efea668fb19
FULL_UNIFIED_RUN_V1,v1_0091_store_item_20170522_tcn_stat_equal_s13,stage_2,Store Item,2017-05-22,tcn_stat_equal,equal_weight,13,0.8823160933698974,0.15367115383888708,9.768789968793355,2520,50.0,,True,True,True,True,True,7d34e8e461244bd4ccb66cefec99285521ce7652e025ab861974637dbb7ae2eb,96f573b570f1b2d301538d41f90dacef49f3190e6f15d4c0105641fefebfcd31,99f53feff701ca0e8ddb39eaf4c2384b14067b4e69669a6d805e4efea668fb19
FULL_UNIFIED_RUN_V1,v1_0092_store_item_20170522_tcn_stat_equal_s29,stage_2,Store Item,2017-05-22,tcn_stat_equal,equal_weight,29,1.193208082122579,0.22282275936301346,14.164719155856542,2520,10.0,,True,True,True,True,True,b7a27312d8b13b4cc8fedde7f1715adb9e7a31caa90fe94c03145f3d4f6511dd,96f573b570f1b2d301538d41f90dacef49f3190e6f15d4c0105641fefebfcd31,99f53feff701ca0e8ddb39eaf4c2384b14067b4e69669a6d805e4efea668fb19
FULL_UNIFIED_RUN_V1,v1_0093_store_item_20170522_tcn_stat_equal_s47,stage_2,Store Item,2017-05-22,tcn_stat_equal,equal_weight,47,0.7152649318816079,0.11328148005915527,7.20124082111177,2520,47.0,,True,True,True,True,True,f128282dbe1ef8f9fa6e980b063087222b44c2a010502c76713f5c14137a5b53,96f573b570f1b2d301538d41f90dacef49f3190e6f15d4c0105641fefebfcd31,99f53feff701ca0e8ddb39eaf4c2384b14067b4e69669a6d805e4efea668fb19
FULL_UNIFIED_RUN_V1,v1_0094_store_item_20170619_tcn_stat_equal_s13,stage_2,Store Item,2017-06-19,tcn_stat_equal,equal_weight,13,0.8364412430083052,0.13279092420099534,8.958644990315513,2520,50.0,,True,True,True,True,True,833a0448a88ee059ba207a1c409f9d401d7ec6f6d37f70eb846ca00b0d5bcc1d,28beca4732b3f14a100f847605d2098885a415ba97668113a3ccce044ffb107d,99f53feff701ca0e8ddb39eaf4c2384b14067b4e69669a6d805e4efea668fb19
FULL_UNIFIED_RUN_V1,v1_0095_store_item_20170619_tcn_stat_equal_s29,stage_2,Store Item,2017-06-19,tcn_stat_equal,equal_weight,29,1.0397328719293157,0.17635694772452834,11.8977956945934,2520,50.0,,True,True,True,True,True,93c0609a2351ffbcf493bab4239d5d6540d9bf0f0ac65d6b0952bca44bf3895c,28beca4732b3f14a100f847605d2098885a415ba97668113a3ccce044ffb107d,99f53feff701ca0e8ddb39eaf4c2384b14067b4e69669a6d805e4efea668fb19
FULL_UNIFIED_RUN_V1,v1_0096_store_item_20170619_tcn_stat_equal_s47,stage_2,Store Item,2017-06-19,tcn_stat_equal,equal_weight,47,0.8619092894467612,0.13293335988664381,8.968254312257917,2520,50.0,,True,True,True,True,True,94594f9ed63f5249b8866d5177b8d78b5e7fa816343440a3aef7e6e1ed1a3640,28beca4732b3f14a100f847605d2098885a415ba97668113a3ccce044ffb107d,99f53feff701ca0e8ddb39eaf4c2384b14067b4e69669a6d805e4efea668fb19
FULL_UNIFIED_RUN_V1,v1_0097_store_item_20170717_tcn_stat_equal_s13,stage_2,Store Item,2017-07-17,tcn_stat_equal,equal_weight,13,0.772078001657355,0.12488163244029342,8.18281954999954,2520,41.0,,True,True,True,True,True,8bb8d42233b0acba8312dfa19f8b141fae0a1d73484804978d137118f4742a6a,cb704e15bf73a80e87151fc7a786498308b0888b5b69c93a6c61d1fdd789036d,99f53feff701ca0e8ddb39eaf4c2384b14067b4e69669a6d805e4efea668fb19
FULL_UNIFIED_RUN_V1,v1_0098_store_item_20170717_tcn_stat_equal_s29,stage_2,Store Item,2017-07-17,tcn_stat_equal,equal_weight,29,0.7732822165501828,0.12705805338098206,8.325428670928591,2520,47.0,,True,True,True,True,True,fb6c13e64b31b0bf1a2663f27fce31f0e3cc9d2de9d9b55427f0c23a9c389436,cb704e15bf73a80e87151fc7a786498308b0888b5b69c93a6c61d1fdd789036d,99f53feff701ca0e8ddb39eaf4c2384b14067b4e69669a6d805e4efea668fb19
FULL_UNIFIED_RUN_V1,v1_0099_store_item_20170717_tcn_stat_equal_s47,stage_2,Store Item,2017-07-17,tcn_stat_equal,equal_weight,47,0.792776024853598,0.12693431127298135,8.317320518266587,2520,46.0,,True,True,True,True,True,82765bdc497017c5da7d34620ce42b97dee00ab4005fb66624f7ffb9548d5289,cb704e15bf73a80e87151fc7a786498308b0888b5b69c93a6c61d1fdd789036d,99f53feff701ca0e8ddb39eaf4c2384b14067b4e69669a6d805e4efea668fb19
FULL_UNIFIED_RUN_V1,v1_0100_m5_20151207_tcn_stat_confidence_s13,stage_1,M5,2015-12-07,tcn_stat_confidence,native,13,0.5536847370975755,1.0351323523357874,1.8800796895273149,2520,25.0,,True,True,True,True,True,61b992be2432c85a4316bb20685c8fee9db64325946944ed75f19176c881f2e9,24f14f88e9945d2a7fb67744b119a74daf41bf279d2a3b941fb03feff77657e4,0fdc80620cf8962630e75c1fa2432803a694bdd75347ebc77b3093fc02c15c5f
FULL_UNIFIED_RUN_V1,v1_0101_m5_20151207_tcn_stat_confidence_s29,stage_1,M5,2015-12-07,tcn_stat_confidence,native,29,0.5498968286706265,1.0471990221042735,1.90199601810189,2520,48.0,,True,True,True,True,True,4e2a1cf2452d110d8af61a420dde554a30baa4fa27aa8fe3cc59446a2192fd50,24f14f88e9945d2a7fb67744b119a74daf41bf279d2a3b941fb03feff77657e4,0fdc80620cf8962630e75c1fa2432803a694bdd75347ebc77b3093fc02c15c5f
FULL_UNIFIED_RUN_V1,v1_0102_m5_20151207_tcn_stat_confidence_s47,stage_1,M5,2015-12-07,tcn_stat_confidence,native,47,0.534096908127419,0.8657179890516393,1.5723774881556718,2520,45.0,,True,True,True,True,True,58b90e287e8b938d516240cd7aef16a166357b8740bad6ebc81b3722fa9acdf6,24f14f88e9945d2a7fb67744b119a74daf41bf279d2a3b941fb03feff77657e4,0fdc80620cf8962630e75c1fa2432803a694bdd75347ebc77b3093fc02c15c5f
FULL_UNIFIED_RUN_V1,v1_0103_m5_20160104_tcn_stat_confidence_s13,stage_1,M5,2016-01-04,tcn_stat_confidence,native,13,0.6077961001892405,0.8251985673374332,3.6433171998472913,2520,26.0,,True,True,True,True,True,a641a2379e5da678db55119e247ea1ba14ee6c762cb4a00574b28b74d4a5c29f,f363d22b50ee5ecf935d764748129bbf4e83b2417ab50854a465cae0c12fccbf,0fdc80620cf8962630e75c1fa2432803a694bdd75347ebc77b3093fc02c15c5f
FULL_UNIFIED_RUN_V1,v1_0104_m5_20160104_tcn_stat_confidence_s29,stage_1,M5,2016-01-04,tcn_stat_confidence,native,29,0.5702891232773991,0.7546726284636712,3.3319395795937568,2520,24.0,,True,True,True,True,True,968124f7f4c93b604a5ceafe15a8b6ed6e67dafba446aaaa212961d452c9f0b4,f363d22b50ee5ecf935d764748129bbf4e83b2417ab50854a465cae0c12fccbf,0fdc80620cf8962630e75c1fa2432803a694bdd75347ebc77b3093fc02c15c5f
FULL_UNIFIED_RUN_V1,v1_0105_m5_20160104_tcn_stat_confidence_s47,stage_1,M5,2016-01-04,tcn_stat_confidence,native,47,0.6044372995227891,0.8219221733429868,3.6288516601991088,2520,11.0,,True,True,True,True,True,886d8492f15aa57556e8ca3a3bba929a5cfe96ee97be0e07d92f7dbbddef1c72,f363d22b50ee5ecf935d764748129bbf4e83b2417ab50854a465cae0c12fccbf,0fdc80620cf8962630e75c1fa2432803a694bdd75347ebc77b3093fc02c15c5f
FULL_UNIFIED_RUN_V1,v1_0106_m5_20160201_tcn_stat_confidence_s13,stage_1,M5,2016-02-01,tcn_stat_confidence,native,13,0.8030207021308946,0.7144368539626778,3.9084232451364636,2520,19.0,,True,True,True,True,True,f36904fec5af1349423197dac345bd8d8b19dd7804c66bfc7fca46d58c32564e,84ec5e1a462241b724bdb52169726ffe86647b20efbad04d01b949a8b9fc2a01,0fdc80620cf8962630e75c1fa2432803a694bdd75347ebc77b3093fc02c15c5f
FULL_UNIFIED_RUN_V1,v1_0107_m5_20160201_tcn_stat_confidence_s29,stage_1,M5,2016-02-01,tcn_stat_confidence,native,29,0.8015067963067862,0.6874773639657923,3.7609377160845767,2520,28.0,,True,True,True,True,True,72964b03d9dac3e7742f5dadd7b7ef40bbb40368bb1c7e7e4a709ef3209d48b2,84ec5e1a462241b724bdb52169726ffe86647b20efbad04d01b949a8b9fc2a01,0fdc80620cf8962630e75c1fa2432803a694bdd75347ebc77b3093fc02c15c5f
FULL_UNIFIED_RUN_V1,v1_0108_m5_20160201_tcn_stat_confidence_s47,stage_1,M5,2016-02-01,tcn_stat_confidence,native,47,0.8532470395215326,0.7563601768711091,4.137770441966871,2520,45.0,,True,True,True,True,True,08ab0e1e4fef4e143d2325707061a41293982ad4b53197ea9c3dfd72f7937a96,84ec5e1a462241b724bdb52169726ffe86647b20efbad04d01b949a8b9fc2a01,0fdc80620cf8962630e75c1fa2432803a694bdd75347ebc77b3093fc02c15c5f
FULL_UNIFIED_RUN_V1,v1_0109_favorita_20170301_tcn_stat_confidence_s13,stage_1,Favorita,2017-03-01,tcn_stat_confidence,native,13,0.6733986156457721,0.4989213348951515,11.316803080411184,2520,23.0,,True,True,True,True,True,ee7e38d0260023828a3d6befd3673c939261e32497dfdf0525c2fe1607eacc85,cd0beeec37632daa955a38f9eba4e42ab5553d9daac470a0028c402132af43b1,99f53feff701ca0e8ddb39eaf4c2384b14067b4e69669a6d805e4efea668fb19
FULL_UNIFIED_RUN_V1,v1_0110_favorita_20170301_tcn_stat_confidence_s29,stage_1,Favorita,2017-03-01,tcn_stat_confidence,native,29,0.6664441460564542,0.43898687164596906,9.957337227014323,2520,17.0,,True,True,True,True,True,c1d59ca758fedf9bc761a4f3e735137dc67e7999b3cd51002e8b5c673df43251,cd0beeec37632daa955a38f9eba4e42ab5553d9daac470a0028c402132af43b1,99f53feff701ca0e8ddb39eaf4c2384b14067b4e69669a6d805e4efea668fb19
FULL_UNIFIED_RUN_V1,v1_0111_favorita_20170301_tcn_stat_confidence_s47,stage_1,Favorita,2017-03-01,tcn_stat_confidence,native,47,0.6821389218355077,0.4233562038111776,9.602793980354354,2520,32.0,,True,True,True,True,True,d4e8a3a086073d5cad19e63aef109ebd9a2d6518b046a5d3685ce2550ea347d5,cd0beeec37632daa955a38f9eba4e42ab5553d9daac470a0028c402132af43b1,99f53feff701ca0e8ddb39eaf4c2384b14067b4e69669a6d805e4efea668fb19
FULL_UNIFIED_RUN_V1,v1_0112_favorita_20170329_tcn_stat_confidence_s13,stage_1,Favorita,2017-03-29,tcn_stat_confidence,native,13,0.8345243339592601,0.4154925298544235,9.265483623624794,2520,49.0,,True,True,True,True,True,1736ae7aba6142b8d6ba10074cf1f669b30ef240443030178df6076331171b1b,345dabcf47b0f7e1fb1895e4c61f5d5ebffaa56e09a9f5b2d7896f439c70937b,99f53feff701ca0e8ddb39eaf4c2384b14067b4e69669a6d805e4efea668fb19
FULL_UNIFIED_RUN_V1,v1_0113_favorita_20170329_tcn_stat_confidence_s29,stage_1,Favorita,2017-03-29,tcn_stat_confidence,native,29,0.9441852620540513,0.5347600406748734,11.925149174590432,2520,12.0,,True,True,True,True,True,b04911f423c43a12afae5454496ac0a6c0abe50c041362733d6628b55712e72f,345dabcf47b0f7e1fb1895e4c61f5d5ebffaa56e09a9f5b2d7896f439c70937b,99f53feff701ca0e8ddb39eaf4c2384b14067b4e69669a6d805e4efea668fb19
FULL_UNIFIED_RUN_V1,v1_0114_favorita_20170329_tcn_stat_confidence_s47,stage_1,Favorita,2017-03-29,tcn_stat_confidence,native,47,0.9942456759368525,0.6589813157759381,14.695283671492149,2520,27.0,,True,True,True,True,True,b4d2f255c83938bce5109a8b0dc02a83f24d64f9d8f5fef4f526231836fb77e1,345dabcf47b0f7e1fb1895e4c61f5d5ebffaa56e09a9f5b2d7896f439c70937b,99f53feff701ca0e8ddb39eaf4c2384b14067b4e69669a6d805e4efea668fb19
FULL_UNIFIED_RUN_V1,v1_0115_favorita_20170426_tcn_stat_confidence_s13,stage_1,Favorita,2017-04-26,tcn_stat_confidence,native,13,0.7513735624904841,0.5439914078265875,11.527221404174195,2520,47.0,,True,True,True,True,True,86def8109e0ff5ae872cd5579c50417a8bdab84c06461fabaa73c4bcfc729699,c488ebe713d35972ff5a908aa6c2090b4ea444972f31abbf215c0d17998dda91,99f53feff701ca0e8ddb39eaf4c2384b14067b4e69669a6d805e4efea668fb19
FULL_UNIFIED_RUN_V1,v1_0116_favorita_20170426_tcn_stat_confidence_s29,stage_1,Favorita,2017-04-26,tcn_stat_confidence,native,29,0.7310022442687292,0.42821200269010873,9.073846556979513,2520,42.0,,True,True,True,True,True,5ba1952b10083529755a239d4c659c10f409e00b3c0b90705a412e356567d21e,c488ebe713d35972ff5a908aa6c2090b4ea444972f31abbf215c0d17998dda91,99f53feff701ca0e8ddb39eaf4c2384b14067b4e69669a6d805e4efea668fb19
FULL_UNIFIED_RUN_V1,v1_0117_favorita_20170426_tcn_stat_confidence_s47,stage_1,Favorita,2017-04-26,tcn_stat_confidence,native,47,0.7380352411880262,0.47932726598106085,10.156983070921093,2520,29.0,,True,True,True,True,True,b3915c467384b4910d2078cef5c32eb9ac1da86bc2666d3ceb7783dc6889545d,c488ebe713d35972ff5a908aa6c2090b4ea444972f31abbf215c0d17998dda91,99f53feff701ca0e8ddb39eaf4c2384b14067b4e69669a6d805e4efea668fb19
FULL_UNIFIED_RUN_V1,v1_0118_store_item_20170522_tcn_stat_confidence_s13,stage_1,Store Item,2017-05-22,tcn_stat_confidence,native,13,0.9422423123649069,0.16978114858700522,10.792893394591315,2520,50.0,,True,True,True,True,True,ffc0ba55d089b6d06ea62e0f3a72fdddfd985360ec0c53dd08f7e1888f5d69bc,96f573b570f1b2d301538d41f90dacef49f3190e6f15d4c0105641fefebfcd31,99f53feff701ca0e8ddb39eaf4c2384b14067b4e69669a6d805e4efea668fb19
FULL_UNIFIED_RUN_V1,v1_0119_store_item_20170522_tcn_stat_confidence_s29,stage_1,Store Item,2017-05-22,tcn_stat_confidence,native,29,1.193460917101626,0.22323180268888024,14.190721813080803,2520,10.0,,True,True,True,True,True,058bef14efa423e096bb0fe3b0bf100650da4a57d984dd4085f83f031780f49b,96f573b570f1b2d301538d41f90dacef49f3190e6f15d4c0105641fefebfcd31,99f53feff701ca0e8ddb39eaf4c2384b14067b4e69669a6d805e4efea668fb19
FULL_UNIFIED_RUN_V1,v1_0120_store_item_20170522_tcn_stat_confidence_s47,stage_1,Store Item,2017-05-22,tcn_stat_confidence,native,47,0.755429074396221,0.11963829669003415,7.605340126582554,2520,47.0,,True,True,True,True,True,c9d854dbd3db8f43e8e01313baba29174d5aa7d6ba0058057721a1549606f083,96f573b570f1b2d301538d41f90dacef49f3190e6f15d4c0105641fefebfcd31,99f53feff701ca0e8ddb39eaf4c2384b14067b4e69669a6d805e4efea668fb19
FULL_UNIFIED_RUN_V1,v1_0121_store_item_20170619_tcn_stat_confidence_s13,stage_1,Store Item,2017-06-19,tcn_stat_confidence,native,13,0.842702996797024,0.13578273552844844,9.16048540766277,2520,50.0,,True,True,True,True,True,e28eede439a5d2ac4755cee0682688fb48f127a3d551373aeebf44067c629e62,28beca4732b3f14a100f847605d2098885a415ba97668113a3ccce044ffb107d,99f53feff701ca0e8ddb39eaf4c2384b14067b4e69669a6d805e4efea668fb19
FULL_UNIFIED_RUN_V1,v1_0122_store_item_20170619_tcn_stat_confidence_s29,stage_1,Store Item,2017-06-19,tcn_stat_confidence,native,29,0.7762257421876656,0.12206678004866613,8.235148253894987,2520,48.0,,True,True,True,True,True,fdeca10158cc41fa9c54dee588c3dd72472a22b9db1523076cfc3def9faa2d20,28beca4732b3f14a100f847605d2098885a415ba97668113a3ccce044ffb107d,99f53feff701ca0e8ddb39eaf4c2384b14067b4e69669a6d805e4efea668fb19
FULL_UNIFIED_RUN_V1,v1_0123_store_item_20170619_tcn_stat_confidence_s47,stage_1,Store Item,2017-06-19,tcn_stat_confidence,native,47,0.863692470198167,0.1338954278234345,9.033159539434646,2520,50.0,,True,True,True,True,True,43eb8dd10b1bdf39b795e89f07710a424c6007dc131d32f64609a9fda9cc9bb8,28beca4732b3f14a100f847605d2098885a415ba97668113a3ccce044ffb107d,99f53feff701ca0e8ddb39eaf4c2384b14067b4e69669a6d805e4efea668fb19
FULL_UNIFIED_RUN_V1,v1_0124_store_item_20170717_tcn_stat_confidence_s13,stage_1,Store Item,2017-07-17,tcn_stat_confidence,native,13,0.7795391195120089,0.12711397477381806,8.329092898066081,2520,41.0,,True,True,True,True,True,995bd63a61b1f5d08be9fb36a90bfb7d1b539302b6a4ade02885180d398e541b,cb704e15bf73a80e87151fc7a786498308b0888b5b69c93a6c61d1fdd789036d,99f53feff701ca0e8ddb39eaf4c2384b14067b4e69669a6d805e4efea668fb19
FULL_UNIFIED_RUN_V1,v1_0125_store_item_20170717_tcn_stat_confidence_s29,stage_1,Store Item,2017-07-17,tcn_stat_confidence,native,29,0.7876072212107368,0.1304086234475942,8.544973448723082,2520,47.0,,True,True,True,True,True,ec0fce4c6f6581889485b760ff2d3600c5f3cadd9f70607c9a3d9defdb4a256e,cb704e15bf73a80e87151fc7a786498308b0888b5b69c93a6c61d1fdd789036d,99f53feff701ca0e8ddb39eaf4c2384b14067b4e69669a6d805e4efea668fb19
FULL_UNIFIED_RUN_V1,v1_0126_store_item_20170717_tcn_stat_confidence_s47,stage_1,Store Item,2017-07-17,tcn_stat_confidence,native,47,0.7926865644913409,0.12683256175882712,8.310653421613905,2520,46.0,,True,True,True,True,True,03b44361ffb4e19df161e1b707a3cfb6630cea840b5a7a1a8aac264695b99d70,cb704e15bf73a80e87151fc7a786498308b0888b5b69c93a6c61d1fdd789036d,99f53feff701ca0e8ddb39eaf4c2384b14067b4e69669a6d805e4efea668fb19
FULL_UNIFIED_RUN_V1,v1_0127_m5_20151207_tcn_stat_placebo_s13,stage_2,M5,2015-12-07,tcn_stat_placebo,placebo,13,0.5418279677332498,0.8782194076368416,1.5950834379014043,2520,48.0,,True,True,True,True,True,ad073bade76057a5097c89b02b555cc887f08ca76ceebc98d4a13e8ac5414072,24f14f88e9945d2a7fb67744b119a74daf41bf279d2a3b941fb03feff77657e4,0fdc80620cf8962630e75c1fa2432803a694bdd75347ebc77b3093fc02c15c5f
FULL_UNIFIED_RUN_V1,v1_0128_m5_20151207_tcn_stat_placebo_s29,stage_2,M5,2015-12-07,tcn_stat_placebo,placebo,29,0.5334552279221323,0.8204118466667212,1.490089307406119,2520,45.0,,True,True,True,True,True,c76a841abdf802091996ff83fd86d176e25ed87f1e7131df3392ce3e441d210d,24f14f88e9945d2a7fb67744b119a74daf41bf279d2a3b941fb03feff77657e4,0fdc80620cf8962630e75c1fa2432803a694bdd75347ebc77b3093fc02c15c5f
FULL_UNIFIED_RUN_V1,v1_0129_m5_20151207_tcn_stat_placebo_s47,stage_2,M5,2015-12-07,tcn_stat_placebo,placebo,47,0.5272050945339779,0.7922391553751456,1.4389200974233627,2520,46.0,,True,True,True,True,True,0393d5a5902d43bce64bc150a01b277cc52910acddcd333a651696d657cc11c8,24f14f88e9945d2a7fb67744b119a74daf41bf279d2a3b941fb03feff77657e4,0fdc80620cf8962630e75c1fa2432803a694bdd75347ebc77b3093fc02c15c5f
FULL_UNIFIED_RUN_V1,v1_0130_m5_20160104_tcn_stat_placebo_s13,stage_2,M5,2016-01-04,tcn_stat_placebo,placebo,13,0.6220208896160748,0.8563251114537824,3.7807433637302545,2520,44.0,,True,True,True,True,True,3baf5f08558d6d95f1818ab8e4a898185cc15a4fc738982226efa6b061285b32,f363d22b50ee5ecf935d764748129bbf4e83b2417ab50854a465cae0c12fccbf,0fdc80620cf8962630e75c1fa2432803a694bdd75347ebc77b3093fc02c15c5f
FULL_UNIFIED_RUN_V1,v1_0131_m5_20160104_tcn_stat_placebo_s29,stage_2,M5,2016-01-04,tcn_stat_placebo,placebo,29,0.5589026436760227,0.6862700721091198,3.029936861770139,2520,31.0,,True,True,True,True,True,1e14d0b388cca3891b941c42034d0e52d531459dda20205fbb845d9c8e554b0b,f363d22b50ee5ecf935d764748129bbf4e83b2417ab50854a465cae0c12fccbf,0fdc80620cf8962630e75c1fa2432803a694bdd75347ebc77b3093fc02c15c5f
FULL_UNIFIED_RUN_V1,v1_0132_m5_20160104_tcn_stat_placebo_s47,stage_2,M5,2016-01-04,tcn_stat_placebo,placebo,47,0.5862643428982302,0.8102139443569047,3.57715889953136,2520,22.0,,True,True,True,True,True,48b5679f9ec4592675659361b06855ab0bae9de3dec47e69b864de9c921fcca1,f363d22b50ee5ecf935d764748129bbf4e83b2417ab50854a465cae0c12fccbf,0fdc80620cf8962630e75c1fa2432803a694bdd75347ebc77b3093fc02c15c5f
FULL_UNIFIED_RUN_V1,v1_0133_m5_20160201_tcn_stat_placebo_s13,stage_2,M5,2016-02-01,tcn_stat_placebo,placebo,13,0.7689271757273477,0.6294172819602398,3.4433122004544923,2520,21.0,,True,True,True,True,True,720fb418ce730f1299f6c8d27b3df6a4460d48359002035121ec3eb0c38de92a,84ec5e1a462241b724bdb52169726ffe86647b20efbad04d01b949a8b9fc2a01,0fdc80620cf8962630e75c1fa2432803a694bdd75347ebc77b3093fc02c15c5f
FULL_UNIFIED_RUN_V1,v1_0134_m5_20160201_tcn_stat_placebo_s29,stage_2,M5,2016-02-01,tcn_stat_placebo,placebo,29,0.7540701108751179,0.5612513830319021,3.0704014492531617,2520,18.0,,True,True,True,True,True,99e1898303142147d87ad0818301a493da77b6cdf809566f0368888218319db3,84ec5e1a462241b724bdb52169726ffe86647b20efbad04d01b949a8b9fc2a01,0fdc80620cf8962630e75c1fa2432803a694bdd75347ebc77b3093fc02c15c5f
FULL_UNIFIED_RUN_V1,v1_0135_m5_20160201_tcn_stat_placebo_s47,stage_2,M5,2016-02-01,tcn_stat_placebo,placebo,47,0.9247590851249787,0.8304197226834651,4.542923183978668,2520,41.0,,True,True,True,True,True,2ef894122c0a835cad2394cba7ea26385b6f69f1b6714c5a2990acadd007812c,84ec5e1a462241b724bdb52169726ffe86647b20efbad04d01b949a8b9fc2a01,0fdc80620cf8962630e75c1fa2432803a694bdd75347ebc77b3093fc02c15c5f
FULL_UNIFIED_RUN_V1,v1_0136_favorita_20170301_tcn_stat_placebo_s13,stage_2,Favorita,2017-03-01,tcn_stat_placebo,placebo,13,0.7028320829441006,0.5403684289671251,12.256928444996714,2520,13.0,,True,True,True,True,True,5e0e457fc61c2b5f4d454818bd2a8d801a8e214b6f3ebbda1dd44c7865909f6f,cd0beeec37632daa955a38f9eba4e42ab5553d9daac470a0028c402132af43b1,99f53feff701ca0e8ddb39eaf4c2384b14067b4e69669a6d805e4efea668fb19
FULL_UNIFIED_RUN_V1,v1_0137_favorita_20170301_tcn_stat_placebo_s29,stage_2,Favorita,2017-03-01,tcn_stat_placebo,placebo,29,0.7693314040591374,0.5285311333345272,11.988428514628183,2520,7.0,,True,True,True,True,True,6406d2ef2d4f0611e4b1e4655a8cc84e75106d4ccb2b7571549cd69a897a34c3,cd0beeec37632daa955a38f9eba4e42ab5553d9daac470a0028c402132af43b1,99f53feff701ca0e8ddb39eaf4c2384b14067b4e69669a6d805e4efea668fb19
FULL_UNIFIED_RUN_V1,v1_0138_favorita_20170301_tcn_stat_placebo_s47,stage_2,Favorita,2017-03-01,tcn_stat_placebo,placebo,47,0.685220945560307,0.44832829379355243,10.169224407500218,2520,24.0,,True,True,True,True,True,bec30a08355df7e7b53f7e342213fee168b2f916919c2bdafb2e4c9ef8e36e00,cd0beeec37632daa955a38f9eba4e42ab5553d9daac470a0028c402132af43b1,99f53feff701ca0e8ddb39eaf4c2384b14067b4e69669a6d805e4efea668fb19
FULL_UNIFIED_RUN_V1,v1_0139_favorita_20170329_tcn_stat_placebo_s13,stage_2,Favorita,2017-03-29,tcn_stat_placebo,placebo,13,0.8795982555170315,0.44228551123596127,9.862967121837631,2520,25.0,,True,True,True,True,True,942748400f9a01101c906c1a83be8550a03191156aa6f3f84014a4910d99639e,345dabcf47b0f7e1fb1895e4c61f5d5ebffaa56e09a9f5b2d7896f439c70937b,99f53feff701ca0e8ddb39eaf4c2384b14067b4e69669a6d805e4efea668fb19
FULL_UNIFIED_RUN_V1,v1_0140_favorita_20170329_tcn_stat_placebo_s29,stage_2,Favorita,2017-03-29,tcn_stat_placebo,placebo,29,0.9245373144541889,0.497398662372215,11.09199041974923,2520,12.0,,True,True,True,True,True,0a372014d36b8c043934c87fffcc13b15237f4ac63d8bad081c6fa10ae004135,345dabcf47b0f7e1fb1895e4c61f5d5ebffaa56e09a9f5b2d7896f439c70937b,99f53feff701ca0e8ddb39eaf4c2384b14067b4e69669a6d805e4efea668fb19
FULL_UNIFIED_RUN_V1,v1_0141_favorita_20170329_tcn_stat_placebo_s47,stage_2,Favorita,2017-03-29,tcn_stat_placebo,placebo,47,0.9535355917628782,0.5734959084286998,12.788959044880338,2520,49.0,,True,True,True,True,True,1a32420ad9717a46aff59c8e42906ed1b628923a6020dac2ce435aac97daa623,345dabcf47b0f7e1fb1895e4c61f5d5ebffaa56e09a9f5b2d7896f439c70937b,99f53feff701ca0e8ddb39eaf4c2384b14067b4e69669a6d805e4efea668fb19
FULL_UNIFIED_RUN_V1,v1_0142_favorita_20170426_tcn_stat_placebo_s13,stage_2,Favorita,2017-04-26,tcn_stat_placebo,placebo,13,0.7240174561551994,0.48995853089854924,10.382260424105658,2520,47.0,,True,True,True,True,True,8e4c69c45766e8a3b309f428b9edd85294ba3bcf8f7e39b581342690043e2728,c488ebe713d35972ff5a908aa6c2090b4ea444972f31abbf215c0d17998dda91,99f53feff701ca0e8ddb39eaf4c2384b14067b4e69669a6d805e4efea668fb19
FULL_UNIFIED_RUN_V1,v1_0143_favorita_20170426_tcn_stat_placebo_s29,stage_2,Favorita,2017-04-26,tcn_stat_placebo,placebo,29,0.7859860913692068,0.5576039735725709,11.815672760161142,2520,14.0,,True,True,True,True,True,6ce5621be834ce35b7a0680386ae32e50949846d3e48d8a222304f262459c85e,c488ebe713d35972ff5a908aa6c2090b4ea444972f31abbf215c0d17998dda91,99f53feff701ca0e8ddb39eaf4c2384b14067b4e69669a6d805e4efea668fb19
FULL_UNIFIED_RUN_V1,v1_0144_favorita_20170426_tcn_stat_placebo_s47,stage_2,Favorita,2017-04-26,tcn_stat_placebo,placebo,47,0.7567504722925904,0.5031400552744292,10.661577979014034,2520,13.0,,True,True,True,True,True,da4518dd1e62e3809891119476462e5dbcbaa8e04a8de53e1a92bc8cbc90971c,c488ebe713d35972ff5a908aa6c2090b4ea444972f31abbf215c0d17998dda91,99f53feff701ca0e8ddb39eaf4c2384b14067b4e69669a6d805e4efea668fb19
FULL_UNIFIED_RUN_V1,v1_0145_store_item_20170522_tcn_stat_placebo_s13,stage_2,Store Item,2017-05-22,tcn_stat_placebo,placebo,13,0.8447340467584229,0.13959261457400612,8.87382504069616,2520,41.0,,True,True,True,True,True,16aa7627aab69bbede80493474dfaef08376bc1940cd4b3844843d80ebfb69e1,96f573b570f1b2d301538d41f90dacef49f3190e6f15d4c0105641fefebfcd31,99f53feff701ca0e8ddb39eaf4c2384b14067b4e69669a6d805e4efea668fb19
FULL_UNIFIED_RUN_V1,v1_0146_store_item_20170522_tcn_stat_placebo_s29,stage_2,Store Item,2017-05-22,tcn_stat_placebo,placebo,29,0.7867238457006231,0.12798982544374013,8.136242174723792,2520,50.0,,True,True,True,True,True,b7570b8b8fcea1c7f7eade9aa34670a6738476772a46a8b788f9c88e5e1b59be,96f573b570f1b2d301538d41f90dacef49f3190e6f15d4c0105641fefebfcd31,99f53feff701ca0e8ddb39eaf4c2384b14067b4e69669a6d805e4efea668fb19
FULL_UNIFIED_RUN_V1,v1_0147_store_item_20170522_tcn_stat_placebo_s47,stage_2,Store Item,2017-05-22,tcn_stat_placebo,placebo,47,0.7475444625803098,0.12101558932665299,7.69289385515546,2520,50.0,,True,True,True,True,True,7fc55156eae8a4dc98f6586c6a6ab736cc06202fec41176c70ac59ed75d99990,96f573b570f1b2d301538d41f90dacef49f3190e6f15d4c0105641fefebfcd31,99f53feff701ca0e8ddb39eaf4c2384b14067b4e69669a6d805e4efea668fb19
FULL_UNIFIED_RUN_V1,v1_0148_store_item_20170619_tcn_stat_placebo_s13,stage_2,Store Item,2017-06-19,tcn_stat_placebo,placebo,13,0.830373273902815,0.13063862182650168,8.813441445713952,2520,50.0,,True,True,True,True,True,680ce1de175dc7e7c905921edfbec46a2527385afb8b6747aa3fff3e4f3862e8,28beca4732b3f14a100f847605d2098885a415ba97668113a3ccce044ffb107d,99f53feff701ca0e8ddb39eaf4c2384b14067b4e69669a6d805e4efea668fb19
FULL_UNIFIED_RUN_V1,v1_0149_store_item_20170619_tcn_stat_placebo_s29,stage_2,Store Item,2017-06-19,tcn_stat_placebo,placebo,29,0.7975854254014781,0.12547560973965557,8.465122517706856,2520,48.0,,True,True,True,True,True,33823c1d11128a377befe644fc1d37f66b721a9d322c9c27e3d3322f3f95c194,28beca4732b3f14a100f847605d2098885a415ba97668113a3ccce044ffb107d,99f53feff701ca0e8ddb39eaf4c2384b14067b4e69669a6d805e4efea668fb19
FULL_UNIFIED_RUN_V1,v1_0150_store_item_20170619_tcn_stat_placebo_s47,stage_2,Store Item,2017-06-19,tcn_stat_placebo,placebo,47,0.7896824369175808,0.12264656693208484,8.274263162461539,2520,50.0,,True,True,True,True,True,4f6c5961a939e38b20716e7c16becfebc755f71f755c3ce97634dfc37d87f50d,28beca4732b3f14a100f847605d2098885a415ba97668113a3ccce044ffb107d,99f53feff701ca0e8ddb39eaf4c2384b14067b4e69669a6d805e4efea668fb19
FULL_UNIFIED_RUN_V1,v1_0151_store_item_20170717_tcn_stat_placebo_s13,stage_2,Store Item,2017-07-17,tcn_stat_placebo,placebo,13,0.8389374568730332,0.13877498438796756,9.093175938772777,2520,43.0,,True,True,True,True,True,e44fe80af8456374dfa51013ec9956906897c69e6c139ecf2a68ed27456670e1,cb704e15bf73a80e87151fc7a786498308b0888b5b69c93a6c61d1fdd789036d,99f53feff701ca0e8ddb39eaf4c2384b14067b4e69669a6d805e4efea668fb19
FULL_UNIFIED_RUN_V1,v1_0152_store_item_20170717_tcn_stat_placebo_s29,stage_2,Store Item,2017-07-17,tcn_stat_placebo,placebo,29,0.8006560859566392,0.1330052804066257,8.715118368466696,2520,38.0,,True,True,True,True,True,04474dfe968dc9889e74281a3a3401dc145f82bb2d1e34aa3429e1cdedd1f346,cb704e15bf73a80e87151fc7a786498308b0888b5b69c93a6c61d1fdd789036d,99f53feff701ca0e8ddb39eaf4c2384b14067b4e69669a6d805e4efea668fb19
FULL_UNIFIED_RUN_V1,v1_0153_store_item_20170717_tcn_stat_placebo_s47,stage_2,Store Item,2017-07-17,tcn_stat_placebo,placebo,47,0.7775270502310692,0.12326752794493312,8.077055991642059,2520,46.0,,True,True,True,True,True,4a48fe0343ab2e8ad123ee03bbc5dc763aa407b67cb37c9b9dde38ccbe38587b,cb704e15bf73a80e87151fc7a786498308b0888b5b69c93a6c61d1fdd789036d,99f53feff701ca0e8ddb39eaf4c2384b14067b4e69669a6d805e4efea668fb19
FULL_UNIFIED_RUN_V1,v1_0154_m5_20151207_tcn_target_only_s13,stage_2,M5,2015-12-07,tcn_target_only,none,13,0.5382561190760804,0.8208554250755528,1.4908949654992847,2520,29.0,,True,True,True,True,True,27cd53d27b06f971294ced56373709b90631a845587b3bde152277d03abcce05,24f14f88e9945d2a7fb67744b119a74daf41bf279d2a3b941fb03feff77657e4,0fdc80620cf8962630e75c1fa2432803a694bdd75347ebc77b3093fc02c15c5f
FULL_UNIFIED_RUN_V1,v1_0155_m5_20151207_tcn_target_only_s29,stage_2,M5,2015-12-07,tcn_target_only,none,29,0.538267426233317,0.7837636245757641,1.4235262463105813,2520,47.0,,True,True,True,True,True,68d9de8236c4f1771ffde3877cc9b376411d681823c88829440987bd7b9037b6,24f14f88e9945d2a7fb67744b119a74daf41bf279d2a3b941fb03feff77657e4,0fdc80620cf8962630e75c1fa2432803a694bdd75347ebc77b3093fc02c15c5f
FULL_UNIFIED_RUN_V1,v1_0156_m5_20151207_tcn_target_only_s47,stage_2,M5,2015-12-07,tcn_target_only,none,47,0.5526538349327537,1.0263989201784018,1.8642174199519177,2520,30.0,,True,True,True,True,True,d6273489a8a6594886fb6140b9d39675ac30cfd303f8dae457cd659ec2c57665,24f14f88e9945d2a7fb67744b119a74daf41bf279d2a3b941fb03feff77657e4,0fdc80620cf8962630e75c1fa2432803a694bdd75347ebc77b3093fc02c15c5f
FULL_UNIFIED_RUN_V1,v1_0157_m5_20160104_tcn_target_only_s13,stage_2,M5,2016-01-04,tcn_target_only,none,13,0.7219935137730946,1.004659303142583,4.435650598541612,2520,1.0,,True,True,True,True,True,68231efb0f8ce44d5f05ed74d962e793fd302dfa8d5c9f55ef5d6a7aa850c30d,f363d22b50ee5ecf935d764748129bbf4e83b2417ab50854a465cae0c12fccbf,0fdc80620cf8962630e75c1fa2432803a694bdd75347ebc77b3093fc02c15c5f
FULL_UNIFIED_RUN_V1,v1_0158_m5_20160104_tcn_target_only_s29,stage_2,M5,2016-01-04,tcn_target_only,none,29,0.5537107286887256,0.7408356427647751,3.2708481890045933,2520,48.0,,True,True,True,True,True,3ac497889a0d6788e46bc479eb71b2bde4530b0e960e0a0a4b803967eeb8ca4e,f363d22b50ee5ecf935d764748129bbf4e83b2417ab50854a465cae0c12fccbf,0fdc80620cf8962630e75c1fa2432803a694bdd75347ebc77b3093fc02c15c5f
FULL_UNIFIED_RUN_V1,v1_0159_m5_20160104_tcn_target_only_s47,stage_2,M5,2016-01-04,tcn_target_only,none,47,0.7182775089132343,0.9708328714514486,4.286304216630875,2520,3.0,,True,True,True,True,True,c8f5d75240e64aa851ea3d26ead26060b0ff64ad8d5ccd4912b57abde795ca40,f363d22b50ee5ecf935d764748129bbf4e83b2417ab50854a465cae0c12fccbf,0fdc80620cf8962630e75c1fa2432803a694bdd75347ebc77b3093fc02c15c5f
FULL_UNIFIED_RUN_V1,v1_0160_m5_20160201_tcn_target_only_s13,stage_2,M5,2016-02-01,tcn_target_only,none,13,0.7736023847512989,0.7060230502030784,3.862394395964368,2520,30.0,,True,True,True,True,True,c1f2d49e3434cdcd24ad453af0757ca3b6af589f9de5cfe05839faafda2e9d48,84ec5e1a462241b724bdb52169726ffe86647b20efbad04d01b949a8b9fc2a01,0fdc80620cf8962630e75c1fa2432803a694bdd75347ebc77b3093fc02c15c5f
FULL_UNIFIED_RUN_V1,v1_0161_m5_20160201_tcn_target_only_s29,stage_2,M5,2016-02-01,tcn_target_only,none,29,0.7809189809780768,0.7013911625134528,3.8370550291405783,2520,34.0,,True,True,True,True,True,1c18a315c1ca7bb61bbef83928a072ce994a74fd6066d0d483d2f9217d925605,84ec5e1a462241b724bdb52169726ffe86647b20efbad04d01b949a8b9fc2a01,0fdc80620cf8962630e75c1fa2432803a694bdd75347ebc77b3093fc02c15c5f
FULL_UNIFIED_RUN_V1,v1_0162_m5_20160201_tcn_target_only_s47,stage_2,M5,2016-02-01,tcn_target_only,none,47,0.7785950138056762,0.7029056376175628,3.8453401696232574,2520,44.0,,True,True,True,True,True,1defa440f36eccd18cb2f3d9f0b737d829e1d3053732738fe970342514cd9c9b,84ec5e1a462241b724bdb52169726ffe86647b20efbad04d01b949a8b9fc2a01,0fdc80620cf8962630e75c1fa2432803a694bdd75347ebc77b3093fc02c15c5f
FULL_UNIFIED_RUN_V1,v1_0163_favorita_20170301_tcn_target_only_s13,stage_2,Favorita,2017-03-01,tcn_target_only,none,13,0.6906983946111157,0.44184357072114716,10.022134417738943,2520,27.0,,True,True,True,True,True,e0087e0748b0636ec4bdb85aeb09d7a029f4a421a2ec2ee4d0ec4847c4df9ac3,cd0beeec37632daa955a38f9eba4e42ab5553d9daac470a0028c402132af43b1,99f53feff701ca0e8ddb39eaf4c2384b14067b4e69669a6d805e4efea668fb19
FULL_UNIFIED_RUN_V1,v1_0164_favorita_20170301_tcn_target_only_s29,stage_2,Favorita,2017-03-01,tcn_target_only,none,29,0.6970128044112334,0.42626705698227957,9.66881952351994,2520,20.0,,True,True,True,True,True,aa032bcc59e7871058c10a731b57cb14ad49e984f8020f642d562dcc89480871,cd0beeec37632daa955a38f9eba4e42ab5553d9daac470a0028c402132af43b1,99f53feff701ca0e8ddb39eaf4c2384b14067b4e69669a6d805e4efea668fb19
FULL_UNIFIED_RUN_V1,v1_0165_favorita_20170301_tcn_target_only_s47,stage_2,Favorita,2017-03-01,tcn_target_only,none,47,0.6982007687480899,0.42012550040518787,9.529513421477306,2520,33.0,,True,True,True,True,True,a3a6223e74eeb41b3ac4dc14b9e530f49d04e65e6146eb7ed625aecf2d7b5a55,cd0beeec37632daa955a38f9eba4e42ab5553d9daac470a0028c402132af43b1,99f53feff701ca0e8ddb39eaf4c2384b14067b4e69669a6d805e4efea668fb19
FULL_UNIFIED_RUN_V1,v1_0166_favorita_20170329_tcn_target_only_s13,stage_2,Favorita,2017-03-29,tcn_target_only,none,13,0.8839289530410165,0.46124661714073145,10.285799793000258,2520,12.0,,True,True,True,True,True,c3225c51c41baa925cbc593782d366ef0b73a4209813a00556e76fbebc5b014e,345dabcf47b0f7e1fb1895e4c61f5d5ebffaa56e09a9f5b2d7896f439c70937b,99f53feff701ca0e8ddb39eaf4c2384b14067b4e69669a6d805e4efea668fb19
FULL_UNIFIED_RUN_V1,v1_0167_favorita_20170329_tcn_target_only_s29,stage_2,Favorita,2017-03-29,tcn_target_only,none,29,0.8576946150817474,0.41269555254696627,9.20311102826917,2520,12.0,,True,True,True,True,True,58803bcecec874bc43c4ff72078ffe25ca43ebc58486f31cf63ae18efece3f41,345dabcf47b0f7e1fb1895e4c61f5d5ebffaa56e09a9f5b2d7896f439c70937b,99f53feff701ca0e8ddb39eaf4c2384b14067b4e69669a6d805e4efea668fb19
FULL_UNIFIED_RUN_V1,v1_0168_favorita_20170329_tcn_target_only_s47,stage_2,Favorita,2017-03-29,tcn_target_only,none,47,0.8760437991867546,0.41775727072110386,9.315987346084817,2520,21.0,,True,True,True,True,True,6afe0de232f753f5ff8aa1e4021cff78cfb55509d7a9db0b2f066207b4d5b85b,345dabcf47b0f7e1fb1895e4c61f5d5ebffaa56e09a9f5b2d7896f439c70937b,99f53feff701ca0e8ddb39eaf4c2384b14067b4e69669a6d805e4efea668fb19
FULL_UNIFIED_RUN_V1,v1_0169_favorita_20170426_tcn_target_only_s13,stage_2,Favorita,2017-04-26,tcn_target_only,none,13,0.7179407990675352,0.4347763367183423,9.212945319617551,2520,12.0,,True,True,True,True,True,a748d47bab8b3b4e270936f0f9546fa52007d3858ef519146ff900455c034342,c488ebe713d35972ff5a908aa6c2090b4ea444972f31abbf215c0d17998dda91,99f53feff701ca0e8ddb39eaf4c2384b14067b4e69669a6d805e4efea668fb19
FULL_UNIFIED_RUN_V1,v1_0170_favorita_20170426_tcn_target_only_s29,stage_2,Favorita,2017-04-26,tcn_target_only,none,29,0.6973451555376319,0.44552278435400094,9.440663403804813,2520,23.0,,True,True,True,True,True,7236830d6a49e9596cfdd8201a549173633b17a0a1ff45e32b27f1b99d810863,c488ebe713d35972ff5a908aa6c2090b4ea444972f31abbf215c0d17998dda91,99f53feff701ca0e8ddb39eaf4c2384b14067b4e69669a6d805e4efea668fb19
FULL_UNIFIED_RUN_V1,v1_0171_favorita_20170426_tcn_target_only_s47,stage_2,Favorita,2017-04-26,tcn_target_only,none,47,0.6937762903967228,0.40572312926466997,8.597305531926926,2520,15.0,,True,True,True,True,True,781453c520e71af777a1788779fe3b7a778bf43e6cfc466d13e88b9ed96726d7,c488ebe713d35972ff5a908aa6c2090b4ea444972f31abbf215c0d17998dda91,99f53feff701ca0e8ddb39eaf4c2384b14067b4e69669a6d805e4efea668fb19
FULL_UNIFIED_RUN_V1,v1_0172_store_item_20170522_tcn_target_only_s13,stage_2,Store Item,2017-05-22,tcn_target_only,none,13,1.5874975175422597,0.3095595611334712,19.67852950928703,2520,7.0,,True,True,True,True,True,fc6e77f990a5cb1a715b28dc7b2ca5f9a3356a3ed9b22dc12c1d80fde199719a,96f573b570f1b2d301538d41f90dacef49f3190e6f15d4c0105641fefebfcd31,99f53feff701ca0e8ddb39eaf4c2384b14067b4e69669a6d805e4efea668fb19
FULL_UNIFIED_RUN_V1,v1_0173_store_item_20170522_tcn_target_only_s29,stage_2,Store Item,2017-05-22,tcn_target_only,none,29,0.9749906564878482,0.18943453399706603,12.042248198342701,2520,23.0,,True,True,True,True,True,cc7cc2b5991da8c16ee702d258e85c761a5bf1501af61c81f5925277556ace1d,96f573b570f1b2d301538d41f90dacef49f3190e6f15d4c0105641fefebfcd31,99f53feff701ca0e8ddb39eaf4c2384b14067b4e69669a6d805e4efea668fb19
FULL_UNIFIED_RUN_V1,v1_0174_store_item_20170522_tcn_target_only_s47,stage_2,Store Item,2017-05-22,tcn_target_only,none,47,1.0884055053411124,0.1707927680846141,10.8572014846499,2520,33.0,,True,True,True,True,True,409c47f5541b1500c688ea2245ce7de9211dac38bdd3805ebe01370e2098a965,96f573b570f1b2d301538d41f90dacef49f3190e6f15d4c0105641fefebfcd31,99f53feff701ca0e8ddb39eaf4c2384b14067b4e69669a6d805e4efea668fb19
FULL_UNIFIED_RUN_V1,v1_0175_store_item_20170619_tcn_target_only_s13,stage_2,Store Item,2017-06-19,tcn_target_only,none,13,0.9073585160669789,0.15212121442573506,10.262749233321538,2520,8.0,,True,True,True,True,True,d2dd1cc08d8dd5e4e1bc6f509e2868c5f905ed39706425e2cb440926f984a151,28beca4732b3f14a100f847605d2098885a415ba97668113a3ccce044ffb107d,99f53feff701ca0e8ddb39eaf4c2384b14067b4e69669a6d805e4efea668fb19
FULL_UNIFIED_RUN_V1,v1_0176_store_item_20170619_tcn_target_only_s29,stage_2,Store Item,2017-06-19,tcn_target_only,none,29,0.9339534389662176,0.16101405918143047,10.862698662091816,2520,25.0,,True,True,True,True,True,dea272fac670a970b9443c3784a80d4a4adcbd2665d0695cf1fa4fa7f8a16679,28beca4732b3f14a100f847605d2098885a415ba97668113a3ccce044ffb107d,99f53feff701ca0e8ddb39eaf4c2384b14067b4e69669a6d805e4efea668fb19
FULL_UNIFIED_RUN_V1,v1_0177_store_item_20170619_tcn_target_only_s47,stage_2,Store Item,2017-06-19,tcn_target_only,none,47,0.9925925608677375,0.1538990126940531,10.382687125508747,2520,34.0,,True,True,True,True,True,3511eb71ce1cde6c5ed5ad5c2a384c15a783108251eca54c33809dd62a629ba1,28beca4732b3f14a100f847605d2098885a415ba97668113a3ccce044ffb107d,99f53feff701ca0e8ddb39eaf4c2384b14067b4e69669a6d805e4efea668fb19
FULL_UNIFIED_RUN_V1,v1_0178_store_item_20170717_tcn_target_only_s13,stage_2,Store Item,2017-07-17,tcn_target_only,none,13,0.9449261620295382,0.14504721747215957,9.504161529692393,2520,8.0,,True,True,True,True,True,9af1893039541657e2de3d2384396f53a6a8f815f9f91bab125abfdec69bad1f,cb704e15bf73a80e87151fc7a786498308b0888b5b69c93a6c61d1fdd789036d,99f53feff701ca0e8ddb39eaf4c2384b14067b4e69669a6d805e4efea668fb19
FULL_UNIFIED_RUN_V1,v1_0179_store_item_20170717_tcn_target_only_s29,stage_2,Store Item,2017-07-17,tcn_target_only,none,29,0.9686223323267908,0.15061968552097288,9.86929529356578,2520,33.0,,True,True,True,True,True,be0b93f21d222aa8d5228762f5687e1263b511d715851dff80fa9c2ac67ff2c4,cb704e15bf73a80e87151fc7a786498308b0888b5b69c93a6c61d1fdd789036d,99f53feff701ca0e8ddb39eaf4c2384b14067b4e69669a6d805e4efea668fb19
FULL_UNIFIED_RUN_V1,v1_0180_store_item_20170717_tcn_target_only_s47,stage_2,Store Item,2017-07-17,tcn_target_only,none,47,0.8338021313920564,0.1397289242142237,9.155682468414307,2520,50.0,,True,True,True,True,True,e572f049d9ef821de96c5510c998148d121e2d9efe5952db654ed2a00af32597,cb704e15bf73a80e87151fc7a786498308b0888b5b69c93a6c61d1fdd789036d,99f53feff701ca0e8ddb39eaf4c2384b14067b4e69669a6d805e4efea668fb19
FULL_UNIFIED_RUN_V1,v1_0181_m5_20151207_dlinear_s13,stage_2,M5,2015-12-07,dlinear,none,13,0.5937196598869627,1.0955793723966725,1.9898677900078752,2520,44.0,,True,True,True,True,True,258684e2b651ad9155b012a1aebc88c72fd0109509582b6c7b2b98317f4c9adb,24f14f88e9945d2a7fb67744b119a74daf41bf279d2a3b941fb03feff77657e4,0fdc80620cf8962630e75c1fa2432803a694bdd75347ebc77b3093fc02c15c5f
FULL_UNIFIED_RUN_V1,v1_0182_m5_20151207_dlinear_s29,stage_2,M5,2015-12-07,dlinear,none,29,0.5722321415987566,1.0022363231802378,1.8203316233579128,2520,48.0,,True,True,True,True,True,0a0bbabd3fc60201b0711df2895217bcac58f8155d9f26419e952734c9c2ac4a,24f14f88e9945d2a7fb67744b119a74daf41bf279d2a3b941fb03feff77657e4,0fdc80620cf8962630e75c1fa2432803a694bdd75347ebc77b3093fc02c15c5f
FULL_UNIFIED_RUN_V1,v1_0183_m5_20151207_dlinear_s47,stage_2,M5,2015-12-07,dlinear,none,47,0.5683517156973354,0.9678986632815517,1.7579651667248635,2520,49.0,,True,True,True,True,True,2dcee15cfdb0b4b6acd8e3461bef1d7c55f98f5fd94850edbd93ad2efb890dd1,24f14f88e9945d2a7fb67744b119a74daf41bf279d2a3b941fb03feff77657e4,0fdc80620cf8962630e75c1fa2432803a694bdd75347ebc77b3093fc02c15c5f
FULL_UNIFIED_RUN_V1,v1_0184_m5_20160104_dlinear_s13,stage_2,M5,2016-01-04,dlinear,none,13,0.6345706724129536,0.808660066768838,3.570298406594093,2520,46.0,,True,True,True,True,True,d1be93395c26ad90102feb364daa68f84335396f8f1f37220f4c378912806baa,f363d22b50ee5ecf935d764748129bbf4e83b2417ab50854a465cae0c12fccbf,0fdc80620cf8962630e75c1fa2432803a694bdd75347ebc77b3093fc02c15c5f
FULL_UNIFIED_RUN_V1,v1_0185_m5_20160104_dlinear_s29,stage_2,M5,2016-01-04,dlinear,none,29,0.6260996028358523,0.819830689079376,3.619617591100553,2520,47.0,,True,True,True,True,True,9f07f6364b8c339b36611bf6fa0d809454e95a54dcb7baf2947d327548986a70,f363d22b50ee5ecf935d764748129bbf4e83b2417ab50854a465cae0c12fccbf,0fdc80620cf8962630e75c1fa2432803a694bdd75347ebc77b3093fc02c15c5f
FULL_UNIFIED_RUN_V1,v1_0186_m5_20160104_dlinear_s47,stage_2,M5,2016-01-04,dlinear,none,47,0.6267689842090474,0.8242606422966402,3.63917618631607,2520,49.0,,True,True,True,True,True,ae86479bd962d5bf210972c5e19d0ea27a794778cba8625657ceecfd115505fe,f363d22b50ee5ecf935d764748129bbf4e83b2417ab50854a465cae0c12fccbf,0fdc80620cf8962630e75c1fa2432803a694bdd75347ebc77b3093fc02c15c5f
FULL_UNIFIED_RUN_V1,v1_0187_m5_20160201_dlinear_s13,stage_2,M5,2016-02-01,dlinear,none,13,0.7619645698240866,0.6633141692575538,3.628749697856487,2520,31.0,,True,True,True,True,True,4481262b1c4400b163a2ee2e85ad77c96723c399211a558c0a9192f95e224240,84ec5e1a462241b724bdb52169726ffe86647b20efbad04d01b949a8b9fc2a01,0fdc80620cf8962630e75c1fa2432803a694bdd75347ebc77b3093fc02c15c5f
FULL_UNIFIED_RUN_V1,v1_0188_m5_20160201_dlinear_s29,stage_2,M5,2016-02-01,dlinear,none,29,0.774557267708344,0.6996919720270618,3.8277593782260304,2520,47.0,,True,True,True,True,True,476161e1684f7da6ce23a18ab500e48bbf9ef9ea86d18e2686c2770ada8a987f,84ec5e1a462241b724bdb52169726ffe86647b20efbad04d01b949a8b9fc2a01,0fdc80620cf8962630e75c1fa2432803a694bdd75347ebc77b3093fc02c15c5f
FULL_UNIFIED_RUN_V1,v1_0189_m5_20160201_dlinear_s47,stage_2,M5,2016-02-01,dlinear,none,47,0.7792363572189798,0.7014531505672534,3.837394143156116,2520,29.0,,True,True,True,True,True,730fb5661f5fc883eed2b2bd1a496f27596954ce3a6bbef196920401f7dd3c7b,84ec5e1a462241b724bdb52169726ffe86647b20efbad04d01b949a8b9fc2a01,0fdc80620cf8962630e75c1fa2432803a694bdd75347ebc77b3093fc02c15c5f
FULL_UNIFIED_RUN_V1,v1_0190_favorita_20170301_dlinear_s13,stage_2,Favorita,2017-03-01,dlinear,none,13,0.6812781226546253,0.45639357022226257,10.352165361813137,2520,23.0,,True,True,True,True,True,b0a7b7ec251be8e860fd33efa7594a85d4649a23d7886e7a19640ce190ca16b5,cd0beeec37632daa955a38f9eba4e42ab5553d9daac470a0028c402132af43b1,99f53feff701ca0e8ddb39eaf4c2384b14067b4e69669a6d805e4efea668fb19
FULL_UNIFIED_RUN_V1,v1_0191_favorita_20170301_dlinear_s29,stage_2,Favorita,2017-03-01,dlinear,none,29,0.7026686536061542,0.4748228188681274,10.77018752935387,2520,39.0,,True,True,True,True,True,3b8243837617ed740c358fcdad5117b411959fdd217df3db6b02f212ae85f09e,cd0beeec37632daa955a38f9eba4e42ab5553d9daac470a0028c402132af43b1,99f53feff701ca0e8ddb39eaf4c2384b14067b4e69669a6d805e4efea668fb19
FULL_UNIFIED_RUN_V1,v1_0192_favorita_20170301_dlinear_s47,stage_2,Favorita,2017-03-01,dlinear,none,47,0.685755196705949,0.5218029055098992,11.83581521861137,2520,26.0,,True,True,True,True,True,0d213c427404fd6b091d93d17ff5dfe2e647e79ea2bd36d2b58480b2e763dfe8,cd0beeec37632daa955a38f9eba4e42ab5553d9daac470a0028c402132af43b1,99f53feff701ca0e8ddb39eaf4c2384b14067b4e69669a6d805e4efea668fb19
FULL_UNIFIED_RUN_V1,v1_0193_favorita_20170329_dlinear_s13,stage_2,Favorita,2017-03-29,dlinear,none,13,0.8543920145511469,0.3965666287944213,8.843436020518107,2520,27.0,,True,True,True,True,True,51642ee6573f2a5bb0efd4f7a5f87075f7b441112f5d73fa180356d1bd11b72c,345dabcf47b0f7e1fb1895e4c61f5d5ebffaa56e09a9f5b2d7896f439c70937b,99f53feff701ca0e8ddb39eaf4c2384b14067b4e69669a6d805e4efea668fb19
FULL_UNIFIED_RUN_V1,v1_0194_favorita_20170329_dlinear_s29,stage_2,Favorita,2017-03-29,dlinear,none,29,0.8488425988626195,0.4150832790809626,9.256357331171868,2520,19.0,,True,True,True,True,True,546be5f1bc70f99681fb5ff7b1fa2f792f534816866d19b8dd9f4127e3bc2d56,345dabcf47b0f7e1fb1895e4c61f5d5ebffaa56e09a9f5b2d7896f439c70937b,99f53feff701ca0e8ddb39eaf4c2384b14067b4e69669a6d805e4efea668fb19
FULL_UNIFIED_RUN_V1,v1_0195_favorita_20170329_dlinear_s47,stage_2,Favorita,2017-03-29,dlinear,none,47,0.8382977307484768,0.39295532487429763,8.762903941292612,2520,28.0,,True,True,True,True,True,4435a452178cb3d558bedbdf67bb45cebfad33c733818416d52e705dfd1811b5,345dabcf47b0f7e1fb1895e4c61f5d5ebffaa56e09a9f5b2d7896f439c70937b,99f53feff701ca0e8ddb39eaf4c2384b14067b4e69669a6d805e4efea668fb19
FULL_UNIFIED_RUN_V1,v1_0196_favorita_20170426_dlinear_s13,stage_2,Favorita,2017-04-26,dlinear,none,13,0.7086894447752315,0.3992569313309497,8.460286280974037,2520,50.0,,True,True,True,True,True,7dd97be0bf76ba6a0099c7d28f09b4b8a0b06264424ad501b2a7e8e13b564ad6,c488ebe713d35972ff5a908aa6c2090b4ea444972f31abbf215c0d17998dda91,99f53feff701ca0e8ddb39eaf4c2384b14067b4e69669a6d805e4efea668fb19
FULL_UNIFIED_RUN_V1,v1_0197_favorita_20170426_dlinear_s29,stage_2,Favorita,2017-04-26,dlinear,none,29,0.7063435422527701,0.3908821738082384,8.282824499810499,2520,50.0,,True,True,True,True,True,5ef73a3410a18dc2c87b90f9506ae6037ea88ef2dcbe9abe8617830ed1199589,c488ebe713d35972ff5a908aa6c2090b4ea444972f31abbf215c0d17998dda91,99f53feff701ca0e8ddb39eaf4c2384b14067b4e69669a6d805e4efea668fb19
FULL_UNIFIED_RUN_V1,v1_0198_favorita_20170426_dlinear_s47,stage_2,Favorita,2017-04-26,dlinear,none,47,0.6978999752668323,0.37684826617539585,7.985444875570043,2520,43.0,,True,True,True,True,True,3279f3b818abb597d03ba7dd1f055416300dab372eddb52b9417ba249e11ba5a,c488ebe713d35972ff5a908aa6c2090b4ea444972f31abbf215c0d17998dda91,99f53feff701ca0e8ddb39eaf4c2384b14067b4e69669a6d805e4efea668fb19
FULL_UNIFIED_RUN_V1,v1_0199_store_item_20170522_dlinear_s13,stage_2,Store Item,2017-05-22,dlinear,none,13,0.8472881258257506,0.1406358913079604,8.940145563700842,2520,25.0,,True,True,True,True,True,410888b796470f020f330822d09fe1e64780610aa9df4c7e7df2d0cf22a4f0e1,96f573b570f1b2d301538d41f90dacef49f3190e6f15d4c0105641fefebfcd31,99f53feff701ca0e8ddb39eaf4c2384b14067b4e69669a6d805e4efea668fb19
FULL_UNIFIED_RUN_V1,v1_0200_store_item_20170522_dlinear_s29,stage_2,Store Item,2017-05-22,dlinear,none,29,0.7275622289900577,0.11658792031272898,7.411429393102252,2520,41.0,,True,True,True,True,True,e3f1bfc37b89f6114430a381b3b3c56fb6d6b612e28df423d4c15ba1d133e881,96f573b570f1b2d301538d41f90dacef49f3190e6f15d4c0105641fefebfcd31,99f53feff701ca0e8ddb39eaf4c2384b14067b4e69669a6d805e4efea668fb19
FULL_UNIFIED_RUN_V1,v1_0201_store_item_20170522_dlinear_s47,stage_2,Store Item,2017-05-22,dlinear,none,47,0.8567217586729735,0.13632288111623309,8.665969899344066,2520,18.0,,True,True,True,True,True,14ee436baeb209f451dbc9b505819271564a7e194a10b3bb93269cdba33aab7b,96f573b570f1b2d301538d41f90dacef49f3190e6f15d4c0105641fefebfcd31,99f53feff701ca0e8ddb39eaf4c2384b14067b4e69669a6d805e4efea668fb19
FULL_UNIFIED_RUN_V1,v1_0202_store_item_20170619_dlinear_s13,stage_2,Store Item,2017-06-19,dlinear,none,13,0.9833347381136548,0.15691694098209447,10.586289504974607,2520,25.0,,True,True,True,True,True,9c880973c9082b4b8360291d47a022d9fead849688f98ec64def1d7cb893d09f,28beca4732b3f14a100f847605d2098885a415ba97668113a3ccce044ffb107d,99f53feff701ca0e8ddb39eaf4c2384b14067b4e69669a6d805e4efea668fb19
FULL_UNIFIED_RUN_V1,v1_0203_store_item_20170619_dlinear_s29,stage_2,Store Item,2017-06-19,dlinear,none,29,0.8002623084994991,0.1230554307324437,8.301846867137485,2520,30.0,,True,True,True,True,True,421f1f8c8a6621d2743789d122e8c28b2e604fdeac2dfe95616aef64f558220b,28beca4732b3f14a100f847605d2098885a415ba97668113a3ccce044ffb107d,99f53feff701ca0e8ddb39eaf4c2384b14067b4e69669a6d805e4efea668fb19
FULL_UNIFIED_RUN_V1,v1_0204_store_item_20170619_dlinear_s47,stage_2,Store Item,2017-06-19,dlinear,none,47,0.8022401903736,0.12170354376619767,8.210642777170454,2520,25.0,,True,True,True,True,True,6115e6c1cfe8dd35dcb569f64693850b44a5bcfb7ef24fa933cff140fc99ae4c,28beca4732b3f14a100f847605d2098885a415ba97668113a3ccce044ffb107d,99f53feff701ca0e8ddb39eaf4c2384b14067b4e69669a6d805e4efea668fb19
FULL_UNIFIED_RUN_V1,v1_0205_store_item_20170717_dlinear_s13,stage_2,Store Item,2017-07-17,dlinear,none,13,0.8007933798023724,0.1259329912381281,8.251709419205076,2520,23.0,,True,True,True,True,True,e004ed9eee7d84775e91a0ca96d4d6a482ac43aeef4837099b5fe19c88cca8d3,cb704e15bf73a80e87151fc7a786498308b0888b5b69c93a6c61d1fdd789036d,99f53feff701ca0e8ddb39eaf4c2384b14067b4e69669a6d805e4efea668fb19
FULL_UNIFIED_RUN_V1,v1_0206_store_item_20170717_dlinear_s29,stage_2,Store Item,2017-07-17,dlinear,none,29,0.8303626602489733,0.13266379973745687,8.692742982743278,2520,7.0,,True,True,True,True,True,54e4c9aa57315a57b60ea22c93b01867a66553cf8dab5bdf9bfeab7704132815,cb704e15bf73a80e87151fc7a786498308b0888b5b69c93a6c61d1fdd789036d,99f53feff701ca0e8ddb39eaf4c2384b14067b4e69669a6d805e4efea668fb19
FULL_UNIFIED_RUN_V1,v1_0207_store_item_20170717_dlinear_s47,stage_2,Store Item,2017-07-17,dlinear,none,47,0.7933790629175496,0.12407393221654765,8.129895312445504,2520,21.0,,True,True,True,True,True,89ae45d36f41ae8c07a0c5fa498c393d0ad438eaeaef6aeaa329544a0d950375,cb704e15bf73a80e87151fc7a786498308b0888b5b69c93a6c61d1fdd789036d,99f53feff701ca0e8ddb39eaf4c2384b14067b4e69669a6d805e4efea668fb19
FULL_UNIFIED_RUN_V1,v1_0208_m5_20151207_nlinear_s13,stage_2,M5,2015-12-07,nlinear,none,13,0.6187800261452836,0.9882439560340904,1.7949177086826356,2520,49.0,,True,True,True,True,True,e798cbae206b2f66e28a5c8525b710985fa433b1f7100fdaa6c23d0717f0142a,24f14f88e9945d2a7fb67744b119a74daf41bf279d2a3b941fb03feff77657e4,0fdc80620cf8962630e75c1fa2432803a694bdd75347ebc77b3093fc02c15c5f
FULL_UNIFIED_RUN_V1,v1_0209_m5_20151207_nlinear_s29,stage_2,M5,2015-12-07,nlinear,none,29,0.5907060532993079,0.9368060306669922,1.7014925553330353,2520,49.0,,True,True,True,True,True,32d70b739fbe88047c6e4c87d4fabd7c1e342b0db61145732a03a9b856868ef5,24f14f88e9945d2a7fb67744b119a74daf41bf279d2a3b941fb03feff77657e4,0fdc80620cf8962630e75c1fa2432803a694bdd75347ebc77b3093fc02c15c5f
FULL_UNIFIED_RUN_V1,v1_0210_m5_20151207_nlinear_s47,stage_2,M5,2015-12-07,nlinear,none,47,0.5987554500043168,0.9594349748067466,1.7425928244692466,2520,48.0,,True,True,True,True,True,53665f68a93a0294ff67657b22a3676373bdf47a8e40a12b253c48b09e4fb231,24f14f88e9945d2a7fb67744b119a74daf41bf279d2a3b941fb03feff77657e4,0fdc80620cf8962630e75c1fa2432803a694bdd75347ebc77b3093fc02c15c5f
FULL_UNIFIED_RUN_V1,v1_0211_m5_20160104_nlinear_s13,stage_2,M5,2016-01-04,nlinear,none,13,0.6752328581826617,0.8410697961049417,3.7133899351138444,2520,49.0,,True,True,True,True,True,f15538faaed4b3c66b6d1637f20b9df8bd580ce6255804b4d7e8e9b9e2f5e40a,f363d22b50ee5ecf935d764748129bbf4e83b2417ab50854a465cae0c12fccbf,0fdc80620cf8962630e75c1fa2432803a694bdd75347ebc77b3093fc02c15c5f
FULL_UNIFIED_RUN_V1,v1_0212_m5_20160104_nlinear_s29,stage_2,M5,2016-01-04,nlinear,none,29,0.6533365290013092,0.8585810892392212,3.790703684789321,2520,48.0,,True,True,True,True,True,0cffad46e7cc2b3d88c06ce33832527930578c9ec03498e487e2f735384f1ed1,f363d22b50ee5ecf935d764748129bbf4e83b2417ab50854a465cae0c12fccbf,0fdc80620cf8962630e75c1fa2432803a694bdd75347ebc77b3093fc02c15c5f
FULL_UNIFIED_RUN_V1,v1_0213_m5_20160104_nlinear_s47,stage_2,M5,2016-01-04,nlinear,none,47,0.656818309073183,0.8360953749446665,3.691427470696351,2520,44.0,,True,True,True,True,True,eba07c553303b1af41d6c2cda08da09ac9c634e427b8126e81ba851707dc7c31,f363d22b50ee5ecf935d764748129bbf4e83b2417ab50854a465cae0c12fccbf,0fdc80620cf8962630e75c1fa2432803a694bdd75347ebc77b3093fc02c15c5f
FULL_UNIFIED_RUN_V1,v1_0214_m5_20160201_nlinear_s13,stage_2,M5,2016-02-01,nlinear,none,13,0.791452668639102,0.724022607915853,3.960863406033743,2520,50.0,,True,True,True,True,True,a3cf1abfa26518ef4495c16f6fc1b3ef19556cf86866500bc7dbf32d15e7c9b8,84ec5e1a462241b724bdb52169726ffe86647b20efbad04d01b949a8b9fc2a01,0fdc80620cf8962630e75c1fa2432803a694bdd75347ebc77b3093fc02c15c5f
FULL_UNIFIED_RUN_V1,v1_0215_m5_20160201_nlinear_s29,stage_2,M5,2016-02-01,nlinear,none,29,0.791366551979297,0.7033540116981142,3.8477930605529793,2520,14.0,,True,True,True,True,True,c0213bd517ed4becfe6fb433dab2f2aca520738fb998c24e183dbec608003a11,84ec5e1a462241b724bdb52169726ffe86647b20efbad04d01b949a8b9fc2a01,0fdc80620cf8962630e75c1fa2432803a694bdd75347ebc77b3093fc02c15c5f
FULL_UNIFIED_RUN_V1,v1_0216_m5_20160201_nlinear_s47,stage_2,M5,2016-02-01,nlinear,none,47,0.7843138356775886,0.713700335133648,3.904394019466071,2520,45.0,,True,True,True,True,True,0b50f03abe0a9b7a88eaedab9564390872cdaf5fd8468683454b1e9539f2184c,84ec5e1a462241b724bdb52169726ffe86647b20efbad04d01b949a8b9fc2a01,0fdc80620cf8962630e75c1fa2432803a694bdd75347ebc77b3093fc02c15c5f
FULL_UNIFIED_RUN_V1,v1_0217_favorita_20170301_nlinear_s13,stage_2,Favorita,2017-03-01,nlinear,none,13,0.705828318689731,0.5108419165288408,11.587192148821694,2520,48.0,,True,True,True,True,True,7d45ffabe592c7a21b706217e876b46b12321b8245e0486bebf4ce99a6567d80,cd0beeec37632daa955a38f9eba4e42ab5553d9daac470a0028c402132af43b1,99f53feff701ca0e8ddb39eaf4c2384b14067b4e69669a6d805e4efea668fb19
FULL_UNIFIED_RUN_V1,v1_0218_favorita_20170301_nlinear_s29,stage_2,Favorita,2017-03-01,nlinear,none,29,0.7210517664015238,0.5048060910091685,11.450284295706522,2520,48.0,,True,True,True,True,True,c03b323b0ede7cd00166e6a813af7652fc77ad4be18f4eb23ec5fdbf7f53ebde,cd0beeec37632daa955a38f9eba4e42ab5553d9daac470a0028c402132af43b1,99f53feff701ca0e8ddb39eaf4c2384b14067b4e69669a6d805e4efea668fb19
FULL_UNIFIED_RUN_V1,v1_0219_favorita_20170301_nlinear_s47,stage_2,Favorita,2017-03-01,nlinear,none,47,0.7237852986022247,0.5270296535407403,11.954371139312547,2520,46.0,,True,True,True,True,True,cfcecbb9e9129c5f75f2550fe2d4b38490099e2ebcf13d2a472059b383b093a9,cd0beeec37632daa955a38f9eba4e42ab5553d9daac470a0028c402132af43b1,99f53feff701ca0e8ddb39eaf4c2384b14067b4e69669a6d805e4efea668fb19
FULL_UNIFIED_RUN_V1,v1_0220_favorita_20170329_nlinear_s13,stage_2,Favorita,2017-03-29,nlinear,none,13,0.8479710538994774,0.3976585134787774,8.867785049525517,2520,29.0,,True,True,True,True,True,9598742505816764f3a01a6889d78e7fdbf729c8c99f1f6f80bb50ae5503c6af,345dabcf47b0f7e1fb1895e4c61f5d5ebffaa56e09a9f5b2d7896f439c70937b,99f53feff701ca0e8ddb39eaf4c2384b14067b4e69669a6d805e4efea668fb19
FULL_UNIFIED_RUN_V1,v1_0221_favorita_20170329_nlinear_s29,stage_2,Favorita,2017-03-29,nlinear,none,29,0.9188097631936785,0.47759986504986374,10.650477229555447,2520,13.0,,True,True,True,True,True,d2e11d41795f06506cbcf1a2c8278d36b036b7c41c282d71b405cba16fa20342,345dabcf47b0f7e1fb1895e4c61f5d5ebffaa56e09a9f5b2d7896f439c70937b,99f53feff701ca0e8ddb39eaf4c2384b14067b4e69669a6d805e4efea668fb19
FULL_UNIFIED_RUN_V1,v1_0222_favorita_20170329_nlinear_s47,stage_2,Favorita,2017-03-29,nlinear,none,47,0.8697619717931261,0.4180141047267619,9.321714744539488,2520,21.0,,True,True,True,True,True,bdad86cce67c1916cbbf23e2f7489089a94dcf21a673bdf4857db94cece2252d,345dabcf47b0f7e1fb1895e4c61f5d5ebffaa56e09a9f5b2d7896f439c70937b,99f53feff701ca0e8ddb39eaf4c2384b14067b4e69669a6d805e4efea668fb19
FULL_UNIFIED_RUN_V1,v1_0223_favorita_20170426_nlinear_s13,stage_2,Favorita,2017-04-26,nlinear,none,13,0.7025717155168181,0.3864469047663332,8.188840794374073,2520,49.0,,True,True,True,True,True,925039550752e810f5a7b11c7baf290f92c4a96289023a51cf780d6bf64b3a43,c488ebe713d35972ff5a908aa6c2090b4ea444972f31abbf215c0d17998dda91,99f53feff701ca0e8ddb39eaf4c2384b14067b4e69669a6d805e4efea668fb19
FULL_UNIFIED_RUN_V1,v1_0224_favorita_20170426_nlinear_s29,stage_2,Favorita,2017-04-26,nlinear,none,29,0.7032214408777306,0.38104971951162087,8.074474007518045,2520,49.0,,True,True,True,True,True,99c957cc4410e5995d74ddb7d2c479bc27ca0b75df124a65799d129a7cb23bdb,c488ebe713d35972ff5a908aa6c2090b4ea444972f31abbf215c0d17998dda91,99f53feff701ca0e8ddb39eaf4c2384b14067b4e69669a6d805e4efea668fb19
FULL_UNIFIED_RUN_V1,v1_0225_favorita_20170426_nlinear_s47,stage_2,Favorita,2017-04-26,nlinear,none,47,0.7107946031645537,0.3944586584472373,8.35861049512076,2520,48.0,,True,True,True,True,True,bc36edc204152c3641498d58a04181842bea818a49fbff028cd3c9f14ddc8019,c488ebe713d35972ff5a908aa6c2090b4ea444972f31abbf215c0d17998dda91,99f53feff701ca0e8ddb39eaf4c2384b14067b4e69669a6d805e4efea668fb19
FULL_UNIFIED_RUN_V1,v1_0226_store_item_20170522_nlinear_s13,stage_2,Store Item,2017-05-22,nlinear,none,13,0.7036474239120019,0.11201083785708577,7.120466801476857,2520,49.0,,True,True,True,True,True,cd3e0e1634c3c2a39a8fecda6e097ef80d04556528f4c829346d2bffccececd5,96f573b570f1b2d301538d41f90dacef49f3190e6f15d4c0105641fefebfcd31,99f53feff701ca0e8ddb39eaf4c2384b14067b4e69669a6d805e4efea668fb19
FULL_UNIFIED_RUN_V1,v1_0227_store_item_20170522_nlinear_s29,stage_2,Store Item,2017-05-22,nlinear,none,29,0.7397366346669487,0.11768893720240958,7.481420425763206,2520,48.0,,True,True,True,True,True,39ec8bbec2808d389d65c94e2ab496e7bd516702dca1666bf02d86ab525f6299,96f573b570f1b2d301538d41f90dacef49f3190e6f15d4c0105641fefebfcd31,99f53feff701ca0e8ddb39eaf4c2384b14067b4e69669a6d805e4efea668fb19
FULL_UNIFIED_RUN_V1,v1_0228_store_item_20170522_nlinear_s47,stage_2,Store Item,2017-05-22,nlinear,none,47,0.7205760016729165,0.11433584337078835,7.2682661117069305,2520,49.0,,True,True,True,True,True,9f05fd7b8481115c961b0c012602a318e452159db194323c64b48fa2ecdec042,96f573b570f1b2d301538d41f90dacef49f3190e6f15d4c0105641fefebfcd31,99f53feff701ca0e8ddb39eaf4c2384b14067b4e69669a6d805e4efea668fb19
FULL_UNIFIED_RUN_V1,v1_0229_store_item_20170619_nlinear_s13,stage_2,Store Item,2017-06-19,nlinear,none,13,0.7478024443058453,0.11358163446185224,7.662703958768693,2520,49.0,,True,True,True,True,True,01ddde2f0cc460c5c0cfe8435e16cc6622a480451e62660667caf57da0cbbb3d,28beca4732b3f14a100f847605d2098885a415ba97668113a3ccce044ffb107d,99f53feff701ca0e8ddb39eaf4c2384b14067b4e69669a6d805e4efea668fb19
FULL_UNIFIED_RUN_V1,v1_0230_store_item_20170619_nlinear_s29,stage_2,Store Item,2017-06-19,nlinear,none,29,0.7690963638778743,0.11644253416457609,7.855712516724117,2520,49.0,,True,True,True,True,True,e5f99d5353381e24f0d9c4b274f69b2844687d8c103a6402fa5436c645d8a3ca,28beca4732b3f14a100f847605d2098885a415ba97668113a3ccce044ffb107d,99f53feff701ca0e8ddb39eaf4c2384b14067b4e69669a6d805e4efea668fb19
FULL_UNIFIED_RUN_V1,v1_0231_store_item_20170619_nlinear_s47,stage_2,Store Item,2017-06-19,nlinear,none,47,0.8120206036096469,0.1250022339088471,8.433186554908753,2520,50.0,,True,True,True,True,True,88ddf366993ccc4c4fdcfd77b2e72d0631f3c49ca40ec0c08cb5b768fa6f54c1,28beca4732b3f14a100f847605d2098885a415ba97668113a3ccce044ffb107d,99f53feff701ca0e8ddb39eaf4c2384b14067b4e69669a6d805e4efea668fb19
FULL_UNIFIED_RUN_V1,v1_0232_store_item_20170717_nlinear_s13,stage_2,Store Item,2017-07-17,nlinear,none,13,0.7410569078346567,0.11621866587265353,7.6151820935900245,2520,48.0,,True,True,True,True,True,4664e2eb08f12ec0900105ed001416fb88691c4b897fb5e1785128326a94988d,cb704e15bf73a80e87151fc7a786498308b0888b5b69c93a6c61d1fdd789036d,99f53feff701ca0e8ddb39eaf4c2384b14067b4e69669a6d805e4efea668fb19
FULL_UNIFIED_RUN_V1,v1_0233_store_item_20170717_nlinear_s29,stage_2,Store Item,2017-07-17,nlinear,none,29,0.9293860915894651,0.14817604130693113,9.709176473390489,2520,48.0,,True,True,True,True,True,02582eda41c2baa3bcf52a7d796f89a3dd32774e08bd59cf078516d83560f2b2,cb704e15bf73a80e87151fc7a786498308b0888b5b69c93a6c61d1fdd789036d,99f53feff701ca0e8ddb39eaf4c2384b14067b4e69669a6d805e4efea668fb19
FULL_UNIFIED_RUN_V1,v1_0234_store_item_20170717_nlinear_s47,stage_2,Store Item,2017-07-17,nlinear,none,47,0.7654488026747204,0.12058847209288201,7.90151191703857,2520,50.0,,True,True,True,True,True,032af524bba5d6f822922b29686fc565381e698c505d0abb7ee78b2beaedfabf,cb704e15bf73a80e87151fc7a786498308b0888b5b69c93a6c61d1fdd789036d,99f53feff701ca0e8ddb39eaf4c2384b14067b4e69669a6d805e4efea668fb19
FULL_UNIFIED_RUN_V1,v1_0235_m5_20151207_patchtst_s13,stage_2,M5,2015-12-07,patchtst,none,13,0.5534633123334268,0.9042121691079897,1.6422933070609966,2520,14.0,,True,True,True,True,True,cd05afb544626386b8949bee0b7421909527b88f3c94ac08a42a21c5d17801d3,24f14f88e9945d2a7fb67744b119a74daf41bf279d2a3b941fb03feff77657e4,0fdc80620cf8962630e75c1fa2432803a694bdd75347ebc77b3093fc02c15c5f
FULL_UNIFIED_RUN_V1,v1_0236_m5_20151207_patchtst_s29,stage_2,M5,2015-12-07,patchtst,none,29,0.5360784032380231,0.8251326894550713,1.498663631862118,2520,26.0,,True,True,True,True,True,e19d846d5560e4b79d50e3e4bd7038e25f34e1d4002f799b3888b82d6db29d41,24f14f88e9945d2a7fb67744b119a74daf41bf279d2a3b941fb03feff77657e4,0fdc80620cf8962630e75c1fa2432803a694bdd75347ebc77b3093fc02c15c5f
FULL_UNIFIED_RUN_V1,v1_0237_m5_20151207_patchtst_s47,stage_2,M5,2015-12-07,patchtst,none,47,0.5764714230672418,0.9574813389062203,1.7390444944716161,2520,18.0,,True,True,True,True,True,7102a17041e7c2e077590a56c2e8b84a395d529112af4154da2a178474fb697c,24f14f88e9945d2a7fb67744b119a74daf41bf279d2a3b941fb03feff77657e4,0fdc80620cf8962630e75c1fa2432803a694bdd75347ebc77b3093fc02c15c5f
FULL_UNIFIED_RUN_V1,v1_0238_m5_20160104_patchtst_s13,stage_2,M5,2016-01-04,patchtst,none,13,0.5916505306482822,0.8017791300196806,3.5399185244644444,2520,26.0,,True,True,True,True,True,e2424a18ae5ca433441bb818d8432a97854d9c1458945199c195bf3681fc043a,f363d22b50ee5ecf935d764748129bbf4e83b2417ab50854a465cae0c12fccbf,0fdc80620cf8962630e75c1fa2432803a694bdd75347ebc77b3093fc02c15c5f
FULL_UNIFIED_RUN_V1,v1_0239_m5_20160104_patchtst_s29,stage_2,M5,2016-01-04,patchtst,none,29,0.591194711324052,0.8270509566197468,3.6514956456180365,2520,31.0,,True,True,True,True,True,ef1344036828f4bff732c285572b939733cbe968af62030dca3d888a11a5874a,f363d22b50ee5ecf935d764748129bbf4e83b2417ab50854a465cae0c12fccbf,0fdc80620cf8962630e75c1fa2432803a694bdd75347ebc77b3093fc02c15c5f
FULL_UNIFIED_RUN_V1,v1_0240_m5_20160104_patchtst_s47,stage_2,M5,2016-01-04,patchtst,none,47,0.5988866132767277,0.8129901344217754,3.589415999111675,2520,34.0,,True,True,True,True,True,90aa549c593907e3b1ca345c4472b4b4d3c4f8e7d040cde79dcca98e947fda08,f363d22b50ee5ecf935d764748129bbf4e83b2417ab50854a465cae0c12fccbf,0fdc80620cf8962630e75c1fa2432803a694bdd75347ebc77b3093fc02c15c5f
FULL_UNIFIED_RUN_V1,v1_0241_m5_20160201_patchtst_s13,stage_2,M5,2016-02-01,patchtst,none,13,0.7668121729781199,0.6679565940066047,3.6541467090861666,2520,12.0,,True,True,True,True,True,b3b7f210ed25b44b5a163446089bc2321adfc237de512a8bb94fea57870a168f,84ec5e1a462241b724bdb52169726ffe86647b20efbad04d01b949a8b9fc2a01,0fdc80620cf8962630e75c1fa2432803a694bdd75347ebc77b3093fc02c15c5f
FULL_UNIFIED_RUN_V1,v1_0242_m5_20160201_patchtst_s29,stage_2,M5,2016-02-01,patchtst,none,29,0.7696923593788141,0.7450503258067118,4.075898375101978,2520,18.0,,True,True,True,True,True,2317df97e0de8c1db6f679e9a3090ff3613338426787c7bfd960cfe61d487acc,84ec5e1a462241b724bdb52169726ffe86647b20efbad04d01b949a8b9fc2a01,0fdc80620cf8962630e75c1fa2432803a694bdd75347ebc77b3093fc02c15c5f
FULL_UNIFIED_RUN_V1,v1_0243_m5_20160201_patchtst_s47,stage_2,M5,2016-02-01,patchtst,none,47,0.7757806581726798,0.6915103950877909,3.7830009572207928,2520,8.0,,True,True,True,True,True,301fd184ff81001f31fb21770becb58b5f668fee9cf9a1d5358c46b7ca3c964d,84ec5e1a462241b724bdb52169726ffe86647b20efbad04d01b949a8b9fc2a01,0fdc80620cf8962630e75c1fa2432803a694bdd75347ebc77b3093fc02c15c5f
FULL_UNIFIED_RUN_V1,v1_0244_favorita_20170301_patchtst_s13,stage_2,Favorita,2017-03-01,patchtst,none,13,0.6812321349689208,0.4820200321485156,10.933438606678493,2520,4.0,,True,True,True,True,True,16ff36776e951fda624f6922e17f2b4154443084459095364c16fd71e24f1a44,cd0beeec37632daa955a38f9eba4e42ab5553d9daac470a0028c402132af43b1,99f53feff701ca0e8ddb39eaf4c2384b14067b4e69669a6d805e4efea668fb19
FULL_UNIFIED_RUN_V1,v1_0245_favorita_20170301_patchtst_s29,stage_2,Favorita,2017-03-01,patchtst,none,29,0.7096841032091158,0.5614035424041484,12.734058244609171,2520,8.0,,True,True,True,True,True,0c8274d49b46cab6b3e46c80b843d686ed051b90cd2798a46226d7a8993e4cf5,cd0beeec37632daa955a38f9eba4e42ab5553d9daac470a0028c402132af43b1,99f53feff701ca0e8ddb39eaf4c2384b14067b4e69669a6d805e4efea668fb19
FULL_UNIFIED_RUN_V1,v1_0246_favorita_20170301_patchtst_s47,stage_2,Favorita,2017-03-01,patchtst,none,47,0.737312471016285,0.5008373483751417,11.360263132599611,2520,15.0,,True,True,True,True,True,1f3f43dee5efa6e559bef1cfb90f885afa637df5370bd12348a99bbba95d5fed,cd0beeec37632daa955a38f9eba4e42ab5553d9daac470a0028c402132af43b1,99f53feff701ca0e8ddb39eaf4c2384b14067b4e69669a6d805e4efea668fb19
FULL_UNIFIED_RUN_V1,v1_0247_favorita_20170329_patchtst_s13,stage_2,Favorita,2017-03-29,patchtst,none,13,0.8618518657902516,0.4139174903344677,9.230360241541787,2520,1.0,,True,True,True,True,True,163ae08cc5b9e7eab622eafbe2f4182c6ce8bcc8ddf829b50484b7dcf75f3142,345dabcf47b0f7e1fb1895e4c61f5d5ebffaa56e09a9f5b2d7896f439c70937b,99f53feff701ca0e8ddb39eaf4c2384b14067b4e69669a6d805e4efea668fb19
FULL_UNIFIED_RUN_V1,v1_0248_favorita_20170329_patchtst_s29,stage_2,Favorita,2017-03-29,patchtst,none,29,0.8409392359464382,0.44452247301576314,9.912851370646367,2520,21.0,,True,True,True,True,True,20b8dfe24f35f7898a2d186f66e4b9decbfeae39bea147c15516f4d057feac10,345dabcf47b0f7e1fb1895e4c61f5d5ebffaa56e09a9f5b2d7896f439c70937b,99f53feff701ca0e8ddb39eaf4c2384b14067b4e69669a6d805e4efea668fb19
FULL_UNIFIED_RUN_V1,v1_0249_favorita_20170329_patchtst_s47,stage_2,Favorita,2017-03-29,patchtst,none,47,0.9260955660171952,0.5030813312869542,11.218713939390959,2520,1.0,,True,True,True,True,True,10bc9817dce5f5bbc6da3852d9c3e3df93ad580bfa392c322a5e1e3a0d97ac46,345dabcf47b0f7e1fb1895e4c61f5d5ebffaa56e09a9f5b2d7896f439c70937b,99f53feff701ca0e8ddb39eaf4c2384b14067b4e69669a6d805e4efea668fb19
FULL_UNIFIED_RUN_V1,v1_0250_favorita_20170426_patchtst_s13,stage_2,Favorita,2017-04-26,patchtst,none,13,0.7025195085699756,0.4209226157620679,8.919383865452948,2520,19.0,,True,True,True,True,True,39a1c4c1e83432b1e4daeecb72a8d95a580d86381830d6d2ae14ca3223cb869d,c488ebe713d35972ff5a908aa6c2090b4ea444972f31abbf215c0d17998dda91,99f53feff701ca0e8ddb39eaf4c2384b14067b4e69669a6d805e4efea668fb19
FULL_UNIFIED_RUN_V1,v1_0251_favorita_20170426_patchtst_s29,stage_2,Favorita,2017-04-26,patchtst,none,29,0.706938845452271,0.39682031139008195,8.4086541097079,2520,14.0,,True,True,True,True,True,5cc830d99380e50405f80c57294fc72ff17b880bd110d6463d760a63ef2a3bcc,c488ebe713d35972ff5a908aa6c2090b4ea444972f31abbf215c0d17998dda91,99f53feff701ca0e8ddb39eaf4c2384b14067b4e69669a6d805e4efea668fb19
FULL_UNIFIED_RUN_V1,v1_0252_favorita_20170426_patchtst_s47,stage_2,Favorita,2017-04-26,patchtst,none,47,0.7250323560001142,0.41473539976266804,8.788276263982768,2520,17.0,,True,True,True,True,True,c27ad198da52553d762ff70f41d18c6b387b706907f7b321d363ce63eaf237cd,c488ebe713d35972ff5a908aa6c2090b4ea444972f31abbf215c0d17998dda91,99f53feff701ca0e8ddb39eaf4c2384b14067b4e69669a6d805e4efea668fb19
FULL_UNIFIED_RUN_V1,v1_0253_store_item_20170522_patchtst_s13,stage_2,Store Item,2017-05-22,patchtst,none,13,0.6873270080882502,0.10993690750199188,6.988628199743846,2520,21.0,,True,True,True,True,True,f86bd2a60e953591de733f1cb0d6916972196cfa65b846f86414f4912f746ff0,96f573b570f1b2d301538d41f90dacef49f3190e6f15d4c0105641fefebfcd31,99f53feff701ca0e8ddb39eaf4c2384b14067b4e69669a6d805e4efea668fb19
FULL_UNIFIED_RUN_V1,v1_0254_store_item_20170522_patchtst_s29,stage_2,Store Item,2017-05-22,patchtst,none,29,0.6791841778357189,0.10798288741972503,6.864412227509514,2520,39.0,,True,True,True,True,True,e20e9b80f035c8010522b30b202220b0ce5dedc342a36def4158a8ff1b1b2a59,96f573b570f1b2d301538d41f90dacef49f3190e6f15d4c0105641fefebfcd31,99f53feff701ca0e8ddb39eaf4c2384b14067b4e69669a6d805e4efea668fb19
FULL_UNIFIED_RUN_V1,v1_0255_store_item_20170522_patchtst_s47,stage_2,Store Item,2017-05-22,patchtst,none,47,0.6773062362240938,0.10633525287337395,6.759673013762822,2520,48.0,,True,True,True,True,True,cd4ea8912308c7e0d4d9ae3bf627e9909f0de88e99d58d879c8e8191e0bb5ba8,96f573b570f1b2d301538d41f90dacef49f3190e6f15d4c0105641fefebfcd31,99f53feff701ca0e8ddb39eaf4c2384b14067b4e69669a6d805e4efea668fb19
FULL_UNIFIED_RUN_V1,v1_0256_store_item_20170619_patchtst_s13,stage_2,Store Item,2017-06-19,patchtst,none,13,0.7087963508348292,0.10619711550095494,7.164512653956337,2520,26.0,,True,True,True,True,True,84ba769574bc644a16cc5c1aba5e48a30ea79895d11e9c681fbf83bf70036e3f,28beca4732b3f14a100f847605d2098885a415ba97668113a3ccce044ffb107d,99f53feff701ca0e8ddb39eaf4c2384b14067b4e69669a6d805e4efea668fb19
FULL_UNIFIED_RUN_V1,v1_0257_store_item_20170619_patchtst_s29,stage_2,Store Item,2017-06-19,patchtst,none,29,0.7189497962575017,0.10816495923653931,7.297271828045921,2520,13.0,,True,True,True,True,True,f31fd75dc0ce22b73bcf39daefaea551215c29f4ea34afa1e73745aa2d31b0c4,28beca4732b3f14a100f847605d2098885a415ba97668113a3ccce044ffb107d,99f53feff701ca0e8ddb39eaf4c2384b14067b4e69669a6d805e4efea668fb19
FULL_UNIFIED_RUN_V1,v1_0258_store_item_20170619_patchtst_s47,stage_2,Store Item,2017-06-19,patchtst,none,47,0.9255285352211278,0.1466143726525096,9.891234080753629,2520,24.0,,True,True,True,True,True,d7afede36e24e4abb92b17ab3e9b9786ddb55f1bd927dda5a559d7a6a8ef3b5d,28beca4732b3f14a100f847605d2098885a415ba97668113a3ccce044ffb107d,99f53feff701ca0e8ddb39eaf4c2384b14067b4e69669a6d805e4efea668fb19
FULL_UNIFIED_RUN_V1,v1_0259_store_item_20170717_patchtst_s13,stage_2,Store Item,2017-07-17,patchtst,none,13,0.6935998639799484,0.10853439058966663,7.111672996339344,2520,10.0,,True,True,True,True,True,c3863fd7b28fd05c4c120da89502d76e51b2ba4a1bdd782708e940503cfbb983,cb704e15bf73a80e87151fc7a786498308b0888b5b69c93a6c61d1fdd789036d,99f53feff701ca0e8ddb39eaf4c2384b14067b4e69669a6d805e4efea668fb19
FULL_UNIFIED_RUN_V1,v1_0260_store_item_20170717_patchtst_s29,stage_2,Store Item,2017-07-17,patchtst,none,29,0.7012607556271229,0.11040326184911844,7.234130046102735,2520,12.0,,True,True,True,True,True,3a53d7e9f1c0a8716e07698dbe3c762c5770d5592d088da950a2637551d42fea,cb704e15bf73a80e87151fc7a786498308b0888b5b69c93a6c61d1fdd789036d,99f53feff701ca0e8ddb39eaf4c2384b14067b4e69669a6d805e4efea668fb19
FULL_UNIFIED_RUN_V1,v1_0261_store_item_20170717_patchtst_s47,stage_2,Store Item,2017-07-17,patchtst,none,47,0.9289324653690311,0.15080087535002928,9.881167685417902,2520,9.0,,True,True,True,True,True,898c87fac8ecf4e835ae63775cad3c0a157081951d53c7fd031773fb862deaa3,cb704e15bf73a80e87151fc7a786498308b0888b5b69c93a6c61d1fdd789036d,99f53feff701ca0e8ddb39eaf4c2384b14067b4e69669a6d805e4efea668fb19
FULL_UNIFIED_RUN_V1,v1_0262_m5_20151207_itransformer_s13,stage_2,M5,2015-12-07,itransformer,none,13,0.5863740646199447,1.0123865805782852,1.838767229910526,2520,13.0,,True,True,True,True,True,766d26d48b619b0fbaf9eb4e24e88584371b4a20e4fb393211ca6224b3d8aa23,24f14f88e9945d2a7fb67744b119a74daf41bf279d2a3b941fb03feff77657e4,0fdc80620cf8962630e75c1fa2432803a694bdd75347ebc77b3093fc02c15c5f
FULL_UNIFIED_RUN_V1,v1_0263_m5_20151207_itransformer_s29,stage_2,M5,2015-12-07,itransformer,none,29,0.5733288158022184,1.0015431284308742,1.8190725946296302,2520,17.0,,True,True,True,True,True,41c4814fe04e1845f07b6387511c3451c4cb49ffb38b639aee0b023afa957c90,24f14f88e9945d2a7fb67744b119a74daf41bf279d2a3b941fb03feff77657e4,0fdc80620cf8962630e75c1fa2432803a694bdd75347ebc77b3093fc02c15c5f
FULL_UNIFIED_RUN_V1,v1_0264_m5_20151207_itransformer_s47,stage_2,M5,2015-12-07,itransformer,none,47,0.5880503753574293,1.0370537061356906,1.8835693865186638,2520,11.0,,True,True,True,True,True,e0e4a9685f77dd7e56ba70ad3a77a9ae12e10884ce389bb74a2a86111e48f08e,24f14f88e9945d2a7fb67744b119a74daf41bf279d2a3b941fb03feff77657e4,0fdc80620cf8962630e75c1fa2432803a694bdd75347ebc77b3093fc02c15c5f
FULL_UNIFIED_RUN_V1,v1_0265_m5_20160104_itransformer_s13,stage_2,M5,2016-01-04,itransformer,none,13,0.6244056046305152,0.7510115391409733,3.3157755795245367,2520,27.0,,True,True,True,True,True,7533b1bd570a126ca363d4588651c8399446bacf9f47e1592c24cb622fd25d69,f363d22b50ee5ecf935d764748129bbf4e83b2417ab50854a465cae0c12fccbf,0fdc80620cf8962630e75c1fa2432803a694bdd75347ebc77b3093fc02c15c5f
FULL_UNIFIED_RUN_V1,v1_0266_m5_20160104_itransformer_s29,stage_2,M5,2016-01-04,itransformer,none,29,0.6561294151484206,0.9055683127273442,3.998156007518992,2520,49.0,,True,True,True,True,True,05010f17ff387d6772dbc6b45e80a9115ca9a2343bfd765202ddb6f22748e7c3,f363d22b50ee5ecf935d764748129bbf4e83b2417ab50854a465cae0c12fccbf,0fdc80620cf8962630e75c1fa2432803a694bdd75347ebc77b3093fc02c15c5f
FULL_UNIFIED_RUN_V1,v1_0267_m5_20160104_itransformer_s47,stage_2,M5,2016-01-04,itransformer,none,47,0.638754549236355,0.865589848083651,3.821647911619336,2520,26.0,,True,True,True,True,True,d7ddaf65bbd010188e3c7feee76b55877598a775b82fa21add66e53506f3a2b3,f363d22b50ee5ecf935d764748129bbf4e83b2417ab50854a465cae0c12fccbf,0fdc80620cf8962630e75c1fa2432803a694bdd75347ebc77b3093fc02c15c5f
FULL_UNIFIED_RUN_V1,v1_0268_m5_20160201_itransformer_s13,stage_2,M5,2016-02-01,itransformer,none,13,0.7947038886118722,0.7609495030017288,4.162876970037108,2520,1.0,,True,True,True,True,True,7c7cb8a3789e515cb7868cbfeabf8281d35394118f8c524cdf014fc08b64de4b,84ec5e1a462241b724bdb52169726ffe86647b20efbad04d01b949a8b9fc2a01,0fdc80620cf8962630e75c1fa2432803a694bdd75347ebc77b3093fc02c15c5f
FULL_UNIFIED_RUN_V1,v1_0269_m5_20160201_itransformer_s29,stage_2,M5,2016-02-01,itransformer,none,29,0.8181130390007672,0.8397863131754073,4.594164381578328,2520,11.0,,True,True,True,True,True,ef4eec1c3a85308376562b43ae80db941367e15b5e563df835e6c9d6d2dc2425,84ec5e1a462241b724bdb52169726ffe86647b20efbad04d01b949a8b9fc2a01,0fdc80620cf8962630e75c1fa2432803a694bdd75347ebc77b3093fc02c15c5f
FULL_UNIFIED_RUN_V1,v1_0270_m5_20160201_itransformer_s47,stage_2,M5,2016-02-01,itransformer,none,47,0.7975353862586928,0.8043386472524183,4.400243140378642,2520,8.0,,True,True,True,True,True,25ebe43057c42305f3acb91c4ddb592c30bd83f3ef1a85e375b6333081bb5faf,84ec5e1a462241b724bdb52169726ffe86647b20efbad04d01b949a8b9fc2a01,0fdc80620cf8962630e75c1fa2432803a694bdd75347ebc77b3093fc02c15c5f
FULL_UNIFIED_RUN_V1,v1_0271_favorita_20170301_itransformer_s13,stage_2,Favorita,2017-03-01,itransformer,none,13,0.7520114836987271,0.5706064276591365,12.942803056502626,2520,2.0,,True,True,True,True,True,2c91af24977a16775bc2002c299028905cf6e3c332d2e564b19ddc54b344fa09,cd0beeec37632daa955a38f9eba4e42ab5553d9daac470a0028c402132af43b1,99f53feff701ca0e8ddb39eaf4c2384b14067b4e69669a6d805e4efea668fb19
FULL_UNIFIED_RUN_V1,v1_0272_favorita_20170301_itransformer_s29,stage_2,Favorita,2017-03-01,itransformer,none,29,0.6928162791594505,0.47164729454026433,10.698158572117487,2520,5.0,,True,True,True,True,True,ec3d1e8e00927a246e2c6a07f84ea4f50aa2fc093471238ef79a223b210e464e,cd0beeec37632daa955a38f9eba4e42ab5553d9daac470a0028c402132af43b1,99f53feff701ca0e8ddb39eaf4c2384b14067b4e69669a6d805e4efea668fb19
FULL_UNIFIED_RUN_V1,v1_0273_favorita_20170301_itransformer_s47,stage_2,Favorita,2017-03-01,itransformer,none,47,0.6852081007573756,0.46743317287810404,10.602571589416927,2520,3.0,,True,True,True,True,True,a8daaab63b07e59fd285869ba73d2f28314fe2e0c276c648173f5f057e0f339c,cd0beeec37632daa955a38f9eba4e42ab5553d9daac470a0028c402132af43b1,99f53feff701ca0e8ddb39eaf4c2384b14067b4e69669a6d805e4efea668fb19
FULL_UNIFIED_RUN_V1,v1_0274_favorita_20170329_itransformer_s13,stage_2,Favorita,2017-03-29,itransformer,none,13,0.9175225753088709,0.47473211030846973,10.586526297387623,2520,1.0,,True,True,True,True,True,19ebdd594a992980da7e45aaf0ed471dc921079b4563b246250c6ee91da7dd7d,345dabcf47b0f7e1fb1895e4c61f5d5ebffaa56e09a9f5b2d7896f439c70937b,99f53feff701ca0e8ddb39eaf4c2384b14067b4e69669a6d805e4efea668fb19
FULL_UNIFIED_RUN_V1,v1_0275_favorita_20170329_itransformer_s29,stage_2,Favorita,2017-03-29,itransformer,none,29,0.855977316485382,0.42550543001935104,9.48877130231214,2520,7.0,,True,True,True,True,True,bad8abbfc76e90d78ebfb0e426df55353b854b57ea9bb637ba3c1f407b076661,345dabcf47b0f7e1fb1895e4c61f5d5ebffaa56e09a9f5b2d7896f439c70937b,99f53feff701ca0e8ddb39eaf4c2384b14067b4e69669a6d805e4efea668fb19
FULL_UNIFIED_RUN_V1,v1_0276_favorita_20170329_itransformer_s47,stage_2,Favorita,2017-03-29,itransformer,none,47,0.8449507933679424,0.4038944485480703,9.006846404690592,2520,3.0,,True,True,True,True,True,3468ae3d27b4f4e961dc7141eb03e0aab90fb5739ae11263c4bb9f694262e100,345dabcf47b0f7e1fb1895e4c61f5d5ebffaa56e09a9f5b2d7896f439c70937b,99f53feff701ca0e8ddb39eaf4c2384b14067b4e69669a6d805e4efea668fb19
FULL_UNIFIED_RUN_V1,v1_0277_favorita_20170426_itransformer_s13,stage_2,Favorita,2017-04-26,itransformer,none,13,0.7375327327325335,0.4378203729666087,9.277448690978307,2520,16.0,,True,True,True,True,True,ae953cf410bf2b69d5f0c2e2f18628f1525427554dc3428c0cea3a6de78fc9d1,c488ebe713d35972ff5a908aa6c2090b4ea444972f31abbf215c0d17998dda91,99f53feff701ca0e8ddb39eaf4c2384b14067b4e69669a6d805e4efea668fb19
FULL_UNIFIED_RUN_V1,v1_0278_favorita_20170426_itransformer_s29,stage_2,Favorita,2017-04-26,itransformer,none,29,0.7148954793712599,0.404660329986579,8.574784730292029,2520,13.0,,True,True,True,True,True,5d0b2a4daee26de007492bb2d20d5a3e03c0e3034cb63c136d793d094afb621c,c488ebe713d35972ff5a908aa6c2090b4ea444972f31abbf215c0d17998dda91,99f53feff701ca0e8ddb39eaf4c2384b14067b4e69669a6d805e4efea668fb19
FULL_UNIFIED_RUN_V1,v1_0279_favorita_20170426_itransformer_s47,stage_2,Favorita,2017-04-26,itransformer,none,47,0.7015901554582746,0.3835043568905814,8.126487969737203,2520,6.0,,True,True,True,True,True,066a7337afb023354ab3ffda9831d9125f6c7368523ab9dcc263090becc25f74,c488ebe713d35972ff5a908aa6c2090b4ea444972f31abbf215c0d17998dda91,99f53feff701ca0e8ddb39eaf4c2384b14067b4e69669a6d805e4efea668fb19
FULL_UNIFIED_RUN_V1,v1_0280_store_item_20170522_itransformer_s13,stage_2,Store Item,2017-05-22,itransformer,none,13,1.1364436899154158,0.20108835226633057,12.783074958362276,2520,7.0,,True,True,True,True,True,5d8b0794d8b326af59f81d15582e1cd9e1711c512be055dd4d3b19b643316552,96f573b570f1b2d301538d41f90dacef49f3190e6f15d4c0105641fefebfcd31,99f53feff701ca0e8ddb39eaf4c2384b14067b4e69669a6d805e4efea668fb19
FULL_UNIFIED_RUN_V1,v1_0281_store_item_20170522_itransformer_s29,stage_2,Store Item,2017-05-22,itransformer,none,29,0.666335777196948,0.10524772631236189,6.6905395538087875,2520,11.0,,True,True,True,True,True,c7007c89471f36def6f5c25685225d48b8f52712357109eade7db9d674bfb646,96f573b570f1b2d301538d41f90dacef49f3190e6f15d4c0105641fefebfcd31,99f53feff701ca0e8ddb39eaf4c2384b14067b4e69669a6d805e4efea668fb19
FULL_UNIFIED_RUN_V1,v1_0282_store_item_20170522_itransformer_s47,stage_2,Store Item,2017-05-22,itransformer,none,47,0.7232461716744295,0.11606019370611854,7.377882105585129,2520,4.0,,True,True,True,True,True,62a0e1c8c865070bc6451c82be71a89fa47d73bec6441942641151a38266bc4d,96f573b570f1b2d301538d41f90dacef49f3190e6f15d4c0105641fefebfcd31,99f53feff701ca0e8ddb39eaf4c2384b14067b4e69669a6d805e4efea668fb19
FULL_UNIFIED_RUN_V1,v1_0283_store_item_20170619_itransformer_s13,stage_2,Store Item,2017-06-19,itransformer,none,13,0.9017784541802157,0.14049203830324108,9.478195160532755,2520,2.0,,True,True,True,True,True,fcca7e7b68f855b1ef230a7c769f2f2803133b182307067043bb864b43d6976b,28beca4732b3f14a100f847605d2098885a415ba97668113a3ccce044ffb107d,99f53feff701ca0e8ddb39eaf4c2384b14067b4e69669a6d805e4efea668fb19
FULL_UNIFIED_RUN_V1,v1_0284_store_item_20170619_itransformer_s29,stage_2,Store Item,2017-06-19,itransformer,none,29,0.8900044238907532,0.139851645280527,9.434991502004957,2520,8.0,,True,True,True,True,True,88186ce9af827f7b17b3882f6b279fb960033ef47a91eb4f9fd2242da7fbe634,28beca4732b3f14a100f847605d2098885a415ba97668113a3ccce044ffb107d,99f53feff701ca0e8ddb39eaf4c2384b14067b4e69669a6d805e4efea668fb19
FULL_UNIFIED_RUN_V1,v1_0285_store_item_20170619_itransformer_s47,stage_2,Store Item,2017-06-19,itransformer,none,47,0.7028623480095648,0.10611864327968763,7.159218581517537,2520,20.0,,True,True,True,True,True,70325d7c63c906f339c7eecb7659660b116b961b03a96f498143186dad1b1513,28beca4732b3f14a100f847605d2098885a415ba97668113a3ccce044ffb107d,99f53feff701ca0e8ddb39eaf4c2384b14067b4e69669a6d805e4efea668fb19
FULL_UNIFIED_RUN_V1,v1_0286_store_item_20170717_itransformer_s13,stage_2,Store Item,2017-07-17,itransformer,none,13,1.6419253905180884,0.2917812904792097,19.118853600819907,2520,3.0,,True,True,True,True,True,dccb4ea9835fd45a9a780e0a6035c3622d64b5010cbd797152e72524d980459f,cb704e15bf73a80e87151fc7a786498308b0888b5b69c93a6c61d1fdd789036d,99f53feff701ca0e8ddb39eaf4c2384b14067b4e69669a6d805e4efea668fb19
FULL_UNIFIED_RUN_V1,v1_0287_store_item_20170717_itransformer_s29,stage_2,Store Item,2017-07-17,itransformer,none,29,0.7627413363643457,0.12173058292106725,7.976348277122256,2520,30.0,,True,True,True,True,True,34cfe2175037059d2aec041758aabf571f4c3c82c7219b68b3e2fbafd3a5aa12,cb704e15bf73a80e87151fc7a786498308b0888b5b69c93a6c61d1fdd789036d,99f53feff701ca0e8ddb39eaf4c2384b14067b4e69669a6d805e4efea668fb19
FULL_UNIFIED_RUN_V1,v1_0288_store_item_20170717_itransformer_s47,stage_2,Store Item,2017-07-17,itransformer,none,47,0.6895665591760802,0.10750599610287107,7.044287854527671,2520,13.0,,True,True,True,True,True,cb159e45a983eb6b103d6c29c6bb05751413fd38be401d643375c0fbba2ee28c,cb704e15bf73a80e87151fc7a786498308b0888b5b69c93a6c61d1fdd789036d,99f53feff701ca0e8ddb39eaf4c2384b14067b4e69669a6d805e4efea668fb19
FULL_UNIFIED_RUN_V1,v1_0289_m5_20151207_timemixerpp_s13,stage_2,M5,2015-12-07,timemixerpp,none,13,0.5681431327080685,1.1576960961265728,2.1026885229325485,2520,26.0,,True,True,True,True,True,de7188d12fab24142c05795a58a77a30d891d5ac3c914aa019a23a6406d46ab3,24f14f88e9945d2a7fb67744b119a74daf41bf279d2a3b941fb03feff77657e4,0fdc80620cf8962630e75c1fa2432803a694bdd75347ebc77b3093fc02c15c5f
FULL_UNIFIED_RUN_V1,v1_0290_m5_20151207_timemixerpp_s29,stage_2,M5,2015-12-07,timemixerpp,none,29,0.5787202775411826,1.0057293897154302,1.8266759748141916,2520,21.0,,True,True,True,True,True,a566bfe4d35d609948a36612884b39dc24221c61412c171f2a16ab3abf6fe5ee,24f14f88e9945d2a7fb67744b119a74daf41bf279d2a3b941fb03feff77657e4,0fdc80620cf8962630e75c1fa2432803a694bdd75347ebc77b3093fc02c15c5f
FULL_UNIFIED_RUN_V1,v1_0291_m5_20151207_timemixerpp_s47,stage_2,M5,2015-12-07,timemixerpp,none,47,0.5435030824275919,0.8892814715618738,1.615175131164373,2520,25.0,,True,True,True,True,True,6af919ce707f019875a3d05331b1709fee7e259f132034ccce31f50fb3c4b564,24f14f88e9945d2a7fb67744b119a74daf41bf279d2a3b941fb03feff77657e4,0fdc80620cf8962630e75c1fa2432803a694bdd75347ebc77b3093fc02c15c5f
FULL_UNIFIED_RUN_V1,v1_0292_m5_20160104_timemixerpp_s13,stage_2,M5,2016-01-04,timemixerpp,none,13,0.5770881104618296,0.8086286573030623,3.5701597313086193,2520,26.0,,True,True,True,True,True,a3690e2eb901dc95819dfd1ffcff81e7cf722eb004946c5ab5e18116cd60b8cc,f363d22b50ee5ecf935d764748129bbf4e83b2417ab50854a465cae0c12fccbf,0fdc80620cf8962630e75c1fa2432803a694bdd75347ebc77b3093fc02c15c5f
FULL_UNIFIED_RUN_V1,v1_0293_m5_20160104_timemixerpp_s29,stage_2,M5,2016-01-04,timemixerpp,none,29,0.5511209131875321,0.66392970807521,2.931302380619482,2520,38.0,,True,True,True,True,True,b2b7a043a3ab05d3b509fe6e2771d1c80d063d16022c12553ddd65a0cc08b8d1,f363d22b50ee5ecf935d764748129bbf4e83b2417ab50854a465cae0c12fccbf,0fdc80620cf8962630e75c1fa2432803a694bdd75347ebc77b3093fc02c15c5f
FULL_UNIFIED_RUN_V1,v1_0294_m5_20160104_timemixerpp_s47,stage_2,M5,2016-01-04,timemixerpp,none,47,0.5630419623527215,0.7574695423403826,3.344288176448927,2520,33.0,,True,True,True,True,True,df2e30916f8ab45dc5b519565f0687efb0e8395ebffb45c89bd3ee3e1ce0cc45,f363d22b50ee5ecf935d764748129bbf4e83b2417ab50854a465cae0c12fccbf,0fdc80620cf8962630e75c1fa2432803a694bdd75347ebc77b3093fc02c15c5f
FULL_UNIFIED_RUN_V1,v1_0295_m5_20160201_timemixerpp_s13,stage_2,M5,2016-02-01,timemixerpp,none,13,0.765530953681282,0.695438090299163,3.8044879440395607,2520,18.0,,True,True,True,True,True,c939240bb8973bdfa2e3dbf6e9d327217d19cfb45cac47d78b1e69267b4f5900,84ec5e1a462241b724bdb52169726ffe86647b20efbad04d01b949a8b9fc2a01,0fdc80620cf8962630e75c1fa2432803a694bdd75347ebc77b3093fc02c15c5f
FULL_UNIFIED_RUN_V1,v1_0296_m5_20160201_timemixerpp_s29,stage_2,M5,2016-02-01,timemixerpp,none,29,0.7458288631828554,0.6230353498793485,3.4083989795652174,2520,21.0,,True,True,True,True,True,e01f6a588e92d99e2f35f496834e2f73c3c94b922e29aa96aa1fab585d0803ad,84ec5e1a462241b724bdb52169726ffe86647b20efbad04d01b949a8b9fc2a01,0fdc80620cf8962630e75c1fa2432803a694bdd75347ebc77b3093fc02c15c5f
FULL_UNIFIED_RUN_V1,v1_0297_m5_20160201_timemixerpp_s47,stage_2,M5,2016-02-01,timemixerpp,none,47,0.7884621314668716,0.7462764766085414,4.0826061985706765,2520,28.0,,True,True,True,True,True,9d3153708f7b435c1053b09f73cef23be887b4add866c78cb666ed22550b495a,84ec5e1a462241b724bdb52169726ffe86647b20efbad04d01b949a8b9fc2a01,0fdc80620cf8962630e75c1fa2432803a694bdd75347ebc77b3093fc02c15c5f
FULL_UNIFIED_RUN_V1,v1_0298_favorita_20170301_timemixerpp_s13,stage_2,Favorita,2017-03-01,timemixerpp,none,13,0.7005788837042812,0.4096927688800757,9.292872572503985,2520,37.0,,True,True,True,True,True,cb4544e2c4c1343e4f028fe852fb9235377b68de26558f3f00c61d23517e55cf,cd0beeec37632daa955a38f9eba4e42ab5553d9daac470a0028c402132af43b1,99f53feff701ca0e8ddb39eaf4c2384b14067b4e69669a6d805e4efea668fb19
FULL_UNIFIED_RUN_V1,v1_0299_favorita_20170301_timemixerpp_s29,stage_2,Favorita,2017-03-01,timemixerpp,none,29,0.6919957040531036,0.4555370504105984,10.332737317019038,2520,25.0,,True,True,True,True,True,b7acb3514a4ed8cafb091725caeb56e9114a0f80a3aeca587f130f7c58efcf23,cd0beeec37632daa955a38f9eba4e42ab5553d9daac470a0028c402132af43b1,99f53feff701ca0e8ddb39eaf4c2384b14067b4e69669a6d805e4efea668fb19
FULL_UNIFIED_RUN_V1,v1_0300_favorita_20170301_timemixerpp_s47,stage_2,Favorita,2017-03-01,timemixerpp,none,47,0.6635373949455129,0.4095135288840554,9.288806954144485,2520,31.0,,True,True,True,True,True,8c750569e2d99d0d4b1a8dcabfb91bfa0c2868e4d147853ee3da5b4fbefd7623,cd0beeec37632daa955a38f9eba4e42ab5553d9daac470a0028c402132af43b1,99f53feff701ca0e8ddb39eaf4c2384b14067b4e69669a6d805e4efea668fb19
FULL_UNIFIED_RUN_V1,v1_0301_favorita_20170329_timemixerpp_s13,stage_2,Favorita,2017-03-29,timemixerpp,none,13,0.8342341699998117,0.4183139886936673,9.32840215715151,2520,8.0,,True,True,True,True,True,6c4b5c5357a9fde6b8dde2903b3899b324012822b2dc435462f3390f497d1b41,345dabcf47b0f7e1fb1895e4c61f5d5ebffaa56e09a9f5b2d7896f439c70937b,99f53feff701ca0e8ddb39eaf4c2384b14067b4e69669a6d805e4efea668fb19
FULL_UNIFIED_RUN_V1,v1_0302_favorita_20170329_timemixerpp_s29,stage_2,Favorita,2017-03-29,timemixerpp,none,29,0.8765695609140575,0.4264320376878446,9.509434653783128,2520,7.0,,True,True,True,True,True,c5415775106db2435b9f6891328a941a1258a24b4d389998ccd5abdca57fa560,345dabcf47b0f7e1fb1895e4c61f5d5ebffaa56e09a9f5b2d7896f439c70937b,99f53feff701ca0e8ddb39eaf4c2384b14067b4e69669a6d805e4efea668fb19
FULL_UNIFIED_RUN_V1,v1_0303_favorita_20170329_timemixerpp_s47,stage_2,Favorita,2017-03-29,timemixerpp,none,47,0.849570333535752,0.3938973210757673,8.783910457056667,2520,10.0,,True,True,True,True,True,0c15a747cc967f0ae67dddb58711238d061389fbff5cc8e1c1a5d5da3dc097ee,345dabcf47b0f7e1fb1895e4c61f5d5ebffaa56e09a9f5b2d7896f439c70937b,99f53feff701ca0e8ddb39eaf4c2384b14067b4e69669a6d805e4efea668fb19
FULL_UNIFIED_RUN_V1,v1_0304_favorita_20170426_timemixerpp_s13,stage_2,Favorita,2017-04-26,timemixerpp,none,13,0.6959555502597474,0.38150766737967334,8.084177959438355,2520,18.0,,True,True,True,True,True,fc35f60d513d0ed0a013f85607b6b2baccad87f2c5457baec7c4bc3e5f8e3d2e,c488ebe713d35972ff5a908aa6c2090b4ea444972f31abbf215c0d17998dda91,99f53feff701ca0e8ddb39eaf4c2384b14067b4e69669a6d805e4efea668fb19
FULL_UNIFIED_RUN_V1,v1_0305_favorita_20170426_timemixerpp_s29,stage_2,Favorita,2017-04-26,timemixerpp,none,29,0.7071884057278364,0.376765572653975,7.983692593242796,2520,30.0,,True,True,True,True,True,cf573aac6e8147e0d6f5a056d557d99239eab08c033ac800c62d44a80f6dde72,c488ebe713d35972ff5a908aa6c2090b4ea444972f31abbf215c0d17998dda91,99f53feff701ca0e8ddb39eaf4c2384b14067b4e69669a6d805e4efea668fb19
FULL_UNIFIED_RUN_V1,v1_0306_favorita_20170426_timemixerpp_s47,stage_2,Favorita,2017-04-26,timemixerpp,none,47,0.6918197231631418,0.37003660398394544,7.841105209388548,2520,28.0,,True,True,True,True,True,99c253cd6072637aec0d286f46aed555513dfaf7747a350d93b341952c181cae,c488ebe713d35972ff5a908aa6c2090b4ea444972f31abbf215c0d17998dda91,99f53feff701ca0e8ddb39eaf4c2384b14067b4e69669a6d805e4efea668fb19
FULL_UNIFIED_RUN_V1,v1_0307_store_item_20170522_timemixerpp_s13,stage_2,Store Item,2017-05-22,timemixerpp,none,13,0.658171868154438,0.10360643338017012,6.586203472954886,2520,44.0,,True,True,True,True,True,392e05192ba325d756629448e2428aa51ef4a3390a2ad4e2d58b94cffcb1eabf,96f573b570f1b2d301538d41f90dacef49f3190e6f15d4c0105641fefebfcd31,99f53feff701ca0e8ddb39eaf4c2384b14067b4e69669a6d805e4efea668fb19
FULL_UNIFIED_RUN_V1,v1_0308_store_item_20170522_timemixerpp_s29,stage_2,Store Item,2017-05-22,timemixerpp,none,29,0.65410420589213,0.10247844138154316,6.5144976475882155,2520,46.0,,True,True,True,True,True,f3c31faa863a2ebe0236460bced08b342e56f2b8d22997594630eca7cd70588d,96f573b570f1b2d301538d41f90dacef49f3190e6f15d4c0105641fefebfcd31,99f53feff701ca0e8ddb39eaf4c2384b14067b4e69669a6d805e4efea668fb19
FULL_UNIFIED_RUN_V1,v1_0309_store_item_20170522_timemixerpp_s47,stage_2,Store Item,2017-05-22,timemixerpp,none,47,0.6659977024578383,0.10432912456750143,6.632144550671653,2520,41.0,,True,True,True,True,True,acbe4064894ab5a61d62c126256bebfe81e3d81107f1aad1f049bb44363c4c25,96f573b570f1b2d301538d41f90dacef49f3190e6f15d4c0105641fefebfcd31,99f53feff701ca0e8ddb39eaf4c2384b14067b4e69669a6d805e4efea668fb19
FULL_UNIFIED_RUN_V1,v1_0310_store_item_20170619_timemixerpp_s13,stage_2,Store Item,2017-06-19,timemixerpp,none,13,0.7180413639965831,0.10892288272453031,7.348404595586989,2520,22.0,,True,True,True,True,True,4460a978673f064412a9ad437409b6bd93bbe6aebabc9f5421128709947f9f86,28beca4732b3f14a100f847605d2098885a415ba97668113a3ccce044ffb107d,99f53feff701ca0e8ddb39eaf4c2384b14067b4e69669a6d805e4efea668fb19
FULL_UNIFIED_RUN_V1,v1_0311_store_item_20170619_timemixerpp_s29,stage_2,Store Item,2017-06-19,timemixerpp,none,29,0.7342913017049231,0.11178184696374256,7.54128257887704,2520,27.0,,True,True,True,True,True,e3fe51bf320bd822337a181bfbd054982a3be5401a06b2f76927fa06d0144561,28beca4732b3f14a100f847605d2098885a415ba97668113a3ccce044ffb107d,99f53feff701ca0e8ddb39eaf4c2384b14067b4e69669a6d805e4efea668fb19
FULL_UNIFIED_RUN_V1,v1_0312_store_item_20170619_timemixerpp_s47,stage_2,Store Item,2017-06-19,timemixerpp,none,47,0.7453989226546389,0.11303395083243596,7.625754873336308,2520,46.0,,True,True,True,True,True,13b478be85204738a10e7d40a7471badabbab878c2e41cb83641a9e2b597bb0a,28beca4732b3f14a100f847605d2098885a415ba97668113a3ccce044ffb107d,99f53feff701ca0e8ddb39eaf4c2384b14067b4e69669a6d805e4efea668fb19
FULL_UNIFIED_RUN_V1,v1_0313_store_item_20170717_timemixerpp_s13,stage_2,Store Item,2017-07-17,timemixerpp,none,13,0.7060446023856043,0.11128230997716432,7.291729326853677,2520,48.0,,True,True,True,True,True,02986b10650f71736b971b6b8804715e5ba760702eed38f2a2f67c8f1e739748,cb704e15bf73a80e87151fc7a786498308b0888b5b69c93a6c61d1fdd789036d,99f53feff701ca0e8ddb39eaf4c2384b14067b4e69669a6d805e4efea668fb19
FULL_UNIFIED_RUN_V1,v1_0314_store_item_20170717_timemixerpp_s29,stage_2,Store Item,2017-07-17,timemixerpp,none,29,0.8394657573372929,0.13284035498618066,8.704311695553008,2520,24.0,,True,True,True,True,True,48259324c771343f2b3d76626b8241006b6680a4f3cc782ab2758436d25e1d1c,cb704e15bf73a80e87151fc7a786498308b0888b5b69c93a6c61d1fdd789036d,99f53feff701ca0e8ddb39eaf4c2384b14067b4e69669a6d805e4efea668fb19
FULL_UNIFIED_RUN_V1,v1_0315_store_item_20170717_timemixerpp_s47,stage_2,Store Item,2017-07-17,timemixerpp,none,47,0.7651767011331562,0.12185627937351216,7.984584487430633,2520,26.0,,True,True,True,True,True,de7cdf216f2b608b5876f56c22b5a681f411111c7d602c457058f982a2f1163a,cb704e15bf73a80e87151fc7a786498308b0888b5b69c93a6c61d1fdd789036d,99f53feff701ca0e8ddb39eaf4c2384b14067b4e69669a6d805e4efea668fb19
FULL_UNIFIED_RUN_V1,v1_0316_m5_20151207_mixlinear_s13,stage_2,M5,2015-12-07,mixlinear,none,13,0.6029405559268657,1.182491400587547,2.147723487019539,2520,13.0,,True,True,True,True,True,37d66afc7294887357188de075a1e3bf196be4cfea1f5241ece05a78f0ee26dc,24f14f88e9945d2a7fb67744b119a74daf41bf279d2a3b941fb03feff77657e4,0fdc80620cf8962630e75c1fa2432803a694bdd75347ebc77b3093fc02c15c5f
FULL_UNIFIED_RUN_V1,v1_0317_m5_20151207_mixlinear_s29,stage_2,M5,2015-12-07,mixlinear,none,29,0.5982256302229615,1.1705319441634128,2.1260018868105752,2520,18.0,,True,True,True,True,True,46c20a4f754ca7d208a0064fc0bb4e4fab059ae5aa069c3418cb11c1e1711f9b,24f14f88e9945d2a7fb67744b119a74daf41bf279d2a3b941fb03feff77657e4,0fdc80620cf8962630e75c1fa2432803a694bdd75347ebc77b3093fc02c15c5f
FULL_UNIFIED_RUN_V1,v1_0318_m5_20151207_mixlinear_s47,stage_2,M5,2015-12-07,mixlinear,none,47,0.6231772970229779,1.5065636489317065,2.736326143169214,2520,2.0,,True,True,True,True,True,21c4360d8be4fc36154c2cf1c430bf44179488a0273d239c317fff462b95545c,24f14f88e9945d2a7fb67744b119a74daf41bf279d2a3b941fb03feff77657e4,0fdc80620cf8962630e75c1fa2432803a694bdd75347ebc77b3093fc02c15c5f
FULL_UNIFIED_RUN_V1,v1_0319_m5_20160104_mixlinear_s13,stage_2,M5,2016-01-04,mixlinear,none,13,0.6352603115679732,0.839785487031477,3.7077196085736865,2520,27.0,,True,True,True,True,True,d4f77cb970b322bc6439737f85659a2319505eca622d344b3c28e67b5caac555,f363d22b50ee5ecf935d764748129bbf4e83b2417ab50854a465cae0c12fccbf,0fdc80620cf8962630e75c1fa2432803a694bdd75347ebc77b3093fc02c15c5f
FULL_UNIFIED_RUN_V1,v1_0320_m5_20160104_mixlinear_s29,stage_2,M5,2016-01-04,mixlinear,none,29,0.6360236910373908,0.8488294684246487,3.747649504563638,2520,26.0,,True,True,True,True,True,f0e5e99857e70088269112f5bb483efde099623af9459635523b06286d5ed3db,f363d22b50ee5ecf935d764748129bbf4e83b2417ab50854a465cae0c12fccbf,0fdc80620cf8962630e75c1fa2432803a694bdd75347ebc77b3093fc02c15c5f
FULL_UNIFIED_RUN_V1,v1_0321_m5_20160104_mixlinear_s47,stage_2,M5,2016-01-04,mixlinear,none,47,0.6351377348634385,0.8380986949901873,3.7002722877713423,2520,17.0,,True,True,True,True,True,f35f7dce966367786422e258a346d89c6c75afbbae60c294c8b8e2e7010c0bb3,f363d22b50ee5ecf935d764748129bbf4e83b2417ab50854a465cae0c12fccbf,0fdc80620cf8962630e75c1fa2432803a694bdd75347ebc77b3093fc02c15c5f
FULL_UNIFIED_RUN_V1,v1_0322_m5_20160201_mixlinear_s13,stage_2,M5,2016-02-01,mixlinear,none,13,0.7622189039371183,0.6788677828579569,3.7138378405026975,2520,10.0,,True,True,True,True,True,2bfd22394c3191c1e84c5f3126b8a1998ce389503130dbaa183ce993e77be3fa,84ec5e1a462241b724bdb52169726ffe86647b20efbad04d01b949a8b9fc2a01,0fdc80620cf8962630e75c1fa2432803a694bdd75347ebc77b3093fc02c15c5f
FULL_UNIFIED_RUN_V1,v1_0323_m5_20160201_mixlinear_s29,stage_2,M5,2016-02-01,mixlinear,none,29,0.7704388511790808,0.6875487651725127,3.76132832602376,2520,11.0,,True,True,True,True,True,163e8d27ed41ee57380b6c43b6152b3152061def7ee7a8e06be90382ed9e87e5,84ec5e1a462241b724bdb52169726ffe86647b20efbad04d01b949a8b9fc2a01,0fdc80620cf8962630e75c1fa2432803a694bdd75347ebc77b3093fc02c15c5f
FULL_UNIFIED_RUN_V1,v1_0324_m5_20160201_mixlinear_s47,stage_2,M5,2016-02-01,mixlinear,none,47,0.796910467943757,0.8104644768866841,4.433755318264639,2520,3.0,,True,True,True,True,True,650fe4b8fc5448739db4ff394c9ba36d3ac99640123eaf8e2bc93006298ab57f,84ec5e1a462241b724bdb52169726ffe86647b20efbad04d01b949a8b9fc2a01,0fdc80620cf8962630e75c1fa2432803a694bdd75347ebc77b3093fc02c15c5f
FULL_UNIFIED_RUN_V1,v1_0325_favorita_20170301_mixlinear_s13,stage_2,Favorita,2017-03-01,mixlinear,none,13,0.6739965441280672,0.44874553346125984,10.178688462906413,2520,28.0,,True,True,True,True,True,1233d0d996cdd8c72043593dda016b995b84a89407e01a774f5c32cc823022f2,cd0beeec37632daa955a38f9eba4e42ab5553d9daac470a0028c402132af43b1,99f53feff701ca0e8ddb39eaf4c2384b14067b4e69669a6d805e4efea668fb19
FULL_UNIFIED_RUN_V1,v1_0326_favorita_20170301_mixlinear_s29,stage_2,Favorita,2017-03-01,mixlinear,none,29,0.6662739006583106,0.44158866978879224,10.016352617172968,2520,6.0,,True,True,True,True,True,5169be018ad8284331ddccc7d3024ac9b8d88afff663e8e4c7ddc528caba297e,cd0beeec37632daa955a38f9eba4e42ab5553d9daac470a0028c402132af43b1,99f53feff701ca0e8ddb39eaf4c2384b14067b4e69669a6d805e4efea668fb19
FULL_UNIFIED_RUN_V1,v1_0327_favorita_20170301_mixlinear_s47,stage_2,Favorita,2017-03-01,mixlinear,none,47,0.6625712994649681,0.43319950603048096,9.826065075586712,2520,9.0,,True,True,True,True,True,6dab97a907c5f64a8437063f89169253fdc21a1fb038eca52f92b55e34a97f0a,cd0beeec37632daa955a38f9eba4e42ab5553d9daac470a0028c402132af43b1,99f53feff701ca0e8ddb39eaf4c2384b14067b4e69669a6d805e4efea668fb19
FULL_UNIFIED_RUN_V1,v1_0328_favorita_20170329_mixlinear_s13,stage_2,Favorita,2017-03-29,mixlinear,none,13,0.8664791546828455,0.4184419947205389,9.331256691614787,2520,7.0,,True,True,True,True,True,3d43ab953b0a8cd0cb8e2796f920590bb86cc6d68f00e5a6d79cbb007e2d5091,345dabcf47b0f7e1fb1895e4c61f5d5ebffaa56e09a9f5b2d7896f439c70937b,99f53feff701ca0e8ddb39eaf4c2384b14067b4e69669a6d805e4efea668fb19
FULL_UNIFIED_RUN_V1,v1_0329_favorita_20170329_mixlinear_s29,stage_2,Favorita,2017-03-29,mixlinear,none,29,0.8601221298685137,0.41678872131760497,9.294388693902228,2520,5.0,,True,True,True,True,True,dbb4538a5ee673acd77c11e455636210bac5397716cb75470e08bc0c8c6846e7,345dabcf47b0f7e1fb1895e4c61f5d5ebffaa56e09a9f5b2d7896f439c70937b,99f53feff701ca0e8ddb39eaf4c2384b14067b4e69669a6d805e4efea668fb19
FULL_UNIFIED_RUN_V1,v1_0330_favorita_20170329_mixlinear_s47,stage_2,Favorita,2017-03-29,mixlinear,none,47,0.8736834524144862,0.42720177085943634,9.526599703894721,2520,6.0,,True,True,True,True,True,4be7eefa93d398587297f8b016475424f6eef9dea67a8dd6d67dfa7601c92c26,345dabcf47b0f7e1fb1895e4c61f5d5ebffaa56e09a9f5b2d7896f439c70937b,99f53feff701ca0e8ddb39eaf4c2384b14067b4e69669a6d805e4efea668fb19
FULL_UNIFIED_RUN_V1,v1_0331_favorita_20170426_mixlinear_s13,stage_2,Favorita,2017-04-26,mixlinear,none,13,0.6846930725038071,0.38134283828887705,8.08068521783229,2520,10.0,,True,True,True,True,True,f98a946a154421808b52ed5c32463327c0efc4b110c9b5396cf11ea2a42820e2,c488ebe713d35972ff5a908aa6c2090b4ea444972f31abbf215c0d17998dda91,99f53feff701ca0e8ddb39eaf4c2384b14067b4e69669a6d805e4efea668fb19
FULL_UNIFIED_RUN_V1,v1_0332_favorita_20170426_mixlinear_s29,stage_2,Favorita,2017-04-26,mixlinear,none,29,0.6856902463775115,0.38024807402297145,8.057487075551162,2520,14.0,,True,True,True,True,True,6f72c91dcdd18bbf591635d3927b0e48bdc6bf9f36c376a156415f4f852ce937,c488ebe713d35972ff5a908aa6c2090b4ea444972f31abbf215c0d17998dda91,99f53feff701ca0e8ddb39eaf4c2384b14067b4e69669a6d805e4efea668fb19
FULL_UNIFIED_RUN_V1,v1_0333_favorita_20170426_mixlinear_s47,stage_2,Favorita,2017-04-26,mixlinear,none,47,0.6845585234284078,0.37851152694594403,8.020689504215168,2520,26.0,,True,True,True,True,True,aa134cf9826cb9483d9c23df61492eca8112a57e7f91e576f5598310ff158563,c488ebe713d35972ff5a908aa6c2090b4ea444972f31abbf215c0d17998dda91,99f53feff701ca0e8ddb39eaf4c2384b14067b4e69669a6d805e4efea668fb19
FULL_UNIFIED_RUN_V1,v1_0334_store_item_20170522_mixlinear_s13,stage_2,Store Item,2017-05-22,mixlinear,none,13,0.6947926688031074,0.11117794852749034,7.067520489011492,2520,15.0,,True,True,True,True,True,ec6fccfec6e7a744543dc12960937ba9e7164f9caa17a94e2ccc45b34abadbd9,96f573b570f1b2d301538d41f90dacef49f3190e6f15d4c0105641fefebfcd31,99f53feff701ca0e8ddb39eaf4c2384b14067b4e69669a6d805e4efea668fb19
FULL_UNIFIED_RUN_V1,v1_0335_store_item_20170522_mixlinear_s29,stage_2,Store Item,2017-05-22,mixlinear,none,29,0.6810195015468773,0.10836635649219623,6.8887891436380055,2520,9.0,,True,True,True,True,True,6c0b50e0a2bb83850ba8962881a9987312bca4b13c3b42722a446bbacf353356,96f573b570f1b2d301538d41f90dacef49f3190e6f15d4c0105641fefebfcd31,99f53feff701ca0e8ddb39eaf4c2384b14067b4e69669a6d805e4efea668fb19
FULL_UNIFIED_RUN_V1,v1_0336_store_item_20170522_mixlinear_s47,stage_2,Store Item,2017-05-22,mixlinear,none,47,0.689004923692613,0.11006924964674937,6.997041116441999,2520,10.0,,True,True,True,True,True,2b05b3a1d9b927e71095878d3e5834cba8eb55c9dc5136c1fdfa39332c964e5f,96f573b570f1b2d301538d41f90dacef49f3190e6f15d4c0105641fefebfcd31,99f53feff701ca0e8ddb39eaf4c2384b14067b4e69669a6d805e4efea668fb19
FULL_UNIFIED_RUN_V1,v1_0337_store_item_20170619_mixlinear_s13,stage_2,Store Item,2017-06-19,mixlinear,none,13,0.6963885383342172,0.10492389167595065,7.078615516708011,2520,19.0,,True,True,True,True,True,0c3a402791b1836db786378a09619fe5cdc6afa849550403296626c8684202c5,28beca4732b3f14a100f847605d2098885a415ba97668113a3ccce044ffb107d,99f53feff701ca0e8ddb39eaf4c2384b14067b4e69669a6d805e4efea668fb19
FULL_UNIFIED_RUN_V1,v1_0338_store_item_20170619_mixlinear_s29,stage_2,Store Item,2017-06-19,mixlinear,none,29,0.7040101962519627,0.10567092491133948,7.129013581124563,2520,13.0,,True,True,True,True,True,d4b706d6536b67480be51b3f1b86e6c4774750fb4d353605ec7dd26ba4e9ea7d,28beca4732b3f14a100f847605d2098885a415ba97668113a3ccce044ffb107d,99f53feff701ca0e8ddb39eaf4c2384b14067b4e69669a6d805e4efea668fb19
FULL_UNIFIED_RUN_V1,v1_0339_store_item_20170619_mixlinear_s47,stage_2,Store Item,2017-06-19,mixlinear,none,47,0.7140549707066264,0.10795226021538167,7.282922240287538,2520,15.0,,True,True,True,True,True,1f969744959b88b40d23dbf7e884ac53a90bc6ee1f9d68ac14f906442e0f51f5,28beca4732b3f14a100f847605d2098885a415ba97668113a3ccce044ffb107d,99f53feff701ca0e8ddb39eaf4c2384b14067b4e69669a6d805e4efea668fb19
FULL_UNIFIED_RUN_V1,v1_0340_store_item_20170717_mixlinear_s13,stage_2,Store Item,2017-07-17,mixlinear,none,13,0.6976876581273648,0.10902149658286564,7.143590423795912,2520,18.0,,True,True,True,True,True,ed39f5cc448dd02dc74edbdb59e4f5c92dd0da68bfe979ff0fa2c95f43c574f9,cb704e15bf73a80e87151fc7a786498308b0888b5b69c93a6c61d1fdd789036d,99f53feff701ca0e8ddb39eaf4c2384b14067b4e69669a6d805e4efea668fb19
FULL_UNIFIED_RUN_V1,v1_0341_store_item_20170717_mixlinear_s29,stage_2,Store Item,2017-07-17,mixlinear,none,29,0.6999682292269555,0.1096246859613013,7.183114169135926,2520,10.0,,True,True,True,True,True,536fae5390ae351bbfa4577043c9a2e88b3835aeae9803541d1c96346a499348,cb704e15bf73a80e87151fc7a786498308b0888b5b69c93a6c61d1fdd789036d,99f53feff701ca0e8ddb39eaf4c2384b14067b4e69669a6d805e4efea668fb19
FULL_UNIFIED_RUN_V1,v1_0342_store_item_20170717_mixlinear_s47,stage_2,Store Item,2017-07-17,mixlinear,none,47,0.7044249267584942,0.1102746116065068,7.2257002898624965,2520,15.0,,True,True,True,True,True,2d064c3fc46d5e67de68430587d7dc597b350a6f396615d8d003c8df6d075720,cb704e15bf73a80e87151fc7a786498308b0888b5b69c93a6c61d1fdd789036d,99f53feff701ca0e8ddb39eaf4c2384b14067b4e69669a6d805e4efea668fb19
FULL_UNIFIED_RUN_V1,v1_0343_m5_20151207_gts_native_s13,stage_1,M5,2015-12-07,gts_native,native,13,0.5713554889332846,0.9948908317589151,1.8069902287046946,2520,35.0,,True,True,True,True,True,1815825207ee00605c0b36300e6bf5bc8657b1d527a1ce006046f9ad03846890,24f14f88e9945d2a7fb67744b119a74daf41bf279d2a3b941fb03feff77657e4,0fdc80620cf8962630e75c1fa2432803a694bdd75347ebc77b3093fc02c15c5f
FULL_UNIFIED_RUN_V1,v1_0344_m5_20151207_gts_native_s29,stage_1,M5,2015-12-07,gts_native,native,29,0.608763689120001,1.299475424682184,2.3601980437302874,2520,5.0,,True,True,True,True,True,1386818973b70c3cf3a6bdd3bc6c4ffe6319949aefaa4409cbb2f68723a526c6,24f14f88e9945d2a7fb67744b119a74daf41bf279d2a3b941fb03feff77657e4,0fdc80620cf8962630e75c1fa2432803a694bdd75347ebc77b3093fc02c15c5f
FULL_UNIFIED_RUN_V1,v1_0345_m5_20151207_gts_native_s47,stage_1,M5,2015-12-07,gts_native,native,47,0.6154893363813994,0.9782085428789753,1.7766906902667077,2520,29.0,,True,True,True,True,True,9f64b8d7b4bddbcc725d726e23e5ea7d46f0f702a14be3b639288c6f655c8f62,24f14f88e9945d2a7fb67744b119a74daf41bf279d2a3b941fb03feff77657e4,0fdc80620cf8962630e75c1fa2432803a694bdd75347ebc77b3093fc02c15c5f
FULL_UNIFIED_RUN_V1,v1_0346_m5_20160104_gts_native_s13,stage_1,M5,2016-01-04,gts_native,native,13,0.7267753788552146,0.9942401032008563,4.389649003460294,2520,1.0,,True,True,True,True,True,baf432afc687edac3944488e58c76626f39ec6aff2b719412a66f9e4971432aa,f363d22b50ee5ecf935d764748129bbf4e83b2417ab50854a465cae0c12fccbf,0fdc80620cf8962630e75c1fa2432803a694bdd75347ebc77b3093fc02c15c5f
FULL_UNIFIED_RUN_V1,v1_0347_m5_20160104_gts_native_s29,stage_1,M5,2016-01-04,gts_native,native,29,0.6221232229139247,0.8813997841034952,3.8914500345379883,2520,26.0,,True,True,True,True,True,68c72b03617d18ef3a866401ae3c702e6962b7ff257d7c366230a12afcd3d4cb,f363d22b50ee5ecf935d764748129bbf4e83b2417ab50854a465cae0c12fccbf,0fdc80620cf8962630e75c1fa2432803a694bdd75347ebc77b3093fc02c15c5f
FULL_UNIFIED_RUN_V1,v1_0348_m5_20160104_gts_native_s47,stage_1,M5,2016-01-04,gts_native,native,47,0.6957725745111424,0.9719742429214208,4.291343462301625,2520,2.0,,True,True,True,True,True,52efa1355dfb4fad873a84add88f9a52b25e84e45b9b472f2426d98886e90dd7,f363d22b50ee5ecf935d764748129bbf4e83b2417ab50854a465cae0c12fccbf,0fdc80620cf8962630e75c1fa2432803a694bdd75347ebc77b3093fc02c15c5f
FULL_UNIFIED_RUN_V1,v1_0349_m5_20160201_gts_native_s13,stage_1,M5,2016-02-01,gts_native,native,13,0.7579021881201282,0.7503487718623588,4.104884239439927,2520,6.0,,True,True,True,True,True,81025fe2663fd6ec3a81f1418fbd3e231e6e6ea7bf264882993679bbc247f501,84ec5e1a462241b724bdb52169726ffe86647b20efbad04d01b949a8b9fc2a01,0fdc80620cf8962630e75c1fa2432803a694bdd75347ebc77b3093fc02c15c5f
FULL_UNIFIED_RUN_V1,v1_0350_m5_20160201_gts_native_s29,stage_1,M5,2016-02-01,gts_native,native,29,0.7916464848455721,0.7461406205438244,4.081862979630629,2520,4.0,,True,True,True,True,True,294f034191168ee61316d1a4aa7281f641a576b549fcad8d1dfe95b7ab3a2726,84ec5e1a462241b724bdb52169726ffe86647b20efbad04d01b949a8b9fc2a01,0fdc80620cf8962630e75c1fa2432803a694bdd75347ebc77b3093fc02c15c5f
FULL_UNIFIED_RUN_V1,v1_0351_m5_20160201_gts_native_s47,stage_1,M5,2016-02-01,gts_native,native,47,0.7664413280268535,0.748230438613112,4.0932956114647885,2520,9.0,,True,True,True,True,True,e83eb921e2a965696cc4fa602f18302a3d72e9d453f1f51d24d815decc0e01f2,84ec5e1a462241b724bdb52169726ffe86647b20efbad04d01b949a8b9fc2a01,0fdc80620cf8962630e75c1fa2432803a694bdd75347ebc77b3093fc02c15c5f
FULL_UNIFIED_RUN_V1,v1_0352_favorita_20170301_gts_native_s13,stage_1,Favorita,2017-03-01,gts_native,native,13,0.7292465946295864,0.6298449461257877,14.286483114608933,2520,50.0,,True,True,True,True,True,fa81b8144227cc15faf19e96a6acfabd77a3e98ee165162011795578733d9aa2,cd0beeec37632daa955a38f9eba4e42ab5553d9daac470a0028c402132af43b1,99f53feff701ca0e8ddb39eaf4c2384b14067b4e69669a6d805e4efea668fb19
FULL_UNIFIED_RUN_V1,v1_0353_favorita_20170301_gts_native_s29,stage_1,Favorita,2017-03-01,gts_native,native,29,0.7568039390818746,0.6995212201667633,15.866917979885224,2520,22.0,,True,True,True,True,True,18b29769667a2e1b10d5551b1caec16ba10c9123e703a275d7d0ef15d8ba0bf2,cd0beeec37632daa955a38f9eba4e42ab5553d9daac470a0028c402132af43b1,99f53feff701ca0e8ddb39eaf4c2384b14067b4e69669a6d805e4efea668fb19
FULL_UNIFIED_RUN_V1,v1_0354_favorita_20170301_gts_native_s47,stage_1,Favorita,2017-03-01,gts_native,native,47,0.8775372031415284,0.6127924635242451,13.899689497786856,2520,49.0,,True,True,True,True,True,08341df793cd7e791c632eab2a15453e1e14c1f280034fb5cfba3a33fa0c2d15,cd0beeec37632daa955a38f9eba4e42ab5553d9daac470a0028c402132af43b1,99f53feff701ca0e8ddb39eaf4c2384b14067b4e69669a6d805e4efea668fb19
FULL_UNIFIED_RUN_V1,v1_0355_favorita_20170329_gts_native_s13,stage_1,Favorita,2017-03-29,gts_native,native,13,0.8710822105316496,0.5041046695398085,11.241534382941586,2520,45.0,,True,True,True,True,True,af6f5410cfd4067ef559b7ad6339b7aa3cc7ffd8c9fea5882061ce44f9a47e5e,345dabcf47b0f7e1fb1895e4c61f5d5ebffaa56e09a9f5b2d7896f439c70937b,99f53feff701ca0e8ddb39eaf4c2384b14067b4e69669a6d805e4efea668fb19
FULL_UNIFIED_RUN_V1,v1_0356_favorita_20170329_gts_native_s29,stage_1,Favorita,2017-03-29,gts_native,native,29,0.9528778719338276,0.7289997554656797,16.256694911603653,2520,13.0,,True,True,True,True,True,1ef09702892c841179d536da55dd2aa39ab729b9b958ff2053831d86b8be30e6,345dabcf47b0f7e1fb1895e4c61f5d5ebffaa56e09a9f5b2d7896f439c70937b,99f53feff701ca0e8ddb39eaf4c2384b14067b4e69669a6d805e4efea668fb19
FULL_UNIFIED_RUN_V1,v1_0357_favorita_20170329_gts_native_s47,stage_1,Favorita,2017-03-29,gts_native,native,47,0.942037996779768,0.6884894707903227,15.353315543075876,2520,21.0,,True,True,True,True,True,c8c9e52d3a57ac3dd3551b6e65b61ef80c83ace134a8759cb3ef6f38ce579c98,345dabcf47b0f7e1fb1895e4c61f5d5ebffaa56e09a9f5b2d7896f439c70937b,99f53feff701ca0e8ddb39eaf4c2384b14067b4e69669a6d805e4efea668fb19
FULL_UNIFIED_RUN_V1,v1_0358_favorita_20170426_gts_native_s13,stage_1,Favorita,2017-04-26,gts_native,native,13,0.7632886262859914,0.4987149251140775,10.567809117287961,2520,49.0,,True,True,True,True,True,496bd19f83f06202812e8fdaaafe8cd1171e5de8f98dd6657634363c0f0707f8,c488ebe713d35972ff5a908aa6c2090b4ea444972f31abbf215c0d17998dda91,99f53feff701ca0e8ddb39eaf4c2384b14067b4e69669a6d805e4efea668fb19
FULL_UNIFIED_RUN_V1,v1_0359_favorita_20170426_gts_native_s29,stage_1,Favorita,2017-04-26,gts_native,native,29,0.75027460033771,0.5643833128285131,11.959327500756176,2520,30.0,,True,True,True,True,True,6a1e059fea05f394582a598b7116c2b8949bce6bbf16861c4e6a8c77e58fe687,c488ebe713d35972ff5a908aa6c2090b4ea444972f31abbf215c0d17998dda91,99f53feff701ca0e8ddb39eaf4c2384b14067b4e69669a6d805e4efea668fb19
FULL_UNIFIED_RUN_V1,v1_0360_favorita_20170426_gts_native_s47,stage_1,Favorita,2017-04-26,gts_native,native,47,0.7596307175783235,0.5562351904312722,11.786668136012592,2520,35.0,,True,True,True,True,True,4d14cc9723c87013eb253957d215b4c50557b3c9acdf676150c63cf76760b2cf,c488ebe713d35972ff5a908aa6c2090b4ea444972f31abbf215c0d17998dda91,99f53feff701ca0e8ddb39eaf4c2384b14067b4e69669a6d805e4efea668fb19
FULL_UNIFIED_RUN_V1,v1_0361_store_item_20170522_gts_native_s13,stage_1,Store Item,2017-05-22,gts_native,native,13,1.4497551947768805,0.2579076286036255,16.395044822919935,2520,47.0,,True,True,True,True,True,6e1026a2b56cada731e52d07a93b4092a8318863d8a0c65072d30a663a944778,96f573b570f1b2d301538d41f90dacef49f3190e6f15d4c0105641fefebfcd31,99f53feff701ca0e8ddb39eaf4c2384b14067b4e69669a6d805e4efea668fb19
FULL_UNIFIED_RUN_V1,v1_0362_store_item_20170522_gts_native_s29,stage_1,Store Item,2017-05-22,gts_native,native,29,1.1312288145010878,0.20314202714349922,12.91362593060448,2520,50.0,,True,True,True,True,True,e9c7f3cf1cdf2a7f3f31815708f230c9713b720eca20f90e064f2b22cc85191a,96f573b570f1b2d301538d41f90dacef49f3190e6f15d4c0105641fefebfcd31,99f53feff701ca0e8ddb39eaf4c2384b14067b4e69669a6d805e4efea668fb19
FULL_UNIFIED_RUN_V1,v1_0363_store_item_20170522_gts_native_s47,stage_1,Store Item,2017-05-22,gts_native,native,47,1.0803541292283123,0.19430656331435614,12.351960398280431,2520,50.0,,True,True,True,True,True,981b9769aab10d7441f42a8b946e54ce6fcce9d80e973844a785e96712dceff3,96f573b570f1b2d301538d41f90dacef49f3190e6f15d4c0105641fefebfcd31,99f53feff701ca0e8ddb39eaf4c2384b14067b4e69669a6d805e4efea668fb19
FULL_UNIFIED_RUN_V1,v1_0364_store_item_20170619_gts_native_s13,stage_1,Store Item,2017-06-19,gts_native,native,13,1.3365765256458877,0.23583105427976558,15.910173874431186,2520,50.0,,True,True,True,True,True,d22be301971d3912121c6681445e1cad1207b0826529ddee6095a7489fec208c,28beca4732b3f14a100f847605d2098885a415ba97668113a3ccce044ffb107d,99f53feff701ca0e8ddb39eaf4c2384b14067b4e69669a6d805e4efea668fb19
FULL_UNIFIED_RUN_V1,v1_0365_store_item_20170619_gts_native_s29,stage_1,Store Item,2017-06-19,gts_native,native,29,1.5171867874071965,0.28423437183120637,19.17566917018285,2520,30.0,,True,True,True,True,True,1a9967927251e0911468913c6f57bb6eedd190f3fbcaa785b38cdf9d4b33b7de,28beca4732b3f14a100f847605d2098885a415ba97668113a3ccce044ffb107d,99f53feff701ca0e8ddb39eaf4c2384b14067b4e69669a6d805e4efea668fb19
FULL_UNIFIED_RUN_V1,v1_0366_store_item_20170619_gts_native_s47,stage_1,Store Item,2017-06-19,gts_native,native,47,1.2147786839272015,0.21425577306489227,14.454612915478055,2520,50.0,,True,True,True,True,True,bb761414eb4514d397284dc4deff3fe52802894fb1f9a23fb2422d48b39cdd82,28beca4732b3f14a100f847605d2098885a415ba97668113a3ccce044ffb107d,99f53feff701ca0e8ddb39eaf4c2384b14067b4e69669a6d805e4efea668fb19
FULL_UNIFIED_RUN_V1,v1_0367_store_item_20170717_gts_native_s13,stage_1,Store Item,2017-07-17,gts_native,native,13,1.208994946146896,0.2206528156723442,14.458188434631106,2520,50.0,,True,True,True,True,True,e807199cc763fc3f14e40ed56ed3ef6561ef396fc14e079e6a6fd8babc5096e3,cb704e15bf73a80e87151fc7a786498308b0888b5b69c93a6c61d1fdd789036d,99f53feff701ca0e8ddb39eaf4c2384b14067b4e69669a6d805e4efea668fb19
FULL_UNIFIED_RUN_V1,v1_0368_store_item_20170717_gts_native_s29,stage_1,Store Item,2017-07-17,gts_native,native,29,1.5504177385006026,0.30403982817925573,19.92208943291316,2520,40.0,,True,True,True,True,True,ef11e138ea3691e8a93150fb62f6985d13ebb048cc319c41e6d7cf4150bfc0cf,cb704e15bf73a80e87151fc7a786498308b0888b5b69c93a6c61d1fdd789036d,99f53feff701ca0e8ddb39eaf4c2384b14067b4e69669a6d805e4efea668fb19
FULL_UNIFIED_RUN_V1,v1_0369_store_item_20170717_gts_native_s47,stage_1,Store Item,2017-07-17,gts_native,native,47,1.498102594810774,0.293767589475338,19.24900505656288,2520,26.0,,True,True,True,True,True,a12f4df0763a10ca0a2e886edb2df3a6ee5a288168b15f24a842ca85f1ba1c18,cb704e15bf73a80e87151fc7a786498308b0888b5b69c93a6c61d1fdd789036d,99f53feff701ca0e8ddb39eaf4c2384b14067b4e69669a6d805e4efea668fb19
FULL_UNIFIED_RUN_V1,v1_0370_m5_20151207_gts_no_graph_s13,stage_1,M5,2015-12-07,gts_no_graph,no_graph,13,0.5429647919750465,1.0041664032082707,1.823837169534379,2520,49.0,,True,True,True,True,True,b56c1e437a83d6fd98d8050a325cb0f38a6ecef4920971d7e72f0ea7b9545b91,24f14f88e9945d2a7fb67744b119a74daf41bf279d2a3b941fb03feff77657e4,0fdc80620cf8962630e75c1fa2432803a694bdd75347ebc77b3093fc02c15c5f
FULL_UNIFIED_RUN_V1,v1_0371_m5_20151207_gts_no_graph_s29,stage_1,M5,2015-12-07,gts_no_graph,no_graph,29,0.5435728004795046,0.9073052553305854,1.6479111863321223,2520,33.0,,True,True,True,True,True,c5876cbd7abfc5e6b468138936177138b90e5fc3ceb4cb7442e12787a24292cb,24f14f88e9945d2a7fb67744b119a74daf41bf279d2a3b941fb03feff77657e4,0fdc80620cf8962630e75c1fa2432803a694bdd75347ebc77b3093fc02c15c5f
FULL_UNIFIED_RUN_V1,v1_0372_m5_20151207_gts_no_graph_s47,stage_1,M5,2015-12-07,gts_no_graph,no_graph,47,0.5185030526581474,0.8186369966788094,1.486865700872422,2520,43.0,,True,True,True,True,True,81ce01cebd64327dc6fe26a9051da50d1c56a478a56ba7e4fe1e388efb4ffd75,24f14f88e9945d2a7fb67744b119a74daf41bf279d2a3b941fb03feff77657e4,0fdc80620cf8962630e75c1fa2432803a694bdd75347ebc77b3093fc02c15c5f
FULL_UNIFIED_RUN_V1,v1_0373_m5_20160104_gts_no_graph_s13,stage_1,M5,2016-01-04,gts_no_graph,no_graph,13,0.6134435248163947,0.8832455976496527,3.8995994479114575,2520,10.0,,True,True,True,True,True,2f79c5ef445ba441c9e6c351c68a3ac8d18306b7501424eb374520983b621af9,f363d22b50ee5ecf935d764748129bbf4e83b2417ab50854a465cae0c12fccbf,0fdc80620cf8962630e75c1fa2432803a694bdd75347ebc77b3093fc02c15c5f
FULL_UNIFIED_RUN_V1,v1_0374_m5_20160104_gts_no_graph_s29,stage_1,M5,2016-01-04,gts_no_graph,no_graph,29,0.6315260593674261,0.9025292456951519,3.984738285254155,2520,7.0,,True,True,True,True,True,ab069d5f4921ac531d3eee61c187d531ca34fb5a21f1cc0592a1b29dd93adae1,f363d22b50ee5ecf935d764748129bbf4e83b2417ab50854a465cae0c12fccbf,0fdc80620cf8962630e75c1fa2432803a694bdd75347ebc77b3093fc02c15c5f
FULL_UNIFIED_RUN_V1,v1_0375_m5_20160104_gts_no_graph_s47,stage_1,M5,2016-01-04,gts_no_graph,no_graph,47,0.5882134710068141,0.8256573687800777,3.645342844647784,2520,16.0,,True,True,True,True,True,e3471d3d046c4e6950dd397b0e03e6602a3d5c269ab3739785f3d7e2edf3eb3c,f363d22b50ee5ecf935d764748129bbf4e83b2417ab50854a465cae0c12fccbf,0fdc80620cf8962630e75c1fa2432803a694bdd75347ebc77b3093fc02c15c5f
FULL_UNIFIED_RUN_V1,v1_0376_m5_20160201_gts_no_graph_s13,stage_1,M5,2016-02-01,gts_no_graph,no_graph,13,0.7459033996064308,0.6015418819303399,3.290816061936378,2520,30.0,,True,True,True,True,True,f60ab98b962cac5d2c00cc1dc766a7cfeab90c395aa62c153c0764e36b22f584,84ec5e1a462241b724bdb52169726ffe86647b20efbad04d01b949a8b9fc2a01,0fdc80620cf8962630e75c1fa2432803a694bdd75347ebc77b3093fc02c15c5f
FULL_UNIFIED_RUN_V1,v1_0377_m5_20160201_gts_no_graph_s29,stage_1,M5,2016-02-01,gts_no_graph,no_graph,29,0.7248401284095315,0.5610197942694993,3.0691345116683113,2520,44.0,,True,True,True,True,True,e9c93f702440489d5aac13718424d629f9e51201ee7e36d5cc020d6b4e12b6b6,84ec5e1a462241b724bdb52169726ffe86647b20efbad04d01b949a8b9fc2a01,0fdc80620cf8962630e75c1fa2432803a694bdd75347ebc77b3093fc02c15c5f
FULL_UNIFIED_RUN_V1,v1_0378_m5_20160201_gts_no_graph_s47,stage_1,M5,2016-02-01,gts_no_graph,no_graph,47,0.759319833998166,0.6202582705525522,3.393206592254518,2520,28.0,,True,True,True,True,True,7183328b905b6805dd65e4fccb6245c4ab30c8ed0a5206c8cc405bb9d3130836,84ec5e1a462241b724bdb52169726ffe86647b20efbad04d01b949a8b9fc2a01,0fdc80620cf8962630e75c1fa2432803a694bdd75347ebc77b3093fc02c15c5f
FULL_UNIFIED_RUN_V1,v1_0379_favorita_20170301_gts_no_graph_s13,stage_1,Favorita,2017-03-01,gts_no_graph,no_graph,13,0.6890802468952639,0.5153643824789971,11.68977316313438,2520,49.0,,True,True,True,True,True,d6dd646b8eeff83170eccacbbc4fb9d3f639f04b62642160bdc9df29cb3667ca,cd0beeec37632daa955a38f9eba4e42ab5553d9daac470a0028c402132af43b1,99f53feff701ca0e8ddb39eaf4c2384b14067b4e69669a6d805e4efea668fb19
FULL_UNIFIED_RUN_V1,v1_0380_favorita_20170301_gts_no_graph_s29,stage_1,Favorita,2017-03-01,gts_no_graph,no_graph,29,0.6920838299924255,0.48579134699373316,11.01898160609047,2520,48.0,,True,True,True,True,True,1bb1f19aaac577f17fb7328fc0398fae3f918fcafc5743a9fcb466bce225f818,cd0beeec37632daa955a38f9eba4e42ab5553d9daac470a0028c402132af43b1,99f53feff701ca0e8ddb39eaf4c2384b14067b4e69669a6d805e4efea668fb19
FULL_UNIFIED_RUN_V1,v1_0381_favorita_20170301_gts_no_graph_s47,stage_1,Favorita,2017-03-01,gts_no_graph,no_graph,47,0.687017720931416,0.5048773843415516,11.451901409562145,2520,49.0,,True,True,True,True,True,4a8a6a7351c6c8c6501bfe04f04953bcfbab3b5dff945b3e41b85017bbefa703,cd0beeec37632daa955a38f9eba4e42ab5553d9daac470a0028c402132af43b1,99f53feff701ca0e8ddb39eaf4c2384b14067b4e69669a6d805e4efea668fb19
FULL_UNIFIED_RUN_V1,v1_0382_favorita_20170329_gts_no_graph_s13,stage_1,Favorita,2017-03-29,gts_no_graph,no_graph,13,0.8717141464053418,0.47175328498661756,10.520098491220011,2520,49.0,,True,True,True,True,True,f9a4f0244733273ff6dece8c16647b2a933e6f5b0e2849c459daff15cdc2569b,345dabcf47b0f7e1fb1895e4c61f5d5ebffaa56e09a9f5b2d7896f439c70937b,99f53feff701ca0e8ddb39eaf4c2384b14067b4e69669a6d805e4efea668fb19
FULL_UNIFIED_RUN_V1,v1_0383_favorita_20170329_gts_no_graph_s29,stage_1,Favorita,2017-03-29,gts_no_graph,no_graph,29,0.8819507559494181,0.47320249004799386,10.55241576481374,2520,43.0,,True,True,True,True,True,0a8aaad3436c8ffc36a7bd420308ca955c2331b21065dd59271867f479da74c4,345dabcf47b0f7e1fb1895e4c61f5d5ebffaa56e09a9f5b2d7896f439c70937b,99f53feff701ca0e8ddb39eaf4c2384b14067b4e69669a6d805e4efea668fb19
FULL_UNIFIED_RUN_V1,v1_0384_favorita_20170329_gts_no_graph_s47,stage_1,Favorita,2017-03-29,gts_no_graph,no_graph,47,0.8791402701134394,0.569382722066577,12.69723498694717,2520,30.0,,True,True,True,True,True,bbc9c07d4a053bd2d759efc21116bb524dbb13b8a626837761a7c7417da12ede,345dabcf47b0f7e1fb1895e4c61f5d5ebffaa56e09a9f5b2d7896f439c70937b,99f53feff701ca0e8ddb39eaf4c2384b14067b4e69669a6d805e4efea668fb19
FULL_UNIFIED_RUN_V1,v1_0385_favorita_20170426_gts_no_graph_s13,stage_1,Favorita,2017-04-26,gts_no_graph,no_graph,13,0.7011185271269591,0.45319317051949604,9.603199499620066,2520,50.0,,True,True,True,True,True,3f68170f3c5071d0f3019d63ad8cac240449fc1382607c2423ec7895b4996a6b,c488ebe713d35972ff5a908aa6c2090b4ea444972f31abbf215c0d17998dda91,99f53feff701ca0e8ddb39eaf4c2384b14067b4e69669a6d805e4efea668fb19
FULL_UNIFIED_RUN_V1,v1_0386_favorita_20170426_gts_no_graph_s29,stage_1,Favorita,2017-04-26,gts_no_graph,no_graph,29,0.7088598738415259,0.4391456783143973,9.305532017207911,2520,47.0,,True,True,True,True,True,452173fb39ee2e62caa7edde5ffc8e43cc65bc5e51dade895b1af912c87d3d6f,c488ebe713d35972ff5a908aa6c2090b4ea444972f31abbf215c0d17998dda91,99f53feff701ca0e8ddb39eaf4c2384b14067b4e69669a6d805e4efea668fb19
FULL_UNIFIED_RUN_V1,v1_0387_favorita_20170426_gts_no_graph_s47,stage_1,Favorita,2017-04-26,gts_no_graph,no_graph,47,0.7053449170640541,0.437077600927176,9.261709292105119,2520,50.0,,True,True,True,True,True,18aceeec2cd2a5e84f7442c0801c8758c93ec510355946205aad71a29d008057,c488ebe713d35972ff5a908aa6c2090b4ea444972f31abbf215c0d17998dda91,99f53feff701ca0e8ddb39eaf4c2384b14067b4e69669a6d805e4efea668fb19
FULL_UNIFIED_RUN_V1,v1_0388_store_item_20170522_gts_no_graph_s13,stage_1,Store Item,2017-05-22,gts_no_graph,no_graph,13,1.0469133508180897,0.1905657108910416,12.114156485739208,2520,48.0,,True,True,True,True,True,fc25e8741a0ec242847427dff72cafe3207e3f0b4956d4486cd4da8a62b985b5,96f573b570f1b2d301538d41f90dacef49f3190e6f15d4c0105641fefebfcd31,99f53feff701ca0e8ddb39eaf4c2384b14067b4e69669a6d805e4efea668fb19
FULL_UNIFIED_RUN_V1,v1_0389_store_item_20170522_gts_no_graph_s29,stage_1,Store Item,2017-05-22,gts_no_graph,no_graph,29,1.0074115550264569,0.1769616951842738,11.249356756891522,2520,49.0,,True,True,True,True,True,4c194541f1644d107cdfdf4a73da9112a2251105fe6d01016f81b9c766a470ae,96f573b570f1b2d301538d41f90dacef49f3190e6f15d4c0105641fefebfcd31,99f53feff701ca0e8ddb39eaf4c2384b14067b4e69669a6d805e4efea668fb19
FULL_UNIFIED_RUN_V1,v1_0390_store_item_20170522_gts_no_graph_s47,stage_1,Store Item,2017-05-22,gts_no_graph,no_graph,47,1.00441876252851,0.17929214362761933,11.397502071138412,2520,49.0,,True,True,True,True,True,f117f164ab0f2111d4776ce8c0feb01c3a7f400a8dd2a4e2f3694edeffd5804b,96f573b570f1b2d301538d41f90dacef49f3190e6f15d4c0105641fefebfcd31,99f53feff701ca0e8ddb39eaf4c2384b14067b4e69669a6d805e4efea668fb19
FULL_UNIFIED_RUN_V1,v1_0391_store_item_20170619_gts_no_graph_s13,stage_1,Store Item,2017-06-19,gts_no_graph,no_graph,13,1.132417420471982,0.19738281103747726,13.316290566656324,2520,49.0,,True,True,True,True,True,bdf70398df7af78a94a593c01ce956ac699b4f917810a67ce8f0f200a13cfc98,28beca4732b3f14a100f847605d2098885a415ba97668113a3ccce044ffb107d,99f53feff701ca0e8ddb39eaf4c2384b14067b4e69669a6d805e4efea668fb19
FULL_UNIFIED_RUN_V1,v1_0392_store_item_20170619_gts_no_graph_s29,stage_1,Store Item,2017-06-19,gts_no_graph,no_graph,29,1.1131881314188357,0.18866317947896422,12.728026842692541,2520,49.0,,True,True,True,True,True,1cc5a14db31343f87724de9748a71f4245f6c53f12dfb02c7b47aad43ab0ecb2,28beca4732b3f14a100f847605d2098885a415ba97668113a3ccce044ffb107d,99f53feff701ca0e8ddb39eaf4c2384b14067b4e69669a6d805e4efea668fb19
FULL_UNIFIED_RUN_V1,v1_0393_store_item_20170619_gts_no_graph_s47,stage_1,Store Item,2017-06-19,gts_no_graph,no_graph,47,1.0924077757604127,0.18835211002782673,12.707040764036632,2520,49.0,,True,True,True,True,True,11340d69df407cbf8a3d2afd046c34c7e7cadaf941f981464ad18d72e06f5956,28beca4732b3f14a100f847605d2098885a415ba97668113a3ccce044ffb107d,99f53feff701ca0e8ddb39eaf4c2384b14067b4e69669a6d805e4efea668fb19
FULL_UNIFIED_RUN_V1,v1_0394_store_item_20170717_gts_no_graph_s13,stage_1,Store Item,2017-07-17,gts_no_graph,no_graph,13,1.2146384566910795,0.21156721218032518,13.86285786098904,2520,49.0,,True,True,True,True,True,fb2c8e6f4d2c85c2e8607d6ba1c47e0d7317009db497441cdd6c7d7d9ebb9db5,cb704e15bf73a80e87151fc7a786498308b0888b5b69c93a6c61d1fdd789036d,99f53feff701ca0e8ddb39eaf4c2384b14067b4e69669a6d805e4efea668fb19
FULL_UNIFIED_RUN_V1,v1_0395_store_item_20170717_gts_no_graph_s29,stage_1,Store Item,2017-07-17,gts_no_graph,no_graph,29,1.2134933516204118,0.20532605566842158,13.453908550171626,2520,48.0,,True,True,True,True,True,9aa872e75ed0faeec1c9d12af3164663864db49dd00b3e4aa323e0b76c2ae5f7,cb704e15bf73a80e87151fc7a786498308b0888b5b69c93a6c61d1fdd789036d,99f53feff701ca0e8ddb39eaf4c2384b14067b4e69669a6d805e4efea668fb19
FULL_UNIFIED_RUN_V1,v1_0396_store_item_20170717_gts_no_graph_s47,stage_1,Store Item,2017-07-17,gts_no_graph,no_graph,47,1.091228418899206,0.19162988348004503,12.556472287102352,2520,49.0,,True,True,True,True,True,dd6c69eacbafa3b68ed53b948f92b60c8772b2ed80f52a0b96c7e14647930137,cb704e15bf73a80e87151fc7a786498308b0888b5b69c93a6c61d1fdd789036d,99f53feff701ca0e8ddb39eaf4c2384b14067b4e69669a6d805e4efea668fb19
FULL_UNIFIED_RUN_V1,v1_0397_m5_20151207_gts_placebo_s13,stage_1,M5,2015-12-07,gts_placebo,placebo,13,0.5662177771339318,0.8721594903015211,1.5840769927095002,2520,43.0,,True,True,True,True,True,fa71e4ce1a19a4b361c582c9e5a001908e55738c901c167a68304200eae825aa,24f14f88e9945d2a7fb67744b119a74daf41bf279d2a3b941fb03feff77657e4,0fdc80620cf8962630e75c1fa2432803a694bdd75347ebc77b3093fc02c15c5f
FULL_UNIFIED_RUN_V1,v1_0398_m5_20151207_gts_placebo_s29,stage_1,M5,2015-12-07,gts_placebo,placebo,29,0.5610084820862122,0.8728341804956145,1.5853024121718287,2520,38.0,,True,True,True,True,True,38a23ba3cdf080f0b9901b2b36e2af77fe46dfdb3caaf64545b1b36261e5410e,24f14f88e9945d2a7fb67744b119a74daf41bf279d2a3b941fb03feff77657e4,0fdc80620cf8962630e75c1fa2432803a694bdd75347ebc77b3093fc02c15c5f
FULL_UNIFIED_RUN_V1,v1_0399_m5_20151207_gts_placebo_s47,stage_1,M5,2015-12-07,gts_placebo,placebo,47,0.5646358689838362,0.9244026992791081,1.6789647584071472,2520,20.0,,True,True,True,True,True,6b3a73004e45e19de94c3774d306caf86a9da536915030a4ec6bf050211acbb9,24f14f88e9945d2a7fb67744b119a74daf41bf279d2a3b941fb03feff77657e4,0fdc80620cf8962630e75c1fa2432803a694bdd75347ebc77b3093fc02c15c5f
FULL_UNIFIED_RUN_V1,v1_0400_m5_20160104_gts_placebo_s13,stage_1,M5,2016-01-04,gts_placebo,placebo,13,0.7351132107166529,0.9995289937728418,4.412999875300993,2520,1.0,,True,True,True,True,True,e0d0600ae981185fd6c5dea6143cf3e52e968092f0fe37dbdf4259cb8b57df2c,f363d22b50ee5ecf935d764748129bbf4e83b2417ab50854a465cae0c12fccbf,0fdc80620cf8962630e75c1fa2432803a694bdd75347ebc77b3093fc02c15c5f
FULL_UNIFIED_RUN_V1,v1_0401_m5_20160104_gts_placebo_s29,stage_1,M5,2016-01-04,gts_placebo,placebo,29,0.6369631094524779,0.9173990361357081,4.050389590787809,2520,18.0,,True,True,True,True,True,f6d707fcaa8c84a6d12592ffee508372a6942ef555ab2ea8d7050e0f792cb381,f363d22b50ee5ecf935d764748129bbf4e83b2417ab50854a465cae0c12fccbf,0fdc80620cf8962630e75c1fa2432803a694bdd75347ebc77b3093fc02c15c5f
FULL_UNIFIED_RUN_V1,v1_0402_m5_20160104_gts_placebo_s47,stage_1,M5,2016-01-04,gts_placebo,placebo,47,0.6521947764812259,0.9305787415112652,4.108579036557958,2520,9.0,,True,True,True,True,True,2e76515681cc2c473b36a4736207a0fa9d275e3939e0fdb87d18d1241281bb50,f363d22b50ee5ecf935d764748129bbf4e83b2417ab50854a465cae0c12fccbf,0fdc80620cf8962630e75c1fa2432803a694bdd75347ebc77b3093fc02c15c5f
FULL_UNIFIED_RUN_V1,v1_0403_m5_20160201_gts_placebo_s13,stage_1,M5,2016-02-01,gts_placebo,placebo,13,0.7388669558986783,0.7057222956291919,3.8607490774717124,2520,27.0,,True,True,True,True,True,5d08762c0b23db4e2d59526499d00afca8c3581a761eb006f829a8d4403c8702,84ec5e1a462241b724bdb52169726ffe86647b20efbad04d01b949a8b9fc2a01,0fdc80620cf8962630e75c1fa2432803a694bdd75347ebc77b3093fc02c15c5f
FULL_UNIFIED_RUN_V1,v1_0404_m5_20160201_gts_placebo_s29,stage_1,M5,2016-02-01,gts_placebo,placebo,29,0.7427252756898102,0.717821474507569,3.926939268687385,2520,16.0,,True,True,True,True,True,93466aa066ea5289d9703967cd5aed06a4c1af471f81a21acd3a22a7b75ebbf4,84ec5e1a462241b724bdb52169726ffe86647b20efbad04d01b949a8b9fc2a01,0fdc80620cf8962630e75c1fa2432803a694bdd75347ebc77b3093fc02c15c5f
FULL_UNIFIED_RUN_V1,v1_0405_m5_20160201_gts_placebo_s47,stage_1,M5,2016-02-01,gts_placebo,placebo,47,0.7451484933549332,0.6588629974514585,3.604398961666794,2520,46.0,,True,True,True,True,True,33ac75ea0d078d1303699f9e3a06115b8cd688fc8c412f5349716f64c3e308d1,84ec5e1a462241b724bdb52169726ffe86647b20efbad04d01b949a8b9fc2a01,0fdc80620cf8962630e75c1fa2432803a694bdd75347ebc77b3093fc02c15c5f
FULL_UNIFIED_RUN_V1,v1_0406_favorita_20170301_gts_placebo_s13,stage_1,Favorita,2017-03-01,gts_placebo,placebo,13,0.7096901155550168,0.5691407762141298,12.909558359137367,2520,49.0,,True,True,True,True,True,bf9ac365692f638a7373f4b23e662733a88397eb5ece9e917950fff1e8b1f4ec,cd0beeec37632daa955a38f9eba4e42ab5553d9daac470a0028c402132af43b1,99f53feff701ca0e8ddb39eaf4c2384b14067b4e69669a6d805e4efea668fb19
FULL_UNIFIED_RUN_V1,v1_0407_favorita_20170301_gts_placebo_s29,stage_1,Favorita,2017-03-01,gts_placebo,placebo,29,0.6983296589234388,0.5528087613374764,12.539106780224081,2520,49.0,,True,True,True,True,True,da971adb6cf27a07d2eaca8bea27052818234228ed529641f8e6bdfe2e034e19,cd0beeec37632daa955a38f9eba4e42ab5553d9daac470a0028c402132af43b1,99f53feff701ca0e8ddb39eaf4c2384b14067b4e69669a6d805e4efea668fb19
FULL_UNIFIED_RUN_V1,v1_0408_favorita_20170301_gts_placebo_s47,stage_1,Favorita,2017-03-01,gts_placebo,placebo,47,0.7683746780845221,0.762539282029096,17.29632768182764,2520,22.0,,True,True,True,True,True,95320320ee87672225b0d33ac2221a1ac28c8711f83d24d5da86956bd0d8f32b,cd0beeec37632daa955a38f9eba4e42ab5553d9daac470a0028c402132af43b1,99f53feff701ca0e8ddb39eaf4c2384b14067b4e69669a6d805e4efea668fb19
FULL_UNIFIED_RUN_V1,v1_0409_favorita_20170329_gts_placebo_s13,stage_1,Favorita,2017-03-29,gts_placebo,placebo,13,0.9103869763025525,0.544181741998642,12.135253118824155,2520,48.0,,True,True,True,True,True,495bb205b39532eff3f24e1205b858850b3186c3f09170adc19ef7e0ebe99d2a,345dabcf47b0f7e1fb1895e4c61f5d5ebffaa56e09a9f5b2d7896f439c70937b,99f53feff701ca0e8ddb39eaf4c2384b14067b4e69669a6d805e4efea668fb19
FULL_UNIFIED_RUN_V1,v1_0410_favorita_20170329_gts_placebo_s29,stage_1,Favorita,2017-03-29,gts_placebo,placebo,29,0.8737151616422172,0.49394145006545587,11.014894583578856,2520,49.0,,True,True,True,True,True,1d0278d65f72d87863d5dfa3650e0d6ee815c9a25623d838847d1dc40b05b2a0,345dabcf47b0f7e1fb1895e4c61f5d5ebffaa56e09a9f5b2d7896f439c70937b,99f53feff701ca0e8ddb39eaf4c2384b14067b4e69669a6d805e4efea668fb19
FULL_UNIFIED_RUN_V1,v1_0411_favorita_20170329_gts_placebo_s47,stage_1,Favorita,2017-03-29,gts_placebo,placebo,47,0.9531185754106989,0.6442779991238601,14.367399702794732,2520,45.0,,True,True,True,True,True,dcfe5e15f7cbdd09b0627191970e2c546f1518ac949aedc7ad34c42de715299f,345dabcf47b0f7e1fb1895e4c61f5d5ebffaa56e09a9f5b2d7896f439c70937b,99f53feff701ca0e8ddb39eaf4c2384b14067b4e69669a6d805e4efea668fb19
FULL_UNIFIED_RUN_V1,v1_0412_favorita_20170426_gts_placebo_s13,stage_1,Favorita,2017-04-26,gts_placebo,placebo,13,0.7475689487615031,0.5520009253748576,11.696943721091671,2520,42.0,,True,True,True,True,True,13ff3aac3e56bd5ab4f244b68178d2dafdcb0c70751f3bb29898218a3319e648,c488ebe713d35972ff5a908aa6c2090b4ea444972f31abbf215c0d17998dda91,99f53feff701ca0e8ddb39eaf4c2384b14067b4e69669a6d805e4efea668fb19
FULL_UNIFIED_RUN_V1,v1_0413_favorita_20170426_gts_placebo_s29,stage_1,Favorita,2017-04-26,gts_placebo,placebo,29,0.7150851048280766,0.5116384105466916,10.841658806367704,2520,50.0,,True,True,True,True,True,c934637ffbb5919a979447e975628b583e09224471c88977a67431fb1f6dcce5,c488ebe713d35972ff5a908aa6c2090b4ea444972f31abbf215c0d17998dda91,99f53feff701ca0e8ddb39eaf4c2384b14067b4e69669a6d805e4efea668fb19
FULL_UNIFIED_RUN_V1,v1_0414_favorita_20170426_gts_placebo_s47,stage_1,Favorita,2017-04-26,gts_placebo,placebo,47,0.7654427665556969,0.5377581728155147,11.395138656169117,2520,49.0,,True,True,True,True,True,1e58b31d638e23460f9f4c02f0d4182c417d8bb8fa36c6491c198e7db8241091,c488ebe713d35972ff5a908aa6c2090b4ea444972f31abbf215c0d17998dda91,99f53feff701ca0e8ddb39eaf4c2384b14067b4e69669a6d805e4efea668fb19
FULL_UNIFIED_RUN_V1,v1_0415_store_item_20170522_gts_placebo_s13,stage_1,Store Item,2017-05-22,gts_placebo,placebo,13,1.1812426216972935,0.22347582242571712,14.206234012331281,2520,50.0,,True,True,True,True,True,1fe0ba8fa2ca1d6f84759fac385d4180cfbe808dee469b5d7ad5c965306623f0,96f573b570f1b2d301538d41f90dacef49f3190e6f15d4c0105641fefebfcd31,99f53feff701ca0e8ddb39eaf4c2384b14067b4e69669a6d805e4efea668fb19
FULL_UNIFIED_RUN_V1,v1_0416_store_item_20170522_gts_placebo_s29,stage_1,Store Item,2017-05-22,gts_placebo,placebo,29,1.9931932396080154,0.3994318535537833,25.391661263269093,2520,29.0,,True,True,True,True,True,778b55cc5829d80bf80e00839bdc4f303a05ac19a8b5f7c3c3e19656af8bcbbb,96f573b570f1b2d301538d41f90dacef49f3190e6f15d4c0105641fefebfcd31,99f53feff701ca0e8ddb39eaf4c2384b14067b4e69669a6d805e4efea668fb19
FULL_UNIFIED_RUN_V1,v1_0417_store_item_20170522_gts_placebo_s47,stage_1,Store Item,2017-05-22,gts_placebo,placebo,47,1.2069306948496985,0.22458255993842527,14.276588701823401,2520,50.0,,True,True,True,True,True,456e2f30cd94b63dd15cf755d50e904019b625d52301b2990ba6091993c0c681,96f573b570f1b2d301538d41f90dacef49f3190e6f15d4c0105641fefebfcd31,99f53feff701ca0e8ddb39eaf4c2384b14067b4e69669a6d805e4efea668fb19
FULL_UNIFIED_RUN_V1,v1_0418_store_item_20170619_gts_placebo_s13,stage_1,Store Item,2017-06-19,gts_placebo,placebo,13,2.3213830200897836,0.447801377531455,30.210600548320347,2520,21.0,,True,True,True,True,True,e10dccd97301e64b4239f8dfa11455bbdd1a251d52277ee1e4bc338e91fc592f,28beca4732b3f14a100f847605d2098885a415ba97668113a3ccce044ffb107d,99f53feff701ca0e8ddb39eaf4c2384b14067b4e69669a6d805e4efea668fb19
FULL_UNIFIED_RUN_V1,v1_0419_store_item_20170619_gts_placebo_s29,stage_1,Store Item,2017-06-19,gts_placebo,placebo,29,2.352133385384685,0.4492741832638269,30.309962336600773,2520,17.0,,True,True,True,True,True,f80fb7623ec33b45513c916c9fb0c017416474cb110a99f87ba9cebb43daaea8,28beca4732b3f14a100f847605d2098885a415ba97668113a3ccce044ffb107d,99f53feff701ca0e8ddb39eaf4c2384b14067b4e69669a6d805e4efea668fb19
FULL_UNIFIED_RUN_V1,v1_0420_store_item_20170619_gts_placebo_s47,stage_1,Store Item,2017-06-19,gts_placebo,placebo,47,1.4275213002943916,0.25765440580817306,17.3824707201549,2520,49.0,,True,True,True,True,True,9e452440e3cc3b1d8a0df6d2382a5190ba955b8c7e3548f3d2ddd0acfeebc406,28beca4732b3f14a100f847605d2098885a415ba97668113a3ccce044ffb107d,99f53feff701ca0e8ddb39eaf4c2384b14067b4e69669a6d805e4efea668fb19
FULL_UNIFIED_RUN_V1,v1_0421_store_item_20170717_gts_placebo_s13,stage_1,Store Item,2017-07-17,gts_placebo,placebo,13,1.2626868551104624,0.23884606575762177,15.6502939474015,2520,49.0,,True,True,True,True,True,286b7ad15ee6eef418f67f5857ef97bccf744a568ab90b0c8e5db3b88d1afc16,cb704e15bf73a80e87151fc7a786498308b0888b5b69c93a6c61d1fdd789036d,99f53feff701ca0e8ddb39eaf4c2384b14067b4e69669a6d805e4efea668fb19
FULL_UNIFIED_RUN_V1,v1_0422_store_item_20170717_gts_placebo_s29,stage_1,Store Item,2017-07-17,gts_placebo,placebo,29,2.248418160940184,0.4533244493715606,29.703905164627802,2520,13.0,,True,True,True,True,True,7d5b9f0997880ca22da4bb9f4d88ed04a79f869d7ba43d57ac20f9c9f409b9b8,cb704e15bf73a80e87151fc7a786498308b0888b5b69c93a6c61d1fdd789036d,99f53feff701ca0e8ddb39eaf4c2384b14067b4e69669a6d805e4efea668fb19
FULL_UNIFIED_RUN_V1,v1_0423_store_item_20170717_gts_placebo_s47,stage_1,Store Item,2017-07-17,gts_placebo,placebo,47,1.1961753929045351,0.22336830818149708,14.636120006773208,2520,49.0,,True,True,True,True,True,0dfd0b265e1fc2f2fb518e0da988bf68ece89bb50c2e478473358bd8d0b13907,cb704e15bf73a80e87151fc7a786498308b0888b5b69c93a6c61d1fdd789036d,99f53feff701ca0e8ddb39eaf4c2384b14067b4e69669a6d805e4efea668fb19
FULL_UNIFIED_RUN_V1,v1_0424_m5_20151207_mtgnn_native_s13,stage_1,M5,2015-12-07,mtgnn_native,native,13,0.5978640907162354,1.456860948722783,2.646052626969472,2520,3.0,,True,True,True,True,True,a2e34f18b59ead8fc19ccedb3cd1023fcd2a32cc8ee0fd39f1ee4cdcb63dbf49,24f14f88e9945d2a7fb67744b119a74daf41bf279d2a3b941fb03feff77657e4,0fdc80620cf8962630e75c1fa2432803a694bdd75347ebc77b3093fc02c15c5f
FULL_UNIFIED_RUN_V1,v1_0425_m5_20151207_mtgnn_native_s29,stage_1,M5,2015-12-07,mtgnn_native,native,29,0.5464449421074686,1.1173268081687646,2.02936700206723,2520,10.0,,True,True,True,True,True,4e809467c389537f95696139f0dbc7551b489e2106c17648270ba26eb1a3e4be,24f14f88e9945d2a7fb67744b119a74daf41bf279d2a3b941fb03feff77657e4,0fdc80620cf8962630e75c1fa2432803a694bdd75347ebc77b3093fc02c15c5f
FULL_UNIFIED_RUN_V1,v1_0426_m5_20151207_mtgnn_native_s47,stage_1,M5,2015-12-07,mtgnn_native,native,47,0.5615780063364669,1.2866642776313286,2.3369295435085418,2520,10.0,,True,True,True,True,True,a2f472f55c4285903f69adfeee47588954add567a764797c352e0c06b2440b49,24f14f88e9945d2a7fb67744b119a74daf41bf279d2a3b941fb03feff77657e4,0fdc80620cf8962630e75c1fa2432803a694bdd75347ebc77b3093fc02c15c5f
FULL_UNIFIED_RUN_V1,v1_0427_m5_20160104_mtgnn_native_s13,stage_1,M5,2016-01-04,mtgnn_native,native,13,0.5504654358689812,0.6898714310434313,3.04583714743173,2520,30.0,,True,True,True,True,True,d3b46403f70277b42d4ad3fc1301d99c1a35ced49bc019ba006a5a35df76af79,f363d22b50ee5ecf935d764748129bbf4e83b2417ab50854a465cae0c12fccbf,0fdc80620cf8962630e75c1fa2432803a694bdd75347ebc77b3093fc02c15c5f
FULL_UNIFIED_RUN_V1,v1_0428_m5_20160104_mtgnn_native_s29,stage_1,M5,2016-01-04,mtgnn_native,native,29,0.5608717478110975,0.7266305494774797,3.208131574182993,2520,7.0,,True,True,True,True,True,bcb37ac8df32eb21620b83fb0f15b0a90cfacc57c6281b4bb4fa49744b1e507c,f363d22b50ee5ecf935d764748129bbf4e83b2417ab50854a465cae0c12fccbf,0fdc80620cf8962630e75c1fa2432803a694bdd75347ebc77b3093fc02c15c5f
FULL_UNIFIED_RUN_V1,v1_0429_m5_20160104_mtgnn_native_s47,stage_1,M5,2016-01-04,mtgnn_native,native,47,0.5570796670076164,0.7150228785694449,3.1568827854146564,2520,21.0,,True,True,True,True,True,a19950688a826fbbb570150cdd15e4c4ba8286785372cc5b21623566b0cfa075,f363d22b50ee5ecf935d764748129bbf4e83b2417ab50854a465cae0c12fccbf,0fdc80620cf8962630e75c1fa2432803a694bdd75347ebc77b3093fc02c15c5f
FULL_UNIFIED_RUN_V1,v1_0430_m5_20160201_mtgnn_native_s13,stage_1,M5,2016-02-01,mtgnn_native,native,13,0.7263709361573751,0.5524919835530729,3.022481972050099,2520,9.0,,True,True,True,True,True,2fda644380bbaa25d98586d4d97d77963c022bee14a42808dfb206255a065f85,84ec5e1a462241b724bdb52169726ffe86647b20efbad04d01b949a8b9fc2a01,0fdc80620cf8962630e75c1fa2432803a694bdd75347ebc77b3093fc02c15c5f
FULL_UNIFIED_RUN_V1,v1_0431_m5_20160201_mtgnn_native_s29,stage_1,M5,2016-02-01,mtgnn_native,native,29,0.7462193960412873,0.6077245973082211,3.32463944096133,2520,11.0,,True,True,True,True,True,d6991d30862c603e6164a9e7c24afa581cd3b136bae1779c41fb67a3513b69f0,84ec5e1a462241b724bdb52169726ffe86647b20efbad04d01b949a8b9fc2a01,0fdc80620cf8962630e75c1fa2432803a694bdd75347ebc77b3093fc02c15c5f
FULL_UNIFIED_RUN_V1,v1_0432_m5_20160201_mtgnn_native_s47,stage_1,M5,2016-02-01,mtgnn_native,native,47,0.7393316058757206,0.6048405644998991,3.3088619501932364,2520,8.0,,True,True,True,True,True,3661d0336f7c91748e622ba464aa9bb432137e035107f75af3b8506506fa0dda,84ec5e1a462241b724bdb52169726ffe86647b20efbad04d01b949a8b9fc2a01,0fdc80620cf8962630e75c1fa2432803a694bdd75347ebc77b3093fc02c15c5f
FULL_UNIFIED_RUN_V1,v1_0433_favorita_20170301_mtgnn_native_s13,stage_1,Favorita,2017-03-01,mtgnn_native,native,13,0.6593694587360505,0.4164264086005835,9.44560862406497,2520,13.0,,True,True,True,True,True,37767d9a726af7e1b48921a927b7154fbaeb4b023864d6e991c42d5b5fc384e1,cd0beeec37632daa955a38f9eba4e42ab5553d9daac470a0028c402132af43b1,99f53feff701ca0e8ddb39eaf4c2384b14067b4e69669a6d805e4efea668fb19
FULL_UNIFIED_RUN_V1,v1_0434_favorita_20170301_mtgnn_native_s29,stage_1,Favorita,2017-03-01,mtgnn_native,native,29,0.6754692003454207,0.4337620536254479,9.838825083849212,2520,11.0,,True,True,True,True,True,2375ec7318588a4dfc3399a5cf84d52dc82f2f45206c6d70a847fe71c4229378,cd0beeec37632daa955a38f9eba4e42ab5553d9daac470a0028c402132af43b1,99f53feff701ca0e8ddb39eaf4c2384b14067b4e69669a6d805e4efea668fb19
FULL_UNIFIED_RUN_V1,v1_0435_favorita_20170301_mtgnn_native_s47,stage_1,Favorita,2017-03-01,mtgnn_native,native,47,0.6838626891492078,0.41508285770464176,9.415133477274388,2520,14.0,,True,True,True,True,True,bb33ac5dc6e9f44d9b85495c39de14bb2eec9130e4dbdc09eaca707bd0e0ad54,cd0beeec37632daa955a38f9eba4e42ab5553d9daac470a0028c402132af43b1,99f53feff701ca0e8ddb39eaf4c2384b14067b4e69669a6d805e4efea668fb19
FULL_UNIFIED_RUN_V1,v1_0436_favorita_20170329_mtgnn_native_s13,stage_1,Favorita,2017-03-29,mtgnn_native,native,13,0.8307723095800615,0.5384004932212234,12.006331268195359,2520,7.0,,True,True,True,True,True,fe6969a8c6eef1d892776fc2c50e7360e88a0644e6fea8de5fb307b97c3bcf18,345dabcf47b0f7e1fb1895e4c61f5d5ebffaa56e09a9f5b2d7896f439c70937b,99f53feff701ca0e8ddb39eaf4c2384b14067b4e69669a6d805e4efea668fb19
FULL_UNIFIED_RUN_V1,v1_0437_favorita_20170329_mtgnn_native_s29,stage_1,Favorita,2017-03-29,mtgnn_native,native,29,0.8146011902241499,0.3982204298054698,8.880315783891886,2520,6.0,,True,True,True,True,True,93531e2d1074a01a4d7ef38fecd75da2783552f5216750bdb1b506dbc8c91a53,345dabcf47b0f7e1fb1895e4c61f5d5ebffaa56e09a9f5b2d7896f439c70937b,99f53feff701ca0e8ddb39eaf4c2384b14067b4e69669a6d805e4efea668fb19
FULL_UNIFIED_RUN_V1,v1_0438_favorita_20170329_mtgnn_native_s47,stage_1,Favorita,2017-03-29,mtgnn_native,native,47,0.811966934048039,0.44617084207744373,9.949610001546523,2520,8.0,,True,True,True,True,True,89e026c153ec938d3695b7d7ed32ee2a1c5b51c9058ae597d2c4463258f07db6,345dabcf47b0f7e1fb1895e4c61f5d5ebffaa56e09a9f5b2d7896f439c70937b,99f53feff701ca0e8ddb39eaf4c2384b14067b4e69669a6d805e4efea668fb19
FULL_UNIFIED_RUN_V1,v1_0439_favorita_20170426_mtgnn_native_s13,stage_1,Favorita,2017-04-26,mtgnn_native,native,13,0.6880763832473464,0.3853738180687756,8.166102001498572,2520,8.0,,True,True,True,True,True,d3150d5062fb9e9320aa827ef6e99e1609b62887751e7e8cd4eeff98b31f0b5b,c488ebe713d35972ff5a908aa6c2090b4ea444972f31abbf215c0d17998dda91,99f53feff701ca0e8ddb39eaf4c2384b14067b4e69669a6d805e4efea668fb19
FULL_UNIFIED_RUN_V1,v1_0440_favorita_20170426_mtgnn_native_s29,stage_1,Favorita,2017-04-26,mtgnn_native,native,29,0.6974857863036176,0.44066329020455286,9.337690334438184,2520,6.0,,True,True,True,True,True,cdd347fc063f78df827d72d4992be12a5df598cefcf4e5039909f6ed67282f12,c488ebe713d35972ff5a908aa6c2090b4ea444972f31abbf215c0d17998dda91,99f53feff701ca0e8ddb39eaf4c2384b14067b4e69669a6d805e4efea668fb19
FULL_UNIFIED_RUN_V1,v1_0441_favorita_20170426_mtgnn_native_s47,stage_1,Favorita,2017-04-26,mtgnn_native,native,47,0.7032378786401131,0.451184353882279,9.560632514545606,2520,8.0,,True,True,True,True,True,c04c0932abf2be8f8688a62ff0ce888169f8f155fcaecaaea726a0f29a6dc439,c488ebe713d35972ff5a908aa6c2090b4ea444972f31abbf215c0d17998dda91,99f53feff701ca0e8ddb39eaf4c2384b14067b4e69669a6d805e4efea668fb19
FULL_UNIFIED_RUN_V1,v1_0442_store_item_20170522_mtgnn_native_s13,stage_1,Store Item,2017-05-22,mtgnn_native,native,13,0.7640155647668948,0.12598788203539568,8.008979743246048,2520,25.0,,True,True,True,True,True,96949625472bd6db2c439c32164b91c343603e83ec12d7a1e08c2580cdded8af,96f573b570f1b2d301538d41f90dacef49f3190e6f15d4c0105641fefebfcd31,99f53feff701ca0e8ddb39eaf4c2384b14067b4e69669a6d805e4efea668fb19
FULL_UNIFIED_RUN_V1,v1_0443_store_item_20170522_mtgnn_native_s29,stage_1,Store Item,2017-05-22,mtgnn_native,native,29,0.7371175762188803,0.11936410148246543,7.587909689403715,2520,17.0,,True,True,True,True,True,0bac5d89822028adaf12b70e516d5f88909a01076b40a2238c68bc6db1f87ec5,96f573b570f1b2d301538d41f90dacef49f3190e6f15d4c0105641fefebfcd31,99f53feff701ca0e8ddb39eaf4c2384b14067b4e69669a6d805e4efea668fb19
FULL_UNIFIED_RUN_V1,v1_0444_store_item_20170522_mtgnn_native_s47,stage_1,Store Item,2017-05-22,mtgnn_native,native,47,0.6548357998021017,0.10363248655136593,6.587859658589439,2520,8.0,,True,True,True,True,True,ba4f35308303647f2a546af6b0a2bc3eb32aab841a3eb63f6048f30d3fb175b8,96f573b570f1b2d301538d41f90dacef49f3190e6f15d4c0105641fefebfcd31,99f53feff701ca0e8ddb39eaf4c2384b14067b4e69669a6d805e4efea668fb19
FULL_UNIFIED_RUN_V1,v1_0445_store_item_20170619_mtgnn_native_s13,stage_1,Store Item,2017-06-19,mtgnn_native,native,13,0.7702248080861226,0.11823883839829202,7.976898900667826,2520,6.0,,True,True,True,True,True,c1cb43eca7067881ba760e64d16e4aa0304b3ac24c247ba862f9eba58213c6ed,28beca4732b3f14a100f847605d2098885a415ba97668113a3ccce044ffb107d,99f53feff701ca0e8ddb39eaf4c2384b14067b4e69669a6d805e4efea668fb19
FULL_UNIFIED_RUN_V1,v1_0446_store_item_20170619_mtgnn_native_s29,stage_1,Store Item,2017-06-19,mtgnn_native,native,29,1.583014873840501,0.2890982968816203,19.503810404595875,2520,8.0,,True,True,True,True,True,c2d07aa5314c02ef16d2cd981bf3b103e042d9b666c31cc829195005eb492e2b,28beca4732b3f14a100f847605d2098885a415ba97668113a3ccce044ffb107d,99f53feff701ca0e8ddb39eaf4c2384b14067b4e69669a6d805e4efea668fb19
FULL_UNIFIED_RUN_V1,v1_0447_store_item_20170619_mtgnn_native_s47,stage_1,Store Item,2017-06-19,mtgnn_native,native,47,0.7531323515959124,0.11650039307005697,7.859615926515488,2520,8.0,,True,True,True,True,True,2a006545cbea4ec5ae607b8c82cf7c699e7b8df99ae56229784dcc31490a8476,28beca4732b3f14a100f847605d2098885a415ba97668113a3ccce044ffb107d,99f53feff701ca0e8ddb39eaf4c2384b14067b4e69669a6d805e4efea668fb19
FULL_UNIFIED_RUN_V1,v1_0448_store_item_20170717_mtgnn_native_s13,stage_1,Store Item,2017-07-17,mtgnn_native,native,13,0.8739014548562878,0.14296123423199203,9.367478303303795,2520,4.0,,True,True,True,True,True,6482f3c650b97557a8ef3ff126eda5c59d5fb40fdd57cb1525f86cb1e3f9cade,cb704e15bf73a80e87151fc7a786498308b0888b5b69c93a6c61d1fdd789036d,99f53feff701ca0e8ddb39eaf4c2384b14067b4e69669a6d805e4efea668fb19
FULL_UNIFIED_RUN_V1,v1_0449_store_item_20170717_mtgnn_native_s29,stage_1,Store Item,2017-07-17,mtgnn_native,native,29,1.259321375796796,0.22956868621402757,15.042397323865739,2520,7.0,,True,True,True,True,True,5088b760d14252619bd1b73f0289097dd32e6da80d569daf0c7857003c124306,cb704e15bf73a80e87151fc7a786498308b0888b5b69c93a6c61d1fdd789036d,99f53feff701ca0e8ddb39eaf4c2384b14067b4e69669a6d805e4efea668fb19
FULL_UNIFIED_RUN_V1,v1_0450_store_item_20170717_mtgnn_native_s47,stage_1,Store Item,2017-07-17,mtgnn_native,native,47,1.4121546500930153,0.26424458514972,17.31452188037691,2520,5.0,,True,True,True,True,True,c8102c093d6b130e35aa3ba1e814c73644ec6c2b2e76cf6908fec62cd3e9333d,cb704e15bf73a80e87151fc7a786498308b0888b5b69c93a6c61d1fdd789036d,99f53feff701ca0e8ddb39eaf4c2384b14067b4e69669a6d805e4efea668fb19
FULL_UNIFIED_RUN_V1,v1_0451_m5_20151207_mtgnn_no_graph_s13,stage_1,M5,2015-12-07,mtgnn_no_graph,no_graph,13,0.5397382641517913,0.9193199647465208,1.6697331408846021,2520,25.0,,True,True,True,True,True,1570bba37ec0b4fbd7a3412ad558034791af6baacb3b2d59b7e272864551a537,24f14f88e9945d2a7fb67744b119a74daf41bf279d2a3b941fb03feff77657e4,0fdc80620cf8962630e75c1fa2432803a694bdd75347ebc77b3093fc02c15c5f
FULL_UNIFIED_RUN_V1,v1_0452_m5_20151207_mtgnn_no_graph_s29,stage_1,M5,2015-12-07,mtgnn_no_graph,no_graph,29,0.5498478760723542,1.0746211625917441,1.9518020252830215,2520,10.0,,True,True,True,True,True,d61376b16f0629b3bc1f20a5b9d0cd790d21221c971c4a586a875a9824963c6a,24f14f88e9945d2a7fb67744b119a74daf41bf279d2a3b941fb03feff77657e4,0fdc80620cf8962630e75c1fa2432803a694bdd75347ebc77b3093fc02c15c5f
FULL_UNIFIED_RUN_V1,v1_0453_m5_20151207_mtgnn_no_graph_s47,stage_1,M5,2015-12-07,mtgnn_no_graph,no_graph,47,0.5874252466674148,1.4267275197948255,2.5913221883203184,2520,11.0,,True,True,True,True,True,2baed3f9a1f883eb697cdd484bbd0c54b81a45f6f623c0756525487df42b7cd4,24f14f88e9945d2a7fb67744b119a74daf41bf279d2a3b941fb03feff77657e4,0fdc80620cf8962630e75c1fa2432803a694bdd75347ebc77b3093fc02c15c5f
FULL_UNIFIED_RUN_V1,v1_0454_m5_20160104_mtgnn_no_graph_s13,stage_1,M5,2016-01-04,mtgnn_no_graph,no_graph,13,0.5576257237363982,0.6843422196402896,3.0214252400387536,2520,26.0,,True,True,True,True,True,ec61f48c30a0b4c697bcc735da653b53619754e14e3938de17910a28f8b219c6,f363d22b50ee5ecf935d764748129bbf4e83b2417ab50854a465cae0c12fccbf,0fdc80620cf8962630e75c1fa2432803a694bdd75347ebc77b3093fc02c15c5f
FULL_UNIFIED_RUN_V1,v1_0455_m5_20160104_mtgnn_no_graph_s29,stage_1,M5,2016-01-04,mtgnn_no_graph,no_graph,29,0.5620718792549096,0.7250577562757214,3.2011875673092804,2520,7.0,,True,True,True,True,True,467fd4b75deda0ae473bb909218235affe78ca02521bf6b2357e64ea5e8cb6eb,f363d22b50ee5ecf935d764748129bbf4e83b2417ab50854a465cae0c12fccbf,0fdc80620cf8962630e75c1fa2432803a694bdd75347ebc77b3093fc02c15c5f
FULL_UNIFIED_RUN_V1,v1_0456_m5_20160104_mtgnn_no_graph_s47,stage_1,M5,2016-01-04,mtgnn_no_graph,no_graph,47,0.5588461469080122,0.7142566089801459,3.1534996443321153,2520,20.0,,True,True,True,True,True,eb75c2d76c0ab5601559a047747a7d4fd16d26f6775db4a2b5105136580e69f8,f363d22b50ee5ecf935d764748129bbf4e83b2417ab50854a465cae0c12fccbf,0fdc80620cf8962630e75c1fa2432803a694bdd75347ebc77b3093fc02c15c5f
FULL_UNIFIED_RUN_V1,v1_0457_m5_20160201_mtgnn_no_graph_s13,stage_1,M5,2016-02-01,mtgnn_no_graph,no_graph,13,0.7491409968555912,0.5929350636854019,3.2437313009689133,2520,8.0,,True,True,True,True,True,53cb8edab5981abb0b411e86b1d475eba66218bf6e55167af7b64d6f37fc8c08,84ec5e1a462241b724bdb52169726ffe86647b20efbad04d01b949a8b9fc2a01,0fdc80620cf8962630e75c1fa2432803a694bdd75347ebc77b3093fc02c15c5f
FULL_UNIFIED_RUN_V1,v1_0458_m5_20160201_mtgnn_no_graph_s29,stage_1,M5,2016-02-01,mtgnn_no_graph,no_graph,29,0.7286408083599202,0.5590692944736931,3.058464039254579,2520,9.0,,True,True,True,True,True,6b1a325236a021d2a1d68602d66dd624b77919330620482dbfa867f76ff34bb7,84ec5e1a462241b724bdb52169726ffe86647b20efbad04d01b949a8b9fc2a01,0fdc80620cf8962630e75c1fa2432803a694bdd75347ebc77b3093fc02c15c5f
FULL_UNIFIED_RUN_V1,v1_0459_m5_20160201_mtgnn_no_graph_s47,stage_1,M5,2016-02-01,mtgnn_no_graph,no_graph,47,0.725367847500126,0.5758229662753115,3.1501172622758156,2520,9.0,,True,True,True,True,True,c2ebeb5cabe828b52fa85666170b467b77a3a2c7059681990992e275222c453b,84ec5e1a462241b724bdb52169726ffe86647b20efbad04d01b949a8b9fc2a01,0fdc80620cf8962630e75c1fa2432803a694bdd75347ebc77b3093fc02c15c5f
FULL_UNIFIED_RUN_V1,v1_0460_favorita_20170301_mtgnn_no_graph_s13,stage_1,Favorita,2017-03-01,mtgnn_no_graph,no_graph,13,0.64529906715152,0.39329305657453006,8.920885443959444,2520,13.0,,True,True,True,True,True,039283a1fca70b94d2eab7e94ede900b3c83a7aecaf8649209ac55096994a08c,cd0beeec37632daa955a38f9eba4e42ab5553d9daac470a0028c402132af43b1,99f53feff701ca0e8ddb39eaf4c2384b14067b4e69669a6d805e4efea668fb19
FULL_UNIFIED_RUN_V1,v1_0461_favorita_20170301_mtgnn_no_graph_s29,stage_1,Favorita,2017-03-01,mtgnn_no_graph,no_graph,29,0.6925773094986124,0.4293940924033763,9.739748629194404,2520,9.0,,True,True,True,True,True,3438e6dde88ecc17e122233d9ba8aa848908b3f2b5ada098d4c4a3d20fb07797,cd0beeec37632daa955a38f9eba4e42ab5553d9daac470a0028c402132af43b1,99f53feff701ca0e8ddb39eaf4c2384b14067b4e69669a6d805e4efea668fb19
FULL_UNIFIED_RUN_V1,v1_0462_favorita_20170301_mtgnn_no_graph_s47,stage_1,Favorita,2017-03-01,mtgnn_no_graph,no_graph,47,0.6463636297044609,0.382945464284526,8.686175769082611,2520,8.0,,True,True,True,True,True,80622c5754f4565d76f33d9ab7aaac8e38aab8580f33e00dc2eedef92449619c,cd0beeec37632daa955a38f9eba4e42ab5553d9daac470a0028c402132af43b1,99f53feff701ca0e8ddb39eaf4c2384b14067b4e69669a6d805e4efea668fb19
FULL_UNIFIED_RUN_V1,v1_0463_favorita_20170329_mtgnn_no_graph_s13,stage_1,Favorita,2017-03-29,mtgnn_no_graph,no_graph,13,0.8176468985750219,0.48405093707924857,10.794336139038204,2520,6.0,,True,True,True,True,True,d7ee5f916d58833351dad9ee0a38804fd05656d393a6d2d8f9cc9dc8f9c815f0,345dabcf47b0f7e1fb1895e4c61f5d5ebffaa56e09a9f5b2d7896f439c70937b,99f53feff701ca0e8ddb39eaf4c2384b14067b4e69669a6d805e4efea668fb19
FULL_UNIFIED_RUN_V1,v1_0464_favorita_20170329_mtgnn_no_graph_s29,stage_1,Favorita,2017-03-29,mtgnn_no_graph,no_graph,29,0.8290145227020541,0.4890914005733399,10.906738477478187,2520,6.0,,True,True,True,True,True,ea55f225292ca3a626a3860ba90f1515423039c9518acbc1ac45ed0c569ecd56,345dabcf47b0f7e1fb1895e4c61f5d5ebffaa56e09a9f5b2d7896f439c70937b,99f53feff701ca0e8ddb39eaf4c2384b14067b4e69669a6d805e4efea668fb19
FULL_UNIFIED_RUN_V1,v1_0465_favorita_20170329_mtgnn_no_graph_s47,stage_1,Favorita,2017-03-29,mtgnn_no_graph,no_graph,47,0.831493823979066,0.4120188352839061,9.188020232964366,2520,6.0,,True,True,True,True,True,8e83b6107ca138cd94b6cc92264082b4b0384796610bfd850cba6dce00548568,345dabcf47b0f7e1fb1895e4c61f5d5ebffaa56e09a9f5b2d7896f439c70937b,99f53feff701ca0e8ddb39eaf4c2384b14067b4e69669a6d805e4efea668fb19
FULL_UNIFIED_RUN_V1,v1_0466_favorita_20170426_mtgnn_no_graph_s13,stage_1,Favorita,2017-04-26,mtgnn_no_graph,no_graph,13,0.6863014176374779,0.36911667739974224,7.82161189155461,2520,8.0,,True,True,True,True,True,1ead72b233409bdcfe76125720493dc7afe3ec555a423c5b8bfde659c9655cb4,c488ebe713d35972ff5a908aa6c2090b4ea444972f31abbf215c0d17998dda91,99f53feff701ca0e8ddb39eaf4c2384b14067b4e69669a6d805e4efea668fb19
FULL_UNIFIED_RUN_V1,v1_0467_favorita_20170426_mtgnn_no_graph_s29,stage_1,Favorita,2017-04-26,mtgnn_no_graph,no_graph,29,0.6897566514751493,0.3843815808561643,8.14507641567006,2520,6.0,,True,True,True,True,True,5fcf9c0ceb682eaea9e6b2b967c693b2ff45eb0e0bd0d47d8907860dabe5a314,c488ebe713d35972ff5a908aa6c2090b4ea444972f31abbf215c0d17998dda91,99f53feff701ca0e8ddb39eaf4c2384b14067b4e69669a6d805e4efea668fb19
FULL_UNIFIED_RUN_V1,v1_0468_favorita_20170426_mtgnn_no_graph_s47,stage_1,Favorita,2017-04-26,mtgnn_no_graph,no_graph,47,0.6929868270904842,0.3835138247308033,8.126688594028117,2520,9.0,,True,True,True,True,True,b8a1c17baddfdd16356e748c3da8d5696d0d3986edb9664adcacdad8a29194b1,c488ebe713d35972ff5a908aa6c2090b4ea444972f31abbf215c0d17998dda91,99f53feff701ca0e8ddb39eaf4c2384b14067b4e69669a6d805e4efea668fb19
FULL_UNIFIED_RUN_V1,v1_0469_store_item_20170522_mtgnn_no_graph_s13,stage_1,Store Item,2017-05-22,mtgnn_no_graph,no_graph,13,0.8204935700710728,0.1360544585448785,8.6489064254458,2520,25.0,,True,True,True,True,True,71a0e7d1ba8d978f9789a46936d80b155a2e66e2071c765a9b328cda25cf162f,96f573b570f1b2d301538d41f90dacef49f3190e6f15d4c0105641fefebfcd31,99f53feff701ca0e8ddb39eaf4c2384b14067b4e69669a6d805e4efea668fb19
FULL_UNIFIED_RUN_V1,v1_0470_store_item_20170522_mtgnn_no_graph_s29,stage_1,Store Item,2017-05-22,mtgnn_no_graph,no_graph,29,0.8200652876832701,0.13355632245149887,8.490101300345527,2520,25.0,,True,True,True,True,True,3a393c85f27878565c5bd2c6942a68183e708cd0cbffcba33cf292adeb5d8a9c,96f573b570f1b2d301538d41f90dacef49f3190e6f15d4c0105641fefebfcd31,99f53feff701ca0e8ddb39eaf4c2384b14067b4e69669a6d805e4efea668fb19
FULL_UNIFIED_RUN_V1,v1_0471_store_item_20170522_mtgnn_no_graph_s47,stage_1,Store Item,2017-05-22,mtgnn_no_graph,no_graph,47,0.7860863413311652,0.12899532457820026,8.200161196693541,2520,6.0,,True,True,True,True,True,d426bf743075898929c158cf99946968f196c98381b833cb38f0e93c862d1da9,96f573b570f1b2d301538d41f90dacef49f3190e6f15d4c0105641fefebfcd31,99f53feff701ca0e8ddb39eaf4c2384b14067b4e69669a6d805e4efea668fb19
FULL_UNIFIED_RUN_V1,v1_0472_store_item_20170619_mtgnn_no_graph_s13,stage_1,Store Item,2017-06-19,mtgnn_no_graph,no_graph,13,0.8636626236178082,0.135925325599275,9.170105145091103,2520,6.0,,True,True,True,True,True,0000896199016f2603103fe98e591f3462e2a2bfd9379ec527284e41e5a9005d,28beca4732b3f14a100f847605d2098885a415ba97668113a3ccce044ffb107d,99f53feff701ca0e8ddb39eaf4c2384b14067b4e69669a6d805e4efea668fb19
FULL_UNIFIED_RUN_V1,v1_0473_store_item_20170619_mtgnn_no_graph_s29,stage_1,Store Item,2017-06-19,mtgnn_no_graph,no_graph,29,1.7463616502213517,0.32502041885157773,21.92727074244666,2520,18.0,,True,True,True,True,True,c08bfb7e3da17f147310c64575cb6ad0dc0ef1f85b53f0f4cc11f7a1a79374e0,28beca4732b3f14a100f847605d2098885a415ba97668113a3ccce044ffb107d,99f53feff701ca0e8ddb39eaf4c2384b14067b4e69669a6d805e4efea668fb19
FULL_UNIFIED_RUN_V1,v1_0474_store_item_20170619_mtgnn_no_graph_s47,stage_1,Store Item,2017-06-19,mtgnn_no_graph,no_graph,47,0.762789776553704,0.11551882619888722,7.793395217638167,2520,8.0,,True,True,True,True,True,a5e1ed068445d4101c7aaafddce10465235063654c25a4968171322df986e39d,28beca4732b3f14a100f847605d2098885a415ba97668113a3ccce044ffb107d,99f53feff701ca0e8ddb39eaf4c2384b14067b4e69669a6d805e4efea668fb19
FULL_UNIFIED_RUN_V1,v1_0475_store_item_20170717_mtgnn_no_graph_s13,stage_1,Store Item,2017-07-17,mtgnn_no_graph,no_graph,13,1.0743969674206715,0.17259257687525403,11.309060304883927,2520,4.0,,True,True,True,True,True,98c87717d260637b852908f434440b2fc998609afb84ac2e9387b935bda1e186,cb704e15bf73a80e87151fc7a786498308b0888b5b69c93a6c61d1fdd789036d,99f53feff701ca0e8ddb39eaf4c2384b14067b4e69669a6d805e4efea668fb19
FULL_UNIFIED_RUN_V1,v1_0476_store_item_20170717_mtgnn_no_graph_s29,stage_1,Store Item,2017-07-17,mtgnn_no_graph,no_graph,29,1.1641879001746753,0.20550252805498778,13.465471833471268,2520,14.0,,True,True,True,True,True,3fdd328876ca7663aa1267d4358485893e0660322e00baf2475c770afa60ccbf,cb704e15bf73a80e87151fc7a786498308b0888b5b69c93a6c61d1fdd789036d,99f53feff701ca0e8ddb39eaf4c2384b14067b4e69669a6d805e4efea668fb19
FULL_UNIFIED_RUN_V1,v1_0477_store_item_20170717_mtgnn_no_graph_s47,stage_1,Store Item,2017-07-17,mtgnn_no_graph,no_graph,47,1.2790378130266182,0.21556359842698178,14.124719488431538,2520,4.0,,True,True,True,True,True,43f65487573235a9e5aed013cf63b88f230c53b0042a76cde5aaa641650e3068,cb704e15bf73a80e87151fc7a786498308b0888b5b69c93a6c61d1fdd789036d,99f53feff701ca0e8ddb39eaf4c2384b14067b4e69669a6d805e4efea668fb19
FULL_UNIFIED_RUN_V1,v1_0478_m5_20151207_mtgnn_placebo_s13,stage_1,M5,2015-12-07,mtgnn_placebo,placebo,13,0.5594478909720014,1.157249222617923,2.1018768800489074,2520,12.0,,True,True,True,True,True,48f6c4e76d2cc2259174c1829ad96030be785993822f8c2bbc81740e5843d0a1,24f14f88e9945d2a7fb67744b119a74daf41bf279d2a3b941fb03feff77657e4,0fdc80620cf8962630e75c1fa2432803a694bdd75347ebc77b3093fc02c15c5f
FULL_UNIFIED_RUN_V1,v1_0479_m5_20151207_mtgnn_placebo_s29,stage_1,M5,2015-12-07,mtgnn_placebo,placebo,29,0.5535398438502851,1.156928439999043,2.101294252247594,2520,9.0,,True,True,True,True,True,502b7a8e78d6dc2acec620ef87d578c0fce19f698c8ddd539105d3fd50cc076e,24f14f88e9945d2a7fb67744b119a74daf41bf279d2a3b941fb03feff77657e4,0fdc80620cf8962630e75c1fa2432803a694bdd75347ebc77b3093fc02c15c5f
FULL_UNIFIED_RUN_V1,v1_0480_m5_20151207_mtgnn_placebo_s47,stage_1,M5,2015-12-07,mtgnn_placebo,placebo,47,0.5607953859063153,1.2618798348535738,2.2919143071693795,2520,10.0,,True,True,True,True,True,93f4441d93e496f8bd2746329f574a8b9423c66124df332ad048286a6991d324,24f14f88e9945d2a7fb67744b119a74daf41bf279d2a3b941fb03feff77657e4,0fdc80620cf8962630e75c1fa2432803a694bdd75347ebc77b3093fc02c15c5f
FULL_UNIFIED_RUN_V1,v1_0481_m5_20160104_mtgnn_placebo_s13,stage_1,M5,2016-01-04,mtgnn_placebo,placebo,13,0.5687278737047209,0.7020082144555039,3.0994220099196745,2520,14.0,,True,True,True,True,True,f5862d189e165a9bc0f97938b4029a6713f62c4bca579c9ca2d9a188c9349445,f363d22b50ee5ecf935d764748129bbf4e83b2417ab50854a465cae0c12fccbf,0fdc80620cf8962630e75c1fa2432803a694bdd75347ebc77b3093fc02c15c5f
FULL_UNIFIED_RUN_V1,v1_0482_m5_20160104_mtgnn_placebo_s29,stage_1,M5,2016-01-04,mtgnn_placebo,placebo,29,0.5551432858281186,0.7074932921328643,3.1236390634088793,2520,7.0,,True,True,True,True,True,2413999f453a5b6dc8ae9e0fcedaca9370e9a4f87816b74ef4cb811b3c7cb6ac,f363d22b50ee5ecf935d764748129bbf4e83b2417ab50854a465cae0c12fccbf,0fdc80620cf8962630e75c1fa2432803a694bdd75347ebc77b3093fc02c15c5f
FULL_UNIFIED_RUN_V1,v1_0483_m5_20160104_mtgnn_placebo_s47,stage_1,M5,2016-01-04,mtgnn_placebo,placebo,47,0.5708926909220101,0.7388999458620238,3.262301933474558,2520,21.0,,True,True,True,True,True,f008faebf0357ee4551a2fa840923eaead5103df367f55ca3b7cae1b28d4cf6d,f363d22b50ee5ecf935d764748129bbf4e83b2417ab50854a465cae0c12fccbf,0fdc80620cf8962630e75c1fa2432803a694bdd75347ebc77b3093fc02c15c5f
FULL_UNIFIED_RUN_V1,v1_0484_m5_20160201_mtgnn_placebo_s13,stage_1,M5,2016-02-01,mtgnn_placebo,placebo,13,0.7557384019320955,0.5904801557182594,3.2303013955682722,2520,8.0,,True,True,True,True,True,38878adf2668cb06011f755979d480c1fa58eb35e305d87df7674b29fe3147ee,84ec5e1a462241b724bdb52169726ffe86647b20efbad04d01b949a8b9fc2a01,0fdc80620cf8962630e75c1fa2432803a694bdd75347ebc77b3093fc02c15c5f
FULL_UNIFIED_RUN_V1,v1_0485_m5_20160201_mtgnn_placebo_s29,stage_1,M5,2016-02-01,mtgnn_placebo,placebo,29,0.745903329724595,0.607621597184378,3.3240759648807674,2520,11.0,,True,True,True,True,True,1eb27dca68bb52dfb33605ccb210ca813f73fb933152502b7d72a5c0ae6189f2,84ec5e1a462241b724bdb52169726ffe86647b20efbad04d01b949a8b9fc2a01,0fdc80620cf8962630e75c1fa2432803a694bdd75347ebc77b3093fc02c15c5f
FULL_UNIFIED_RUN_V1,v1_0486_m5_20160201_mtgnn_placebo_s47,stage_1,M5,2016-02-01,mtgnn_placebo,placebo,47,0.7240732748354464,0.5810307946595704,3.178607390410755,2520,9.0,,True,True,True,True,True,6f3a2c7d168ed4e8c42ea3be19ebfea8ec14ec3b30f6b5d1f0d3a808091bf922,84ec5e1a462241b724bdb52169726ffe86647b20efbad04d01b949a8b9fc2a01,0fdc80620cf8962630e75c1fa2432803a694bdd75347ebc77b3093fc02c15c5f
FULL_UNIFIED_RUN_V1,v1_0487_favorita_20170301_mtgnn_placebo_s13,stage_1,Favorita,2017-03-01,mtgnn_placebo,placebo,13,0.6513694162130916,0.41416091859984777,9.394221556754339,2520,13.0,,True,True,True,True,True,1c6c506e93a2204ec5196d60947667a24cf0070a6cc6f4d4a937846283634b66,cd0beeec37632daa955a38f9eba4e42ab5553d9daac470a0028c402132af43b1,99f53feff701ca0e8ddb39eaf4c2384b14067b4e69669a6d805e4efea668fb19
FULL_UNIFIED_RUN_V1,v1_0488_favorita_20170301_mtgnn_placebo_s29,stage_1,Favorita,2017-03-01,mtgnn_placebo,placebo,29,0.6660224387967505,0.4195688249837007,9.516886609023999,2520,11.0,,True,True,True,True,True,18ddd146a48e9dc2f3d9aca7ca815f0e4f86b66a8f4cc95d840a7ac07e320a2f,cd0beeec37632daa955a38f9eba4e42ab5553d9daac470a0028c402132af43b1,99f53feff701ca0e8ddb39eaf4c2384b14067b4e69669a6d805e4efea668fb19
FULL_UNIFIED_RUN_V1,v1_0489_favorita_20170301_mtgnn_placebo_s47,stage_1,Favorita,2017-03-01,mtgnn_placebo,placebo,47,0.6845303394672955,0.45001783776378573,10.20754755599986,2520,24.0,,True,True,True,True,True,54968cc79c909a129c87d608cc669a383793a981c65cb01a6c6f2b2c0c87cd0b,cd0beeec37632daa955a38f9eba4e42ab5553d9daac470a0028c402132af43b1,99f53feff701ca0e8ddb39eaf4c2384b14067b4e69669a6d805e4efea668fb19
FULL_UNIFIED_RUN_V1,v1_0490_favorita_20170329_mtgnn_placebo_s13,stage_1,Favorita,2017-03-29,mtgnn_placebo,placebo,13,0.8310713510776456,0.41309638289361006,9.21204954519986,2520,6.0,,True,True,True,True,True,8c4149ec9bb9b2d1abfb4f9834c7a69a88e457e9b58a5707cdad825c223ac0c4,345dabcf47b0f7e1fb1895e4c61f5d5ebffaa56e09a9f5b2d7896f439c70937b,99f53feff701ca0e8ddb39eaf4c2384b14067b4e69669a6d805e4efea668fb19
FULL_UNIFIED_RUN_V1,v1_0491_favorita_20170329_mtgnn_placebo_s29,stage_1,Favorita,2017-03-29,mtgnn_placebo,placebo,29,0.8184365482193542,0.41303115128097284,9.210594880205417,2520,6.0,,True,True,True,True,True,c404136b9a7bdf5b540818cd8affcdf2cc08c5aa2913b415a63b338e2a510ce3,345dabcf47b0f7e1fb1895e4c61f5d5ebffaa56e09a9f5b2d7896f439c70937b,99f53feff701ca0e8ddb39eaf4c2384b14067b4e69669a6d805e4efea668fb19
FULL_UNIFIED_RUN_V1,v1_0492_favorita_20170329_mtgnn_placebo_s47,stage_1,Favorita,2017-03-29,mtgnn_placebo,placebo,47,0.8136178282439963,0.41487516593270035,9.251716407861501,2520,8.0,,True,True,True,True,True,1322837fc649d137388f222f9e8d0d308797ee2d38f2b44ba1503df880a46159,345dabcf47b0f7e1fb1895e4c61f5d5ebffaa56e09a9f5b2d7896f439c70937b,99f53feff701ca0e8ddb39eaf4c2384b14067b4e69669a6d805e4efea668fb19
FULL_UNIFIED_RUN_V1,v1_0493_favorita_20170426_mtgnn_placebo_s13,stage_1,Favorita,2017-04-26,mtgnn_placebo,placebo,13,0.6971816501758773,0.4317843488544879,9.149544857681862,2520,8.0,,True,True,True,True,True,efd0cc3ab8adb46ab75d2833719d2d4b1c6f6081ee04ff6b03fbade713d9aec8,c488ebe713d35972ff5a908aa6c2090b4ea444972f31abbf215c0d17998dda91,99f53feff701ca0e8ddb39eaf4c2384b14067b4e69669a6d805e4efea668fb19
FULL_UNIFIED_RUN_V1,v1_0494_favorita_20170426_mtgnn_placebo_s29,stage_1,Favorita,2017-04-26,mtgnn_placebo,placebo,29,0.7061832061729153,0.45852372373667416,9.716154348275934,2520,6.0,,True,True,True,True,True,9e6703f95bf9c7f6aeb1cda54c82d821e870b9c330ffd784b0d5f3dbb4ab07dc,c488ebe713d35972ff5a908aa6c2090b4ea444972f31abbf215c0d17998dda91,99f53feff701ca0e8ddb39eaf4c2384b14067b4e69669a6d805e4efea668fb19
FULL_UNIFIED_RUN_V1,v1_0495_favorita_20170426_mtgnn_placebo_s47,stage_1,Favorita,2017-04-26,mtgnn_placebo,placebo,47,0.6946863247891657,0.42578526609978884,9.0224238147013,2520,8.0,,True,True,True,True,True,a4baba50b9c8c189774171ee38f367682adcf86b2f10d5cb8e8f16bd3a546103,c488ebe713d35972ff5a908aa6c2090b4ea444972f31abbf215c0d17998dda91,99f53feff701ca0e8ddb39eaf4c2384b14067b4e69669a6d805e4efea668fb19
FULL_UNIFIED_RUN_V1,v1_0496_store_item_20170522_mtgnn_placebo_s13,stage_1,Store Item,2017-05-22,mtgnn_placebo,placebo,13,0.766612436570813,0.12642100937762818,8.036513408025106,2520,25.0,,True,True,True,True,True,172bcef84eb22bdc7abd0e8ee8d77c5548fc54249d79d6d69c7f54dbe550fbea,96f573b570f1b2d301538d41f90dacef49f3190e6f15d4c0105641fefebfcd31,99f53feff701ca0e8ddb39eaf4c2384b14067b4e69669a6d805e4efea668fb19
FULL_UNIFIED_RUN_V1,v1_0497_store_item_20170522_mtgnn_placebo_s29,stage_1,Store Item,2017-05-22,mtgnn_placebo,placebo,29,0.75257911051225,0.12214577098101628,7.764738875722128,2520,36.0,,True,True,True,True,True,fda468b2e8685dd1117620a05f9d1d3f113e7d9f620450a0b3af3497d793aadc,96f573b570f1b2d301538d41f90dacef49f3190e6f15d4c0105641fefebfcd31,99f53feff701ca0e8ddb39eaf4c2384b14067b4e69669a6d805e4efea668fb19
FULL_UNIFIED_RUN_V1,v1_0498_store_item_20170522_mtgnn_placebo_s47,stage_1,Store Item,2017-05-22,mtgnn_placebo,placebo,47,0.6743508211215041,0.10736106988729553,6.824883632054404,2520,8.0,,True,True,True,True,True,afed3cbd8fa5d7bd461f5793881ccb544cc1db33632a1c4c9e26ae571a8d4dcb,96f573b570f1b2d301538d41f90dacef49f3190e6f15d4c0105641fefebfcd31,99f53feff701ca0e8ddb39eaf4c2384b14067b4e69669a6d805e4efea668fb19
FULL_UNIFIED_RUN_V1,v1_0499_store_item_20170619_mtgnn_placebo_s13,stage_1,Store Item,2017-06-19,mtgnn_placebo,placebo,13,0.7718426625772808,0.118462087477171,7.991960240545727,2520,6.0,,True,True,True,True,True,e9d72b51bece95434b81ccb8bb301b457acc306f48c4e86e432a78f4abc16b4d,28beca4732b3f14a100f847605d2098885a415ba97668113a3ccce044ffb107d,99f53feff701ca0e8ddb39eaf4c2384b14067b4e69669a6d805e4efea668fb19
FULL_UNIFIED_RUN_V1,v1_0500_store_item_20170619_mtgnn_placebo_s29,stage_1,Store Item,2017-06-19,mtgnn_placebo,placebo,29,0.7530011185439188,0.11514065903762882,7.76788243982527,2520,13.0,,True,True,True,True,True,7bb4598d9dc2188f502f25d2c4c98b3de7ec10cd1885306840c6b81d337440d0,28beca4732b3f14a100f847605d2098885a415ba97668113a3ccce044ffb107d,99f53feff701ca0e8ddb39eaf4c2384b14067b4e69669a6d805e4efea668fb19
FULL_UNIFIED_RUN_V1,v1_0501_store_item_20170619_mtgnn_placebo_s47,stage_1,Store Item,2017-06-19,mtgnn_placebo,placebo,47,0.7562629839870167,0.11708023045597397,7.898734242197067,2520,8.0,,True,True,True,True,True,a733fc61d035b222371968fa048f27cb0570dd2aa4073e7137632b9ea4dba746,28beca4732b3f14a100f847605d2098885a415ba97668113a3ccce044ffb107d,99f53feff701ca0e8ddb39eaf4c2384b14067b4e69669a6d805e4efea668fb19
FULL_UNIFIED_RUN_V1,v1_0502_store_item_20170717_mtgnn_placebo_s13,stage_1,Store Item,2017-07-17,mtgnn_placebo,placebo,13,0.8727266281696103,0.14290003332937298,9.363468138376872,2520,4.0,,True,True,True,True,True,6ece71e31b33a85498e443131e98a636547f433674cc315c74a0a6963ca88351,cb704e15bf73a80e87151fc7a786498308b0888b5b69c93a6c61d1fdd789036d,99f53feff701ca0e8ddb39eaf4c2384b14067b4e69669a6d805e4efea668fb19
FULL_UNIFIED_RUN_V1,v1_0503_store_item_20170717_mtgnn_placebo_s29,stage_1,Store Item,2017-07-17,mtgnn_placebo,placebo,29,1.2620177250717053,0.2301541117467039,15.080757100241525,2520,7.0,,True,True,True,True,True,ad4ed22d0df546f2af4d3e769b64fd10d21e00f934d00caac758255dcfbc9fca,cb704e15bf73a80e87151fc7a786498308b0888b5b69c93a6c61d1fdd789036d,99f53feff701ca0e8ddb39eaf4c2384b14067b4e69669a6d805e4efea668fb19
FULL_UNIFIED_RUN_V1,v1_0504_store_item_20170717_mtgnn_placebo_s47,stage_1,Store Item,2017-07-17,mtgnn_placebo,placebo,47,1.411237734218344,0.2688759144695995,17.61798790144542,2520,5.0,,True,True,True,True,True,992ec8bb88baafea65a38a579f303b5042b33d9db1dc1c6c11b9467fa7badd73,cb704e15bf73a80e87151fc7a786498308b0888b5b69c93a6c61d1fdd789036d,99f53feff701ca0e8ddb39eaf4c2384b14067b4e69669a6d805e4efea668fb19
FULL_UNIFIED_RUN_V1,v1_0505_m5_20151207_mage_native_s13,stage_1,M5,2015-12-07,mage_native,native,13,0.5708647032760148,1.1795429700919913,2.1423683415850743,2520,29.0,,True,True,True,True,True,2539b064d7298e8aa34300c6191783d912975e72eb2906cfd4c27b10f7eba716,24f14f88e9945d2a7fb67744b119a74daf41bf279d2a3b941fb03feff77657e4,0fdc80620cf8962630e75c1fa2432803a694bdd75347ebc77b3093fc02c15c5f
FULL_UNIFIED_RUN_V1,v1_0506_m5_20151207_mage_native_s29,stage_1,M5,2015-12-07,mage_native,native,29,0.5440232744762425,0.8784955248844151,1.5955849413351628,2520,36.0,,True,True,True,True,True,519fda11e1c811b1fba869c29afb784a480f299065534088ac8694b3379d310a,24f14f88e9945d2a7fb67744b119a74daf41bf279d2a3b941fb03feff77657e4,0fdc80620cf8962630e75c1fa2432803a694bdd75347ebc77b3093fc02c15c5f
FULL_UNIFIED_RUN_V1,v1_0507_m5_20151207_mage_native_s47,stage_1,M5,2015-12-07,mage_native,native,47,0.5406128688495824,0.9575164739086737,1.739108309117497,2520,50.0,,True,True,True,True,True,32dac8a711643f1fd2efc513239b6220600505affaba26555fe95a2708e0ebc7,24f14f88e9945d2a7fb67744b119a74daf41bf279d2a3b941fb03feff77657e4,0fdc80620cf8962630e75c1fa2432803a694bdd75347ebc77b3093fc02c15c5f
FULL_UNIFIED_RUN_V1,v1_0508_m5_20160104_mage_native_s13,stage_1,M5,2016-01-04,mage_native,native,13,0.5974741872136443,0.7247043635564535,3.199627310392495,2520,47.0,,True,True,True,True,True,bbe716ea146c1afadc826ac3537853083b2311c61dcc40d5e27768f958a6913a,f363d22b50ee5ecf935d764748129bbf4e83b2417ab50854a465cae0c12fccbf,0fdc80620cf8962630e75c1fa2432803a694bdd75347ebc77b3093fc02c15c5f
FULL_UNIFIED_RUN_V1,v1_0509_m5_20160104_mage_native_s29,stage_1,M5,2016-01-04,mage_native,native,29,0.607308734103476,0.738515643467524,3.260605207887235,2520,38.0,,True,True,True,True,True,23d173bfc71a88f42682a963e12e5db3f936f4ea0d42e4a509146619b48b2e02,f363d22b50ee5ecf935d764748129bbf4e83b2417ab50854a465cae0c12fccbf,0fdc80620cf8962630e75c1fa2432803a694bdd75347ebc77b3093fc02c15c5f
FULL_UNIFIED_RUN_V1,v1_0510_m5_20160104_mage_native_s47,stage_1,M5,2016-01-04,mage_native,native,47,0.5941054207445119,0.7504475313626489,3.3132854403980874,2520,49.0,,True,True,True,True,True,afc7f671979922595b76344bb4f6e217862d1f2592fd31e202cdf3e3944bb5ac,f363d22b50ee5ecf935d764748129bbf4e83b2417ab50854a465cae0c12fccbf,0fdc80620cf8962630e75c1fa2432803a694bdd75347ebc77b3093fc02c15c5f
FULL_UNIFIED_RUN_V1,v1_0511_m5_20160201_mage_native_s13,stage_1,M5,2016-02-01,mage_native,native,13,0.7390602081579197,0.6028460058156803,3.297950447683321,2520,15.0,,True,True,True,True,True,cff0ee708278e222472cb2ac6bd4a230cdecc1e831fff43a8ed5b5128ec20656,84ec5e1a462241b724bdb52169726ffe86647b20efbad04d01b949a8b9fc2a01,0fdc80620cf8962630e75c1fa2432803a694bdd75347ebc77b3093fc02c15c5f
FULL_UNIFIED_RUN_V1,v1_0512_m5_20160201_mage_native_s29,stage_1,M5,2016-02-01,mage_native,native,29,0.7728472652143401,0.6951464496444274,3.802892484471828,2520,8.0,,True,True,True,True,True,96446a4855e95a77a8bffa54c860c0587da1739581df0089b86c1747e9a785bb,84ec5e1a462241b724bdb52169726ffe86647b20efbad04d01b949a8b9fc2a01,0fdc80620cf8962630e75c1fa2432803a694bdd75347ebc77b3093fc02c15c5f
FULL_UNIFIED_RUN_V1,v1_0513_m5_20160201_mage_native_s47,stage_1,M5,2016-02-01,mage_native,native,47,0.7788957617050118,0.6896319109219836,3.772724456031724,2520,10.0,,True,True,True,True,True,4e4558a7b70312bd918edcae34071bf842d6ca0b308f11b887154bcb19b660d0,84ec5e1a462241b724bdb52169726ffe86647b20efbad04d01b949a8b9fc2a01,0fdc80620cf8962630e75c1fa2432803a694bdd75347ebc77b3093fc02c15c5f
FULL_UNIFIED_RUN_V1,v1_0514_favorita_20170301_mage_native_s13,stage_1,Favorita,2017-03-01,mage_native,native,13,0.6949434922875136,0.4473590688626257,10.147239924342712,2520,46.0,,True,True,True,True,True,a3815467108af100d7f18a238038c724f3263200494e824ce1b626cd2ec97d2a,cd0beeec37632daa955a38f9eba4e42ab5553d9daac470a0028c402132af43b1,99f53feff701ca0e8ddb39eaf4c2384b14067b4e69669a6d805e4efea668fb19
FULL_UNIFIED_RUN_V1,v1_0515_favorita_20170301_mage_native_s29,stage_1,Favorita,2017-03-01,mage_native,native,29,0.6729842654411677,0.4271853488989271,9.689648716549375,2520,12.0,,True,True,True,True,True,c6270d78f37b249d9552841de8bb1565e9df6cf7ac0b6a10f9eae26acbb046e6,cd0beeec37632daa955a38f9eba4e42ab5553d9daac470a0028c402132af43b1,99f53feff701ca0e8ddb39eaf4c2384b14067b4e69669a6d805e4efea668fb19
FULL_UNIFIED_RUN_V1,v1_0516_favorita_20170301_mage_native_s47,stage_1,Favorita,2017-03-01,mage_native,native,47,0.677078115688171,0.43440696466419093,9.85345330421059,2520,19.0,,True,True,True,True,True,770522ea62ac20ac3e3033aeba5aa5afaa56e0a0601aeb106b78a633ff7f0629,cd0beeec37632daa955a38f9eba4e42ab5553d9daac470a0028c402132af43b1,99f53feff701ca0e8ddb39eaf4c2384b14067b4e69669a6d805e4efea668fb19
FULL_UNIFIED_RUN_V1,v1_0517_favorita_20170329_mage_native_s13,stage_1,Favorita,2017-03-29,mage_native,native,13,0.8345934932344764,0.44476128359059663,9.91817684658463,2520,22.0,,True,True,True,True,True,75370a1c16f3e98a52eebd2799ddbd3d9bb0966a7f10aca009db677320821851,345dabcf47b0f7e1fb1895e4c61f5d5ebffaa56e09a9f5b2d7896f439c70937b,99f53feff701ca0e8ddb39eaf4c2384b14067b4e69669a6d805e4efea668fb19
FULL_UNIFIED_RUN_V1,v1_0518_favorita_20170329_mage_native_s29,stage_1,Favorita,2017-03-29,mage_native,native,29,0.8520512291548169,0.4070936539931447,9.078188687716315,2520,14.0,,True,True,True,True,True,ae944b0ee2cab67f43d642201c9400dcb2d5aa54a23dded5e5562b4e3bb400b6,345dabcf47b0f7e1fb1895e4c61f5d5ebffaa56e09a9f5b2d7896f439c70937b,99f53feff701ca0e8ddb39eaf4c2384b14067b4e69669a6d805e4efea668fb19
FULL_UNIFIED_RUN_V1,v1_0519_favorita_20170329_mage_native_s47,stage_1,Favorita,2017-03-29,mage_native,native,47,0.8394522905500619,0.40966255413097763,9.135475162075211,2520,22.0,,True,True,True,True,True,3e4121af52b316dbebc77bf35c1845ec333531732d64b07e11f0fd6d2425da49,345dabcf47b0f7e1fb1895e4c61f5d5ebffaa56e09a9f5b2d7896f439c70937b,99f53feff701ca0e8ddb39eaf4c2384b14067b4e69669a6d805e4efea668fb19
FULL_UNIFIED_RUN_V1,v1_0520_favorita_20170426_mage_native_s13,stage_1,Favorita,2017-04-26,mage_native,native,13,0.6926571509641389,0.3885329911191174,8.233045130896304,2520,19.0,,True,True,True,True,True,17740e478eda68ed8bbd052cdda151520201cc05108e1d981b8a2b54418dc032,c488ebe713d35972ff5a908aa6c2090b4ea444972f31abbf215c0d17998dda91,99f53feff701ca0e8ddb39eaf4c2384b14067b4e69669a6d805e4efea668fb19
FULL_UNIFIED_RUN_V1,v1_0521_favorita_20170426_mage_native_s29,stage_1,Favorita,2017-04-26,mage_native,native,29,0.6926202481825706,0.3854623498404622,8.167977996815505,2520,34.0,,True,True,True,True,True,8b009c72ff8d55ac9a248b945a8f1cacab271b3327e2f7f489e9b72d1877a8b1,c488ebe713d35972ff5a908aa6c2090b4ea444972f31abbf215c0d17998dda91,99f53feff701ca0e8ddb39eaf4c2384b14067b4e69669a6d805e4efea668fb19
FULL_UNIFIED_RUN_V1,v1_0522_favorita_20170426_mage_native_s47,stage_1,Favorita,2017-04-26,mage_native,native,47,0.69335991256371,0.4026672460306498,8.532551121991313,2520,43.0,,True,True,True,True,True,2f61fa53ec62665816691621d0d599419109f9162efd711d812cc3ca35bb40b2,c488ebe713d35972ff5a908aa6c2090b4ea444972f31abbf215c0d17998dda91,99f53feff701ca0e8ddb39eaf4c2384b14067b4e69669a6d805e4efea668fb19
FULL_UNIFIED_RUN_V1,v1_0523_store_item_20170522_mage_native_s13,stage_1,Store Item,2017-05-22,mage_native,native,13,0.9570357135096523,0.1617403404542984,10.28174368389069,2520,14.0,,True,True,True,True,True,ca0eabd8d29d24faeb6aaa752d6ead651855115ad60ffe1b79750e600a7b29b9,96f573b570f1b2d301538d41f90dacef49f3190e6f15d4c0105641fefebfcd31,99f53feff701ca0e8ddb39eaf4c2384b14067b4e69669a6d805e4efea668fb19
FULL_UNIFIED_RUN_V1,v1_0524_store_item_20170522_mage_native_s29,stage_1,Store Item,2017-05-22,mage_native,native,29,0.9945135085684591,0.16669234381731013,10.596539789532859,2520,12.0,,True,True,True,True,True,e648a1c36700618b45eadfa9681be08535ad3d2aec3338ecfb2c4e36b1d85f17,96f573b570f1b2d301538d41f90dacef49f3190e6f15d4c0105641fefebfcd31,99f53feff701ca0e8ddb39eaf4c2384b14067b4e69669a6d805e4efea668fb19
FULL_UNIFIED_RUN_V1,v1_0525_store_item_20170522_mage_native_s47,stage_1,Store Item,2017-05-22,mage_native,native,47,0.9930979568860596,0.16417421847350938,10.436463958876473,2520,5.0,,True,True,True,True,True,fd0534fdcd8cc0a633458d2d66ffe36ad17c1ac6ca2695c57ea05d2cd93fd81e,96f573b570f1b2d301538d41f90dacef49f3190e6f15d4c0105641fefebfcd31,99f53feff701ca0e8ddb39eaf4c2384b14067b4e69669a6d805e4efea668fb19
FULL_UNIFIED_RUN_V1,v1_0526_store_item_20170619_mage_native_s13,stage_1,Store Item,2017-06-19,mage_native,native,13,0.9638553595048643,0.15248608517615206,10.287364978260465,2520,14.0,,True,True,True,True,True,a11293bc6a98b8d5a6feed3efe1a0c7e39230f80a50e54c2e82ac0cee3aac73b,28beca4732b3f14a100f847605d2098885a415ba97668113a3ccce044ffb107d,99f53feff701ca0e8ddb39eaf4c2384b14067b4e69669a6d805e4efea668fb19
FULL_UNIFIED_RUN_V1,v1_0527_store_item_20170619_mage_native_s29,stage_1,Store Item,2017-06-19,mage_native,native,29,0.8447152441096991,0.1303858429894166,8.796387901760284,2520,23.0,,True,True,True,True,True,f42f11c289df780821f0dcfd837e46624cbd95f9346a127730a2ac6beb1cf6d3,28beca4732b3f14a100f847605d2098885a415ba97668113a3ccce044ffb107d,99f53feff701ca0e8ddb39eaf4c2384b14067b4e69669a6d805e4efea668fb19
FULL_UNIFIED_RUN_V1,v1_0528_store_item_20170619_mage_native_s47,stage_1,Store Item,2017-06-19,mage_native,native,47,0.8976336513152308,0.14172637316829592,9.561468681834993,2520,21.0,,True,True,True,True,True,25b7867965f7fdb325978160beef5f1b2bfcec285cf1837de2ce547ebea24eba,28beca4732b3f14a100f847605d2098885a415ba97668113a3ccce044ffb107d,99f53feff701ca0e8ddb39eaf4c2384b14067b4e69669a6d805e4efea668fb19
FULL_UNIFIED_RUN_V1,v1_0529_store_item_20170717_mage_native_s13,stage_1,Store Item,2017-07-17,mage_native,native,13,0.9272856674929887,0.14690742310108343,9.62605076744443,2520,23.0,,True,True,True,True,True,c7ae73224d63b9900f9bc26dee1ec361758dc04a7512c3f2563a7b9fd9df449c,cb704e15bf73a80e87151fc7a786498308b0888b5b69c93a6c61d1fdd789036d,99f53feff701ca0e8ddb39eaf4c2384b14067b4e69669a6d805e4efea668fb19
FULL_UNIFIED_RUN_V1,v1_0530_store_item_20170717_mage_native_s29,stage_1,Store Item,2017-07-17,mage_native,native,29,0.8390302740041135,0.13331591773272805,8.73547275634039,2520,23.0,,True,True,True,True,True,b92e6ad2d132324e811f97816de25487525f3c6e7ce79f44d6b198d20fc9b226,cb704e15bf73a80e87151fc7a786498308b0888b5b69c93a6c61d1fdd789036d,99f53feff701ca0e8ddb39eaf4c2384b14067b4e69669a6d805e4efea668fb19
FULL_UNIFIED_RUN_V1,v1_0531_store_item_20170717_mage_native_s47,stage_1,Store Item,2017-07-17,mage_native,native,47,0.9297395734017081,0.14999755986106833,9.828530755875603,2520,10.0,,True,True,True,True,True,59faf7613d79349b0d8c48e17d55bab20a49f3b96aa8166bec722fac7188de63,cb704e15bf73a80e87151fc7a786498308b0888b5b69c93a6c61d1fdd789036d,99f53feff701ca0e8ddb39eaf4c2384b14067b4e69669a6d805e4efea668fb19
FULL_UNIFIED_RUN_V1,v1_0532_m5_20151207_mage_no_graph_s13,stage_1,M5,2015-12-07,mage_no_graph,no_graph,13,0.5600412555547737,1.087884698835592,1.9758921863596206,2520,29.0,,True,True,True,True,True,c5a21d9779bc3a1b5deb5936f44e59a1fd22f4cd54293a315d2d3e78b2826104,24f14f88e9945d2a7fb67744b119a74daf41bf279d2a3b941fb03feff77657e4,0fdc80620cf8962630e75c1fa2432803a694bdd75347ebc77b3093fc02c15c5f
FULL_UNIFIED_RUN_V1,v1_0533_m5_20151207_mage_no_graph_s29,stage_1,M5,2015-12-07,mage_no_graph,no_graph,29,0.5556100225968807,0.9549423329433145,1.7344329744745102,2520,30.0,,True,True,True,True,True,ee051821613ff2714d99872c305c66e60bb952b25a71f0960b0979268a4e3741,24f14f88e9945d2a7fb67744b119a74daf41bf279d2a3b941fb03feff77657e4,0fdc80620cf8962630e75c1fa2432803a694bdd75347ebc77b3093fc02c15c5f
FULL_UNIFIED_RUN_V1,v1_0534_m5_20151207_mage_no_graph_s47,stage_1,M5,2015-12-07,mage_no_graph,no_graph,47,0.573489981656373,1.090341710574202,1.980354782718692,2520,19.0,,True,True,True,True,True,5d1c749c4ac5d3d1ebc9891d32bd45f3cf2af7a277e21c50352ae65b7bcd5a79,24f14f88e9945d2a7fb67744b119a74daf41bf279d2a3b941fb03feff77657e4,0fdc80620cf8962630e75c1fa2432803a694bdd75347ebc77b3093fc02c15c5f
FULL_UNIFIED_RUN_V1,v1_0535_m5_20160104_mage_no_graph_s13,stage_1,M5,2016-01-04,mage_no_graph,no_graph,13,0.6058597297891042,0.7948990707226389,3.5095425163555602,2520,39.0,,True,True,True,True,True,8e486ee68de1bdbec035cfdcf66d144427edffbf6e8f337b725c025592941588,f363d22b50ee5ecf935d764748129bbf4e83b2417ab50854a465cae0c12fccbf,0fdc80620cf8962630e75c1fa2432803a694bdd75347ebc77b3093fc02c15c5f
FULL_UNIFIED_RUN_V1,v1_0536_m5_20160104_mage_no_graph_s29,stage_1,M5,2016-01-04,mage_no_graph,no_graph,29,0.6019208776316566,0.751242444622415,3.3167950455601964,2520,38.0,,True,True,True,True,True,dc05b56a58a49869434e6eb1acbda0573aa7fea5002fd8cc0d031c974d5a5516,f363d22b50ee5ecf935d764748129bbf4e83b2417ab50854a465cae0c12fccbf,0fdc80620cf8962630e75c1fa2432803a694bdd75347ebc77b3093fc02c15c5f
FULL_UNIFIED_RUN_V1,v1_0537_m5_20160104_mage_no_graph_s47,stage_1,M5,2016-01-04,mage_no_graph,no_graph,47,0.6086202887348832,0.8194707384001875,3.618028380269982,2520,29.0,,True,True,True,True,True,65ff790ccdb3aae4898883d1951d1dd8b6784d18200b9bd3be2145f6bdd73966,f363d22b50ee5ecf935d764748129bbf4e83b2417ab50854a465cae0c12fccbf,0fdc80620cf8962630e75c1fa2432803a694bdd75347ebc77b3093fc02c15c5f
FULL_UNIFIED_RUN_V1,v1_0538_m5_20160201_mage_no_graph_s13,stage_1,M5,2016-02-01,mage_no_graph,no_graph,13,0.7475068134132382,0.6144323707179624,3.361335220822528,2520,5.0,,True,True,True,True,True,92ec289d96e7426bd4dfafaee4cdaa58fc25db1682d42ddeb3a5fcc988b1b26b,84ec5e1a462241b724bdb52169726ffe86647b20efbad04d01b949a8b9fc2a01,0fdc80620cf8962630e75c1fa2432803a694bdd75347ebc77b3093fc02c15c5f
FULL_UNIFIED_RUN_V1,v1_0539_m5_20160201_mage_no_graph_s29,stage_1,M5,2016-02-01,mage_no_graph,no_graph,29,0.7831772787083464,0.7012197818256745,3.836117467954919,2520,4.0,,True,True,True,True,True,62232b31af3a88deb1d3160de37def66c00104d70c048276234f1af0307e0c39,84ec5e1a462241b724bdb52169726ffe86647b20efbad04d01b949a8b9fc2a01,0fdc80620cf8962630e75c1fa2432803a694bdd75347ebc77b3093fc02c15c5f
FULL_UNIFIED_RUN_V1,v1_0540_m5_20160201_mage_no_graph_s47,stage_1,M5,2016-02-01,mage_no_graph,no_graph,47,0.7846880804099701,0.7029891777031655,3.845797186937887,2520,4.0,,True,True,True,True,True,5141523678aeb2e258be1846a7d187cc9dfc545c0586a19f16ae54e971763ebc,84ec5e1a462241b724bdb52169726ffe86647b20efbad04d01b949a8b9fc2a01,0fdc80620cf8962630e75c1fa2432803a694bdd75347ebc77b3093fc02c15c5f
FULL_UNIFIED_RUN_V1,v1_0541_favorita_20170301_mage_no_graph_s13,stage_1,Favorita,2017-03-01,mage_no_graph,no_graph,13,0.684964680863567,0.4375914861273067,9.92568633932623,2520,35.0,,True,True,True,True,True,4d275cd6de2d362aff354fa3d6923ef10793d473b0ee83e530a5319df43e226f,cd0beeec37632daa955a38f9eba4e42ab5553d9daac470a0028c402132af43b1,99f53feff701ca0e8ddb39eaf4c2384b14067b4e69669a6d805e4efea668fb19
FULL_UNIFIED_RUN_V1,v1_0542_favorita_20170301_mage_no_graph_s29,stage_1,Favorita,2017-03-01,mage_no_graph,no_graph,29,0.6598316206657887,0.409702709829061,9.29309805847588,2520,29.0,,True,True,True,True,True,edb47a428722151df212348486be212c5e65200c08ffff26843712f51acc8d8a,cd0beeec37632daa955a38f9eba4e42ab5553d9daac470a0028c402132af43b1,99f53feff701ca0e8ddb39eaf4c2384b14067b4e69669a6d805e4efea668fb19
FULL_UNIFIED_RUN_V1,v1_0543_favorita_20170301_mage_no_graph_s47,stage_1,Favorita,2017-03-01,mage_no_graph,no_graph,47,0.6805349933178585,0.44860014505309925,10.175390684538861,2520,19.0,,True,True,True,True,True,2a2f894182f05c2ca6900d81aadb3dc2dce101fa37d26a4112bf8436b07189a1,cd0beeec37632daa955a38f9eba4e42ab5553d9daac470a0028c402132af43b1,99f53feff701ca0e8ddb39eaf4c2384b14067b4e69669a6d805e4efea668fb19
FULL_UNIFIED_RUN_V1,v1_0544_favorita_20170329_mage_no_graph_s13,stage_1,Favorita,2017-03-29,mage_no_graph,no_graph,13,0.8471425147344257,0.40298071995813134,8.986470256677814,2520,16.0,,True,True,True,True,True,ea879401712d44acfee461cfe411213d56f770a3e213aa34edc206375ceafae6,345dabcf47b0f7e1fb1895e4c61f5d5ebffaa56e09a9f5b2d7896f439c70937b,99f53feff701ca0e8ddb39eaf4c2384b14067b4e69669a6d805e4efea668fb19
FULL_UNIFIED_RUN_V1,v1_0545_favorita_20170329_mage_no_graph_s29,stage_1,Favorita,2017-03-29,mage_no_graph,no_graph,29,0.837508711703351,0.4010466776568096,8.943341112390737,2520,19.0,,True,True,True,True,True,9b06a0ab047c4480f2077953b16520443bd39b38ef3ae9af64e6ebbb789bbcf4,345dabcf47b0f7e1fb1895e4c61f5d5ebffaa56e09a9f5b2d7896f439c70937b,99f53feff701ca0e8ddb39eaf4c2384b14067b4e69669a6d805e4efea668fb19
FULL_UNIFIED_RUN_V1,v1_0546_favorita_20170329_mage_no_graph_s47,stage_1,Favorita,2017-03-29,mage_no_graph,no_graph,47,0.8347474521514332,0.4252772395570047,9.483682654887652,2520,19.0,,True,True,True,True,True,601ba5585fe2ee3c6545605f131b64217824526310f622678e4e69169519e064,345dabcf47b0f7e1fb1895e4c61f5d5ebffaa56e09a9f5b2d7896f439c70937b,99f53feff701ca0e8ddb39eaf4c2384b14067b4e69669a6d805e4efea668fb19
FULL_UNIFIED_RUN_V1,v1_0547_favorita_20170426_mage_no_graph_s13,stage_1,Favorita,2017-04-26,mage_no_graph,no_graph,13,0.6897053493506201,0.38832893410116875,8.228721146379035,2520,32.0,,True,True,True,True,True,9c6ec7380c9f5310533224749229e441331c9a741cc24ab6103975e9c0b717c9,c488ebe713d35972ff5a908aa6c2090b4ea444972f31abbf215c0d17998dda91,99f53feff701ca0e8ddb39eaf4c2384b14067b4e69669a6d805e4efea668fb19
FULL_UNIFIED_RUN_V1,v1_0548_favorita_20170426_mage_no_graph_s29,stage_1,Favorita,2017-04-26,mage_no_graph,no_graph,29,0.6930337281327169,0.4048125948303623,8.578011234499833,2520,34.0,,True,True,True,True,True,88624484968fe78f0faeeedca11ae958ddb74d50b4317b1be21a0d2fe3e67700,c488ebe713d35972ff5a908aa6c2090b4ea444972f31abbf215c0d17998dda91,99f53feff701ca0e8ddb39eaf4c2384b14067b4e69669a6d805e4efea668fb19
FULL_UNIFIED_RUN_V1,v1_0549_favorita_20170426_mage_no_graph_s47,stage_1,Favorita,2017-04-26,mage_no_graph,no_graph,47,0.6839944487128734,0.37811305984025184,8.012245954402596,2520,44.0,,True,True,True,True,True,353c2140e4ea0c5ac8b1a1ca312b93efc5b4e93e6ce53ae5a9844a338863d155,c488ebe713d35972ff5a908aa6c2090b4ea444972f31abbf215c0d17998dda91,99f53feff701ca0e8ddb39eaf4c2384b14067b4e69669a6d805e4efea668fb19
FULL_UNIFIED_RUN_V1,v1_0550_store_item_20170522_mage_no_graph_s13,stage_1,Store Item,2017-05-22,mage_no_graph,no_graph,13,0.839851978344432,0.13946072605186402,8.865440960535928,2520,14.0,,True,True,True,True,True,4d6efbb314ecf1fc7c510a7d73698eb87dc9c13613db598b1391cb24538d0254,96f573b570f1b2d301538d41f90dacef49f3190e6f15d4c0105641fefebfcd31,99f53feff701ca0e8ddb39eaf4c2384b14067b4e69669a6d805e4efea668fb19
FULL_UNIFIED_RUN_V1,v1_0551_store_item_20170522_mage_no_graph_s29,stage_1,Store Item,2017-05-22,mage_no_graph,no_graph,29,0.919112877400766,0.15354346950862327,9.760673146777682,2520,7.0,,True,True,True,True,True,8fece83425cb1388a66bd3fa82d9426d10d72579a5ab7671cfae93a7851ab8f2,96f573b570f1b2d301538d41f90dacef49f3190e6f15d4c0105641fefebfcd31,99f53feff701ca0e8ddb39eaf4c2384b14067b4e69669a6d805e4efea668fb19
FULL_UNIFIED_RUN_V1,v1_0552_store_item_20170522_mage_no_graph_s47,stage_1,Store Item,2017-05-22,mage_no_graph,no_graph,47,0.8004015227884147,0.1296327843993156,8.240684163759624,2520,21.0,,True,True,True,True,True,4b6ccc2c222dc88cab3eb8b4cb6031919b28e5340410e14a31548a9589374582,96f573b570f1b2d301538d41f90dacef49f3190e6f15d4c0105641fefebfcd31,99f53feff701ca0e8ddb39eaf4c2384b14067b4e69669a6d805e4efea668fb19
FULL_UNIFIED_RUN_V1,v1_0553_store_item_20170619_mage_no_graph_s13,stage_1,Store Item,2017-06-19,mage_no_graph,no_graph,13,0.8158210188998835,0.12666166768301446,8.545139070919582,2520,14.0,,True,True,True,True,True,c083335ce765cdf67cd3f6f83785b07a8f21e7442bbe856808240bbd64ed8b47,28beca4732b3f14a100f847605d2098885a415ba97668113a3ccce044ffb107d,99f53feff701ca0e8ddb39eaf4c2384b14067b4e69669a6d805e4efea668fb19
FULL_UNIFIED_RUN_V1,v1_0554_store_item_20170619_mage_no_graph_s29,stage_1,Store Item,2017-06-19,mage_no_graph,no_graph,29,0.9989396504987978,0.15714052619456262,10.60137352186536,2520,7.0,,True,True,True,True,True,78c1daa03220e64bc1104a133f8db34c1480b76d15723776d35bc1970ad1fcb7,28beca4732b3f14a100f847605d2098885a415ba97668113a3ccce044ffb107d,99f53feff701ca0e8ddb39eaf4c2384b14067b4e69669a6d805e4efea668fb19
FULL_UNIFIED_RUN_V1,v1_0555_store_item_20170619_mage_no_graph_s47,stage_1,Store Item,2017-06-19,mage_no_graph,no_graph,47,0.8197389428164846,0.12608940064010463,8.506531483029562,2520,21.0,,True,True,True,True,True,2fc52576e83d92a0895688166fb731651353c5b63db4d89aa8d09db23924a5fe,28beca4732b3f14a100f847605d2098885a415ba97668113a3ccce044ffb107d,99f53feff701ca0e8ddb39eaf4c2384b14067b4e69669a6d805e4efea668fb19
FULL_UNIFIED_RUN_V1,v1_0556_store_item_20170717_mage_no_graph_s13,stage_1,Store Item,2017-07-17,mage_no_graph,no_graph,13,0.9734138870051388,0.15977106091265145,10.4689355449071,2520,23.0,,True,True,True,True,True,61182717b9230efac170a26bdfc0587f692a21895c2a38accfa2d60c0732268f,cb704e15bf73a80e87151fc7a786498308b0888b5b69c93a6c61d1fdd789036d,99f53feff701ca0e8ddb39eaf4c2384b14067b4e69669a6d805e4efea668fb19
FULL_UNIFIED_RUN_V1,v1_0557_store_item_20170717_mage_no_graph_s29,stage_1,Store Item,2017-07-17,mage_no_graph,no_graph,29,0.8106234958843479,0.12538288603076808,8.215663993169391,2520,15.0,,True,True,True,True,True,4f71d838a5fc05aee81f623435d971a6eea404b8388230e02d5884ae4565a0d0,cb704e15bf73a80e87151fc7a786498308b0888b5b69c93a6c61d1fdd789036d,99f53feff701ca0e8ddb39eaf4c2384b14067b4e69669a6d805e4efea668fb19
FULL_UNIFIED_RUN_V1,v1_0558_store_item_20170717_mage_no_graph_s47,stage_1,Store Item,2017-07-17,mage_no_graph,no_graph,47,0.8985254643250087,0.14439429545925717,9.461379073158144,2520,10.0,,True,True,True,True,True,81db0017a486ed5388d1fb2dcf7e4295ee1d7b05d22f5e5305706a48bc73f3d4,cb704e15bf73a80e87151fc7a786498308b0888b5b69c93a6c61d1fdd789036d,99f53feff701ca0e8ddb39eaf4c2384b14067b4e69669a6d805e4efea668fb19
FULL_UNIFIED_RUN_V1,v1_0559_m5_20151207_mage_placebo_s13,stage_1,M5,2015-12-07,mage_placebo,placebo,13,0.570542624821483,1.1806588954384658,2.14439516315451,2520,29.0,,True,True,True,True,True,cf8cefdd4fcc19112edf34f4939a0c31d92344ae5f179166ebea9e76d7544283,24f14f88e9945d2a7fb67744b119a74daf41bf279d2a3b941fb03feff77657e4,0fdc80620cf8962630e75c1fa2432803a694bdd75347ebc77b3093fc02c15c5f
FULL_UNIFIED_RUN_V1,v1_0560_m5_20151207_mage_placebo_s29,stage_1,M5,2015-12-07,mage_placebo,placebo,29,0.5463283073195528,0.8846563603861817,1.6067746811508041,2520,36.0,,True,True,True,True,True,03b9b1a0e7ad77c738068e5269259dada4dfd77f01480f308602ffcf6ca69cd1,24f14f88e9945d2a7fb67744b119a74daf41bf279d2a3b941fb03feff77657e4,0fdc80620cf8962630e75c1fa2432803a694bdd75347ebc77b3093fc02c15c5f
FULL_UNIFIED_RUN_V1,v1_0561_m5_20151207_mage_placebo_s47,stage_1,M5,2015-12-07,mage_placebo,placebo,47,0.5419251748584645,0.952710366143595,1.7303791204544101,2520,50.0,,True,True,True,True,True,768a0872ed5591b80fafecca8ba9b95ddf3add472d985092d6e25104fc7068f3,24f14f88e9945d2a7fb67744b119a74daf41bf279d2a3b941fb03feff77657e4,0fdc80620cf8962630e75c1fa2432803a694bdd75347ebc77b3093fc02c15c5f
FULL_UNIFIED_RUN_V1,v1_0562_m5_20160104_mage_placebo_s13,stage_1,M5,2016-01-04,mage_placebo,placebo,13,0.5938469064435655,0.7189241556949505,3.1741072337054312,2520,47.0,,True,True,True,True,True,0989600381519ac4aa5b8f8aecd1ef37adbe61698bde6c35a3572be332bb5fc1,f363d22b50ee5ecf935d764748129bbf4e83b2417ab50854a465cae0c12fccbf,0fdc80620cf8962630e75c1fa2432803a694bdd75347ebc77b3093fc02c15c5f
FULL_UNIFIED_RUN_V1,v1_0563_m5_20160104_mage_placebo_s29,stage_1,M5,2016-01-04,mage_placebo,placebo,29,0.6053628230326552,0.7344560992946538,3.24268199801512,2520,38.0,,True,True,True,True,True,e79c77412293e8d6f8b22b37bb40a6aaac08b9da790064a54e97e2395082b856,f363d22b50ee5ecf935d764748129bbf4e83b2417ab50854a465cae0c12fccbf,0fdc80620cf8962630e75c1fa2432803a694bdd75347ebc77b3093fc02c15c5f
FULL_UNIFIED_RUN_V1,v1_0564_m5_20160104_mage_placebo_s47,stage_1,M5,2016-01-04,mage_placebo,placebo,47,0.5935157779756336,0.7529969190686905,3.324541189554887,2520,49.0,,True,True,True,True,True,6df8d136958d6871b5db6b9016181fa77946a042797470d9f224b3ad121b01cc,f363d22b50ee5ecf935d764748129bbf4e83b2417ab50854a465cae0c12fccbf,0fdc80620cf8962630e75c1fa2432803a694bdd75347ebc77b3093fc02c15c5f
FULL_UNIFIED_RUN_V1,v1_0565_m5_20160201_mage_placebo_s13,stage_1,M5,2016-02-01,mage_placebo,placebo,13,0.7390226483579801,0.6035957245698876,3.3020518853261387,2520,15.0,,True,True,True,True,True,2895be32700b16b32ff11ea231bfa0888adaeaf2046a251ef00aaa89f2e0acd2,84ec5e1a462241b724bdb52169726ffe86647b20efbad04d01b949a8b9fc2a01,0fdc80620cf8962630e75c1fa2432803a694bdd75347ebc77b3093fc02c15c5f
FULL_UNIFIED_RUN_V1,v1_0566_m5_20160201_mage_placebo_s29,stage_1,M5,2016-02-01,mage_placebo,placebo,29,0.7484618249225012,0.6410763841189764,3.5070948925732943,2520,14.0,,True,True,True,True,True,ce18e279d482149fedd0dbcffd4dcde4834356775bcf4a29ddef9b36ae4666d7,84ec5e1a462241b724bdb52169726ffe86647b20efbad04d01b949a8b9fc2a01,0fdc80620cf8962630e75c1fa2432803a694bdd75347ebc77b3093fc02c15c5f
FULL_UNIFIED_RUN_V1,v1_0567_m5_20160201_mage_placebo_s47,stage_1,M5,2016-02-01,mage_placebo,placebo,47,0.7787976809740793,0.689933869464959,3.7743763609997933,2520,10.0,,True,True,True,True,True,48752bc098305efbdc181cf1b4c904329402b107ebc6f978b7c88a38d6271b28,84ec5e1a462241b724bdb52169726ffe86647b20efbad04d01b949a8b9fc2a01,0fdc80620cf8962630e75c1fa2432803a694bdd75347ebc77b3093fc02c15c5f
FULL_UNIFIED_RUN_V1,v1_0568_favorita_20170301_mage_placebo_s13,stage_1,Favorita,2017-03-01,mage_placebo,placebo,13,0.6598737151949543,0.4095891268632942,9.290521708324123,2520,50.0,,True,True,True,True,True,9c9df1d640210acff5fb3cee57e4834cd4b7567742650f6b9671558be2cca2e7,cd0beeec37632daa955a38f9eba4e42ab5553d9daac470a0028c402132af43b1,99f53feff701ca0e8ddb39eaf4c2384b14067b4e69669a6d805e4efea668fb19
FULL_UNIFIED_RUN_V1,v1_0569_favorita_20170301_mage_placebo_s29,stage_1,Favorita,2017-03-01,mage_placebo,placebo,29,0.6739039779668192,0.42857651449403844,9.721203885653189,2520,12.0,,True,True,True,True,True,a72289f11410abfbbfda040544967b2027f3ccca6e1237b920e6feb3fafbfcaf,cd0beeec37632daa955a38f9eba4e42ab5553d9daac470a0028c402132af43b1,99f53feff701ca0e8ddb39eaf4c2384b14067b4e69669a6d805e4efea668fb19
FULL_UNIFIED_RUN_V1,v1_0570_favorita_20170301_mage_placebo_s47,stage_1,Favorita,2017-03-01,mage_placebo,placebo,47,0.6772347840632189,0.4346010776979346,9.857856280841524,2520,19.0,,True,True,True,True,True,713f55305fa4cd1656b09879dccb2b52f7b902810dd3f0baea7827c7575cc8aa,cd0beeec37632daa955a38f9eba4e42ab5553d9daac470a0028c402132af43b1,99f53feff701ca0e8ddb39eaf4c2384b14067b4e69669a6d805e4efea668fb19
FULL_UNIFIED_RUN_V1,v1_0571_favorita_20170329_mage_placebo_s13,stage_1,Favorita,2017-03-29,mage_placebo,placebo,13,0.8343460132021338,0.44415548103904084,9.904667449381853,2520,22.0,,True,True,True,True,True,9e0b5fb48211866bb1273d7cc55468b74e5523a563ad231e686582a268afc1a2,345dabcf47b0f7e1fb1895e4c61f5d5ebffaa56e09a9f5b2d7896f439c70937b,99f53feff701ca0e8ddb39eaf4c2384b14067b4e69669a6d805e4efea668fb19
FULL_UNIFIED_RUN_V1,v1_0572_favorita_20170329_mage_placebo_s29,stage_1,Favorita,2017-03-29,mage_placebo,placebo,29,0.8512641999014151,0.40687817785822583,9.073383569799821,2520,14.0,,True,True,True,True,True,2dc40bcf0548d10c302cc7b9caf4278d24f486b0e9b69bf5977038c799ae130a,345dabcf47b0f7e1fb1895e4c61f5d5ebffaa56e09a9f5b2d7896f439c70937b,99f53feff701ca0e8ddb39eaf4c2384b14067b4e69669a6d805e4efea668fb19
FULL_UNIFIED_RUN_V1,v1_0573_favorita_20170329_mage_placebo_s47,stage_1,Favorita,2017-03-29,mage_placebo,placebo,47,0.8393541813376012,0.4097444534366335,9.137301516632313,2520,22.0,,True,True,True,True,True,c3a8eedcea1ee007440b300667dfea3ea8cc515facf07f97f412739a687b4e4c,345dabcf47b0f7e1fb1895e4c61f5d5ebffaa56e09a9f5b2d7896f439c70937b,99f53feff701ca0e8ddb39eaf4c2384b14067b4e69669a6d805e4efea668fb19
FULL_UNIFIED_RUN_V1,v1_0574_favorita_20170426_mage_placebo_s13,stage_1,Favorita,2017-04-26,mage_placebo,placebo,13,0.6927505749704307,0.3884751717577515,8.231819934008406,2520,19.0,,True,True,True,True,True,e4c678cc3c6273c24accd90eec203f7b4386e739f9e24df8262f5491d9002006,c488ebe713d35972ff5a908aa6c2090b4ea444972f31abbf215c0d17998dda91,99f53feff701ca0e8ddb39eaf4c2384b14067b4e69669a6d805e4efea668fb19
FULL_UNIFIED_RUN_V1,v1_0575_favorita_20170426_mage_placebo_s29,stage_1,Favorita,2017-04-26,mage_placebo,placebo,29,0.6925225611166106,0.38554687676476634,8.169769129096364,2520,34.0,,True,True,True,True,True,ca0aef1b08cb82c57438d7b9823c119ca595ca35e8caea93221d6e9472cdf2d3,c488ebe713d35972ff5a908aa6c2090b4ea444972f31abbf215c0d17998dda91,99f53feff701ca0e8ddb39eaf4c2384b14067b4e69669a6d805e4efea668fb19
FULL_UNIFIED_RUN_V1,v1_0576_favorita_20170426_mage_placebo_s47,stage_1,Favorita,2017-04-26,mage_placebo,placebo,47,0.6933350062299009,0.3976174601732249,8.425545756125754,2520,43.0,,True,True,True,True,True,dd4dd19996741d23b4a9241ef99845ede9b2ad4a8c4e9a643fc563beb5c2dc5b,c488ebe713d35972ff5a908aa6c2090b4ea444972f31abbf215c0d17998dda91,99f53feff701ca0e8ddb39eaf4c2384b14067b4e69669a6d805e4efea668fb19
FULL_UNIFIED_RUN_V1,v1_0577_store_item_20170522_mage_placebo_s13,stage_1,Store Item,2017-05-22,mage_placebo,placebo,13,0.9569180623475471,0.16170549817377414,10.2795287794537,2520,14.0,,True,True,True,True,True,11179ea7d7a39c8aad38f18771b8960b3d57949c5efa2104c26c7c9b481cb7a7,96f573b570f1b2d301538d41f90dacef49f3190e6f15d4c0105641fefebfcd31,99f53feff701ca0e8ddb39eaf4c2384b14067b4e69669a6d805e4efea668fb19
FULL_UNIFIED_RUN_V1,v1_0578_store_item_20170522_mage_placebo_s29,stage_1,Store Item,2017-05-22,mage_placebo,placebo,29,0.9944667092682578,0.16667234360703134,10.595268387264676,2520,12.0,,True,True,True,True,True,f82b314d2a09875c2b2eaa7f053c02772f54f9a00ba983b224719dece9f31d45,96f573b570f1b2d301538d41f90dacef49f3190e6f15d4c0105641fefebfcd31,99f53feff701ca0e8ddb39eaf4c2384b14067b4e69669a6d805e4efea668fb19
FULL_UNIFIED_RUN_V1,v1_0579_store_item_20170522_mage_placebo_s47,stage_1,Store Item,2017-05-22,mage_placebo,placebo,47,0.9930688667495916,0.1641648776207757,10.435870166051956,2520,5.0,,True,True,True,True,True,c1a554c325dfa9836fb515de7f5277ef062bd32abadc5c404789797133265eef,96f573b570f1b2d301538d41f90dacef49f3190e6f15d4c0105641fefebfcd31,99f53feff701ca0e8ddb39eaf4c2384b14067b4e69669a6d805e4efea668fb19
FULL_UNIFIED_RUN_V1,v1_0580_store_item_20170619_mage_placebo_s13,stage_1,Store Item,2017-06-19,mage_placebo,placebo,13,0.9641267693146618,0.1525360275583883,10.290734305457462,2520,14.0,,True,True,True,True,True,84627a2943ff10fac68a115656500a39e0c0038c48999efd10cc2bd86c44b91d,28beca4732b3f14a100f847605d2098885a415ba97668113a3ccce044ffb107d,99f53feff701ca0e8ddb39eaf4c2384b14067b4e69669a6d805e4efea668fb19
FULL_UNIFIED_RUN_V1,v1_0581_store_item_20170619_mage_placebo_s29,stage_1,Store Item,2017-06-19,mage_placebo,placebo,29,0.8447195824724483,0.1303835626358569,8.796234059333802,2520,23.0,,True,True,True,True,True,1d04033e5c48bb9b84650737775b7baa39564c0b48de3cfb822e8aa407a5d162,28beca4732b3f14a100f847605d2098885a415ba97668113a3ccce044ffb107d,99f53feff701ca0e8ddb39eaf4c2384b14067b4e69669a6d805e4efea668fb19
FULL_UNIFIED_RUN_V1,v1_0582_store_item_20170619_mage_placebo_s47,stage_1,Store Item,2017-06-19,mage_placebo,placebo,47,0.8977771934041139,0.14175164077480493,9.563173342886426,2520,21.0,,True,True,True,True,True,87e73f2d56091f6eb55fa210da51455fad9ea1ca32f2710c96507ebfdda58623,28beca4732b3f14a100f847605d2098885a415ba97668113a3ccce044ffb107d,99f53feff701ca0e8ddb39eaf4c2384b14067b4e69669a6d805e4efea668fb19
FULL_UNIFIED_RUN_V1,v1_0583_store_item_20170717_mage_placebo_s13,stage_1,Store Item,2017-07-17,mage_placebo,placebo,13,0.9275272372467087,0.14694145744290893,9.628280854225158,2520,23.0,,True,True,True,True,True,da6ce06e8041f51df8c442ee6ee9457726628336c7f0d4b0e09df306e2991eb8,cb704e15bf73a80e87151fc7a786498308b0888b5b69c93a6c61d1fdd789036d,99f53feff701ca0e8ddb39eaf4c2384b14067b4e69669a6d805e4efea668fb19
FULL_UNIFIED_RUN_V1,v1_0584_store_item_20170717_mage_placebo_s29,stage_1,Store Item,2017-07-17,mage_placebo,placebo,29,0.8391143373702012,0.13332302844017035,8.73593868263184,2520,23.0,,True,True,True,True,True,7d380e3804ac0b086183828c96025604dcceffea11c3ebf326b1c004cfeba99f,cb704e15bf73a80e87151fc7a786498308b0888b5b69c93a6c61d1fdd789036d,99f53feff701ca0e8ddb39eaf4c2384b14067b4e69669a6d805e4efea668fb19
FULL_UNIFIED_RUN_V1,v1_0585_store_item_20170717_mage_placebo_s47,stage_1,Store Item,2017-07-17,mage_placebo,placebo,47,0.9296950019009784,0.14998938996536793,9.82799542669266,2520,10.0,,True,True,True,True,True,4e0a277476d0c13cb7fe6fd970e3fbdc165884a99a59d1a8f366058b9b96e233,cb704e15bf73a80e87151fc7a786498308b0888b5b69c93a6c61d1fdd789036d,99f53feff701ca0e8ddb39eaf4c2384b14067b4e69669a6d805e4efea668fb19
FULL_UNIFIED_RUN_V1,v1_0586_m5_20151207_metadata_embedding_tcn_s13,stage_1,M5,2015-12-07,metadata_embedding_tcn,no_graph,13,0.5427639395049856,0.9251689941223332,1.6803565566324525,2520,13.0,,True,True,True,True,True,0f54a5ccea1e08e9b8b7bf6de70b3b151bb3383167244a469fbb27d5bd410f58,24f14f88e9945d2a7fb67744b119a74daf41bf279d2a3b941fb03feff77657e4,0fdc80620cf8962630e75c1fa2432803a694bdd75347ebc77b3093fc02c15c5f
FULL_UNIFIED_RUN_V1,v1_0587_m5_20151207_metadata_embedding_tcn_s29,stage_1,M5,2015-12-07,metadata_embedding_tcn,no_graph,29,0.5447453139192631,0.9452433667591366,1.716817034550366,2520,13.0,,True,True,True,True,True,833750b9a948f4f121959f8b6b150ec85035b49af51f22267712700767c29bff,24f14f88e9945d2a7fb67744b119a74daf41bf279d2a3b941fb03feff77657e4,0fdc80620cf8962630e75c1fa2432803a694bdd75347ebc77b3093fc02c15c5f
FULL_UNIFIED_RUN_V1,v1_0588_m5_20151207_metadata_embedding_tcn_s47,stage_1,M5,2015-12-07,metadata_embedding_tcn,no_graph,47,0.5437279841917291,0.97940617381959,1.778865911243927,2520,12.0,,True,True,True,True,True,e0bca028ce63b5d90045efe248c2f3d77a2162bdae08590bd2ed00c25598506f,24f14f88e9945d2a7fb67744b119a74daf41bf279d2a3b941fb03feff77657e4,0fdc80620cf8962630e75c1fa2432803a694bdd75347ebc77b3093fc02c15c5f
FULL_UNIFIED_RUN_V1,v1_0589_m5_20160104_metadata_embedding_tcn_s13,stage_1,M5,2016-01-04,metadata_embedding_tcn,no_graph,13,0.5931371320538964,0.8230165849315819,3.633683574264721,2520,5.0,,True,True,True,True,True,4e1d4364a855ff59613b06a2fb27a4a27e53670a490d346765a0f082179bb91e,f363d22b50ee5ecf935d764748129bbf4e83b2417ab50854a465cae0c12fccbf,0fdc80620cf8962630e75c1fa2432803a694bdd75347ebc77b3093fc02c15c5f
FULL_UNIFIED_RUN_V1,v1_0590_m5_20160104_metadata_embedding_tcn_s29,stage_1,M5,2016-01-04,metadata_embedding_tcn,no_graph,29,0.5854056211859969,0.8022201413028398,3.541865624298179,2520,9.0,,True,True,True,True,True,0f971659715d493d67ee64b7bdb76bc30a11340ce583fdbcce04882e8c422022,f363d22b50ee5ecf935d764748129bbf4e83b2417ab50854a465cae0c12fccbf,0fdc80620cf8962630e75c1fa2432803a694bdd75347ebc77b3093fc02c15c5f
FULL_UNIFIED_RUN_V1,v1_0591_m5_20160104_metadata_embedding_tcn_s47,stage_1,M5,2016-01-04,metadata_embedding_tcn,no_graph,47,0.5849504410902173,0.8072528722585969,3.564085531092825,2520,6.0,,True,True,True,True,True,e42342fc116ff9712ba32ae1cd36a0cfec2df45c18186e61658e9bd7959cbd9f,f363d22b50ee5ecf935d764748129bbf4e83b2417ab50854a465cae0c12fccbf,0fdc80620cf8962630e75c1fa2432803a694bdd75347ebc77b3093fc02c15c5f
FULL_UNIFIED_RUN_V1,v1_0592_m5_20160201_metadata_embedding_tcn_s13,stage_1,M5,2016-02-01,metadata_embedding_tcn,no_graph,13,0.7668344563970297,0.6289577570488337,3.440798307399428,2520,19.0,,True,True,True,True,True,234916481d95d2e6f316dad5c2c5207074e959ecc320da61c4ee6afdb0add53c,84ec5e1a462241b724bdb52169726ffe86647b20efbad04d01b949a8b9fc2a01,0fdc80620cf8962630e75c1fa2432803a694bdd75347ebc77b3093fc02c15c5f
FULL_UNIFIED_RUN_V1,v1_0593_m5_20160201_metadata_embedding_tcn_s29,stage_1,M5,2016-02-01,metadata_embedding_tcn,no_graph,29,0.7271566682208915,0.4997917345735756,2.7341781464656667,2520,14.0,,True,True,True,True,True,0ac31456b9bee3f22429ad2ec2f97c1113ed94d705e6e5487c77fd7f3d2d3d52,84ec5e1a462241b724bdb52169726ffe86647b20efbad04d01b949a8b9fc2a01,0fdc80620cf8962630e75c1fa2432803a694bdd75347ebc77b3093fc02c15c5f
FULL_UNIFIED_RUN_V1,v1_0594_m5_20160201_metadata_embedding_tcn_s47,stage_1,M5,2016-02-01,metadata_embedding_tcn,no_graph,47,0.7357495528237964,0.529588828800209,2.8971871724795726,2520,27.0,,True,True,True,True,True,c4af779b6f0e262e49f83b22465bd31296d1cbf27c13bc26ee1012693aa9141b,84ec5e1a462241b724bdb52169726ffe86647b20efbad04d01b949a8b9fc2a01,0fdc80620cf8962630e75c1fa2432803a694bdd75347ebc77b3093fc02c15c5f
FULL_UNIFIED_RUN_V1,v1_0595_favorita_20170301_metadata_embedding_tcn_s13,stage_1,Favorita,2017-03-01,metadata_embedding_tcn,no_graph,13,0.6529845791592622,0.41078616195244105,9.31767350448266,2520,13.0,,True,True,True,True,True,b9d7db0f38dfe68c5163b9e0a5b0cd3a60ea7c7f5307e8d4d8f6e98e7b418bdd,cd0beeec37632daa955a38f9eba4e42ab5553d9daac470a0028c402132af43b1,99f53feff701ca0e8ddb39eaf4c2384b14067b4e69669a6d805e4efea668fb19
FULL_UNIFIED_RUN_V1,v1_0596_favorita_20170301_metadata_embedding_tcn_s29,stage_1,Favorita,2017-03-01,metadata_embedding_tcn,no_graph,29,0.6577921485648212,0.4300438342659724,9.754486424910526,2520,14.0,,True,True,True,True,True,af22b4065f8c7910302f8e5283994615c67ee8b3aefd5a402ee1f29b3f7d9144,cd0beeec37632daa955a38f9eba4e42ab5553d9daac470a0028c402132af43b1,99f53feff701ca0e8ddb39eaf4c2384b14067b4e69669a6d805e4efea668fb19
FULL_UNIFIED_RUN_V1,v1_0597_favorita_20170301_metadata_embedding_tcn_s47,stage_1,Favorita,2017-03-01,metadata_embedding_tcn,no_graph,47,0.6467468333349651,0.403778365685443,9.15871888611998,2520,28.0,,True,True,True,True,True,a02749fd851dcca4a63dd66df53c63b68ec96b84e47f5ccc1d563f6401419dae,cd0beeec37632daa955a38f9eba4e42ab5553d9daac470a0028c402132af43b1,99f53feff701ca0e8ddb39eaf4c2384b14067b4e69669a6d805e4efea668fb19
FULL_UNIFIED_RUN_V1,v1_0598_favorita_20170329_metadata_embedding_tcn_s13,stage_1,Favorita,2017-03-29,metadata_embedding_tcn,no_graph,13,0.8920560669596753,0.5598978716396585,12.485722817681612,2520,7.0,,True,True,True,True,True,3429b64daad798f1634ab77c84408658e6caa9b544d98ec0054e8e82591db5fe,345dabcf47b0f7e1fb1895e4c61f5d5ebffaa56e09a9f5b2d7896f439c70937b,99f53feff701ca0e8ddb39eaf4c2384b14067b4e69669a6d805e4efea668fb19
FULL_UNIFIED_RUN_V1,v1_0599_favorita_20170329_metadata_embedding_tcn_s29,stage_1,Favorita,2017-03-29,metadata_embedding_tcn,no_graph,29,0.8601163918704988,0.4091804490396149,9.124724218296626,2520,10.0,,True,True,True,True,True,ee1738fb1e5cd6cc9a4e313033595c4eac9b4c15e5e78cdd7b5496787794efd5,345dabcf47b0f7e1fb1895e4c61f5d5ebffaa56e09a9f5b2d7896f439c70937b,99f53feff701ca0e8ddb39eaf4c2384b14067b4e69669a6d805e4efea668fb19
FULL_UNIFIED_RUN_V1,v1_0600_favorita_20170329_metadata_embedding_tcn_s47,stage_1,Favorita,2017-03-29,metadata_embedding_tcn,no_graph,47,0.8391470095781047,0.39467189947293146,8.80118355570095,2520,9.0,,True,True,True,True,True,ef0c7f4f5d41277bac7b9b24774978b2872c326efed6b1eabaa31ea148b30169,345dabcf47b0f7e1fb1895e4c61f5d5ebffaa56e09a9f5b2d7896f439c70937b,99f53feff701ca0e8ddb39eaf4c2384b14067b4e69669a6d805e4efea668fb19
FULL_UNIFIED_RUN_V1,v1_0601_favorita_20170426_metadata_embedding_tcn_s13,stage_1,Favorita,2017-04-26,metadata_embedding_tcn,no_graph,13,0.6909088921638664,0.4125723529496589,8.742441129158177,2520,41.0,,True,True,True,True,True,df5b95fd48349b57ab1f4ab90914a810d766ad40dc9f2821b7bef00bf477d696,c488ebe713d35972ff5a908aa6c2090b4ea444972f31abbf215c0d17998dda91,99f53feff701ca0e8ddb39eaf4c2384b14067b4e69669a6d805e4efea668fb19
FULL_UNIFIED_RUN_V1,v1_0602_favorita_20170426_metadata_embedding_tcn_s29,stage_1,Favorita,2017-04-26,metadata_embedding_tcn,no_graph,29,0.6775595177527851,0.37556636880307526,7.958281367809497,2520,30.0,,True,True,True,True,True,99a803b790e93a580a390e8aed8f6711d3c656cbdc7527050168efd7c39a2553,c488ebe713d35972ff5a908aa6c2090b4ea444972f31abbf215c0d17998dda91,99f53feff701ca0e8ddb39eaf4c2384b14067b4e69669a6d805e4efea668fb19
FULL_UNIFIED_RUN_V1,v1_0603_favorita_20170426_metadata_embedding_tcn_s47,stage_1,Favorita,2017-04-26,metadata_embedding_tcn,no_graph,47,0.6813722551182178,0.3885110786781819,8.23258080452178,2520,32.0,,True,True,True,True,True,4e93b1ded6acfc777e9f2b32f2cd5eae6933f2e8481463faeb07919ec8b6501b,c488ebe713d35972ff5a908aa6c2090b4ea444972f31abbf215c0d17998dda91,99f53feff701ca0e8ddb39eaf4c2384b14067b4e69669a6d805e4efea668fb19
FULL_UNIFIED_RUN_V1,v1_0604_m5_20151207_semantic_knn_tcn_s13,stage_1,M5,2015-12-07,semantic_knn_tcn,native,13,0.5440397357276772,0.8752200819511753,1.589635853067277,2520,29.0,,True,True,True,True,True,5aa6cfe4c1a59c92897d8e1f367458c66bd79b4c8a53996e504275a22effc005,24f14f88e9945d2a7fb67744b119a74daf41bf279d2a3b941fb03feff77657e4,0fdc80620cf8962630e75c1fa2432803a694bdd75347ebc77b3093fc02c15c5f
FULL_UNIFIED_RUN_V1,v1_0605_m5_20151207_semantic_knn_tcn_s29,stage_1,M5,2015-12-07,semantic_knn_tcn,native,29,0.5437334395192386,0.9455889270055202,1.7174446652096416,2520,33.0,,True,True,True,True,True,8acf1a2684a17770e79ae6099a454d964f77ac2e7a4e7b2f7424842c65e4d456,24f14f88e9945d2a7fb67744b119a74daf41bf279d2a3b941fb03feff77657e4,0fdc80620cf8962630e75c1fa2432803a694bdd75347ebc77b3093fc02c15c5f
FULL_UNIFIED_RUN_V1,v1_0606_m5_20151207_semantic_knn_tcn_s47,stage_1,M5,2015-12-07,semantic_knn_tcn,native,47,0.5372073259831877,0.8649219107807171,1.5709315951884029,2520,34.0,,True,True,True,True,True,828ec417b698d4a94975976d6e17c75de72738ee88c33aff46020f1470295bbf,24f14f88e9945d2a7fb67744b119a74daf41bf279d2a3b941fb03feff77657e4,0fdc80620cf8962630e75c1fa2432803a694bdd75347ebc77b3093fc02c15c5f
FULL_UNIFIED_RUN_V1,v1_0607_m5_20160104_semantic_knn_tcn_s13,stage_1,M5,2016-01-04,semantic_knn_tcn,native,13,0.5577168432767301,0.7273201138246692,3.2111760555308253,2520,38.0,,True,True,True,True,True,5d27c4aa681d00f313f9981317124371567ae4d2c3a0750fd0eee67cabf81fdc,f363d22b50ee5ecf935d764748129bbf4e83b2417ab50854a465cae0c12fccbf,0fdc80620cf8962630e75c1fa2432803a694bdd75347ebc77b3093fc02c15c5f
FULL_UNIFIED_RUN_V1,v1_0608_m5_20160104_semantic_knn_tcn_s29,stage_1,M5,2016-01-04,semantic_knn_tcn,native,29,0.6017612430024075,0.8205742994415102,3.6229006898959004,2520,13.0,,True,True,True,True,True,89f7df29215d142c84d8a157975dfdd573d67571a9e1a3c87cd3499e366758d3,f363d22b50ee5ecf935d764748129bbf4e83b2417ab50854a465cae0c12fccbf,0fdc80620cf8962630e75c1fa2432803a694bdd75347ebc77b3093fc02c15c5f
FULL_UNIFIED_RUN_V1,v1_0609_m5_20160104_semantic_knn_tcn_s47,stage_1,M5,2016-01-04,semantic_knn_tcn,native,47,0.6327573942056222,0.8444731502791475,3.728416014036962,2520,4.0,,True,True,True,True,True,1543275b83a88f134c42e6a9055786f6e75a2a81abddf22d0fb7753a46881929,f363d22b50ee5ecf935d764748129bbf4e83b2417ab50854a465cae0c12fccbf,0fdc80620cf8962630e75c1fa2432803a694bdd75347ebc77b3093fc02c15c5f
FULL_UNIFIED_RUN_V1,v1_0610_m5_20160201_semantic_knn_tcn_s13,stage_1,M5,2016-02-01,semantic_knn_tcn,native,13,0.7231869578636627,0.5450905536838206,2.9819914508965755,2520,11.0,,True,True,True,True,True,6ce667e13143a86dc195cf7ce80c2bcc373f72e039fa0fbfeef36ad9e243154a,84ec5e1a462241b724bdb52169726ffe86647b20efbad04d01b949a8b9fc2a01,0fdc80620cf8962630e75c1fa2432803a694bdd75347ebc77b3093fc02c15c5f
FULL_UNIFIED_RUN_V1,v1_0611_m5_20160201_semantic_knn_tcn_s29,stage_1,M5,2016-02-01,semantic_knn_tcn,native,29,0.7215947318991531,0.4789818614933431,2.6203349268389124,2520,14.0,,True,True,True,True,True,f06785882a830ad0c1e132a12ba0b953de89294a23c5182737f17353d50613be,84ec5e1a462241b724bdb52169726ffe86647b20efbad04d01b949a8b9fc2a01,0fdc80620cf8962630e75c1fa2432803a694bdd75347ebc77b3093fc02c15c5f
FULL_UNIFIED_RUN_V1,v1_0612_m5_20160201_semantic_knn_tcn_s47,stage_1,M5,2016-02-01,semantic_knn_tcn,native,47,0.7341163842654339,0.5244875138302023,2.869279740354608,2520,27.0,,True,True,True,True,True,65048909aa7dc0736aa96238dd6dc89fdf957b6f629e826104bfebfd1450de30,84ec5e1a462241b724bdb52169726ffe86647b20efbad04d01b949a8b9fc2a01,0fdc80620cf8962630e75c1fa2432803a694bdd75347ebc77b3093fc02c15c5f
FULL_UNIFIED_RUN_V1,v1_0613_favorita_20170301_semantic_knn_tcn_s13,stage_1,Favorita,2017-03-01,semantic_knn_tcn,native,13,0.6668532000954923,0.4093202371003265,9.28442260554977,2520,29.0,,True,True,True,True,True,1b5f9cc3e636dd99bb076d7936dad5e495cb917f61f9450274a8a8845fdd4505,cd0beeec37632daa955a38f9eba4e42ab5553d9daac470a0028c402132af43b1,99f53feff701ca0e8ddb39eaf4c2384b14067b4e69669a6d805e4efea668fb19
FULL_UNIFIED_RUN_V1,v1_0614_favorita_20170301_semantic_knn_tcn_s29,stage_1,Favorita,2017-03-01,semantic_knn_tcn,native,29,0.6655118651775922,0.42900131982480716,9.730839549513563,2520,18.0,,True,True,True,True,True,5d430e0bfc94d8d3a3b49d45e65cb8c8c649b6677db1be2d7f81526bc44e6d34,cd0beeec37632daa955a38f9eba4e42ab5553d9daac470a0028c402132af43b1,99f53feff701ca0e8ddb39eaf4c2384b14067b4e69669a6d805e4efea668fb19
FULL_UNIFIED_RUN_V1,v1_0615_favorita_20170301_semantic_knn_tcn_s47,stage_1,Favorita,2017-03-01,semantic_knn_tcn,native,47,0.6551965534762758,0.4109939219332529,9.322386028534837,2520,23.0,,True,True,True,True,True,a6d650e82f613e55abf0f33ae25ee4dc1aa9dd2e3074a1864389e0079555a4fc,cd0beeec37632daa955a38f9eba4e42ab5553d9daac470a0028c402132af43b1,99f53feff701ca0e8ddb39eaf4c2384b14067b4e69669a6d805e4efea668fb19
FULL_UNIFIED_RUN_V1,v1_0616_favorita_20170329_semantic_knn_tcn_s13,stage_1,Favorita,2017-03-29,semantic_knn_tcn,native,13,0.8487160519405271,0.3892590401307095,8.680476789661343,2520,23.0,,True,True,True,True,True,536e0dbd78a21658072afe65bc8ae961516252a53d4f41c5dade3fbac2940bb3,345dabcf47b0f7e1fb1895e4c61f5d5ebffaa56e09a9f5b2d7896f439c70937b,99f53feff701ca0e8ddb39eaf4c2384b14067b4e69669a6d805e4efea668fb19
FULL_UNIFIED_RUN_V1,v1_0617_favorita_20170329_semantic_knn_tcn_s29,stage_1,Favorita,2017-03-29,semantic_knn_tcn,native,29,0.8427328168262133,0.40118705198609084,8.946471460003938,2520,22.0,,True,True,True,True,True,fa19f6ebd176bfb2c8052fac8af0895b425de958cd2627480e36c70c4db4d52e,345dabcf47b0f7e1fb1895e4c61f5d5ebffaa56e09a9f5b2d7896f439c70937b,99f53feff701ca0e8ddb39eaf4c2384b14067b4e69669a6d805e4efea668fb19
FULL_UNIFIED_RUN_V1,v1_0618_favorita_20170329_semantic_knn_tcn_s47,stage_1,Favorita,2017-03-29,semantic_knn_tcn,native,47,0.865762546716393,0.4046911178621152,9.024612130792368,2520,13.0,,True,True,True,True,True,251177f10455fe1d90f6fdbe026fd2a161839f0c7f0aaadd9a28e5fe5f88093c,345dabcf47b0f7e1fb1895e4c61f5d5ebffaa56e09a9f5b2d7896f439c70937b,99f53feff701ca0e8ddb39eaf4c2384b14067b4e69669a6d805e4efea668fb19
FULL_UNIFIED_RUN_V1,v1_0619_favorita_20170426_semantic_knn_tcn_s13,stage_1,Favorita,2017-04-26,semantic_knn_tcn,native,13,0.7102148928075641,0.4146948804734716,8.78741765700665,2520,34.0,,True,True,True,True,True,c76638aa272f3d24121c4e8b4032d941616c83bd0929676bf1a7fa37226e1564,c488ebe713d35972ff5a908aa6c2090b4ea444972f31abbf215c0d17998dda91,99f53feff701ca0e8ddb39eaf4c2384b14067b4e69669a6d805e4efea668fb19
FULL_UNIFIED_RUN_V1,v1_0620_favorita_20170426_semantic_knn_tcn_s29,stage_1,Favorita,2017-04-26,semantic_knn_tcn,native,29,0.6892921135223637,0.37712945943930126,7.991403383303375,2520,50.0,,True,True,True,True,True,d8e7e9d69abd0646a15e83ee28e7874144ed5a03cef25730455d1e2f551ae98b,c488ebe713d35972ff5a908aa6c2090b4ea444972f31abbf215c0d17998dda91,99f53feff701ca0e8ddb39eaf4c2384b14067b4e69669a6d805e4efea668fb19
FULL_UNIFIED_RUN_V1,v1_0621_favorita_20170426_semantic_knn_tcn_s47,stage_1,Favorita,2017-04-26,semantic_knn_tcn,native,47,0.7118911732776769,0.3901313886857314,8.26691530306661,2520,16.0,,True,True,True,True,True,22bbb265bae98e51a6860333da80fe883c070ab70e8593203ef3f85a2a558aba,c488ebe713d35972ff5a908aa6c2090b4ea444972f31abbf215c0d17998dda91,99f53feff701ca0e8ddb39eaf4c2384b14067b4e69669a6d805e4efea668fb19
FULL_UNIFIED_RUN_V1,v1_0622_m5_20151207_semantic_placebo_tcn_s13,stage_1,M5,2015-12-07,semantic_placebo_tcn,placebo,13,0.531152701520116,0.8185795519788371,1.4867613657954193,2520,40.0,,True,True,True,True,True,1fc949215cadf4cca93cf09ce6bd24ab715140f59de0680f039b716bcf4b0945,24f14f88e9945d2a7fb67744b119a74daf41bf279d2a3b941fb03feff77657e4,0fdc80620cf8962630e75c1fa2432803a694bdd75347ebc77b3093fc02c15c5f
FULL_UNIFIED_RUN_V1,v1_0623_m5_20151207_semantic_placebo_tcn_s29,stage_1,M5,2015-12-07,semantic_placebo_tcn,placebo,29,0.5400798506121668,0.945367111421296,1.7170417882502078,2520,24.0,,True,True,True,True,True,5ca382ab6e076df55b83849527a24396f802d1fb637628c0bf841833d2681976,24f14f88e9945d2a7fb67744b119a74daf41bf279d2a3b941fb03feff77657e4,0fdc80620cf8962630e75c1fa2432803a694bdd75347ebc77b3093fc02c15c5f
FULL_UNIFIED_RUN_V1,v1_0624_m5_20151207_semantic_placebo_tcn_s47,stage_1,M5,2015-12-07,semantic_placebo_tcn,placebo,47,0.5548330577835074,0.9708520668281986,1.7633293445621219,2520,12.0,,True,True,True,True,True,515b762516f6586de6be8874377963582d871e6a47fce2fdda684b6287c42a86,24f14f88e9945d2a7fb67744b119a74daf41bf279d2a3b941fb03feff77657e4,0fdc80620cf8962630e75c1fa2432803a694bdd75347ebc77b3093fc02c15c5f
FULL_UNIFIED_RUN_V1,v1_0625_m5_20160104_semantic_placebo_tcn_s13,stage_1,M5,2016-01-04,semantic_placebo_tcn,placebo,13,0.6326782289146163,0.8564760693534156,3.781409854843976,2520,4.0,,True,True,True,True,True,70dbcb20872cfb4f20b98b849511947bfe414852a9bd884df1c1b68ab05e5c02,f363d22b50ee5ecf935d764748129bbf4e83b2417ab50854a465cae0c12fccbf,0fdc80620cf8962630e75c1fa2432803a694bdd75347ebc77b3093fc02c15c5f
FULL_UNIFIED_RUN_V1,v1_0626_m5_20160104_semantic_placebo_tcn_s29,stage_1,M5,2016-01-04,semantic_placebo_tcn,placebo,29,0.5987785909036492,0.8095321207584136,3.574148594203686,2520,12.0,,True,True,True,True,True,8e7af7a31cf5350d5b84fdbb0f1970afb6865a791c5173d183605c0c325c2ef5,f363d22b50ee5ecf935d764748129bbf4e83b2417ab50854a465cae0c12fccbf,0fdc80620cf8962630e75c1fa2432803a694bdd75347ebc77b3093fc02c15c5f
FULL_UNIFIED_RUN_V1,v1_0627_m5_20160104_semantic_placebo_tcn_s47,stage_1,M5,2016-01-04,semantic_placebo_tcn,placebo,47,0.6418391656544021,0.8598043328979637,3.796104402674569,2520,4.0,,True,True,True,True,True,e4c5513bcd404b60b1e0cb791af1f9e7ad280dbf2ef8e18a22bf6d433c557450,f363d22b50ee5ecf935d764748129bbf4e83b2417ab50854a465cae0c12fccbf,0fdc80620cf8962630e75c1fa2432803a694bdd75347ebc77b3093fc02c15c5f
FULL_UNIFIED_RUN_V1,v1_0628_m5_20160201_semantic_placebo_tcn_s13,stage_1,M5,2016-02-01,semantic_placebo_tcn,placebo,13,0.7228243945332634,0.5495162089173068,3.006202595231552,2520,11.0,,True,True,True,True,True,109eeb2f937d88bbf21d986fc4204cf664ab940d52be23440b93765dc47fc560,84ec5e1a462241b724bdb52169726ffe86647b20efbad04d01b949a8b9fc2a01,0fdc80620cf8962630e75c1fa2432803a694bdd75347ebc77b3093fc02c15c5f
FULL_UNIFIED_RUN_V1,v1_0629_m5_20160201_semantic_placebo_tcn_s29,stage_1,M5,2016-02-01,semantic_placebo_tcn,placebo,29,0.733209915580533,0.5580466774124639,3.0528696745870607,2520,31.0,,True,True,True,True,True,34f175e4c9aa71703fad2e4af5412b7b7ea5f2dc729395a1034435782bd41924,84ec5e1a462241b724bdb52169726ffe86647b20efbad04d01b949a8b9fc2a01,0fdc80620cf8962630e75c1fa2432803a694bdd75347ebc77b3093fc02c15c5f
FULL_UNIFIED_RUN_V1,v1_0630_m5_20160201_semantic_placebo_tcn_s47,stage_1,M5,2016-02-01,semantic_placebo_tcn,placebo,47,0.7313433796073184,0.56402809743401,3.0855918401940947,2520,9.0,,True,True,True,True,True,330308782d6fa62e7616e8b89b0c1b6d7fe893b5cc61bb1c9959c223fbf3c1bc,84ec5e1a462241b724bdb52169726ffe86647b20efbad04d01b949a8b9fc2a01,0fdc80620cf8962630e75c1fa2432803a694bdd75347ebc77b3093fc02c15c5f
FULL_UNIFIED_RUN_V1,v1_0631_favorita_20170301_semantic_placebo_tcn_s13,stage_1,Favorita,2017-03-01,semantic_placebo_tcn,placebo,13,0.673676391453128,0.4413196173382244,10.010249824230634,2520,37.0,,True,True,True,True,True,f8633cdffaca6d5614dae9b9fecd989f42b0a0d54b4345b7e892061c8667b214,cd0beeec37632daa955a38f9eba4e42ab5553d9daac470a0028c402132af43b1,99f53feff701ca0e8ddb39eaf4c2384b14067b4e69669a6d805e4efea668fb19
FULL_UNIFIED_RUN_V1,v1_0632_favorita_20170301_semantic_placebo_tcn_s29,stage_1,Favorita,2017-03-01,semantic_placebo_tcn,placebo,29,0.6879064312885438,0.4430250753996616,10.04893394473881,2520,26.0,,True,True,True,True,True,c3887958242f625b1a291325e03c9f647a09eae939a87250a924980f90cc67b7,cd0beeec37632daa955a38f9eba4e42ab5553d9daac470a0028c402132af43b1,99f53feff701ca0e8ddb39eaf4c2384b14067b4e69669a6d805e4efea668fb19
FULL_UNIFIED_RUN_V1,v1_0633_favorita_20170301_semantic_placebo_tcn_s47,stage_1,Favorita,2017-03-01,semantic_placebo_tcn,placebo,47,0.6758867823528716,0.46406665819061765,10.526210485729907,2520,13.0,,True,True,True,True,True,1c7bd98de2ae87c74ee8e3ca3e1913e91c27e89b324f96a6ad18e6b639011b27,cd0beeec37632daa955a38f9eba4e42ab5553d9daac470a0028c402132af43b1,99f53feff701ca0e8ddb39eaf4c2384b14067b4e69669a6d805e4efea668fb19
FULL_UNIFIED_RUN_V1,v1_0634_favorita_20170329_semantic_placebo_tcn_s13,stage_1,Favorita,2017-03-29,semantic_placebo_tcn,placebo,13,0.8819709806367427,0.47294307919937917,10.54663090275985,2520,6.0,,True,True,True,True,True,9e5cb4918f9c1b82e664fa9fb267966b85802fa2b536d4cdcc49e220ff938169,345dabcf47b0f7e1fb1895e4c61f5d5ebffaa56e09a9f5b2d7896f439c70937b,99f53feff701ca0e8ddb39eaf4c2384b14067b4e69669a6d805e4efea668fb19
FULL_UNIFIED_RUN_V1,v1_0635_favorita_20170329_semantic_placebo_tcn_s29,stage_1,Favorita,2017-03-29,semantic_placebo_tcn,placebo,29,0.8594760533583687,0.43898550780490814,9.789377043674152,2520,20.0,,True,True,True,True,True,242ec93cddd9f5c7c75a89de656251e64eebf55370821b70fcce5cef1c0d23c3,345dabcf47b0f7e1fb1895e4c61f5d5ebffaa56e09a9f5b2d7896f439c70937b,99f53feff701ca0e8ddb39eaf4c2384b14067b4e69669a6d805e4efea668fb19
FULL_UNIFIED_RUN_V1,v1_0636_favorita_20170329_semantic_placebo_tcn_s47,stage_1,Favorita,2017-03-29,semantic_placebo_tcn,placebo,47,0.8932110782730084,0.45801223230185156,10.213673009475071,2520,15.0,,True,True,True,True,True,75040f042674373ae7400483d0ae8da1206436bbeeb05ec33fdeaaa8fcc4f2a5,345dabcf47b0f7e1fb1895e4c61f5d5ebffaa56e09a9f5b2d7896f439c70937b,99f53feff701ca0e8ddb39eaf4c2384b14067b4e69669a6d805e4efea668fb19
FULL_UNIFIED_RUN_V1,v1_0637_favorita_20170426_semantic_placebo_tcn_s13,stage_1,Favorita,2017-04-26,semantic_placebo_tcn,placebo,13,0.7261062208121872,0.45520032450323644,9.645731252934487,2520,29.0,,True,True,True,True,True,b4b079cabb701fb1e054cb275e2acb3b6f01bc6b66d4ca1281b3f0bb4ff03a42,c488ebe713d35972ff5a908aa6c2090b4ea444972f31abbf215c0d17998dda91,99f53feff701ca0e8ddb39eaf4c2384b14067b4e69669a6d805e4efea668fb19
FULL_UNIFIED_RUN_V1,v1_0638_favorita_20170426_semantic_placebo_tcn_s29,stage_1,Favorita,2017-04-26,semantic_placebo_tcn,placebo,29,0.7101407552838543,0.41242127157371816,8.739239702728533,2520,25.0,,True,True,True,True,True,ae1cf9000dc7b9e22772e83abb86471209ff1904a431e0e405512e3b16d913c7,c488ebe713d35972ff5a908aa6c2090b4ea444972f31abbf215c0d17998dda91,99f53feff701ca0e8ddb39eaf4c2384b14067b4e69669a6d805e4efea668fb19
FULL_UNIFIED_RUN_V1,v1_0639_favorita_20170426_semantic_placebo_tcn_s47,stage_1,Favorita,2017-04-26,semantic_placebo_tcn,placebo,47,0.6785292565742134,0.37435966609647814,7.932711241024709,2520,43.0,,True,True,True,True,True,e22c009ca36d7764cf58391b519d53b0a5f2509d10a9b8c028e0680a16140ff3,c488ebe713d35972ff5a908aa6c2090b4ea444972f31abbf215c0d17998dda91,99f53feff701ca0e8ddb39eaf4c2384b14067b4e69669a6d805e4efea668fb19
