dataset,model_id,item_block,RMSSE,WAPE,MAE,nodes
Favorita,dlinear,item_block_00,0.5779530278911414,0.5894202355739413,12.904607307973993,3
Favorita,dlinear,item_block_01,1.4278061283080974,0.5773363138796305,5.432191213287374,3
Favorita,dlinear,item_block_02,0.7296511412226401,0.6261601688620301,1.4426935693574332,3
Favorita,dlinear,item_block_03,0.6139029160876668,0.32390133333228704,86.17798216633065,3
Favorita,dlinear,item_block_04,0.5262185089179556,0.7798943672085313,3.508938599831213,3
Favorita,dlinear,item_block_05,0.5884571679365503,0.6868232060609998,4.786651662102452,3
Favorita,dlinear,item_block_06,1.3594918699521075,0.601797437711859,11.301414299263525,3
Favorita,dlinear,item_block_07,2.540314475611304,0.7247648057398842,12.32699120486224,3
Favorita,dlinear,item_block_08,1.3126843959689853,0.700865401330283,8.822579968227911,3
Favorita,dlinear,item_block_09,0.8567070556431728,0.5208368803770479,4.141768163474148,3
Favorita,dlinear,item_block_10,1.1043633908402017,0.8199426608175059,4.656885459940269,3
Favorita,dlinear,item_block_11,0.38207155386530317,0.9658255146325604,4.194107915476832,3
Favorita,dlinear,item_block_12,1.046103899506103,0.3325355406739955,28.139154500431484,3
Favorita,dlinear,item_block_13,0.7077311280784693,0.38317033057368055,23.09664689296137,3
Favorita,dlinear,item_block_14,0.43012312698747823,2.0607357785084193,1.180985901721571,3
Favorita,dlinear,item_block_15,0.8557212251902186,0.5866032392382189,1.9308845782406114,3
Favorita,dlinear,item_block_16,0.4268752973483795,5.157375762765275,1.92603396561253,3
Favorita,dlinear,item_block_17,0.18401086456982096,0.4352783449942649,4.094114559668082,3
Favorita,dlinear,item_block_18,0.7065228315593749,0.5095069249423219,23.38390407738862,3
Favorita,dlinear,item_block_19,0.501871304056272,0.4742023017290243,3.7669171438646063,3
Favorita,dlinear,item_block_20,0.3436281982006044,0.7971284299362521,2.8683543107497,3
Favorita,dlinear,item_block_21,0.5129309333203198,0.6033097955354294,1.7795713897104617,3
Favorita,dlinear,item_block_22,0.4742603548038274,0.5870972875682082,5.027795288928602,3
Favorita,dlinear,item_block_23,0.6183370073232477,0.6678276563601725,2.4664373747886175,3
Favorita,dlinear,item_block_24,0.18221490635133702,0.6597267758498468,2.1646462369848183,3
Favorita,dlinear,item_block_25,0.6359052683991906,0.31601226876447036,4.297028091849474,3
Favorita,dlinear,item_block_26,0.6204598450146372,0.7849631752910889,1.6122167769563263,3
Favorita,dlinear,item_block_27,0.5360754404994266,0.5898842202818217,5.9625233512706854,3
Favorita,dlinear,item_block_28,0.7369199347299829,0.4313724340577656,4.022239382935579,3
Favorita,dlinear,item_block_29,0.8745777332288692,0.39660995602715043,4.415138176193944,3
Favorita,global_lightgbm,item_block_00,0.6299487833518371,0.6417582220538122,14.025246427172707,3
Favorita,global_lightgbm,item_block_01,1.4511794332954855,0.6012135186587759,5.609200904293666,3
Favorita,global_lightgbm,item_block_02,1.2459021681219768,1.3018820652049907,2.971247138485076,3
Favorita,global_lightgbm,item_block_03,0.5010084447429746,0.2714474847716588,68.66535829362414,3
Favorita,global_lightgbm,item_block_04,0.6113272470314182,1.2033754491950994,4.427211281799135,3
Favorita,global_lightgbm,item_block_05,0.6902362767660885,0.8803048879566375,5.421662966410319,3
Favorita,global_lightgbm,item_block_06,1.338385069281173,0.6470894091581343,12.23599918698153,3
Favorita,global_lightgbm,item_block_07,2.571632548525378,0.7823396203046504,12.87619497000225,3
Favorita,global_lightgbm,item_block_08,1.412259979300471,0.8361553539636952,10.004200555975476,3
Favorita,global_lightgbm,item_block_09,0.9374533979792281,0.6287935891509466,4.726463130542211,3
Favorita,global_lightgbm,item_block_10,1.3300466696315218,1.0186900157859549,5.5933342755786954,3
Favorita,global_lightgbm,item_block_11,0.6456367179069069,1.3891970403722664,7.6852510079504945,3
Favorita,global_lightgbm,item_block_12,1.0611713053079947,0.3342652529839904,28.13840473833538,3
Favorita,global_lightgbm,item_block_13,0.7245218540370018,0.42680857747808654,25.249580250846016,3
Favorita,global_lightgbm,item_block_14,1.3656907507693248,7.784647967876784,3.801204354043991,3
Favorita,global_lightgbm,item_block_15,1.3711078762455353,1.3189095040401553,2.9451669946549432,3
Favorita,global_lightgbm,item_block_16,0.7498830955069887,14.822607167172004,4.250109175841014,3
Favorita,global_lightgbm,item_block_17,0.2157284756073073,0.5259000844285635,4.524564228360615,3
Favorita,global_lightgbm,item_block_18,0.6098080120157243,0.3801154708128793,17.75952637195587,3
Favorita,global_lightgbm,item_block_19,0.5674018628145734,0.5204764423294926,4.025125291612413,3
Favorita,global_lightgbm,item_block_20,0.46388338681558206,1.4002987512271698,4.482779231336382,3
Favorita,global_lightgbm,item_block_21,0.8905555343438587,1.293862907396251,3.4634729273735534,3
Favorita,global_lightgbm,item_block_22,0.5755174891636636,0.7878401979289029,6.888202135525052,3
Favorita,global_lightgbm,item_block_23,0.8072349094760379,0.978857540520827,3.531663349696568,3
Favorita,global_lightgbm,item_block_24,0.2967382135939368,1.373344635954931,3.981316165318565,3
Favorita,global_lightgbm,item_block_25,0.6258567013136938,0.32101696430547927,4.342096809356931,3
Favorita,global_lightgbm,item_block_26,1.2796610795680177,1.7696095417407043,3.328542747194805,3
Favorita,global_lightgbm,item_block_27,0.6523536911783658,0.8679820705825662,8.23521161836291,3
Favorita,global_lightgbm,item_block_28,0.8547438896141725,0.46894404210422524,4.218875517920842,3
Favorita,global_lightgbm,item_block_29,0.9320321554653103,0.40035188908496616,4.462061700366792,3
Favorita,gts_native,item_block_00,0.6203860438635815,0.657565416720662,14.513444967370814,3
Favorita,gts_native,item_block_01,1.595797547202004,0.6533103446790385,6.076954335289657,3
Favorita,gts_native,item_block_02,0.8254651566289242,0.6843488731914831,1.5876191334118919,3
Favorita,gts_native,item_block_03,1.1340008702641622,0.672962806605883,182.70546062661228,3
Favorita,gts_native,item_block_04,0.5586834459023631,0.8185069603034859,3.766215187374246,3
Favorita,gts_native,item_block_05,0.6210818477582498,0.6976253859842286,5.001991266611392,3
Favorita,gts_native,item_block_06,1.3870636595512646,0.6195582907282188,11.81011565210958,3
Favorita,gts_native,item_block_07,2.5337201971021837,0.6718415970072095,12.050473442153326,3
Favorita,gts_native,item_block_08,1.310267430278654,0.7279459390436869,9.15075549845973,3
Favorita,gts_native,item_block_09,0.8884108641188208,0.5353258675441234,4.312437114576814,3
Favorita,gts_native,item_block_10,1.1660607802639837,0.8378430084111,4.753210971957916,3
Favorita,gts_native,item_block_11,0.3625751402656839,1.0574662619811912,3.9771531147906365,3
Favorita,gts_native,item_block_12,1.3907762677844657,0.4474061446601174,38.70823705322528,3
Favorita,gts_native,item_block_13,0.831043814997828,0.4668856936118082,28.198623211926254,3
Favorita,gts_native,item_block_14,0.492203965944698,1.81246862807172,1.2527519492594164,3
Favorita,gts_native,item_block_15,1.0044319901204846,0.7553018365510498,2.2178985143780077,3
Favorita,gts_native,item_block_16,0.4307932669417842,2.368871323624399,1.9438229527634878,3
Favorita,gts_native,item_block_17,0.21255599357143004,0.5061289951857778,4.71579103116636,3
Favorita,gts_native,item_block_18,0.7277599655308781,0.5488030106134036,25.27529869587333,3
Favorita,gts_native,item_block_19,0.525641001518481,0.5074628592594917,4.035433812431557,3
Favorita,gts_native,item_block_20,0.3459818604180725,0.7246698083609084,2.7525703299928597,3
Favorita,gts_native,item_block_21,0.5601972153332109,0.6264767028927565,1.8838814692522485,3
Favorita,gts_native,item_block_22,0.5086223984845719,0.6680827873170825,5.823337255962311,3
Favorita,gts_native,item_block_23,0.6424257308283223,0.6741668444699452,2.5849449731133602,3
Favorita,gts_native,item_block_24,0.21025099911812759,0.7425678395060251,2.487283178343975,3
Favorita,gts_native,item_block_25,0.7623325213084617,0.3835631984033514,5.223199721997378,3
Favorita,gts_native,item_block_26,0.695029706234523,0.8167792370822711,1.6580726073847876,3
Favorita,gts_native,item_block_27,0.5786011163404958,0.6098511083283811,6.203579478162937,3
Favorita,gts_native,item_block_28,0.7893033721137982,0.4593458271754219,4.464046415197786,3
Favorita,gts_native,item_block_29,0.9644683645446889,0.44277596057210666,4.926863318713254,3
Favorita,gts_no_graph,item_block_00,0.585283496388358,0.6042418177613007,13.435808401889902,3
Favorita,gts_no_graph,item_block_01,1.5237691637627917,0.6245198830195423,5.827329251816663,3
Favorita,gts_no_graph,item_block_02,0.7810414331199349,0.6576251729334059,1.518890766101697,3
Favorita,gts_no_graph,item_block_03,0.8093496315554816,0.4403926996571807,118.90199149348747,3
Favorita,gts_no_graph,item_block_04,0.5072651063169076,0.7095946229092667,3.2992567823677468,3
Favorita,gts_no_graph,item_block_05,0.5868697951377816,0.6632330295410118,4.70419714122853,3
Favorita,gts_no_graph,item_block_06,1.3760013006687335,0.6120764196085143,11.624577534892572,3
Favorita,gts_no_graph,item_block_07,2.512489899825346,0.6799572306338715,12.0185336940503,3
Favorita,gts_no_graph,item_block_08,1.2737696650580421,0.6703436618625358,8.5305844308838,3
Favorita,gts_no_graph,item_block_09,0.8216083946084611,0.49749307859680836,4.028931577054281,3
Favorita,gts_no_graph,item_block_10,1.1163498269338399,0.7983011451697961,4.528443274792855,3
Favorita,gts_no_graph,item_block_11,0.37399112732125805,1.0512435425386895,4.251468933470148,3
Favorita,gts_no_graph,item_block_12,1.1458835847957514,0.36240148673967854,31.02112994433711,3
Favorita,gts_no_graph,item_block_13,0.7437787588356948,0.40764082123940676,24.387213920159315,3
Favorita,gts_no_graph,item_block_14,0.3770150722462127,1.419743320717641,0.9585929245647369,3
Favorita,gts_no_graph,item_block_15,0.8531452856859995,0.5819064450254816,1.9057598448304274,3
Favorita,gts_no_graph,item_block_16,0.39965210183520905,3.395043959840396,1.7389944406921074,3
Favorita,gts_no_graph,item_block_17,0.20021165060530008,0.49772898469387356,4.54096318931176,3
Favorita,gts_no_graph,item_block_18,0.722791003788876,0.5363539626179772,24.517763130071145,3
Favorita,gts_no_graph,item_block_19,0.4818792468368303,0.46451548171310797,3.705097210470331,3
Favorita,gts_no_graph,item_block_20,0.33162339411150094,0.760506844396637,2.733342199729233,3
Favorita,gts_no_graph,item_block_21,0.5199407938325437,0.599034939006867,1.7587316067761216,3
Favorita,gts_no_graph,item_block_22,0.48372864994192416,0.6121244635489048,5.390240047028455,3
Favorita,gts_no_graph,item_block_23,0.6196045355508645,0.6836422514973307,2.5218908846299484,3
Favorita,gts_no_graph,item_block_24,0.18462741058026919,0.6402561828710028,2.150348598206485,3
Favorita,gts_no_graph,item_block_25,0.6544576465276547,0.33278996424391305,4.543740509679078,3
Favorita,gts_no_graph,item_block_26,0.6084635494271672,0.7224860508900152,1.5130364147443618,3
Favorita,gts_no_graph,item_block_27,0.556728298258904,0.61747321295155,6.136530726359634,3
Favorita,gts_no_graph,item_block_28,0.7358825395526213,0.43197066025930647,4.1361696985032825,3
Favorita,gts_no_graph,item_block_29,0.8338319312892196,0.36514777939454146,4.0065955302071945,3
Favorita,gts_placebo,item_block_00,0.6047964087950469,0.615697459821891,13.70147412731534,3
Favorita,gts_placebo,item_block_01,1.5364330141584122,0.6293885479328671,5.883209420259668,3
Favorita,gts_placebo,item_block_02,0.8011353613984334,0.6746284233891636,1.5556509090272128,3
Favorita,gts_placebo,item_block_03,1.0584673023157631,0.6176270891146535,164.79323739349528,3
Favorita,gts_placebo,item_block_04,0.5239067687297951,0.7502794935712247,3.5281205528942996,3
Favorita,gts_placebo,item_block_05,0.5895992696004269,0.6709146155508099,4.687872941847201,3
Favorita,gts_placebo,item_block_06,1.3862931874347522,0.6186955709748746,11.740145304846385,3
Favorita,gts_placebo,item_block_07,2.5267525509635527,0.6922854136316894,12.182938863045322,3
Favorita,gts_placebo,item_block_08,1.2522207213652066,0.67188247111908,8.486410996270557,3
Favorita,gts_placebo,item_block_09,0.8709938111233642,0.5179889480701713,4.25033195592739,3
Favorita,gts_placebo,item_block_10,1.1383172625599645,0.8202430220057587,4.641648175303267,3
Favorita,gts_placebo,item_block_11,0.3607609998717607,1.0864897334582289,4.0786226701050525,3
Favorita,gts_placebo,item_block_12,1.3197356604754304,0.42521909077568976,36.686548913597434,3
Favorita,gts_placebo,item_block_13,0.8450476184532297,0.4755579377108173,28.696712411900677,3
Favorita,gts_placebo,item_block_14,0.3867597307169644,1.4367495111316402,0.9921160214654511,3
Favorita,gts_placebo,item_block_15,0.906596577156745,0.6092624567675201,2.0258068694245246,3
Favorita,gts_placebo,item_block_16,0.3995853768297379,2.502413829568757,1.7613657060493197,3
Favorita,gts_placebo,item_block_17,0.20837943988978427,0.49787119756044074,4.651762177704503,3
Favorita,gts_placebo,item_block_18,0.7998879438087925,0.5671916104944309,26.029415760406113,3
Favorita,gts_placebo,item_block_19,0.5094647429419017,0.49102604972182534,3.9152693288036122,3
Favorita,gts_placebo,item_block_20,0.33957963622571435,0.7281068526052744,2.720500540796411,3
Favorita,gts_placebo,item_block_21,0.551555323990267,0.626662633633847,1.8457504648853231,3
Favorita,gts_placebo,item_block_22,0.4924713306089406,0.6351758449169487,5.606292050982279,3
Favorita,gts_placebo,item_block_23,0.6553817956253645,0.7211249761392535,2.693776228637607,3
Favorita,gts_placebo,item_block_24,0.18464187314185387,0.6303268358330404,2.126021927468991,3
Favorita,gts_placebo,item_block_25,0.7138434075478367,0.3617434383906113,4.944186219462642,3
Favorita,gts_placebo,item_block_26,0.6178959170668727,0.7328377257230818,1.5367279413437087,3
Favorita,gts_placebo,item_block_27,0.5648731056087258,0.6162419487281356,6.161661438841038,3
Favorita,gts_placebo,item_block_28,0.7628153966056914,0.4446708008863973,4.309301778122231,3
Favorita,gts_placebo,item_block_29,0.897515085202079,0.40321699741886197,4.421392276488914,3
Favorita,itransformer,item_block_00,0.5922835471831251,0.5858103452552742,13.07002365557605,3
Favorita,itransformer,item_block_01,1.502209265744166,0.604614698967337,5.667124495935188,3
Favorita,itransformer,item_block_02,0.7768278779957362,0.6788622984060866,1.5648015664998818,3
Favorita,itransformer,item_block_03,0.6580406673295969,0.3500068339894035,94.64627174599461,3
Favorita,itransformer,item_block_04,0.5221300783664885,0.7493117771326888,3.423947346746606,3
Favorita,itransformer,item_block_05,0.5912018973306836,0.6770624832770125,4.749202681754632,3
Favorita,itransformer,item_block_06,1.3700645428502725,0.5951566716166082,11.375633035702679,3
Favorita,itransformer,item_block_07,2.530659291831907,0.6817028460495673,12.023227921238652,3
Favorita,itransformer,item_block_08,1.354902532897023,0.7237656498545071,9.12167029264112,3
Favorita,itransformer,item_block_09,0.8824047109088045,0.5386359859654832,4.330963692967854,3
Favorita,itransformer,item_block_10,1.0760125157731715,0.8011050436511546,4.523296095312587,3
Favorita,itransformer,item_block_11,0.3859510651829933,0.9123676503297617,4.180633994795027,3
Favorita,itransformer,item_block_12,1.1417618816591766,0.36667280558799403,31.07319606485821,3
Favorita,itransformer,item_block_13,0.7078969824023609,0.3864040496304982,23.38255209771414,3
Favorita,itransformer,item_block_14,0.4555932861296798,2.18038790981469,1.2335260347635657,3
Favorita,itransformer,item_block_15,0.864971476992653,0.6169646039829786,1.9510492482197979,3
Favorita,itransformer,item_block_16,0.4232925162111925,5.202743346683546,1.8556550100209221,3
Favorita,itransformer,item_block_17,0.1890904917153728,0.4361885667897688,4.144650856969218,3
Favorita,itransformer,item_block_18,0.769722259098343,0.5468029367025937,25.629238938213025,3
Favorita,itransformer,item_block_19,0.48329184499559463,0.457061517721946,3.6036070153196023,3
Favorita,itransformer,item_block_20,0.34970148090447567,0.8466202260488048,2.984558773852845,3
Favorita,itransformer,item_block_21,0.5124034632318258,0.5985192491686435,1.788697991421614,3
Favorita,itransformer,item_block_22,0.5172583633561452,0.6492193316927717,5.671779342744717,3
Favorita,itransformer,item_block_23,0.6618196389083131,0.7433714526694721,2.702719229396689,3
Favorita,itransformer,item_block_24,0.18612989993092804,0.6533990583990403,2.17705818916124,3
Favorita,itransformer,item_block_25,0.6462198299360354,0.32816972860048127,4.4717056574644864,3
Favorita,itransformer,item_block_26,0.6483350610905106,0.805883930457111,1.6455095998509222,3
Favorita,itransformer,item_block_27,0.5556679501641255,0.5864323377829989,5.938604217988473,3
Favorita,itransformer,item_block_28,0.7327065671416864,0.42629107920936066,3.9379951496603627,3
Favorita,itransformer,item_block_29,0.9197987338703342,0.4268221825712522,4.812428768665071,3
Favorita,mage_native,item_block_00,0.5659456332998047,0.5811210308193877,12.812224288466117,3
Favorita,mage_native,item_block_01,1.4760425470417846,0.5936480155072814,5.588276301111494,3
Favorita,mage_native,item_block_02,0.7773637850336288,0.6495222163105073,1.5017930224449154,3
Favorita,mage_native,item_block_03,0.6061703993440578,0.323161697893797,84.76295220158089,3
Favorita,mage_native,item_block_04,0.5077413426335928,0.7178194858608393,3.266821484795954,3
Favorita,mage_native,item_block_05,0.5705430758925639,0.6587686006703137,4.5771194519820035,3
Favorita,mage_native,item_block_06,1.3432452331703086,0.5903220304134967,11.276955002830142,3
Favorita,mage_native,item_block_07,2.524863481171249,0.6904902100271081,12.01672744435608,3
Favorita,mage_native,item_block_08,1.2850102608359302,0.7024565144767443,8.80011163273501,3
Favorita,mage_native,item_block_09,0.8430166244340559,0.5148730001942774,4.1227906135024215,3
Favorita,mage_native,item_block_10,1.0709956819048414,0.7921496224120902,4.473865071804356,3
Favorita,mage_native,item_block_11,0.397254273149841,0.9632126342383833,4.316412390336005,3
Favorita,mage_native,item_block_12,1.0199231221731975,0.32277495091176195,27.284441388473308,3
Favorita,mage_native,item_block_13,0.6801886500104762,0.36722853311816084,22.12923605984481,3
Favorita,mage_native,item_block_14,0.3885824988066727,1.3495799564493902,0.9566450234528424,3
Favorita,mage_native,item_block_15,0.841832584493273,0.5836831759725234,1.8480700572568272,3
Favorita,mage_native,item_block_16,0.4006013400494795,2.0874122864580253,1.5863551049062934,3
Favorita,mage_native,item_block_17,0.188345998220365,0.4489296056825427,4.119481727559731,3
Favorita,mage_native,item_block_18,0.6987794359532562,0.4846426070245187,22.29951352859655,3
Favorita,mage_native,item_block_19,0.4646119002150754,0.439379712420508,3.465140512696019,3
Favorita,mage_native,item_block_20,0.34108933780829914,0.7890488439848823,2.829688440515566,3
Favorita,mage_native,item_block_21,0.5246904767240906,0.5972948499567837,1.7835766942136817,3
Favorita,mage_native,item_block_22,0.5012543575187204,0.6288390699321744,5.434744613826591,3
Favorita,mage_native,item_block_23,0.6303268953133482,0.697678470516001,2.5214610077716686,3
Favorita,mage_native,item_block_24,0.19176203424191257,0.6666915495756394,2.2379744653959595,3
Favorita,mage_native,item_block_25,0.597536716103603,0.30496796302780166,4.15440702753723,3
Favorita,mage_native,item_block_26,0.6086895477032068,0.710631735766453,1.4714273278793644,3
Favorita,mage_native,item_block_27,0.5505759863412562,0.6267007827116053,6.0556077137195246,3
Favorita,mage_native,item_block_28,0.7026918793746739,0.41271693288143146,3.796381321533647,3
Favorita,mage_native,item_block_29,0.8661255612595258,0.3903226903251718,4.362322049481528,3
Favorita,mage_no_graph,item_block_00,0.5637068355536494,0.5749621658344602,12.649261758441016,3
Favorita,mage_no_graph,item_block_01,1.4653350831820238,0.587533774989544,5.552233178148826,3
Favorita,mage_no_graph,item_block_02,0.7614726430800148,0.6370221678973714,1.4742525956302723,3
Favorita,mage_no_graph,item_block_03,0.5861231863286483,0.3114087379220794,81.46424438587573,3
Favorita,mage_no_graph,item_block_04,0.5092007834935512,0.7264283449816197,3.267408489865601,3
Favorita,mage_no_graph,item_block_05,0.5576421972364259,0.6422676617942278,4.391378905407335,3
Favorita,mage_no_graph,item_block_06,1.3404110503087556,0.5834863349911922,11.198673120251408,3
Favorita,mage_no_graph,item_block_07,2.5195862092935952,0.6788688527216988,11.913830268004585,3
Favorita,mage_no_graph,item_block_08,1.2941387853738446,0.7045835384663178,8.853519084907713,3
Favorita,mage_no_graph,item_block_09,0.8552643262942362,0.5121866945285249,4.136805984078261,3
Favorita,mage_no_graph,item_block_10,1.0739205252027648,0.7957788538229671,4.496812862831922,3
Favorita,mage_no_graph,item_block_11,0.3920846660883115,0.955364925650624,4.293663605311566,3
Favorita,mage_no_graph,item_block_12,1.046532353368464,0.3313280500172138,28.115583591991,3
Favorita,mage_no_graph,item_block_13,0.6775963893829522,0.37082799937689825,22.383561173444075,3
Favorita,mage_no_graph,item_block_14,0.3922055568466324,1.3620626281100452,0.9705043984375336,3
Favorita,mage_no_graph,item_block_15,0.8285087562606002,0.5736110006980186,1.8174161170880314,3
Favorita,mage_no_graph,item_block_16,0.408925259884348,1.7493135311500103,1.6846906299086175,3
Favorita,mage_no_graph,item_block_17,0.19137353967030205,0.46162916048108243,4.196771574398828,3
Favorita,mage_no_graph,item_block_18,0.6882056571244879,0.4683100186922386,21.632878277352248,3
Favorita,mage_no_graph,item_block_19,0.46277787410775384,0.4345752734249709,3.433411786795924,3
Favorita,mage_no_graph,item_block_20,0.3398563017667631,0.8431024792747709,2.88408911267601,3
Favorita,mage_no_graph,item_block_21,0.5121740622175698,0.5824266030943066,1.7392537099501444,3
Favorita,mage_no_graph,item_block_22,0.49815572059814145,0.6185927772456487,5.329399077980606,3
Favorita,mage_no_graph,item_block_23,0.6242465442511057,0.6949801041999129,2.5016783605176935,3
Favorita,mage_no_graph,item_block_24,0.1863441215470281,0.6679389944268821,2.1533755511784602,3
Favorita,mage_no_graph,item_block_25,0.5854212435001531,0.3014728402441436,4.106722161252663,3
Favorita,mage_no_graph,item_block_26,0.5957122511384503,0.6948820810130061,1.4380324089889802,3
Favorita,mage_no_graph,item_block_27,0.5427824397837981,0.6218351347168969,6.011112660958023,3
Favorita,mage_no_graph,item_block_28,0.7004419586670225,0.4106938527767681,3.7874788764923335,3
Favorita,mage_no_graph,item_block_29,0.8380653438907203,0.3779120236139364,4.210781097096741,3
Favorita,mage_placebo,item_block_00,0.5620025061024653,0.5792001322480618,12.772192806163162,3
Favorita,mage_placebo,item_block_01,1.472043821348087,0.5911428919278178,5.575484062628771,3
Favorita,mage_placebo,item_block_02,0.7747169590456624,0.6474244951860252,1.4957343764583428,3
Favorita,mage_placebo,item_block_03,0.5961751192354692,0.3176349205992227,82.97750236622241,3
Favorita,mage_placebo,item_block_04,0.5056235548907603,0.719412758656717,3.2597704991382894,3
Favorita,mage_placebo,item_block_05,0.5666846072972894,0.6571154163772818,4.537952173954595,3
Favorita,mage_placebo,item_block_06,1.3412453562413555,0.5899499703920671,11.269030481419236,3
Favorita,mage_placebo,item_block_07,2.5214028651206726,0.6886415308987389,11.984876405940485,3
Favorita,mage_placebo,item_block_08,1.2761887784930503,0.6990073040642554,8.734613178071207,3
Favorita,mage_placebo,item_block_09,0.8375352753329471,0.5136882625606092,4.111685387041203,3
Favorita,mage_placebo,item_block_10,1.0679307257375361,0.790629455445255,4.464238935825292,3
Favorita,mage_placebo,item_block_11,0.395374956451559,0.9594968208825756,4.311130846283896,3
Favorita,mage_placebo,item_block_12,1.0107962125329133,0.31964963749069164,27.019330769619614,3
Favorita,mage_placebo,item_block_13,0.6673549209747525,0.3613737858407521,21.749532169765896,3
Favorita,mage_placebo,item_block_14,0.38763067385413125,1.356450857525958,0.9544802310571036,3
Favorita,mage_placebo,item_block_15,0.839840944276621,0.5824279202866253,1.8392784503638429,3
Favorita,mage_placebo,item_block_16,0.4024608898267261,2.071170017940672,1.6006803062817427,3
Favorita,mage_placebo,item_block_17,0.1859926926578714,0.44371768187356764,4.067408035987269,3
Favorita,mage_placebo,item_block_18,0.6941627004152635,0.47946385413177056,22.06536104222612,3
Favorita,mage_placebo,item_block_19,0.46100777567006124,0.43677348094038443,3.4455347121077238,3
Favorita,mage_placebo,item_block_20,0.33890549891549027,0.7955924211576257,2.8290661259224175,3
Favorita,mage_placebo,item_block_21,0.5207012714649667,0.5933862328527141,1.7690391637503156,3
Favorita,mage_placebo,item_block_22,0.49980823532897956,0.6266056273258052,5.421664898042326,3
Favorita,mage_placebo,item_block_23,0.6276185664005313,0.6961271087373249,2.5142377039033272,3
Favorita,mage_placebo,item_block_24,0.19368496678452396,0.6777041081528246,2.2780751791147016,3
Favorita,mage_placebo,item_block_25,0.5880172536819389,0.30035054738861333,4.09416342033911,3
Favorita,mage_placebo,item_block_26,0.6085471314977156,0.7109031319180034,1.4712613907953103,3
Favorita,mage_placebo,item_block_27,0.5476638230175972,0.622534454677745,6.026254073652641,3
Favorita,mage_placebo,item_block_28,0.696767814001024,0.40822577645474706,3.750752095822935,3
Favorita,mage_placebo,item_block_29,0.8607308166789869,0.3867845093198082,4.316566144978559,3
Favorita,metadata_embedding_tcn,item_block_00,0.5467333352800573,0.5581982543377344,12.297935399428876,3
Favorita,metadata_embedding_tcn,item_block_01,1.4517413874016851,0.5728129972837949,5.48204146617304,3
Favorita,metadata_embedding_tcn,item_block_02,0.7813254712448109,0.6430422344530261,1.4868636620107782,3
Favorita,metadata_embedding_tcn,item_block_03,0.6164547802427968,0.3500825261080067,85.03326304753621,3
Favorita,metadata_embedding_tcn,item_block_04,0.5078317953841113,0.7222766307090394,3.3309735583249855,3
Favorita,metadata_embedding_tcn,item_block_05,0.5683701522620547,0.6405739785873311,4.559147490710808,3
Favorita,metadata_embedding_tcn,item_block_06,1.323956494268947,0.5671688539701094,10.950763483526844,3
Favorita,metadata_embedding_tcn,item_block_07,2.508045217354303,0.6905135658119432,12.052215696011901,3
Favorita,metadata_embedding_tcn,item_block_08,1.2679767706434522,0.6874888773663757,8.64200285408232,3
Favorita,metadata_embedding_tcn,item_block_09,0.8499454194801656,0.5177359039100553,4.2166241233941735,3
Favorita,metadata_embedding_tcn,item_block_10,1.1089773568764436,0.7993828842185136,4.512659470871013,3
Favorita,metadata_embedding_tcn,item_block_11,0.3370047706994434,0.938953147852859,3.7180345687256366,3
Favorita,metadata_embedding_tcn,item_block_12,1.0554919951635928,0.34695011693167843,29.756422313432843,3
Favorita,metadata_embedding_tcn,item_block_13,0.6617250140216951,0.37195772444924036,22.382546400897716,3
Favorita,metadata_embedding_tcn,item_block_14,0.3841562872070242,1.3756027775873045,0.9670763382141198,3
Favorita,metadata_embedding_tcn,item_block_15,0.8447518344483806,0.5836950255069618,1.8621649264343203,3
Favorita,metadata_embedding_tcn,item_block_16,0.39163459060810046,2.207171037682624,1.6218672650398087,3
Favorita,metadata_embedding_tcn,item_block_17,0.18461586395723092,0.45694588848701206,4.1397202314523165,3
Favorita,metadata_embedding_tcn,item_block_18,0.7209999063717843,0.5277613775854685,23.996551433095224,3
Favorita,metadata_embedding_tcn,item_block_19,0.46456817264226224,0.4412503230869556,3.506664319013162,3
Favorita,metadata_embedding_tcn,item_block_20,0.3317974362215438,0.7432463173110464,2.7354049960141458,3
Favorita,metadata_embedding_tcn,item_block_21,0.5350885421106913,0.6096226933885918,1.8167941347552985,3
Favorita,metadata_embedding_tcn,item_block_22,0.4906536129432119,0.629390000169883,5.466534635377308,3
Favorita,metadata_embedding_tcn,item_block_23,0.6228097164196909,0.7001789871206049,2.528964661140606,3
Favorita,metadata_embedding_tcn,item_block_24,0.1660715782429138,0.5754506326875886,1.8840856332942921,3
Favorita,metadata_embedding_tcn,item_block_25,0.5673637153215373,0.29092194435118923,3.9676779363521195,3
Favorita,metadata_embedding_tcn,item_block_26,0.6065817170610649,0.7108432890519175,1.4780767435434632,3
Favorita,metadata_embedding_tcn,item_block_27,0.5853544236013017,0.6543354253275594,6.502917133626483,3
Favorita,metadata_embedding_tcn,item_block_28,0.6741922635196339,0.38537493976279075,3.5615883378124744,3
Favorita,metadata_embedding_tcn,item_block_29,0.8393926940073899,0.3762084980788793,4.128460101980381,3
Favorita,mixlinear,item_block_00,0.5965393895547079,0.5847487594915047,13.086209592365083,3
Favorita,mixlinear,item_block_01,1.395605344238572,0.5726165175355015,5.32392017771958,3
Favorita,mixlinear,item_block_02,0.7438172552695664,0.6455327823516013,1.477094883010501,3
Favorita,mixlinear,item_block_03,0.5816294119779566,0.30788948531051114,80.19277741921643,3
Favorita,mixlinear,item_block_04,0.5078296105057599,0.7231840740969331,3.278907741819109,3
Favorita,mixlinear,item_block_05,0.5433621086532787,0.6264130228582879,4.362777853453601,3
Favorita,mixlinear,item_block_06,1.3362270545829338,0.5740621724666671,10.96573486056908,3
Favorita,mixlinear,item_block_07,2.5177068909188454,0.6945808597185968,12.013079778227226,3
Favorita,mixlinear,item_block_08,1.3130078901757967,0.6954453941217549,8.770678650449824,3
Favorita,mixlinear,item_block_09,0.8393807562041178,0.5086698238813065,4.086350871772362,3
Favorita,mixlinear,item_block_10,1.0704291511534505,0.8157176068859764,4.597241737855175,3
Favorita,mixlinear,item_block_11,0.3965090707185823,0.9123491567311137,4.482067289570021,3
Favorita,mixlinear,item_block_12,1.1533582522731587,0.36440032786216064,31.052129042211664,3
Favorita,mixlinear,item_block_13,0.7258989776833397,0.38788307220151497,23.382955284976454,3
Favorita,mixlinear,item_block_14,0.41312024434087496,1.9609268249254583,1.1373041891862476,3
Favorita,mixlinear,item_block_15,0.8261998141025311,0.5656938294817804,1.862379435351286,3
Favorita,mixlinear,item_block_16,0.4387218143672662,5.4473671518584394,2.003430229803872,3
Favorita,mixlinear,item_block_17,0.17305778729505608,0.4106162910885653,3.878079508662855,3
Favorita,mixlinear,item_block_18,0.6309411175816555,0.43942516629572764,20.240698219607115,3
Favorita,mixlinear,item_block_19,0.4781901772107078,0.4529005571521901,3.6018461947718627,3
Favorita,mixlinear,item_block_20,0.336976409012923,0.8696784395458061,2.9226322771695554,3
Favorita,mixlinear,item_block_21,0.5028977038589775,0.5835722717449131,1.7354562575854953,3
Favorita,mixlinear,item_block_22,0.4607049790273017,0.5404368536244287,4.663867621194749,3
Favorita,mixlinear,item_block_23,0.6124269857815382,0.6938948687024299,2.474960908687935,3
Favorita,mixlinear,item_block_24,0.18151805538107985,0.6456293499627961,2.1522455385753085,3
Favorita,mixlinear,item_block_25,0.6549798651186244,0.3242259511470898,4.4235592884992165,3
Favorita,mixlinear,item_block_26,0.5892129351809771,0.712390486533304,1.4631553948240936,3
Favorita,mixlinear,item_block_27,0.5582878951723012,0.6552158037143292,6.325336151022129,3
Favorita,mixlinear,item_block_28,0.7364052251346718,0.42317913010392205,3.938402616788471,3
Favorita,mixlinear,item_block_29,0.8786189059465058,0.4066746228048007,4.545431127308538,3
Favorita,mtgnn_native,item_block_00,0.5566835197679368,0.5770652204779354,12.610696657624825,3
Favorita,mtgnn_native,item_block_01,1.4241522776545381,0.5605496024650615,5.402374333805508,3
Favorita,mtgnn_native,item_block_02,0.7689256124995303,0.636736974271947,1.4727616372010697,3
Favorita,mtgnn_native,item_block_03,0.674750934082786,0.3858441193775026,100.0143541078719,3
Favorita,mtgnn_native,item_block_04,0.49160663735445714,0.6761752515254301,3.0797038546630318,3
Favorita,mtgnn_native,item_block_05,0.563819078657788,0.6436873347284033,4.52115373683985,3
Favorita,mtgnn_native,item_block_06,1.3349289568261584,0.5867831391171163,11.126518952152717,3
Favorita,mtgnn_native,item_block_07,2.5239854737798884,0.6942956326831667,11.987366116236126,3
Favorita,mtgnn_native,item_block_08,1.2814353497455835,0.6995620006690402,8.759737224175186,3
Favorita,mtgnn_native,item_block_09,0.8398073840704867,0.5174699389213027,4.065470598992847,3
Favorita,mtgnn_native,item_block_10,1.1105043115171118,0.8068440032044436,4.561432008666021,3
Favorita,mtgnn_native,item_block_11,0.36296791567094505,0.9294320665532005,3.912044795327352,3
Favorita,mtgnn_native,item_block_12,0.9854421920074303,0.317598536748249,26.951915408568407,3
Favorita,mtgnn_native,item_block_13,0.6889354611414951,0.38202661141220157,23.052116745994205,3
Favorita,mtgnn_native,item_block_14,0.3950545414745541,1.4319808929459716,0.9912090148412125,3
Favorita,mtgnn_native,item_block_15,0.8348980476304546,0.5830518193314584,1.8036948026172697,3
Favorita,mtgnn_native,item_block_16,0.3960554550643887,2.2367085148492367,1.5802440269204676,3
Favorita,mtgnn_native,item_block_17,0.16960491872927377,0.3866143224691301,3.7242416351560563,3
Favorita,mtgnn_native,item_block_18,0.6531066070988089,0.47685352961471916,21.7409355284045,3
Favorita,mtgnn_native,item_block_19,0.46164824698593004,0.44453744486914826,3.4931409765803627,3
Favorita,mtgnn_native,item_block_20,0.3222102805810285,0.7145925504127534,2.6547494928042092,3
Favorita,mtgnn_native,item_block_21,0.5086178465257738,0.5841736094247518,1.7302463601821314,3
Favorita,mtgnn_native,item_block_22,0.4898869433633247,0.6314032384345022,5.455914500529173,3
Favorita,mtgnn_native,item_block_23,0.6041717720598782,0.685495058337266,2.435055498250578,3
Favorita,mtgnn_native,item_block_24,0.16875642501316804,0.568101616159943,1.8834289926542807,3
Favorita,mtgnn_native,item_block_25,0.5712849388053475,0.2959003129271829,4.035352263501081,3
Favorita,mtgnn_native,item_block_26,0.6105737040198034,0.7233192007585264,1.512084466755075,3
Favorita,mtgnn_native,item_block_27,0.5437713202382776,0.6389464373719517,6.14180874383008,3
Favorita,mtgnn_native,item_block_28,0.6806728869470134,0.39980837298120775,3.6598645962735334,3
Favorita,mtgnn_native,item_block_29,0.8645470616001939,0.3902610180491472,4.3078798869299515,3
Favorita,mtgnn_no_graph,item_block_00,0.558352314544004,0.57314012877924,12.527106836359337,3
Favorita,mtgnn_no_graph,item_block_01,1.4450160108053718,0.5692970754616561,5.464411653223492,3
Favorita,mtgnn_no_graph,item_block_02,0.7621752246102981,0.6336694128525077,1.4650609015866563,3
Favorita,mtgnn_no_graph,item_block_03,0.6060956784658592,0.33951793236845984,88.09812972406861,3
Favorita,mtgnn_no_graph,item_block_04,0.49118244679444384,0.6760616837117807,3.061737531865085,3
Favorita,mtgnn_no_graph,item_block_05,0.5618625838108852,0.6424428823561671,4.462712004544243,3
Favorita,mtgnn_no_graph,item_block_06,1.3240177987854964,0.5694012884573864,10.93722788808207,3
Favorita,mtgnn_no_graph,item_block_07,2.509896372698146,0.6692425583066204,11.783393856709596,3
Favorita,mtgnn_no_graph,item_block_08,1.2913671039874297,0.7010019285199496,8.795052453954384,3
Favorita,mtgnn_no_graph,item_block_09,0.8381070142246104,0.5137160935135906,4.064928734586353,3
Favorita,mtgnn_no_graph,item_block_10,1.117847392268944,0.8156058276589094,4.622151456181966,3
Favorita,mtgnn_no_graph,item_block_11,0.35422906600157517,0.9062877083395412,3.823451570799407,3
Favorita,mtgnn_no_graph,item_block_12,0.9817222164913337,0.3118303547022251,26.41263874056478,3
Favorita,mtgnn_no_graph,item_block_13,0.6653111423050704,0.3632518953568444,21.996196155194884,3
Favorita,mtgnn_no_graph,item_block_14,0.3917919773823919,1.4431667294213906,0.9850387974203657,3
Favorita,mtgnn_no_graph,item_block_15,0.8302360555772225,0.5805668975344143,1.7917442788522708,3
Favorita,mtgnn_no_graph,item_block_16,0.3924345310814807,2.1292507330420882,1.5861381432287909,3
Favorita,mtgnn_no_graph,item_block_17,0.17252655707095174,0.3956950867394553,3.779613745906366,3
Favorita,mtgnn_no_graph,item_block_18,0.6524874313249592,0.4699567964617843,21.50647829859345,3
Favorita,mtgnn_no_graph,item_block_19,0.4644063917552667,0.44683811039298543,3.521646766750901,3
Favorita,mtgnn_no_graph,item_block_20,0.3277226250505963,0.7361050210708707,2.713400376694543,3
Favorita,mtgnn_no_graph,item_block_21,0.5151691851233812,0.592902871483222,1.7648105660364743,3
Favorita,mtgnn_no_graph,item_block_22,0.4869913712265577,0.6278622259192443,5.423754584221613,3
Favorita,mtgnn_no_graph,item_block_23,0.5937654786070294,0.6668480515623351,2.3896044257772036,3
Favorita,mtgnn_no_graph,item_block_24,0.17286021895556822,0.5864129177797806,1.9498601791956436,3
Favorita,mtgnn_no_graph,item_block_25,0.5623095086231403,0.28703162890658945,3.915906488580048,3
Favorita,mtgnn_no_graph,item_block_26,0.6104409549435901,0.7359923022480556,1.5372536003431947,3
Favorita,mtgnn_no_graph,item_block_27,0.5518569578908333,0.6282295363938308,6.137036237136397,3
Favorita,mtgnn_no_graph,item_block_28,0.6776841165589593,0.39426670275140135,3.6226142133985246,3
Favorita,mtgnn_no_graph,item_block_29,0.8616014324140914,0.39026189283978213,4.291838433376696,3
Favorita,mtgnn_placebo,item_block_00,0.5465796168446471,0.5653914306125484,12.396302634446078,3
Favorita,mtgnn_placebo,item_block_01,1.4247743070350363,0.5625625501273445,5.421514372346262,3
Favorita,mtgnn_placebo,item_block_02,0.7602446605617109,0.6313549543404747,1.4556133706891348,3
Favorita,mtgnn_placebo,item_block_03,0.6348476747108016,0.35268216503504246,91.50751993643544,3
Favorita,mtgnn_placebo,item_block_04,0.49334150735753957,0.6822474377439914,3.09336410265751,3
Favorita,mtgnn_placebo,item_block_05,0.5668766625033679,0.6439250887138726,4.5481863237878,3
Favorita,mtgnn_placebo,item_block_06,1.333877779994234,0.5834646217009709,11.077468484167069,3
Favorita,mtgnn_placebo,item_block_07,2.5236185640303312,0.6916518096463128,11.984620893758441,3
Favorita,mtgnn_placebo,item_block_08,1.2870092603265622,0.7006973056609573,8.797387174828343,3
Favorita,mtgnn_placebo,item_block_09,0.8384713219840404,0.5140816856974689,4.07801775011436,3
Favorita,mtgnn_placebo,item_block_10,1.1109322252315108,0.8082587288776328,4.574328682961918,3
Favorita,mtgnn_placebo,item_block_11,0.35984039286478225,0.9562830843589436,3.908596421466283,3
Favorita,mtgnn_placebo,item_block_12,1.0346230685259477,0.33663183068300906,28.460676511759484,3
Favorita,mtgnn_placebo,item_block_13,0.6932143545642319,0.38469417574770487,23.230533638959212,3
Favorita,mtgnn_placebo,item_block_14,0.39341960061395187,1.4344959453049415,0.9857792494099135,3
Favorita,mtgnn_placebo,item_block_15,0.8360247212776749,0.5831837881745491,1.8135461414222993,3
Favorita,mtgnn_placebo,item_block_16,0.3954169525671755,2.1830538508931387,1.599876341414909,3
Favorita,mtgnn_placebo,item_block_17,0.1748743770739454,0.40095758148376526,3.828555913198562,3
Favorita,mtgnn_placebo,item_block_18,0.6748596310135047,0.4909572603865629,22.485252117353774,3
Favorita,mtgnn_placebo,item_block_19,0.4592579607415992,0.43800021099077413,3.4547343049099832,3
Favorita,mtgnn_placebo,item_block_20,0.3229285384755106,0.723445205456604,2.659507455333831,3
Favorita,mtgnn_placebo,item_block_21,0.5085726591139195,0.5825698397033406,1.7287241130594224,3
Favorita,mtgnn_placebo,item_block_22,0.4821553649761355,0.6184702250391062,5.356886248109202,3
Favorita,mtgnn_placebo,item_block_23,0.6164128861744467,0.6980599031525168,2.4860226962932206,3
Favorita,mtgnn_placebo,item_block_24,0.1681657497977337,0.5669148188491443,1.8743678055821902,3
Favorita,mtgnn_placebo,item_block_25,0.562884402658764,0.29183306173013446,3.97875573458495,3
Favorita,mtgnn_placebo,item_block_26,0.6077206330765792,0.7248217477596944,1.52114186069322,3
Favorita,mtgnn_placebo,item_block_27,0.5499957126115497,0.647052396602325,6.2479945127926175,3
Favorita,mtgnn_placebo,item_block_28,0.678547244974331,0.3960528498419986,3.611698925810516,3
Favorita,mtgnn_placebo,item_block_29,0.8375091788387418,0.37432147252995757,4.103491534000982,3
Favorita,nlinear,item_block_00,0.5932074611748,0.5910777658924695,13.006066553807134,3
Favorita,nlinear,item_block_01,1.4205174854289364,0.5839063622019867,5.441512539273216,3
Favorita,nlinear,item_block_02,0.7392374399455761,0.6339553761375423,1.4570739061113387,3
Favorita,nlinear,item_block_03,0.6652684364709869,0.34090601224116884,91.08828932898385,3
Favorita,nlinear,item_block_04,0.5344948186506578,0.8002590157755178,3.595638184320359,3
Favorita,nlinear,item_block_05,0.6056032907877724,0.6978266331389108,4.963698050490132,3
Favorita,nlinear,item_block_06,1.3836002171279456,0.6148711868158308,11.462657734830543,3
Favorita,nlinear,item_block_07,2.5429764878774623,0.7253383634511034,12.364615119323528,3
Favorita,nlinear,item_block_08,1.3368172950257389,0.7171877680361273,9.01738041450107,3
Favorita,nlinear,item_block_09,0.8712610546887805,0.5244275834597246,4.190957647782785,3
Favorita,nlinear,item_block_10,1.094739544193033,0.8078674622481699,4.580767866637972,3
Favorita,nlinear,item_block_11,0.37046358352525566,0.9430598832575602,3.96071971018636,3
Favorita,nlinear,item_block_12,1.1731513086542888,0.3751438325222554,31.77477451670107,3
Favorita,nlinear,item_block_13,0.7523860556390605,0.4052028469224504,24.65245834355632,3
Favorita,nlinear,item_block_14,0.45423559742256975,2.210106615737473,1.2475306833231892,3
Favorita,nlinear,item_block_15,0.8778565306503512,0.6059013564366295,1.9822808150891904,3
Favorita,nlinear,item_block_16,0.4381301844991029,5.761195396882696,2.0122579268362157,3
Favorita,nlinear,item_block_17,0.19155742359732067,0.450713391620279,4.274820348888478,3
Favorita,nlinear,item_block_18,0.7271444719757612,0.5314681943785069,24.279670231399084,3
Favorita,nlinear,item_block_19,0.5144929050342404,0.49023627114831886,3.894253276012562,3
Favorita,nlinear,item_block_20,0.3455462203374705,0.7384947862597174,2.803004970468541,3
Favorita,nlinear,item_block_21,0.527446758392934,0.6277386097103461,1.8461616206421423,3
Favorita,nlinear,item_block_22,0.4674149258210417,0.5825867578571204,4.992660584273161,3
Favorita,nlinear,item_block_23,0.6355781960318334,0.6930535241665859,2.5586231305170313,3
Favorita,nlinear,item_block_24,0.1776160781613464,0.6465207181065656,2.072400225848748,3
Favorita,nlinear,item_block_25,0.6843358270426402,0.3383151203922576,4.599978636181543,3
Favorita,nlinear,item_block_26,0.6350995270691365,0.8048417503420716,1.6394902926588815,3
Favorita,nlinear,item_block_27,0.5490340381510609,0.5905640078943165,6.014271065040871,3
Favorita,nlinear,item_block_28,0.776122947513131,0.4543401164478823,4.260595058637953,3
Favorita,nlinear,item_block_29,0.92731699623931,0.4304104268441893,4.811224232590388,3
Favorita,patchtst,item_block_00,0.583676946077469,0.5898269221131764,12.984922778669489,3
Favorita,patchtst,item_block_01,1.409576386758889,0.5795332193973782,5.361118311604495,3
Favorita,patchtst,item_block_02,0.7716958018750533,0.6550091023446699,1.5122151836831734,3
Favorita,patchtst,item_block_03,0.6996003978001296,0.3689671496147301,98.3403570260951,3
Favorita,patchtst,item_block_04,0.512055191097602,0.7485653961307095,3.3317941214357103,3
Favorita,patchtst,item_block_05,0.584460524243665,0.6719186476805908,4.808568934914927,3
Favorita,patchtst,item_block_06,1.3645327240514633,0.6284575267775508,11.611183099645787,3
Favorita,patchtst,item_block_07,2.548526707722979,0.7356643010369782,12.475629033865753,3
Favorita,patchtst,item_block_08,1.338912468027243,0.7209225099756543,9.056780635049103,3
Favorita,patchtst,item_block_09,0.884541076979311,0.5345836573509797,4.315059296037785,3
Favorita,patchtst,item_block_10,1.0817408189061941,0.7961896634300624,4.51121959169075,3
Favorita,patchtst,item_block_11,0.4080723274477072,0.9709215431153159,4.401063298402483,3
Favorita,patchtst,item_block_12,1.112744719767524,0.3554935875965988,30.233469572647536,3
Favorita,patchtst,item_block_13,0.7329337813506221,0.4053603280173302,24.49941589971068,3
Favorita,patchtst,item_block_14,0.43042529970390847,2.0119282669234395,1.1678351705509518,3
Favorita,patchtst,item_block_15,0.882011254715409,0.6079650091721794,1.9699050818801556,3
Favorita,patchtst,item_block_16,0.430299306011664,4.26762144640377,1.93568537510419,3
Favorita,patchtst,item_block_17,0.1965276148000031,0.47927428699786595,4.556638417105195,3
Favorita,patchtst,item_block_18,0.8746234968371129,0.6263735119329948,28.853467112929415,3
Favorita,patchtst,item_block_19,0.47615055011246965,0.4618530988919512,3.6426562521823502,3
Favorita,patchtst,item_block_20,0.3327544239012845,0.7507830577171836,2.778373128719746,3
Favorita,patchtst,item_block_21,0.5125653349246958,0.6023342268151524,1.7728988693820105,3
Favorita,patchtst,item_block_22,0.48553725422838323,0.6235320096357354,5.292613696484339,3
Favorita,patchtst,item_block_23,0.6482839086204395,0.730780645751914,2.660206226444749,3
Favorita,patchtst,item_block_24,0.18130583893501234,0.6284228331993078,2.1137820953335713,3
Favorita,patchtst,item_block_25,0.6732019466459314,0.3413462807517913,4.644589011000578,3
Favorita,patchtst,item_block_26,0.6406545509853513,0.788278532566285,1.6159737335626412,3
Favorita,patchtst,item_block_27,0.5275184951038417,0.5941595330838015,5.90901939988767,3
Favorita,patchtst,item_block_28,0.7494625997596107,0.4444736627982511,4.089605272131622,3
Favorita,patchtst,item_block_29,0.8976285425109223,0.408997672335657,4.5739536225480375,3
Favorita,seasonal_naive,item_block_00,0.7748535902766724,0.7965919567330894,17.142857356676977,3
Favorita,seasonal_naive,item_block_01,1.4791980445369832,0.6611402009215287,5.8730159354588345,3
Favorita,seasonal_naive,item_block_02,0.9231883381060845,0.7819200277811876,1.7698412433503166,3
Favorita,seasonal_naive,item_block_03,0.6465149384539745,0.3440357840867419,86.60714752711948,3
Favorita,seasonal_naive,item_block_04,0.6394173402630705,1.018723209072891,4.440476345637489,3
Favorita,seasonal_naive,item_block_05,0.7693745774029999,0.8672432513390924,6.341270028598725,3
Favorita,seasonal_naive,item_block_06,2.2005430230591094,1.2155473012483093,23.285716722881983,3
Favorita,seasonal_naive,item_block_07,2.8754569598278414,0.9993468136866797,18.880952210653398,3
Favorita,seasonal_naive,item_block_08,1.5053729271676484,0.9031448667978973,11.150793879751175,3
Favorita,seasonal_naive,item_block_09,0.9191581581596504,0.562978190165199,4.547619138445173,3
Favorita,seasonal_naive,item_block_10,1.4230749418043758,1.0295135114204659,5.773809690324087,3
Favorita,seasonal_naive,item_block_11,0.5486674525479005,1.3681397633929195,5.480158803954957,3
Favorita,seasonal_naive,item_block_12,1.1383578888183987,0.37662919396439104,31.134920095640513,3
Favorita,seasonal_naive,item_block_13,0.7447493728287898,0.4292235147284003,25.61111143278697,3
Favorita,seasonal_naive,item_block_14,0.4946068715686747,1.7086093451934818,1.126984123199705,3
Favorita,seasonal_naive,item_block_15,1.1534600429265103,0.7917876088903598,2.5238095805758523,3
Favorita,seasonal_naive,item_block_16,0.5972009465900389,1.8579514405930502,2.400793681069026,3
Favorita,seasonal_naive,item_block_17,0.20338783669723184,0.4974729064426355,4.579365179652259,3
Favorita,seasonal_naive,item_block_18,0.8014046965886839,0.5791785544711975,26.503968611596125,3
Favorita,seasonal_naive,item_block_19,0.5486114792099739,0.5525260846397514,4.317460412070864,3
Favorita,seasonal_naive,item_block_20,0.3918630042566319,0.9221716728013243,3.3214285922428917,3
Favorita,seasonal_naive,item_block_21,0.6951556503470431,0.797994621829745,2.3531745937135486,3
Favorita,seasonal_naive,item_block_22,0.6715731990151471,0.8929314731479173,7.89682576202211,3
Favorita,seasonal_naive,item_block_23,0.8365701098448635,0.8394948463618278,3.2658729609988986,3
Favorita,seasonal_naive,item_block_24,0.20644540212667636,0.7364234632658526,2.420634943341452,3
Favorita,seasonal_naive,item_block_25,0.7106922186095518,0.35876353172695297,4.88888919164264,3
Favorita,seasonal_naive,item_block_26,0.8352310082564461,0.9321519232944878,1.8888888661823577,3
Favorita,seasonal_naive,item_block_27,0.6047971729847303,0.730362455960072,6.428571555349562,3
Favorita,seasonal_naive,item_block_28,0.8179268656583866,0.5072195326638107,4.6428573377548705,3
Favorita,seasonal_naive,item_block_29,1.0254993219557658,0.46035758983997,5.063492260282001,3
Favorita,semantic_knn_tcn,item_block_00,0.6089222162602825,0.5818506234632381,12.911362359763453,3
Favorita,semantic_knn_tcn,item_block_01,1.470890824468891,0.5864964302162389,5.60732832566771,3
Favorita,semantic_knn_tcn,item_block_02,0.766506881602028,0.6442470871390333,1.4872577230608652,3
Favorita,semantic_knn_tcn,item_block_03,0.5389156706606449,0.2950586825989977,72.22357813264958,3
Favorita,semantic_knn_tcn,item_block_04,0.5211765853596652,0.7305851012510465,3.421793585416501,3
Favorita,semantic_knn_tcn,item_block_05,0.5988661724520299,0.6624587310528177,4.916087947194539,3
Favorita,semantic_knn_tcn,item_block_06,1.343442884287441,0.5910949644735878,11.281884097548389,3
Favorita,semantic_knn_tcn,item_block_07,2.5138914159965307,0.7079843207265881,12.14548377195994,3
Favorita,semantic_knn_tcn,item_block_08,1.28441238783748,0.6907080413202098,8.713815377818214,3
Favorita,semantic_knn_tcn,item_block_09,0.8645805993237152,0.5455168247115053,4.401674294755573,3
Favorita,semantic_knn_tcn,item_block_10,1.1483263626169629,0.8245679138774519,4.681372003206027,3
Favorita,semantic_knn_tcn,item_block_11,0.33425186975225635,1.0223364811285325,3.7723848192346474,3
Favorita,semantic_knn_tcn,item_block_12,0.9593413172530788,0.29825903315325175,25.128826036024346,3
Favorita,semantic_knn_tcn,item_block_13,0.6802185335939274,0.4038310708707656,23.862224595256585,3
Favorita,semantic_knn_tcn,item_block_14,0.38967237436236696,1.432967752877818,0.9765942240547802,3
Favorita,semantic_knn_tcn,item_block_15,0.8541411962747308,0.585868930573581,1.8572246886435009,3
Favorita,semantic_knn_tcn,item_block_16,0.3848112646655413,2.2136736345248016,1.6119162276702583,3
Favorita,semantic_knn_tcn,item_block_17,0.19348009557072854,0.4532479369278222,4.223900048190324,3
Favorita,semantic_knn_tcn,item_block_18,0.7349011103010852,0.5454494310667714,25.17247956675827,3
Favorita,semantic_knn_tcn,item_block_19,0.47816077685462666,0.45843633985197657,3.6405942739633024,3
Favorita,semantic_knn_tcn,item_block_20,0.3392323076010727,0.769225157696208,2.817988922592824,3
Favorita,semantic_knn_tcn,item_block_21,0.5393644460385654,0.621098986354386,1.8394394486196457,3
Favorita,semantic_knn_tcn,item_block_22,0.4938790167641137,0.6390685151176212,5.480167473119402,3
Favorita,semantic_knn_tcn,item_block_23,0.6320294694602882,0.7045024814048424,2.5511739222460954,3
Favorita,semantic_knn_tcn,item_block_24,0.16529413360121145,0.5708235237738227,1.8735634999931174,3
Favorita,semantic_knn_tcn,item_block_25,0.5871448016416538,0.29727885453421915,4.0612163411246405,3
Favorita,semantic_knn_tcn,item_block_26,0.6140754751997646,0.7071220807046666,1.479084363690129,3
Favorita,semantic_knn_tcn,item_block_27,0.5935543768326522,0.6361298567159998,6.542641855421521,3
Favorita,semantic_knn_tcn,item_block_28,0.7352260849363094,0.4160939116606079,3.961618041235303,3
Favorita,semantic_knn_tcn,item_block_29,0.818526727897349,0.3686790593239133,4.138473724562025,3
Favorita,semantic_placebo_tcn,item_block_00,0.5745548350035226,0.57728229016372,12.744759453036798,3
Favorita,semantic_placebo_tcn,item_block_01,1.4688538294391353,0.590754217423743,5.574318273357613,3
Favorita,semantic_placebo_tcn,item_block_02,0.7757891845026889,0.6436830753094104,1.4865635656727054,3
Favorita,semantic_placebo_tcn,item_block_03,0.6110356699775742,0.33554043033478925,87.11721780312756,3
Favorita,semantic_placebo_tcn,item_block_04,0.5131473585045283,0.7410899627489967,3.418606400174439,3
Favorita,semantic_placebo_tcn,item_block_05,0.5839206221564672,0.662715781900673,4.777116304036801,3
Favorita,semantic_placebo_tcn,item_block_06,1.3595244083530114,0.5904392960998917,11.285817182253277,3
Favorita,semantic_placebo_tcn,item_block_07,2.5458400132043795,0.7043851811779795,12.312882261932211,3
Favorita,semantic_placebo_tcn,item_block_08,1.2568628339304806,0.6821760441339308,8.570977590702197,3
Favorita,semantic_placebo_tcn,item_block_09,0.9045032571384716,0.544989554894211,4.529697745880752,3
Favorita,semantic_placebo_tcn,item_block_10,1.09927858202999,0.7961826580452099,4.498073575436753,3
Favorita,semantic_placebo_tcn,item_block_11,0.3330999905704921,0.9117446380511779,3.602113156337981,3
Favorita,semantic_placebo_tcn,item_block_12,1.1225022229482018,0.3723403425536857,31.86585136002334,3
Favorita,semantic_placebo_tcn,item_block_13,0.7301981701772676,0.4159507016297635,25.00173410915193,3
Favorita,semantic_placebo_tcn,item_block_14,0.38139689754579365,1.4683891144012178,0.9707443087544075,3
Favorita,semantic_placebo_tcn,item_block_15,0.8734531734709878,0.5973770565030655,1.9224083862962231,3
Favorita,semantic_placebo_tcn,item_block_16,0.3944011627268704,2.5562787765476074,1.659906735594468,3
Favorita,semantic_placebo_tcn,item_block_17,0.19908233320273058,0.4990263806116396,4.449044228230834,3
Favorita,semantic_placebo_tcn,item_block_18,0.7743515375689417,0.5697729141875869,26.243569757572555,3
Favorita,semantic_placebo_tcn,item_block_19,0.4709738809153712,0.45432836781863223,3.610091661334668,3
Favorita,semantic_placebo_tcn,item_block_20,0.34190292547647344,0.8031046581398749,2.895700020961976,3
Favorita,semantic_placebo_tcn,item_block_21,0.5424421347165539,0.6258656706477098,1.8671993593532574,3
Favorita,semantic_placebo_tcn,item_block_22,0.4985470519536721,0.622206406938646,5.374252912228701,3
Favorita,semantic_placebo_tcn,item_block_23,0.6258180296692402,0.691566825626619,2.5154714215369456,3
Favorita,semantic_placebo_tcn,item_block_24,0.1706897154815516,0.5853661701514205,1.929916864665097,3
Favorita,semantic_placebo_tcn,item_block_25,0.6411736220522753,0.3337053513714543,4.556982703940578,3
Favorita,semantic_placebo_tcn,item_block_26,0.6142460468942892,0.7390385619177705,1.5313445911521002,3
Favorita,semantic_placebo_tcn,item_block_27,0.5923755460469662,0.6912997977449469,6.777437071320872,3
Favorita,semantic_placebo_tcn,item_block_28,0.7214510272189416,0.4174544503635009,3.8281955176560336,3
Favorita,semantic_placebo_tcn,item_block_29,0.9015971038995244,0.41361890799009077,4.591197035930775,3
Favorita,tcn_business,item_block_00,0.5976943219043237,0.6723960129105035,14.759197884135776,3
Favorita,tcn_business,item_block_01,1.5655054980728538,0.6313825975427427,5.920572616751231,3
Favorita,tcn_business,item_block_02,0.8120177101172447,0.671362740702663,1.5593409695953289,3
Favorita,tcn_business,item_block_03,0.7401397938465855,0.4335285064126644,108.39197682325172,3
Favorita,tcn_business,item_block_04,0.5205042306951971,0.7215086776337879,3.379921223436083,3
Favorita,tcn_business,item_block_05,0.6070426721738568,0.6723194964263052,4.9180598208513215,3
Favorita,tcn_business,item_block_06,1.3163749441387806,0.5620919827944394,10.908078963163668,3
Favorita,tcn_business,item_block_07,2.4747055462521614,0.6648834998169568,11.858627905921331,3
Favorita,tcn_business,item_block_08,1.317357029896848,0.7067405694745008,8.911800169755542,3
Favorita,tcn_business,item_block_09,0.8728282830612026,0.5341307110618893,4.2421573594449065,3
Favorita,tcn_business,item_block_10,1.1499332939340572,0.8289224295604458,4.7051336322985,3
Favorita,tcn_business,item_block_11,0.3167988860377161,0.914441342728025,3.4704392572086324,3
Favorita,tcn_business,item_block_12,1.9202055521970394,0.6978445208990693,56.84968969620094,3
Favorita,tcn_business,item_block_13,0.8455295100102566,0.5139722982825963,30.90573461850484,3
Favorita,tcn_business,item_block_14,0.38150366969952043,1.4505304024135433,0.9760761895763969,3
Favorita,tcn_business,item_block_15,0.8713252834328666,0.6148921344391989,1.9267324299093276,3
Favorita,tcn_business,item_block_16,0.3894184091277497,2.400909820766343,1.5055651619399666,3
Favorita,tcn_business,item_block_17,0.18433627993031537,0.42355366705429137,4.038053166929377,3
Favorita,tcn_business,item_block_18,0.7432554625130414,0.5560139310042895,25.725303983877577,3
Favorita,tcn_business,item_block_19,0.47341796472759207,0.45496292024399704,3.579087075102266,3
Favorita,tcn_business,item_block_20,0.3681163676776161,0.8206516268018086,3.0311888795365736,3
Favorita,tcn_business,item_block_21,0.5337473771721578,0.6198388760641415,1.8341412009700895,3
Favorita,tcn_business,item_block_22,0.5060265771460593,0.6576577907220653,5.768417050283421,3
Favorita,tcn_business,item_block_23,0.5771136531758714,0.6294140977858608,2.292987863222758,3
Favorita,tcn_business,item_block_24,0.1817965311318438,0.603341908649019,2.057494538959372,3
Favorita,tcn_business,item_block_25,0.653855671108866,0.34147587240819655,4.66029448862429,3
Favorita,tcn_business,item_block_26,0.621551930549325,0.7059879739533761,1.4771522772769448,3
Favorita,tcn_business,item_block_27,0.581472377929605,0.6180345859263954,6.290142280714853,3
Favorita,tcn_business,item_block_28,0.6992847981247231,0.4056692061384733,3.7820933353963984,3
Favorita,tcn_business,item_block_29,0.9148331693237888,0.413764917205652,4.582340608513544,3
Favorita,tcn_no_graph,item_block_00,0.574204800162809,0.5866138540853995,12.9043124687104,3
Favorita,tcn_no_graph,item_block_01,1.5978193665629805,0.6515590772864315,6.062413659360674,3
Favorita,tcn_no_graph,item_block_02,0.8100381689006164,0.6633765214286463,1.5416178619341243,3
Favorita,tcn_no_graph,item_block_03,1.1332447655156277,0.6563164400546434,158.83603767869334,3
Favorita,tcn_no_graph,item_block_04,0.5384126759715071,0.7140531764494726,3.511230924930522,3
Favorita,tcn_no_graph,item_block_05,0.604019445301279,0.6769442818001424,4.838439924573457,3
Favorita,tcn_no_graph,item_block_06,1.342909146161717,0.5830642547031599,11.206594604663747,3
Favorita,tcn_no_graph,item_block_07,2.5150308606023564,0.6572366131112931,11.805878126116657,3
Favorita,tcn_no_graph,item_block_08,1.325291307544072,0.7023473601464881,8.879333045747545,3
Favorita,tcn_no_graph,item_block_09,0.8954051041475983,0.5329434466228844,4.329973808041325,3
Favorita,tcn_no_graph,item_block_10,1.1469943368989752,0.8257555442302112,4.673375545394799,3
Favorita,tcn_no_graph,item_block_11,0.3329908914766304,0.9059361623740865,3.4845597963464794,3
Favorita,tcn_no_graph,item_block_12,1.9404297139468654,0.6430606668968898,57.2443915025267,3
Favorita,tcn_no_graph,item_block_13,0.9932793769083127,0.5829104702323531,34.93478767077128,3
Favorita,tcn_no_graph,item_block_14,0.3884945029430884,1.4606133699693529,1.003165721942587,3
Favorita,tcn_no_graph,item_block_15,0.8907102807034903,0.5971093822544796,1.9957442501234632,3
Favorita,tcn_no_graph,item_block_16,0.4023145829760264,3.0024279914414334,1.5738286966625503,3
Favorita,tcn_no_graph,item_block_17,0.17374263572471607,0.4097475941706177,3.8841938896784707,3
Favorita,tcn_no_graph,item_block_18,0.7012011964467966,0.5495295909320665,25.737716463192427,3
Favorita,tcn_no_graph,item_block_19,0.5083017615811625,0.4865214981311755,3.848292467140016,3
Favorita,tcn_no_graph,item_block_20,0.35122827246934396,0.7274203714086922,2.8143869883247783,3
Favorita,tcn_no_graph,item_block_21,0.5493347754095771,0.6198864163486079,1.8518681892011533,3
Favorita,tcn_no_graph,item_block_22,0.5012846785372245,0.6356433444510514,5.527823162141931,3
Favorita,tcn_no_graph,item_block_23,0.6253135852423719,0.6602944181449346,2.4610222719964527,3
Favorita,tcn_no_graph,item_block_24,0.18326427263974718,0.6024911536317271,2.050141522966365,3
Favorita,tcn_no_graph,item_block_25,0.6206962635439576,0.3201218598004307,4.369064544243788,3
Favorita,tcn_no_graph,item_block_26,0.6144275774686453,0.6831119222580879,1.4387561404515825,3
Favorita,tcn_no_graph,item_block_27,0.5745292900629481,0.6145271406472335,6.237664370940475,3
Favorita,tcn_no_graph,item_block_28,0.6997494652774592,0.4033633714674864,3.7347743274673584,3
Favorita,tcn_no_graph,item_block_29,0.9495386918032771,0.4404605658113226,4.9100424502261735,3
Favorita,tcn_stat_confidence,item_block_00,0.5637758053080612,0.617608401970124,13.573330688098121,3
Favorita,tcn_stat_confidence,item_block_01,1.564060371379015,0.6321422874973417,5.912535683818596,3
Favorita,tcn_stat_confidence,item_block_02,0.8363187209225844,0.6823369863143454,1.5922830748179604,3
Favorita,tcn_stat_confidence,item_block_03,0.6685381792702496,0.3945339753037956,95.04028204004601,3
Favorita,tcn_stat_confidence,item_block_04,0.5095790599163705,0.6986049849444974,3.2124381208861315,3
Favorita,tcn_stat_confidence,item_block_05,0.6051551020256818,0.675924696303536,4.863418949817223,3
Favorita,tcn_stat_confidence,item_block_06,1.3074980382773917,0.5487420079008518,10.730384805215099,3
Favorita,tcn_stat_confidence,item_block_07,2.4655439792510894,0.6434689299555556,11.644419581801802,3
Favorita,tcn_stat_confidence,item_block_08,1.2793149502456724,0.6792963571070352,8.537051912338015,3
Favorita,tcn_stat_confidence,item_block_09,0.8596498440362489,0.5247420062399688,4.249191885745084,3
Favorita,tcn_stat_confidence,item_block_10,1.1470924154501445,0.824857589643248,4.676961804587374,3
Favorita,tcn_stat_confidence,item_block_11,0.3093637159450478,0.9237919345217962,3.3888011422136395,3
Favorita,tcn_stat_confidence,item_block_12,1.7651140467753248,0.6338852597340645,51.344841533867765,3
Favorita,tcn_stat_confidence,item_block_13,0.8694945831293324,0.53146186098358,32.03755787566856,3
Favorita,tcn_stat_confidence,item_block_14,0.375489957936811,1.3424890930667939,0.9438404546528266,3
Favorita,tcn_stat_confidence,item_block_15,0.8491270396041821,0.5885781091096697,1.912722201259048,3
Favorita,tcn_stat_confidence,item_block_16,0.3926178212823355,2.485301449580055,1.53709670956488,3
Favorita,tcn_stat_confidence,item_block_17,0.18707895001474373,0.4367604893828979,4.171078719790019,3
Favorita,tcn_stat_confidence,item_block_18,0.8149473543363994,0.5901839877922905,27.189056812770783,3
Favorita,tcn_stat_confidence,item_block_19,0.4706590845804897,0.4510161357922731,3.5637767582974105,3
Favorita,tcn_stat_confidence,item_block_20,0.36703532192495747,0.828969141258651,3.0371269060190396,3
Favorita,tcn_stat_confidence,item_block_21,0.5347428314758343,0.6028464984862182,1.8142188349098125,3
Favorita,tcn_stat_confidence,item_block_22,0.4867433994544767,0.6261686231341121,5.471391126276955,3
Favorita,tcn_stat_confidence,item_block_23,0.5950479885105023,0.643567569535169,2.364195976150099,3
Favorita,tcn_stat_confidence,item_block_24,0.17889705433412198,0.6054536138119267,2.019434824664757,3
Favorita,tcn_stat_confidence,item_block_25,0.6299155083867822,0.3264683950054503,4.467421291997193,3
Favorita,tcn_stat_confidence,item_block_26,0.6168256982329929,0.7007681299573305,1.4726806819123566,3
Favorita,tcn_stat_confidence,item_block_27,0.5809471323890004,0.6503485341436361,6.419141943807955,3
Favorita,tcn_stat_confidence,item_block_28,0.6813503318776347,0.3893516375574099,3.6186051576856584,3
Favorita,tcn_stat_confidence,item_block_29,0.8725690585103121,0.38774268937523054,4.264385133193283,3
Favorita,tcn_stat_equal,item_block_00,0.5764239146524118,0.638231422044455,14.075433547534642,3
Favorita,tcn_stat_equal,item_block_01,1.5679905568470909,0.6366672135338438,5.93299740805197,3
Favorita,tcn_stat_equal,item_block_02,0.83232096213564,0.6799014600868062,1.5869945431197132,3
Favorita,tcn_stat_equal,item_block_03,0.6879390411395414,0.40711716241790236,97.94940007679045,3
Favorita,tcn_stat_equal,item_block_04,0.5109208421895036,0.6982367080532184,3.2463749743327894,3
Favorita,tcn_stat_equal,item_block_05,0.6049472244449324,0.6764834636831799,4.851697669773506,3
Favorita,tcn_stat_equal,item_block_06,1.3084234682492495,0.5492254052647437,10.734119852383932,3
Favorita,tcn_stat_equal,item_block_07,2.4676909796116098,0.6441870854301618,11.64673010760514,3
Favorita,tcn_stat_equal,item_block_08,1.280834791969576,0.6781473613037261,8.531686096910446,3
Favorita,tcn_stat_equal,item_block_09,0.8628483511174404,0.5219054048700505,4.246192666430953,3
Favorita,tcn_stat_equal,item_block_10,1.1566417620633758,0.8297284287238799,4.703331176526648,3
Favorita,tcn_stat_equal,item_block_11,0.30520917717678053,0.9243840085869076,3.3267896459561097,3
Favorita,tcn_stat_equal,item_block_12,1.6583681284538512,0.5950470019780283,48.10984046433969,3
Favorita,tcn_stat_equal,item_block_13,0.8319366067842168,0.5049958659385413,30.452372766676405,3
Favorita,tcn_stat_equal,item_block_14,0.3728269036339238,1.3160010202947006,0.935801862812941,3
Favorita,tcn_stat_equal,item_block_15,0.8503264324695925,0.580383909081674,1.9256947918859109,3
Favorita,tcn_stat_equal,item_block_16,0.39361594032679725,2.446318943457483,1.5184067333777431,3
Favorita,tcn_stat_equal,item_block_17,0.18709450877691303,0.43594778131073786,4.156503780178292,3
Favorita,tcn_stat_equal,item_block_18,0.779556723193181,0.5659809458973095,25.994445262762607,3
Favorita,tcn_stat_equal,item_block_19,0.46877689170309184,0.4462963630868387,3.5362863651028387,3
Favorita,tcn_stat_equal,item_block_20,0.3671077444187059,0.8177995674270352,3.024995240387778,3
Favorita,tcn_stat_equal,item_block_21,0.5354154052750176,0.5974293859412896,1.8086460272155742,3
Favorita,tcn_stat_equal,item_block_22,0.4844423532792324,0.6142287226765529,5.3605613897717195,3
Favorita,tcn_stat_equal,item_block_23,0.6002634968599138,0.6584323303084668,2.4044714745074987,3
Favorita,tcn_stat_equal,item_block_24,0.17932011645854526,0.5967550740545543,2.007829719395549,3
Favorita,tcn_stat_equal,item_block_25,0.6060731484322923,0.31508293321360126,4.307676545526615,3
Favorita,tcn_stat_equal,item_block_26,0.6152485824419045,0.6924155953943684,1.4566190135542048,3
Favorita,tcn_stat_equal,item_block_27,0.5808029569286457,0.6455738311764322,6.4051087243216385,3
Favorita,tcn_stat_equal,item_block_28,0.6853403456874264,0.3918686844492309,3.6290504326896063,3
Favorita,tcn_stat_equal,item_block_29,0.8545819296493911,0.380722978898557,4.178560439871733,3
Favorita,tcn_stat_placebo,item_block_00,0.57923245719275,0.6171022048251034,13.496654504190678,3
Favorita,tcn_stat_placebo,item_block_01,1.5915566166933415,0.6527595554745523,6.035703168028876,3
Favorita,tcn_stat_placebo,item_block_02,0.8311390761171507,0.6809039346764876,1.5885227609563757,3
Favorita,tcn_stat_placebo,item_block_03,0.6904116397956105,0.40415183778661,100.51899419259773,3
Favorita,tcn_stat_placebo,item_block_04,0.5431557078635483,0.7404105777317115,3.6237826747869057,3
Favorita,tcn_stat_placebo,item_block_05,0.6192464493581036,0.6893414474747401,5.038165108709739,3
Favorita,tcn_stat_placebo,item_block_06,1.3313431670425315,0.5712989170227216,11.076235335970681,3
Favorita,tcn_stat_placebo,item_block_07,2.488524039477044,0.665641449628267,11.938194734078866,3
Favorita,tcn_stat_placebo,item_block_08,1.3384463745845439,0.7139558883629274,9.019704783404315,3
Favorita,tcn_stat_placebo,item_block_09,0.8811421522848261,0.542239324827507,4.33276438129642,3
Favorita,tcn_stat_placebo,item_block_10,1.1474972151757086,0.8281195408127923,4.698132790703938,3
Favorita,tcn_stat_placebo,item_block_11,0.30702102465183284,0.9023841831769082,3.3093710392417885,3
Favorita,tcn_stat_placebo,item_block_12,1.8483581828787965,0.678312300554298,54.404525202418135,3
Favorita,tcn_stat_placebo,item_block_13,0.8453797517866619,0.5148000549661189,30.865809045771442,3
Favorita,tcn_stat_placebo,item_block_14,0.392229815683565,1.6843112031278826,1.0362221569059387,3
Favorita,tcn_stat_placebo,item_block_15,0.8812560132852938,0.6164366254161331,1.996425571265044,3
Favorita,tcn_stat_placebo,item_block_16,0.3938491749355983,2.7981574753152643,1.5335211580096886,3
Favorita,tcn_stat_placebo,item_block_17,0.20009708014311767,0.46602512697531245,4.446723063471456,3
Favorita,tcn_stat_placebo,item_block_18,0.8434039721321651,0.6065733622467929,27.909072380848034,3
Favorita,tcn_stat_placebo,item_block_19,0.47576790484332776,0.45338690537541027,3.5916265078953336,3
Favorita,tcn_stat_placebo,item_block_20,0.38101975365072005,0.8438901387558788,3.1569252923998254,3
Favorita,tcn_stat_placebo,item_block_21,0.540514043888596,0.6051515507877473,1.8265639909360774,3
Favorita,tcn_stat_placebo,item_block_22,0.5041250619317899,0.6534301424116471,5.73245065079795,3
Favorita,tcn_stat_placebo,item_block_23,0.6145339144472592,0.6595936488914868,2.4366131341331223,3
Favorita,tcn_stat_placebo,item_block_24,0.18240230229809284,0.6010675083117901,2.0459593922372847,3
Favorita,tcn_stat_placebo,item_block_25,0.6698959938998792,0.34480243427104385,4.702030651783817,3
Favorita,tcn_stat_placebo,item_block_26,0.6155864830201935,0.6963878936884824,1.4667396088125844,3
Favorita,tcn_stat_placebo,item_block_27,0.5952292058465747,0.6430041685762897,6.508798891274386,3
Favorita,tcn_stat_placebo,item_block_28,0.7160075553124455,0.4152965897217853,3.8973967745190574,3
Favorita,tcn_stat_placebo,item_block_29,0.8909932501610653,0.4024422559096675,4.493068108798335,3
Favorita,tcn_target_only,item_block_00,0.5710578097332609,0.5676064265227501,12.628758764140821,3
Favorita,tcn_target_only,item_block_01,1.520101857351104,0.6247431876160737,5.779494523371339,3
Favorita,tcn_target_only,item_block_02,0.800118522505625,0.6752584268206993,1.5611831306149722,3
Favorita,tcn_target_only,item_block_03,0.616191922245043,0.3287193759684569,84.97275786172776,3
Favorita,tcn_target_only,item_block_04,0.5138180034472449,0.6891399395201113,3.252584797364694,3
Favorita,tcn_target_only,item_block_05,0.5579772902065314,0.6344074662429112,4.364194666582441,3
Favorita,tcn_target_only,item_block_06,1.3539534201908414,0.5844632730617884,11.132442094030834,3
Favorita,tcn_target_only,item_block_07,2.5334722106886893,0.68140442161874,12.043589269673383,3
Favorita,tcn_target_only,item_block_08,1.2852369219914366,0.6916838054040263,8.774734419805032,3
Favorita,tcn_target_only,item_block_09,0.8757090939917603,0.5164196736449455,4.232634667050902,3
Favorita,tcn_target_only,item_block_10,1.1035804158931404,0.8122442369541256,4.602822179043734,3
Favorita,tcn_target_only,item_block_11,0.3669328216901153,0.889148174570029,4.028815951986761,3
Favorita,tcn_target_only,item_block_12,1.1304488303303248,0.3672344825537383,31.321937993089993,3
Favorita,tcn_target_only,item_block_13,0.7112428375261628,0.39162038143519173,23.54996727004884,3
Favorita,tcn_target_only,item_block_14,0.3792918861217187,1.3959463548373865,0.941707746268659,3
Favorita,tcn_target_only,item_block_15,0.8869349565915065,0.5942372868863914,1.9793289506403857,3
Favorita,tcn_target_only,item_block_16,0.40493251883965414,3.0082971804095884,1.6310853296053156,3
Favorita,tcn_target_only,item_block_17,0.18425979209544568,0.41318735948428925,3.9842869894845143,3
Favorita,tcn_target_only,item_block_18,0.7386461613926648,0.5290297355735569,24.278270645589423,3
Favorita,tcn_target_only,item_block_19,0.48815124493236994,0.46179702043282483,3.6624439989448225,3
Favorita,tcn_target_only,item_block_20,0.34503690721465363,0.7916733376970806,2.860724169425864,3
Favorita,tcn_target_only,item_block_21,0.5322202524030674,0.5913350716580291,1.7674670384989843,3
Favorita,tcn_target_only,item_block_22,0.4959319238743199,0.6084903013554823,5.262623017742521,3
Favorita,tcn_target_only,item_block_23,0.6335289086720386,0.699888448577267,2.5416275139838933,3
Favorita,tcn_target_only,item_block_24,0.17716850097861214,0.5993278161314722,1.9964644451620717,3
Favorita,tcn_target_only,item_block_25,0.6514884175420403,0.32550320594008,4.443888109827799,3
Favorita,tcn_target_only,item_block_26,0.6090797414324505,0.6790968125013414,1.4239027378735718,3
Favorita,tcn_target_only,item_block_27,0.5816726599932602,0.668721711428159,6.608317500384397,3
Favorita,tcn_target_only,item_block_28,0.7655298000040568,0.438057562936777,4.025958776473999,3
Favorita,tcn_target_only,item_block_29,0.8950896370603522,0.41177447644534,4.600251393028038,3
Favorita,timemixerpp,item_block_00,0.5680522408604963,0.5736403367843599,12.705876523855501,3
Favorita,timemixerpp,item_block_01,1.4429329527716068,0.5854345982249449,5.442739309772612,3
Favorita,timemixerpp,item_block_02,0.8062150261657953,0.6768281469587037,1.5669970262066397,3
Favorita,timemixerpp,item_block_03,0.5454522589820867,0.2900592981385471,75.0319910074668,3
Favorita,timemixerpp,item_block_04,0.5045842987472229,0.7135122398998734,3.2286443417034456,3
Favorita,timemixerpp,item_block_05,0.5701616815463925,0.6640745374316261,4.656725597129297,3
Favorita,timemixerpp,item_block_06,1.3312391880404237,0.5818348943916222,11.094571520411778,3
Favorita,timemixerpp,item_block_07,2.504645603665322,0.6732639368820992,11.867394678807134,3
Favorita,timemixerpp,item_block_08,1.3410737748764958,0.711879720313386,8.994958350109677,3
Favorita,timemixerpp,item_block_09,0.8393260503871974,0.5156276652588282,4.095380930988877,3
Favorita,timemixerpp,item_block_10,1.1296961159732122,0.8270342076376705,4.698917945896191,3
Favorita,timemixerpp,item_block_11,0.455571124354315,0.9311287736829291,4.940628384156202,3
Favorita,timemixerpp,item_block_12,1.007767157823566,0.3161053212712878,26.715561496517648,3
Favorita,timemixerpp,item_block_13,0.6829299137032737,0.37412847777744607,22.57430525557705,3
Favorita,timemixerpp,item_block_14,0.44046402196866313,2.115723575731099,1.1825085508996847,3
Favorita,timemixerpp,item_block_15,0.8705784165364191,0.5979443702601492,1.9426908427603033,3
Favorita,timemixerpp,item_block_16,0.42753989961252664,3.902587917382508,1.8662030373616192,3
Favorita,timemixerpp,item_block_17,0.2190004667842869,0.5447258803948937,5.059626054393236,3
Favorita,timemixerpp,item_block_18,0.6895439272737954,0.4827793831893898,22.231081196240016,3
Favorita,timemixerpp,item_block_19,0.48112888654332825,0.4612536290523227,3.632188534610486,3
Favorita,timemixerpp,item_block_20,0.3367884904433152,0.8355897631194691,2.88661641844366,3
Favorita,timemixerpp,item_block_21,0.5209069393674187,0.6130938215118014,1.7923498206904955,3
Favorita,timemixerpp,item_block_22,0.48862478632840656,0.620836844210086,5.323498696561844,3
Favorita,timemixerpp,item_block_23,0.6041158676298245,0.7222090669875323,2.4810654565140053,3
Favorita,timemixerpp,item_block_24,0.18940398882414217,0.6565924318265517,2.2062859301943156,3
Favorita,timemixerpp,item_block_25,0.6073849753079943,0.30380067712472586,4.135591581384971,3
Favorita,timemixerpp,item_block_26,0.625123868342002,0.7576142474358247,1.5618658969326626,3
Favorita,timemixerpp,item_block_27,0.5465963671902841,0.6024455032108941,5.965017173971448,3
Favorita,timemixerpp,item_block_28,0.7133441528385073,0.41551873249951965,3.865541865585973,3
Favorita,timemixerpp,item_block_29,0.881306644789161,0.3991877819590725,4.403642820618139,3
M5,dlinear,item_block_00,0.7939361908772844,0.760996562631771,1.626031800670914,3
M5,dlinear,item_block_01,0.6256685503968618,2.1520688876530776,0.8721010973529211,3
M5,dlinear,item_block_02,0.47385601703558383,1.9960255479147997,0.7858110154786753,3
M5,dlinear,item_block_03,0.5136615502257008,2.4511869765701975,0.7773916681725828,3
M5,dlinear,item_block_04,0.6763750990950361,1.115457505491065,0.812305156082388,3
M5,dlinear,item_block_05,0.5735372212666924,3.254761139792318,0.6611537112997323,3
M5,dlinear,item_block_06,0.6274721735843758,1.256760811038141,0.7625142201860116,3
M5,dlinear,item_block_07,0.5229545110986358,2.3202368737566923,0.6309938178097129,3
M5,dlinear,item_block_08,0.504567174533663,3.517323992689135,0.6568041941318562,3
M5,dlinear,item_block_09,0.754325199460994,1.1178377915290627,0.7538305128377581,3
M5,dlinear,item_block_10,0.6119063807438148,4.58066597795595,0.7983625581655552,3
M5,dlinear,item_block_11,0.6419539849388537,1.697263018752407,0.8635864615164421,3
M5,dlinear,item_block_12,0.6934295945998774,0.9348540348872959,0.8947318159635105,3
M5,dlinear,item_block_13,0.5970328110095439,1.4109506179554523,0.9638322480220012,3
M5,dlinear,item_block_14,0.5758307397290044,3.1961093904628677,0.8291966255616259,3
M5,dlinear,item_block_15,0.6064848422350323,1.1908826567925508,2.8112624712564327,3
M5,dlinear,item_block_16,0.8016673917469346,0.6699531983531043,2.1107667755512964,3
M5,dlinear,item_block_17,0.9405396218718726,1.735674725809044,32.393230175333365,3
M5,dlinear,item_block_18,0.5740096620413259,1.01714213560579,1.0736688820536804,3
M5,dlinear,item_block_19,0.7054948859378415,0.6210253655680141,1.412831324118155,3
M5,dlinear,item_block_20,0.81478487692062,0.7035109727377239,3.783035955928936,3
M5,dlinear,item_block_21,0.5808093635531636,1.2266110255095426,1.431715649153505,3
M5,dlinear,item_block_22,0.5689468205973164,0.9516247525937203,0.835945443383285,3
M5,dlinear,item_block_23,0.6796674685815218,0.789172617020961,5.990915400247094,3
M5,dlinear,item_block_24,0.9331673105817947,0.532845589242457,10.595111181496312,3
M5,dlinear,item_block_25,0.8316769023802152,1.4311735127148904,8.02667764747742,3
M5,dlinear,item_block_26,0.6341214731263408,0.9319442418206273,1.4403575590993993,3
M5,dlinear,item_block_27,0.6279074219553982,0.8172199353649168,2.540004680356967,3
M5,dlinear,item_block_28,0.7637802019572226,0.63361883144477,3.735596233259433,3
M5,dlinear,item_block_29,0.5421044625585383,0.74466546388255,1.434100329166367,3
M5,global_lightgbm,item_block_00,0.8556670683379163,0.9340820332013285,1.954716706086719,3
M5,global_lightgbm,item_block_01,0.760665935852676,2.8313678351522147,1.151938203071791,3
M5,global_lightgbm,item_block_02,0.6681477158352074,2.910713067628439,1.1517737684032272,3
M5,global_lightgbm,item_block_03,0.7114413488872341,3.7597221374527736,1.1595716633730464,3
M5,global_lightgbm,item_block_04,0.8121618629450555,1.3884121571769215,0.9463287124794627,3
M5,global_lightgbm,item_block_05,0.8698954409626002,5.434180301134795,1.0822906704649093,3
M5,global_lightgbm,item_block_06,0.7839463490563537,1.7139582725387892,0.978129949361559,3
M5,global_lightgbm,item_block_07,0.7858019766996066,3.7576413744292303,1.0061424292978787,3
M5,global_lightgbm,item_block_08,0.7636829455581998,6.878939952535762,1.0618009342560693,3
M5,global_lightgbm,item_block_09,0.9173463020917502,1.498965796553304,0.9767183808107226,3
M5,global_lightgbm,item_block_10,0.8396941380099486,9.880285838575341,1.1941149719650783,3
M5,global_lightgbm,item_block_11,0.8331172154119568,2.326940248238315,1.2048178529219022,3
M5,global_lightgbm,item_block_12,0.8130752421099836,1.1494698389973026,1.0822624361940791,3
M5,global_lightgbm,item_block_13,0.7328839889230016,2.0342431242721792,1.3441909205109352,3
M5,global_lightgbm,item_block_14,0.7142881621412733,4.962698835339099,1.0412575636827757,3
M5,global_lightgbm,item_block_15,0.7972225884802744,1.3528849337338407,4.1694928868895484,3
M5,global_lightgbm,item_block_16,0.7291869703096613,0.6312490878797079,1.9118797466868445,3
M5,global_lightgbm,item_block_17,1.0750414569271012,7.004669298779286,37.422945182947885,3
M5,global_lightgbm,item_block_18,0.5756397939992397,1.0676119260223607,1.095970098816213,3
M5,global_lightgbm,item_block_19,0.7052092434516527,0.6369534569552214,1.444145765569475,3
M5,global_lightgbm,item_block_20,0.7343210258595021,0.691490840733901,3.4073510330820844,3
M5,global_lightgbm,item_block_21,0.6913293083366651,1.4976940753530943,1.9003592821813764,3
M5,global_lightgbm,item_block_22,0.6464836734218068,1.206927702377188,0.9877839121553633,3
M5,global_lightgbm,item_block_23,0.7935143253424433,1.1406695635680857,7.279376806484328,3
M5,global_lightgbm,item_block_24,1.0312500899761814,0.6052280285157259,12.806247741457016,3
M5,global_lightgbm,item_block_25,0.9521994652046022,5.7277819154777205,10.160858437655463,3
M5,global_lightgbm,item_block_26,0.5727936661524907,0.8281699824058495,1.335690693249778,3
M5,global_lightgbm,item_block_27,0.8240131134074589,0.9944873309747472,3.5237341792810533,3
M5,global_lightgbm,item_block_28,0.6641058185588562,0.5934835952641514,3.279805412368169,3
M5,global_lightgbm,item_block_29,0.5345275979373244,0.7900167434449568,1.5252087040553017,3
M5,gts_native,item_block_00,0.8485757026799058,0.8024939077171473,1.721711615179345,3
M5,gts_native,item_block_01,0.5737495226022279,1.5961008283892713,0.7079944227225881,3
M5,gts_native,item_block_02,0.451517165282817,1.896760496108946,0.7254714712958842,3
M5,gts_native,item_block_03,0.5464254020221208,2.504422509738481,0.7475841184289604,3
M5,gts_native,item_block_04,0.7793952886492868,1.2264922497725996,0.893145419903612,3
M5,gts_native,item_block_05,0.5491007222226391,2.6010007539808973,0.5791431900764269,3
M5,gts_native,item_block_06,0.6122488830524039,1.1827948104818786,0.7119427163981729,3
M5,gts_native,item_block_07,0.5372112962784349,1.8953719226813444,0.5842051837770712,3
M5,gts_native,item_block_08,0.48509830802305703,4.0058467027686895,0.5928331360654541,3
M5,gts_native,item_block_09,0.7996140338069708,1.1216417932932292,0.7703644212966085,3
M5,gts_native,item_block_10,0.5891342723703238,2.8648392841048755,0.6951466693318691,3
M5,gts_native,item_block_11,0.6631390200462607,1.6120736330783343,0.8206786405117739,3
M5,gts_native,item_block_12,0.7192821022240592,0.9355166258560524,0.9173345170796864,3
M5,gts_native,item_block_13,0.6405201508717749,1.4918588001198205,1.0244807035578465,3
M5,gts_native,item_block_14,0.6139273553757663,2.9242389436804994,0.8773614517634823,3
M5,gts_native,item_block_15,0.5931437024777475,1.0976881388651765,2.6442738405331276,3
M5,gts_native,item_block_16,0.8211576392278844,0.6965584376544013,2.148324499527613,3
M5,gts_native,item_block_17,1.0049712555616106,1.8380252299006603,37.37304785414525,3
M5,gts_native,item_block_18,0.5654286050853228,0.9235507625865027,1.0446672166190134,3
M5,gts_native,item_block_19,0.7697534516523453,0.6718772508373776,1.5231884222812753,3
M5,gts_native,item_block_20,0.8079276634697627,0.7105348387376605,3.79224746256436,3
M5,gts_native,item_block_21,0.5949925040335581,1.22813712546092,1.376999161461191,3
M5,gts_native,item_block_22,0.6012814839723125,0.9655075583059732,0.8682805343417738,3
M5,gts_native,item_block_23,0.6652679402874909,0.7807384210328356,5.948196573303668,3
M5,gts_native,item_block_24,1.2009308392211122,0.65434347559639,15.447356364507446,3
M5,gts_native,item_block_25,0.8473719534533558,1.544346479788135,8.561873083875057,3
M5,gts_native,item_block_26,0.6320262641815567,0.8644588398282423,1.4563370583352275,3
M5,gts_native,item_block_27,0.6382850524140267,0.8833308372833495,2.600173774830721,3
M5,gts_native,item_block_28,0.8020470383016095,0.668283810349174,3.9217510179138535,3
M5,gts_native,item_block_29,0.5673743535106566,0.74965137212808,1.5784331034947798,3
M5,gts_no_graph,item_block_00,0.8375934318415034,0.8048587561817044,1.7263149221935283,3
M5,gts_no_graph,item_block_01,0.5549499956559629,1.6905227588023468,0.6770069054451097,3
M5,gts_no_graph,item_block_02,0.421966256449199,1.7430276845082735,0.6409713275676405,3
M5,gts_no_graph,item_block_03,0.4742323762096845,1.9497032229291125,0.6138973847073479,3
M5,gts_no_graph,item_block_04,0.67695614808067,1.0339901588009128,0.7831525971925763,3
M5,gts_no_graph,item_block_05,0.513295476893469,2.381728681137826,0.5210928507838702,3
M5,gts_no_graph,item_block_06,0.5971035459485633,1.1478400317872766,0.6824951714733812,3
M5,gts_no_graph,item_block_07,0.4551606028956397,1.7615202281833673,0.4790534890636711,3
M5,gts_no_graph,item_block_08,0.41189462952662154,2.4900765773877667,0.46695351462881146,3
M5,gts_no_graph,item_block_09,0.7748853201024313,1.0933401499434343,0.7499609232914669,3
M5,gts_no_graph,item_block_10,0.5107449411541733,3.202468938946916,0.5765993729610706,3
M5,gts_no_graph,item_block_11,0.6006775125312702,1.4086948189535604,0.7111850709626056,3
M5,gts_no_graph,item_block_12,0.6919294579229631,0.906263068136709,0.880686502056147,3
M5,gts_no_graph,item_block_13,0.6000329422958635,1.3653222334918316,0.9247671491860673,3
M5,gts_no_graph,item_block_14,0.5366952425400366,2.291536769613694,0.7690787204743299,3
M5,gts_no_graph,item_block_15,0.6323044500438243,1.146898844401951,2.8796721543308603,3
M5,gts_no_graph,item_block_16,0.7765041526285389,0.6458502082454388,2.010347182157809,3
M5,gts_no_graph,item_block_17,0.8316643078982047,1.5921802414913206,30.666972957640176,3
M5,gts_no_graph,item_block_18,0.5628723623161128,0.8971095954687482,1.0259696963248115,3
M5,gts_no_graph,item_block_19,0.7610117308335134,0.658530441185777,1.4996410767552715,3
M5,gts_no_graph,item_block_20,0.7359850655642813,0.6542264839809167,3.3264955299556567,3
M5,gts_no_graph,item_block_21,0.5665825230421763,1.161296489879572,1.3000767851339545,3
M5,gts_no_graph,item_block_22,0.5975641818904397,0.967479535749587,0.8690286947305871,3
M5,gts_no_graph,item_block_23,0.6075664022824971,0.7244238947931343,5.233737649537732,3
M5,gts_no_graph,item_block_24,1.00245241775506,0.5814247331925618,11.939594158735225,3
M5,gts_no_graph,item_block_25,0.7312345880072354,0.9741381202443014,6.988382029633463,3
M5,gts_no_graph,item_block_26,0.6023105738314046,0.7940191467392829,1.361578303512442,3
M5,gts_no_graph,item_block_27,0.6240251720576097,0.829097563115677,2.500571469013781,3
M5,gts_no_graph,item_block_28,0.6917969966796726,0.5750829574883709,3.26613050178876,3
M5,gts_no_graph,item_block_29,0.512297402846251,0.6694866263481458,1.4000919101336013,3
M5,gts_placebo,item_block_00,0.8464717250586632,0.851651311133344,1.8057859877627047,3
M5,gts_placebo,item_block_01,0.631876469185134,2.135851698223179,0.8660724906431925,3
M5,gts_placebo,item_block_02,0.44520574387705814,2.11816183541829,0.7172185270886907,3
M5,gts_placebo,item_block_03,0.49758287469294304,2.1560996137158615,0.6860135158366233,3
M5,gts_placebo,item_block_04,0.7047841979225997,1.1328008956564406,0.8266424691826894,3
M5,gts_placebo,item_block_05,0.566499748129723,2.92580141075642,0.6294624556949923,3
M5,gts_placebo,item_block_06,0.6104236650018442,1.2299731760388692,0.7134921953096559,3
M5,gts_placebo,item_block_07,0.5069400700748469,2.1006721151309415,0.5707798012512737,3
M5,gts_placebo,item_block_08,0.47112247865959056,2.8916149453089233,0.5889962542984264,3
M5,gts_placebo,item_block_09,0.7736728294486894,1.13075149584909,0.7677622024227356,3
M5,gts_placebo,item_block_10,0.5470912089024993,3.746711260666056,0.6720823758138865,3
M5,gts_placebo,item_block_11,0.6290493071959766,1.576312665271939,0.7952847470044005,3
M5,gts_placebo,item_block_12,0.6976461741453186,0.9324829801973679,0.9114790235365193,3
M5,gts_placebo,item_block_13,0.6188039173850454,1.5291703603454367,1.0324557180807152,3
M5,gts_placebo,item_block_14,0.5760082233145001,3.183999343827255,0.8215252030690117,3
M5,gts_placebo,item_block_15,0.5883269590587564,1.1549312206585083,2.657650186372896,3
M5,gts_placebo,item_block_16,0.789314914051832,0.671275071631753,2.066006738199759,3
M5,gts_placebo,item_block_17,0.9093034633169998,1.0018167105664393,33.580761921453465,3
M5,gts_placebo,item_block_18,0.5957059254908356,1.0328991461362278,1.1050258129440917,3
M5,gts_placebo,item_block_19,0.7463614452658754,0.6537316906464906,1.4836748465698548,3
M5,gts_placebo,item_block_20,0.7842071628877176,0.7050648118741762,3.680791191803538,3
M5,gts_placebo,item_block_21,0.5611253488259917,1.1980720652640562,1.3428338135929256,3
M5,gts_placebo,item_block_22,0.6241945496851271,1.0883687149872532,0.9136184924848811,3
M5,gts_placebo,item_block_23,0.6241576724355659,0.7414415603400997,5.444480198583314,3
M5,gts_placebo,item_block_24,1.1741499006019216,0.6277825025927513,14.826270362155306,3
M5,gts_placebo,item_block_25,0.7792018801587574,0.9912788649990096,7.615295036055228,3
M5,gts_placebo,item_block_26,0.6427954659599896,0.8920175476955925,1.4701864375343556,3
M5,gts_placebo,item_block_27,0.5829118728089933,0.786240525430055,2.3258884609036303,3
M5,gts_placebo,item_block_28,0.7288224699286772,0.619610366767966,3.5755816304726062,3
M5,gts_placebo,item_block_29,0.5558221691877244,0.762137072527288,1.5482151497490506,3
M5,itransformer,item_block_00,0.8479026130050751,0.8110643386339715,1.7522177454379817,3
M5,itransformer,item_block_01,0.553771100634694,1.854662463107621,0.7452894708624592,3
M5,itransformer,item_block_02,0.4416324137282037,1.79425454275551,0.7243750346676697,3
M5,itransformer,item_block_03,0.497714368037424,2.450301036629536,0.7368764237515509,3
M5,itransformer,item_block_04,0.7018532499418896,1.1293150008915214,0.8274647094427593,3
M5,itransformer,item_block_05,0.5409088183886989,2.7498887927648674,0.6213859486437978,3
M5,itransformer,item_block_06,0.6354675089589867,1.2153251844369963,0.7689544690979851,3
M5,itransformer,item_block_07,0.5413181740969576,2.4407976144384276,0.6503750164869916,3
M5,itransformer,item_block_08,0.49366603302387474,4.171653769799956,0.6525453015885971,3
M5,itransformer,item_block_09,0.7775582269147494,1.1678997231091843,0.7830989590239903,3
M5,itransformer,item_block_10,0.5753286654437973,3.7582065534020415,0.7416175187580168,3
M5,itransformer,item_block_11,0.6042945127453961,1.5705342882891107,0.8056403086791751,3
M5,itransformer,item_block_12,0.7082934410856434,0.9463924600063264,0.9080570877859833,3
M5,itransformer,item_block_13,0.5608539175932387,1.2783177382591855,0.8699942355058968,3
M5,itransformer,item_block_14,0.5886567675521296,2.607998526936019,0.8512408844929523,3
M5,itransformer,item_block_15,0.5909370163034375,1.1336114410248332,2.6908372842347026,3
M5,itransformer,item_block_16,0.8615432886362349,0.7196245574146555,2.304768010855667,3
M5,itransformer,item_block_17,0.9888080137368507,1.6641250521686888,35.328081243639446,3
M5,itransformer,item_block_18,0.5912365720764102,1.044013744879353,1.105023590148126,3
M5,itransformer,item_block_19,0.7676832656319916,0.6753700228318851,1.5312208208063294,3
M5,itransformer,item_block_20,0.886224123560456,0.7472827552152682,4.157874111342367,3
M5,itransformer,item_block_21,0.5714352673401905,1.1371256538999515,1.356151774451728,3
M5,itransformer,item_block_22,0.5738732955834291,0.9616163571942553,0.8406633293187177,3
M5,itransformer,item_block_23,0.7107621086858269,0.8453698851436461,6.406238064603515,3
M5,itransformer,item_block_24,1.0597374309791194,0.6014627682715428,12.633982118633059,3
M5,itransformer,item_block_25,0.8776355937554244,1.3749208903845702,8.79060166024125,3
M5,itransformer,item_block_26,0.6437939400497386,0.9019191494099275,1.4745105870422863,3
M5,itransformer,item_block_27,0.6465885210366915,0.8658964664611931,2.6455737723717614,3
M5,itransformer,item_block_28,0.8593662827513561,0.7045849097617749,4.242042134855948,3
M5,itransformer,item_block_29,0.559139264276133,0.7556787796014482,1.5008757222818319,3
M5,mage_native,item_block_00,0.8295673958976858,0.7827222428418308,1.694389742710406,3
M5,mage_native,item_block_01,0.5426206002836191,1.7168679240277154,0.6308318063994486,3
M5,mage_native,item_block_02,0.5042416422415199,1.9899092982387216,0.747824528451058,3
M5,mage_native,item_block_03,0.4584325641284622,1.8588432869606717,0.5675704729026947,3
M5,mage_native,item_block_04,0.6882020466345198,1.0137098319753266,0.7686464085801696,3
M5,mage_native,item_block_05,0.4928366157687644,2.1463025124062565,0.45208467407057046,3
M5,mage_native,item_block_06,0.6230462407607965,1.2436353860606182,0.7131625215739144,3
M5,mage_native,item_block_07,0.4404351691466292,1.461707274243069,0.3870714271503506,3
M5,mage_native,item_block_08,0.37239132171421474,1.9117796262537974,0.36683808289069536,3
M5,mage_native,item_block_09,0.7830676977466815,1.039470179732612,0.7147519013711384,3
M5,mage_native,item_block_10,0.5713896461719058,4.24114408491442,0.6437693567491979,3
M5,mage_native,item_block_11,0.5966083138856099,1.383546235644648,0.6866458125527032,3
M5,mage_native,item_block_12,0.7173941439337485,0.9385098222011371,0.9104235778986501,3
M5,mage_native,item_block_13,0.5850100587429646,1.2066071820173736,0.8530528347174854,3
M5,mage_native,item_block_14,0.5573562729094689,2.170194298654682,0.7967295052013088,3
M5,mage_native,item_block_15,0.8187061380839581,1.5009253933180027,3.821061697658089,3
M5,mage_native,item_block_16,0.7836466545293465,0.6546611696581762,2.037099392483474,3
M5,mage_native,item_block_17,0.8823188867995403,1.8323912250796677,31.23135340012728,3
M5,mage_native,item_block_18,0.5566634688176721,0.9017262220598403,1.0258604725157576,3
M5,mage_native,item_block_19,0.7358889603890104,0.6481329175200967,1.4729057098664935,3
M5,mage_native,item_block_20,0.7425841087735819,0.6559727091194434,3.3690855860329485,3
M5,mage_native,item_block_21,0.6174008081182824,1.3304280404058064,1.5121851858010615,3
M5,mage_native,item_block_22,0.6169761700901938,0.9476102347182788,0.8499050915724803,3
M5,mage_native,item_block_23,0.6025104694149059,0.7117028352070777,5.17848671932345,3
M5,mage_native,item_block_24,0.8747529111276081,0.5264480780521991,10.042592560172713,3
M5,mage_native,item_block_25,0.7480398815863704,1.2796615166965633,7.15488537486209,3
M5,mage_native,item_block_26,0.5984019373544937,0.8136544024572717,1.3465826763505382,3
M5,mage_native,item_block_27,0.5863703917472681,0.7771768628891764,2.3194539258265796,3
M5,mage_native,item_block_28,0.6982006142166902,0.5879231825546021,3.3745309661521956,3
M5,mage_native,item_block_29,0.5255802814536336,0.7076440236629978,1.4107083843764725,3
M5,mage_no_graph,item_block_00,0.818658382262002,0.7705366203858655,1.667972775304286,3
M5,mage_no_graph,item_block_01,0.5497918910351459,1.7010497095821455,0.6422969162915021,3
M5,mage_no_graph,item_block_02,0.45689835724234845,1.92763567293267,0.6813984277725765,3
M5,mage_no_graph,item_block_03,0.473142165248644,1.95554174531303,0.5984626900850181,3
M5,mage_no_graph,item_block_04,0.6807068998557119,1.0157508313539991,0.771653099800152,3
M5,mage_no_graph,item_block_05,0.5092878534928675,2.421723972676609,0.4962375383729907,3
M5,mage_no_graph,item_block_06,0.6071528250842055,1.164022730851168,0.6943270265550978,3
M5,mage_no_graph,item_block_07,0.46052876915591595,1.5378103215490608,0.42031368644194794,3
M5,mage_no_graph,item_block_08,0.3929378859351671,2.3894528457803528,0.40574847758883453,3
M5,mage_no_graph,item_block_09,0.7784298058347793,1.0444676139953142,0.7238365963148199,3
M5,mage_no_graph,item_block_10,0.5705835379574803,4.535530639423685,0.6431879535407966,3
M5,mage_no_graph,item_block_11,0.6243747756628617,1.4765633066404273,0.7229534522008161,3
M5,mage_no_graph,item_block_12,0.7026215346537822,0.929276127727459,0.8978967347413933,3
M5,mage_no_graph,item_block_13,0.5934429512271159,1.3270354554119197,0.9100799634643072,3
M5,mage_no_graph,item_block_14,0.5620872484708267,2.507033361050874,0.8049948013427042,3
M5,mage_no_graph,item_block_15,0.8448658472967336,1.4593867901558717,3.906226864706215,3
M5,mage_no_graph,item_block_16,0.7750246602992851,0.6459573948622933,2.0170781565879388,3
M5,mage_no_graph,item_block_17,0.9366679844039482,2.0761077907386047,33.5796294030216,3
M5,mage_no_graph,item_block_18,0.5580982262646306,0.9079678224656578,1.0272697475689547,3
M5,mage_no_graph,item_block_19,0.7300902640897254,0.6393256927485758,1.4554093219536952,3
M5,mage_no_graph,item_block_20,0.7372763708983222,0.6469696687583343,3.3314309778509945,3
M5,mage_no_graph,item_block_21,0.6476171308538281,1.3166610328849133,1.5863153905927747,3
M5,mage_no_graph,item_block_22,0.6097288916236964,0.9558012317332235,0.8577679604921421,3
M5,mage_no_graph,item_block_23,0.6293987955318839,0.7286826331546632,5.373367058755657,3
M5,mage_no_graph,item_block_24,0.8783767931366973,0.5163344626837313,9.896030059251835,3
M5,mage_no_graph,item_block_25,0.811002500918982,1.421564942375905,7.841046940704079,3
M5,mage_no_graph,item_block_26,0.6007843883524471,0.8110415290006756,1.3471577847425744,3
M5,mage_no_graph,item_block_27,0.627068013011421,0.8041757940673367,2.4738716983665077,3
M5,mage_no_graph,item_block_28,0.7051931182491927,0.5885407653654842,3.3867096429550285,3
M5,mage_no_graph,item_block_29,0.5312098936011066,0.7173210442251653,1.4336480574790764,3
M5,mage_placebo,item_block_00,0.8257541533871509,0.7822653163415842,1.6931731596850252,3
M5,mage_placebo,item_block_01,0.5429675260236033,1.7192479414366648,0.6334656223688008,3
M5,mage_placebo,item_block_02,0.5013857843467511,1.9943181043420701,0.7473189948662837,3
M5,mage_placebo,item_block_03,0.45513392168783406,1.8579512880993188,0.5632748937253685,3
M5,mage_placebo,item_block_04,0.6878969188222136,1.0196574729179053,0.7703564152108148,3
M5,mage_placebo,item_block_05,0.48951646663803416,2.136019254780672,0.4480871239017385,3
M5,mage_placebo,item_block_06,0.6183208302079687,1.2293634129035753,0.7046377477841219,3
M5,mage_placebo,item_block_07,0.43968968194677643,1.4722683135833898,0.3901014624122278,3
M5,mage_placebo,item_block_08,0.37406527625481656,1.982034425083477,0.3732746049389736,3
M5,mage_placebo,item_block_09,0.7797619337487947,1.0479643126819906,0.7165266064019682,3
M5,mage_placebo,item_block_10,0.5645235383573503,4.385629346332019,0.6435899931663973,3
M5,mage_placebo,item_block_11,0.597735229046152,1.3803487658717146,0.6870336141518136,3
M5,mage_placebo,item_block_12,0.7178435339527209,0.9388138132239655,0.9104020762474093,3
M5,mage_placebo,item_block_13,0.5853105878131286,1.204584718125228,0.8544493308722007,3
M5,mage_placebo,item_block_14,0.5528788010654752,2.1759371437572663,0.7899028172152285,3
M5,mage_placebo,item_block_15,0.812901664501546,1.4956894451353977,3.7985635102052355,3
M5,mage_placebo,item_block_16,0.7826588910480808,0.6520185644506896,2.0299192922061713,3
M5,mage_placebo,item_block_17,0.8686333584877373,1.8188464959604482,30.563754270316434,3
M5,mage_placebo,item_block_18,0.5556171918441222,0.8988831966159109,1.0234961762689252,3
M5,mage_placebo,item_block_19,0.7336356121153408,0.647479260308132,1.4711283735103078,3
M5,mage_placebo,item_block_20,0.7427225729591106,0.6562187891292708,3.3681214685729213,3
M5,mage_placebo,item_block_21,0.6151353334120437,1.3373280788075297,1.5151261910825038,3
M5,mage_placebo,item_block_22,0.6151402931083756,0.9476997582909397,0.8487507846938179,3
M5,mage_placebo,item_block_23,0.5953030203053336,0.7001515852730992,5.085635663754253,3
M5,mage_placebo,item_block_24,0.8745627596142904,0.5289332883067087,9.989542789244778,3
M5,mage_placebo,item_block_25,0.7347518019560959,1.2599632663870326,7.007709974317106,3
M5,mage_placebo,item_block_26,0.5978152498862026,0.8160108186620812,1.3428175792162105,3
M5,mage_placebo,item_block_27,0.5809006266522148,0.7675634860408399,2.2848090537196692,3
M5,mage_placebo,item_block_28,0.6936765902501473,0.586289008329576,3.362887465804027,3
M5,mage_placebo,item_block_29,0.5231067462469718,0.7012572550037622,1.403484693920565,3
M5,metadata_embedding_tcn,item_block_00,0.842261586257075,0.805555833193512,1.7267489223174317,3
M5,metadata_embedding_tcn,item_block_01,0.5628011709690189,1.7173553177448855,0.6858498877476131,3
M5,metadata_embedding_tcn,item_block_02,0.41309153163634743,1.7415553899442426,0.6446613152585333,3
M5,metadata_embedding_tcn,item_block_03,0.466841935784598,1.9149849779048813,0.6083691189134562,3
M5,metadata_embedding_tcn,item_block_04,0.6721951620881478,1.0342574940428786,0.7840409190369345,3
M5,metadata_embedding_tcn,item_block_05,0.50197208453997,2.29096929668901,0.5097445655397321,3
M5,metadata_embedding_tcn,item_block_06,0.6059800964706143,1.139931772353571,0.6910816339785775,3
M5,metadata_embedding_tcn,item_block_07,0.45262920546043117,1.8003222209429897,0.48455955233996506,3
M5,metadata_embedding_tcn,item_block_08,0.405657842237478,2.6282814607043905,0.4721830333903353,3
M5,metadata_embedding_tcn,item_block_09,0.7690184387500945,1.0766535626165894,0.7395164307068895,3
M5,metadata_embedding_tcn,item_block_10,0.5132107741533188,3.2364412094424035,0.5966139520720515,3
M5,metadata_embedding_tcn,item_block_11,0.6036044242847737,1.444121471466494,0.7243831851889216,3
M5,metadata_embedding_tcn,item_block_12,0.7070133132455452,0.9228349504133769,0.8994838371478692,3
M5,metadata_embedding_tcn,item_block_13,0.6008145411602391,1.3195049038692621,0.9162292972640701,3
M5,metadata_embedding_tcn,item_block_14,0.5477153670549486,2.0174662445517306,0.7815127088515846,3
M5,metadata_embedding_tcn,item_block_15,0.59243529026394,1.1275486833921302,2.670161085627066,3
M5,metadata_embedding_tcn,item_block_16,0.7780823306121555,0.6431819190744592,2.005289785012051,3
M5,metadata_embedding_tcn,item_block_17,0.8199369115673494,1.4281155343258913,28.344373156469334,3
M5,metadata_embedding_tcn,item_block_18,0.5751812541372495,0.9157403649194414,1.0593641600004895,3
M5,metadata_embedding_tcn,item_block_19,0.7721931714701918,0.6666005247880584,1.5175227963971716,3
M5,metadata_embedding_tcn,item_block_20,0.7191211351290744,0.6419865341560201,3.2372746391901894,3
M5,metadata_embedding_tcn,item_block_21,0.562176057686238,1.1534029120720422,1.3022130845242705,3
M5,metadata_embedding_tcn,item_block_22,0.5957891470123434,0.9624459496367499,0.8643086505117554,3
M5,metadata_embedding_tcn,item_block_23,0.6207619812328669,0.725611103206363,5.427249519046022,3
M5,metadata_embedding_tcn,item_block_24,0.8690423006070096,0.501339095412026,9.567999642677409,3
M5,metadata_embedding_tcn,item_block_25,0.7827700462567608,1.3713635960912793,7.685856601627416,3
M5,metadata_embedding_tcn,item_block_26,0.6049240166731964,0.7718940101228008,1.3660032263902762,3
M5,metadata_embedding_tcn,item_block_27,0.6098432308006863,0.819292314548977,2.4608428490855707,3
M5,metadata_embedding_tcn,item_block_28,0.6583566238353787,0.5539672494749383,3.1208595267679327,3
M5,metadata_embedding_tcn,item_block_29,0.5228160599156448,0.6618992115987018,1.3984957783428764,3
M5,mixlinear,item_block_00,0.8007150242157002,0.7598669146237143,1.6271987251503757,3
M5,mixlinear,item_block_01,0.5994043874083265,2.0605319562292017,0.8421748444911034,3
M5,mixlinear,item_block_02,0.4918864922723412,2.293172793679595,0.8305482021951802,3
M5,mixlinear,item_block_03,0.5206192166358901,2.479820972529195,0.7891258431805505,3
M5,mixlinear,item_block_04,0.6605418139946179,1.0887908257474321,0.7871944617736276,3
M5,mixlinear,item_block_05,0.6145992546255462,3.496562178074466,0.7338990407882545,3
M5,mixlinear,item_block_06,0.6255835923668913,1.2608258979078877,0.7643733176368254,3
M5,mixlinear,item_block_07,0.5422722929775383,2.4618771087686486,0.6657924693491724,3
M5,mixlinear,item_block_08,0.5033500522242925,3.844977822407055,0.6732610601281364,3
M5,mixlinear,item_block_09,0.7597734050154576,1.1350026619278675,0.7627189131404357,3
M5,mixlinear,item_block_10,0.6203793261787575,5.836318769518375,0.8214545814054353,3
M5,mixlinear,item_block_11,0.634001368995059,1.6652156496948274,0.8502194491564913,3
M5,mixlinear,item_block_12,0.6778467039934788,0.9187011914672977,0.880317231019338,3
M5,mixlinear,item_block_13,0.6155417297334265,1.5440078288873715,1.0479174269727929,3
M5,mixlinear,item_block_14,0.6016780414065834,3.491008279470766,0.8787648336439536,3
M5,mixlinear,item_block_15,0.6054691064080963,1.1722292695942547,2.7866024432910814,3
M5,mixlinear,item_block_16,0.7998398274325859,0.6635305580044119,2.1221010940415517,3
M5,mixlinear,item_block_17,1.0516654786997974,3.1811949852304315,37.14943002215611,3
M5,mixlinear,item_block_18,0.5535691887021018,0.9691953472559364,1.0218809361732195,3
M5,mixlinear,item_block_19,0.7398919130453095,0.6370862416102595,1.4534136640331734,3
M5,mixlinear,item_block_20,0.8090734449559044,0.6919317105284941,3.6777260966953778,3
M5,mixlinear,item_block_21,0.5833561155692981,1.3058266450569003,1.4404202628703344,3
M5,mixlinear,item_block_22,0.5642723514000393,0.9551251474286656,0.8289280687926939,3
M5,mixlinear,item_block_23,0.7141676973039625,0.8200474728960843,6.39946636518158,3
M5,mixlinear,item_block_24,0.9887607111221272,0.5173408550348962,11.802485880712984,3
M5,mixlinear,item_block_25,0.9380967918250732,2.1300059065379706,9.335645811464737,3
M5,mixlinear,item_block_26,0.6233875111422618,0.8901524060569902,1.4266127854112596,3
M5,mixlinear,item_block_27,0.6529353207132359,0.8413686543114842,2.6671143029101945,3
M5,mixlinear,item_block_28,0.7683200221767094,0.6256947578253856,3.7323944188615,3
M5,mixlinear,item_block_29,0.5401132964648029,0.7327412244035051,1.4495321230361702,3
M5,mtgnn_native,item_block_00,0.8268816221788065,0.8018135513985042,1.725981134724207,3
M5,mtgnn_native,item_block_01,0.5294684614946225,1.5498280453549864,0.6067813848817928,3
M5,mtgnn_native,item_block_02,0.3913569843908173,1.7870001417931924,0.6065110688064821,3
M5,mtgnn_native,item_block_03,0.4358599266604091,1.7892742075602424,0.5441614931908796,3
M5,mtgnn_native,item_block_04,0.6638325728791171,1.024137449193119,0.770711142185425,3
M5,mtgnn_native,item_block_05,0.4605916857099742,1.869314462566347,0.42390063496067243,3
M5,mtgnn_native,item_block_06,0.609833048730892,1.169964562088995,0.7106396893246306,3
M5,mtgnn_native,item_block_07,0.42203020635850946,1.634824431777601,0.4060041440592151,3
M5,mtgnn_native,item_block_08,0.3548675537533223,2.225946542849301,0.36701652671528606,3
M5,mtgnn_native,item_block_09,0.7782857025621339,1.0724575818981432,0.7317097614489733,3
M5,mtgnn_native,item_block_10,0.46658257739102377,3.0526244554073907,0.5294451110934287,3
M5,mtgnn_native,item_block_11,0.5700494472249703,1.3294280946491563,0.6523003376134617,3
M5,mtgnn_native,item_block_12,0.7163902626968567,0.9271324931794536,0.8996061044326298,3
M5,mtgnn_native,item_block_13,0.5708135343742766,1.3130173814657413,0.8600370388985588,3
M5,mtgnn_native,item_block_14,0.5186872191250407,1.773010916657723,0.742608888715348,3
M5,mtgnn_native,item_block_15,0.6624033891717019,1.2397465155896539,3.1228452373108775,3
M5,mtgnn_native,item_block_16,0.7967760476296968,0.6547886348324076,2.062290525389096,3
M5,mtgnn_native,item_block_17,0.9047856718771805,3.5604143420733187,31.09881479186671,3
M5,mtgnn_native,item_block_18,0.5633756371693428,0.9242928963320934,1.046592784720281,3
M5,mtgnn_native,item_block_19,0.7324664998639703,0.6473194640130292,1.4686058911460418,3
M5,mtgnn_native,item_block_20,0.7502623899405028,0.652308700409098,3.3953674880679325,3
M5,mtgnn_native,item_block_21,0.559830173847974,1.223553005361216,1.34103233215064,3
M5,mtgnn_native,item_block_22,0.5894674154426792,0.9282819786383439,0.8304362549796386,3
M5,mtgnn_native,item_block_23,0.6525642617612718,0.7424823605404802,5.726666585576755,3
M5,mtgnn_native,item_block_24,0.8776465664678862,0.5242095519099191,9.94621190507576,3
M5,mtgnn_native,item_block_25,0.7973424579738583,2.1435575453476394,7.761084130063416,3
M5,mtgnn_native,item_block_26,0.6032151656282215,0.8385457366364192,1.366253032886162,3
M5,mtgnn_native,item_block_27,0.5968952986376841,0.7818262745065202,2.3946542107357236,3
M5,mtgnn_native,item_block_28,0.7032033812893693,0.592846973886848,3.4147828689643314,3
M5,mtgnn_native,item_block_29,0.5149875975087183,0.6728456370133863,1.377560975946604,3
M5,mtgnn_no_graph,item_block_00,0.8326377203664298,0.8134754498332769,1.757288623443514,3
M5,mtgnn_no_graph,item_block_01,0.5402161997613653,1.5758509168869062,0.6161283181543541,3
M5,mtgnn_no_graph,item_block_02,0.4097168675550255,1.9934576555638788,0.6485178691529664,3
M5,mtgnn_no_graph,item_block_03,0.44309369788280584,1.7799626119522696,0.5509061901318895,3
M5,mtgnn_no_graph,item_block_04,0.6580572894395756,1.0389482780916313,0.7699607293067312,3
M5,mtgnn_no_graph,item_block_05,0.4622829368966698,1.9554622149929504,0.42011925298096947,3
M5,mtgnn_no_graph,item_block_06,0.6204695508725038,1.2544057944904754,0.7324904126494571,3
M5,mtgnn_no_graph,item_block_07,0.42968436176875724,1.6301381289146681,0.4143851718300351,3
M5,mtgnn_no_graph,item_block_08,0.3646922624256063,2.4387127170378644,0.38714529290640104,3
M5,mtgnn_no_graph,item_block_09,0.7721382612976359,1.0687138934819627,0.73071388175918,3
M5,mtgnn_no_graph,item_block_10,0.47287568126206037,3.6147874929639987,0.5409090257509706,3
M5,mtgnn_no_graph,item_block_11,0.5718172494281306,1.3245491810294365,0.6521661076708585,3
M5,mtgnn_no_graph,item_block_12,0.7110711608748154,0.9288561852674488,0.8983950399493099,3
M5,mtgnn_no_graph,item_block_13,0.5762117490505618,1.3242947974031212,0.8594182692227944,3
M5,mtgnn_no_graph,item_block_14,0.5182172024761974,2.044188342906698,0.7678181201308256,3
M5,mtgnn_no_graph,item_block_15,0.6641897314384027,1.2529004237352894,3.146122349012229,3
M5,mtgnn_no_graph,item_block_16,0.7859021797602728,0.6524890838120695,2.0290531257472972,3
M5,mtgnn_no_graph,item_block_17,0.8153507750011462,2.5468724353609327,27.749543352141266,3
M5,mtgnn_no_graph,item_block_18,0.5707259486916969,0.9638332518788166,1.0916189404312897,3
M5,mtgnn_no_graph,item_block_19,0.7144114894754252,0.642257310420709,1.4553483239715062,3
M5,mtgnn_no_graph,item_block_20,0.7479058237366986,0.6506953643525578,3.398526627274733,3
M5,mtgnn_no_graph,item_block_21,0.5719764685737383,1.2264830237368103,1.3791107622236407,3
M5,mtgnn_no_graph,item_block_22,0.5819704850993198,0.9339538914138342,0.8283461836417989,3
M5,mtgnn_no_graph,item_block_23,0.6188756762536701,0.7149967491165025,5.379949353753575,3
M5,mtgnn_no_graph,item_block_24,0.9645542734619456,0.6138992858063193,10.92587856325523,3
M5,mtgnn_no_graph,item_block_25,0.7295524809885087,1.5933019651639495,6.975220957465431,3
M5,mtgnn_no_graph,item_block_26,0.5995487617526956,0.8264321580406225,1.338852306502679,3
M5,mtgnn_no_graph,item_block_27,0.5926745532799195,0.7850814700727946,2.3715905487431437,3
M5,mtgnn_no_graph,item_block_28,0.6814698374923334,0.5809147034934213,3.3052824441166155,3
M5,mtgnn_no_graph,item_block_29,0.5067252886578116,0.6756225735415995,1.3501352189039741,3
M5,mtgnn_placebo,item_block_00,0.8256751849622023,0.796503085521173,1.7201796443886541,3
M5,mtgnn_placebo,item_block_01,0.5421220169394466,1.587883347733127,0.628891372142197,3
M5,mtgnn_placebo,item_block_02,0.4207930148647321,2.0026631348376096,0.6688411946755849,3
M5,mtgnn_placebo,item_block_03,0.4483076719420244,1.813404895332293,0.5567991683284552,3
M5,mtgnn_placebo,item_block_04,0.6614780376158339,1.0317318062599443,0.7694859916649798,3
M5,mtgnn_placebo,item_block_05,0.469208956362054,2.0577163722640988,0.42635829265482095,3
M5,mtgnn_placebo,item_block_06,0.6110249653580914,1.2142189239525896,0.7210128370022018,3
M5,mtgnn_placebo,item_block_07,0.4329473451066995,1.6583246301170989,0.41956318324544495,3
M5,mtgnn_placebo,item_block_08,0.3666938665310384,2.230168119051479,0.3788696335796168,3
M5,mtgnn_placebo,item_block_09,0.7720540211031784,1.0651358278161838,0.7266977133140677,3
M5,mtgnn_placebo,item_block_10,0.4638549581336739,3.104022301621882,0.5305261599565498,3
M5,mtgnn_placebo,item_block_11,0.5785427976028692,1.342436393238526,0.6652768702899468,3
M5,mtgnn_placebo,item_block_12,0.7217618793659867,0.9326986599079933,0.9065675540043722,3
M5,mtgnn_placebo,item_block_13,0.5746116992593097,1.285054840935522,0.8505966904919308,3
M5,mtgnn_placebo,item_block_14,0.5124513128571778,1.7220903325174948,0.7420509401234556,3
M5,mtgnn_placebo,item_block_15,0.6433432285068826,1.2494564446071366,3.0198886488667793,3
M5,mtgnn_placebo,item_block_16,0.7863531096825639,0.6515132408767462,2.0322988641955866,3
M5,mtgnn_placebo,item_block_17,0.871209765440274,3.0920211213023507,29.679993312510234,3
M5,mtgnn_placebo,item_block_18,0.5603971520413259,0.9292950929199535,1.0511450422582802,3
M5,mtgnn_placebo,item_block_19,0.7268205920476487,0.6465116479785034,1.4668536942314219,3
M5,mtgnn_placebo,item_block_20,0.7494777989591149,0.6542074935199962,3.3961183627446494,3
M5,mtgnn_placebo,item_block_21,0.5742617700868202,1.2251984190456373,1.383862930198481,3
M5,mtgnn_placebo,item_block_22,0.5832436653447121,0.9315436759053312,0.8298508173455952,3
M5,mtgnn_placebo,item_block_23,0.6326835065231372,0.7373286012285999,5.537690244008979,3
M5,mtgnn_placebo,item_block_24,0.9361717486031026,0.5792839024115539,10.69567888249796,3
M5,mtgnn_placebo,item_block_25,0.7709909471551589,1.8947584800994999,7.390479205964656,3
M5,mtgnn_placebo,item_block_26,0.5934039561756799,0.8199434155679287,1.3342853797964318,3
M5,mtgnn_placebo,item_block_27,0.5988747444265606,0.7842282222360789,2.3885288994227136,3
M5,mtgnn_placebo,item_block_28,0.7017153749917445,0.5941217141210697,3.4043335954032874,3
M5,mtgnn_placebo,item_block_29,0.5170648375962501,0.6767595579390091,1.3887188651219562,3
M5,nlinear,item_block_00,0.7988431060086637,0.7782032976126948,1.654676997827159,3
M5,nlinear,item_block_01,0.6953453957376455,2.544693522807987,1.020186251433438,3
M5,nlinear,item_block_02,0.5125031221699963,2.2877002063230956,0.8715121877335366,3
M5,nlinear,item_block_03,0.5806645340114912,2.877520725351766,0.9075800787519526,3
M5,nlinear,item_block_04,0.7175735261952165,1.2057773149013402,0.8491039190579344,3
M5,nlinear,item_block_05,0.6499958762226178,3.835125041886215,0.773606707770673,3
M5,nlinear,item_block_06,0.6766501740437446,1.4131598723981298,0.8277693539463654,3
M5,nlinear,item_block_07,0.6046557585913099,2.7626597902419023,0.753306905073779,3
M5,nlinear,item_block_08,0.5949925758343475,4.336477129610758,0.7916498633998411,3
M5,nlinear,item_block_09,0.7813582378861289,1.1835497412501457,0.7939074995419966,3
M5,nlinear,item_block_10,0.6542213124579151,5.468000631351599,0.8839914632773904,3
M5,nlinear,item_block_11,0.7099524297658396,1.9539824530678989,0.9871865357198412,3
M5,nlinear,item_block_12,0.7107461695851965,0.96841645300196,0.915723704511211,3
M5,nlinear,item_block_13,0.6191518976084306,1.5243039565112424,1.0489462179836457,3
M5,nlinear,item_block_14,0.6119549038167094,3.799963071100396,0.9124833333389785,3
M5,nlinear,item_block_15,0.6069357614402001,1.2124671215982599,2.845447771270912,3
M5,nlinear,item_block_16,0.7892594207900893,0.6667504668876971,2.0854449089242038,3
M5,nlinear,item_block_17,0.9084489302609265,1.1738967705351002,31.5834618146142,3
M5,nlinear,item_block_18,0.5752499174009825,1.0475944989892103,1.0921300170282837,3
M5,nlinear,item_block_19,0.7072773390984116,0.6302995270325035,1.433719845360549,3
M5,nlinear,item_block_20,0.8237723093230784,0.7050158980511704,3.817307351206346,3
M5,nlinear,item_block_21,0.5885323012510393,1.3027325750887164,1.5060615704922133,3
M5,nlinear,item_block_22,0.5841794245327834,1.0035264929412806,0.8642646332897207,3
M5,nlinear,item_block_23,0.6660319374108824,0.7689860474614375,5.79215914842786,3
M5,nlinear,item_block_24,0.9749104290563734,0.5320533270166049,11.66845237546497,3
M5,nlinear,item_block_25,0.813221611462438,1.1297378667561062,7.940752392782578,3
M5,nlinear,item_block_26,0.646288841857218,0.9834524096800203,1.4706953064237953,3
M5,nlinear,item_block_27,0.6169318738001396,0.8034314748137235,2.4706438080698407,3
M5,nlinear,item_block_28,0.777538107081944,0.6349753837566212,3.81322662808277,3
M5,nlinear,item_block_29,0.538687048638405,0.7738950294326399,1.4498502929847707,3
M5,patchtst,item_block_00,0.8280013084846712,0.7851166361008928,1.6787139925534131,3
M5,patchtst,item_block_01,0.5348388329040691,1.6550333613779025,0.6646105878094517,3
M5,patchtst,item_block_02,0.5018656135678863,2.321435194845187,0.8646032358051607,3
M5,patchtst,item_block_03,0.4415439372364686,1.895793479271779,0.6207741161305753,3
M5,patchtst,item_block_04,0.6592521421813422,1.0598090937279132,0.7875941352396415,3
M5,patchtst,item_block_05,0.4720399310403826,2.2230888469717205,0.4964240961979148,3
M5,patchtst,item_block_06,0.6094628138998908,1.2132653978355405,0.7291055049293886,3
M5,patchtst,item_block_07,0.4705312985986249,2.0595418836377335,0.5294476554251064,3
M5,patchtst,item_block_08,0.41197069003329595,3.274762461783867,0.5260564542163616,3
M5,patchtst,item_block_09,0.7605849777409573,1.0914493175388438,0.7414085455435924,3
M5,patchtst,item_block_10,0.5028753846015066,3.8262976327308347,0.6410300558994687,3
M5,patchtst,item_block_11,0.5841957784415166,1.4177547627359979,0.7201887671121214,3
M5,patchtst,item_block_12,0.7112997379616689,0.9401815708315467,0.907252241734159,3
M5,patchtst,item_block_13,0.6002239577183363,1.3824203918396958,0.9224107517175889,3
M5,patchtst,item_block_14,0.5345345038129131,2.2197767348381934,0.7727655357824117,3
M5,patchtst,item_block_15,0.64107368411355,1.2804254807484567,3.0691620103088475,3
M5,patchtst,item_block_16,0.8014057659560682,0.6663658670671141,2.10310200298274,3
M5,patchtst,item_block_17,0.9189999702281592,1.0756740465597325,31.610448373728012,3
M5,patchtst,item_block_18,0.5903344987593732,1.0407081315360225,1.1269998323743937,3
M5,patchtst,item_block_19,0.7204311744578124,0.6487642866539166,1.4688926569368475,3
M5,patchtst,item_block_20,0.7726725318379473,0.6718330341560886,3.5553283391806185,3
M5,patchtst,item_block_21,0.6044594099462931,1.320220831828993,1.5407792564737732,3
M5,patchtst,item_block_22,0.5694764350887914,0.9515952913572385,0.84272106275672,3
M5,patchtst,item_block_23,0.6225729776870627,0.7398295868646548,5.327565032929654,3
M5,patchtst,item_block_24,1.0520081352068191,0.6029560162181224,12.208867452762744,3
M5,patchtst,item_block_25,0.7660369666834284,0.9903381317031099,7.2024573836495325,3
M5,patchtst,item_block_26,0.6363053234863327,0.8687533163314066,1.420892309101801,3
M5,patchtst,item_block_27,0.6117919453847074,0.8022269015862811,2.4555289407098106,3
M5,patchtst,item_block_28,0.7339819586220906,0.6044432526173871,3.5824648928705347,3
M5,patchtst,item_block_29,0.5353289290425917,0.720647994077482,1.4619969237970296,3
M5,seasonal_naive,item_block_00,1.09749623661187,1.1581298075535047,2.380952373383537,3
M5,seasonal_naive,item_block_01,0.7747993985137106,2.5412008281573497,0.8809523809523809,3
M5,seasonal_naive,item_block_02,0.3587602786554438,1.7066666666666666,0.4801587263743083,3
M5,seasonal_naive,item_block_03,0.541242711106981,2.3857142857142857,0.6507936489014399,3
M5,seasonal_naive,item_block_04,0.8578474017525912,1.1618085565437324,0.8809523714913262,3
M5,seasonal_naive,item_block_05,0.6094275171661383,2.012244897959184,0.4563492063492063,3
M5,seasonal_naive,item_block_06,0.752665216558312,1.3951920493299803,0.7817460317460317,3
M5,seasonal_naive,item_block_07,0.6533835126293087,2.4255744255744256,0.5833333333333334,3
M5,seasonal_naive,item_block_08,0.47441425512220203,2.1809523809523808,0.36507936507936506,3
M5,seasonal_naive,item_block_09,1.1508470667144728,1.5898825248825248,0.9841269841269842,3
M5,seasonal_naive,item_block_10,0.4268923610769587,1.0,0.3769841231997051,3
M5,seasonal_naive,item_block_11,0.7934047716230876,1.9171322375103887,0.876984126984127,3
M5,seasonal_naive,item_block_12,0.9736493755949908,1.223843055045014,1.1746031727109638,3
M5,seasonal_naive,item_block_13,0.757382747982607,1.6019146573747196,0.9960317290018474,3
M5,seasonal_naive,item_block_14,0.7316549187795611,3.561497412306099,1.0198412603802152,3
M5,seasonal_naive,item_block_15,0.6501240305923852,1.5848344590162875,2.746031825504606,3
M5,seasonal_naive,item_block_16,0.9824408831519295,0.918077700741173,2.6666666477445573,3
M5,seasonal_naive,item_block_17,0.9198104505197688,3.1935225355728134,29.091269744767082,3
M5,seasonal_naive,item_block_18,0.759043335012436,1.206025385547765,1.4166666458523463,3
M5,seasonal_naive,item_block_19,0.8831289149431866,0.7959477529056138,1.801587290234036,3
M5,seasonal_naive,item_block_20,0.848031422495494,0.804043476242864,3.964285831602793,3
M5,seasonal_naive,item_block_21,0.5745792220068013,1.3614718650692965,1.1944444539054992,3
M5,seasonal_naive,item_block_22,0.7498342864514113,1.173363964154377,1.027777773993356,3
M5,seasonal_naive,item_block_23,0.7838231529438401,0.9479368961713649,6.503968356147645,3
M5,seasonal_naive,item_block_24,1.1338624559209807,0.6218901625560046,11.563492880927193,3
M5,seasonal_naive,item_block_25,0.9036484921169764,2.101025821110242,8.083333539584327,3
M5,seasonal_naive,item_block_26,0.7827242410424918,1.0207812969429417,1.6825396484798856,3
M5,seasonal_naive,item_block_27,0.8654412036530111,1.0012016729867228,2.976190517819117,3
M5,seasonal_naive,item_block_28,0.7360911719639494,0.648288464799797,3.6428571447493536,3
M5,seasonal_naive,item_block_29,0.700118567241876,0.9233614022690505,1.9365078892026628,3
M5,semantic_knn_tcn,item_block_00,0.8468260954899313,0.7992942502947158,1.7103680223226547,3
M5,semantic_knn_tcn,item_block_01,0.5579795446602422,1.6281544306902138,0.6792625258799899,3
M5,semantic_knn_tcn,item_block_02,0.4156054502670146,1.7807712848047492,0.6598519597143407,3
M5,semantic_knn_tcn,item_block_03,0.4741622597007436,1.92740380887527,0.6269843707442598,3
M5,semantic_knn_tcn,item_block_04,0.6764402879904717,1.0410898562087545,0.7865088058132974,3
M5,semantic_knn_tcn,item_block_05,0.5197858120052223,2.485043729804848,0.5472109776345038,3
M5,semantic_knn_tcn,item_block_06,0.6106640884351293,1.1526376743695084,0.7007248032956369,3
M5,semantic_knn_tcn,item_block_07,0.4704316560879725,1.871949603342466,0.5085325322394806,3
M5,semantic_knn_tcn,item_block_08,0.4235338438302157,2.820307454397833,0.5116938740290977,3
M5,semantic_knn_tcn,item_block_09,0.7702525992723775,1.0505478984215528,0.7303371560912599,3
M5,semantic_knn_tcn,item_block_10,0.5305343734465112,3.7572035269250645,0.6350574921126719,3
M5,semantic_knn_tcn,item_block_11,0.6068633518093096,1.4314439207044976,0.7258569006684911,3
M5,semantic_knn_tcn,item_block_12,0.7156712474194843,0.9272402872966529,0.9031370507267418,3
M5,semantic_knn_tcn,item_block_13,0.6075387892972615,1.3305668430575313,0.9296667467231158,3
M5,semantic_knn_tcn,item_block_14,0.5663723525681883,2.1791654079563485,0.8148684414625956,3
M5,semantic_knn_tcn,item_block_15,0.6124238275284123,1.1935928626460262,2.8397193850860707,3
M5,semantic_knn_tcn,item_block_16,0.7602858776182684,0.6344611197107523,1.94177562431999,3
M5,semantic_knn_tcn,item_block_17,0.7168559969426858,1.1775580371961203,24.867669464892177,3
M5,semantic_knn_tcn,item_block_18,0.5644086814597107,0.9125212368735016,1.053520577964644,3
M5,semantic_knn_tcn,item_block_19,0.740757245935856,0.6449956412619292,1.4607062653574363,3
M5,semantic_knn_tcn,item_block_20,0.7214720472785807,0.6340427580503124,3.20860352229189,3
M5,semantic_knn_tcn,item_block_21,0.575221647681967,1.2204928832804882,1.3953217158005353,3
M5,semantic_knn_tcn,item_block_22,0.5916746848200077,0.9736142719205563,0.8589959117391752,3
M5,semantic_knn_tcn,item_block_23,0.5844877048789764,0.6981497926742657,4.983398041830807,3
M5,semantic_knn_tcn,item_block_24,0.900941977425935,0.5519140333553915,10.222396212280112,3
M5,semantic_knn_tcn,item_block_25,0.737891025458124,1.0832183817977612,7.2151343907628736,3
M5,semantic_knn_tcn,item_block_26,0.5790823326562106,0.7398245632744134,1.289732690230406,3
M5,semantic_knn_tcn,item_block_27,0.5875095037653507,0.7825784600451302,2.3143361778880553,3
M5,semantic_knn_tcn,item_block_28,0.679929726180909,0.5708689344913251,3.2344746064572103,3
M5,semantic_knn_tcn,item_block_29,0.5081094872326392,0.6581654775656686,1.3511903903708256,3
M5,semantic_placebo_tcn,item_block_00,0.8357170092392668,0.8004922751707122,1.7152391677259136,3
M5,semantic_placebo_tcn,item_block_01,0.576933818282345,1.769457121562465,0.7348178920567667,3
M5,semantic_placebo_tcn,item_block_02,0.44471812172611386,1.9400691111981976,0.721250757279377,3
M5,semantic_placebo_tcn,item_block_03,0.4882435221990366,1.9856754302946136,0.6669594082370321,3
M5,semantic_placebo_tcn,item_block_04,0.6799574087784223,1.0628363151493314,0.7984836016973806,3
M5,semantic_placebo_tcn,item_block_05,0.5429055992382713,2.7000813137972584,0.592798255226284,3
M5,semantic_placebo_tcn,item_block_06,0.6101059284458317,1.1678448822318461,0.7058607521590102,3
M5,semantic_placebo_tcn,item_block_07,0.4856085818823998,1.9790857751613296,0.5516899133288355,3
M5,semantic_placebo_tcn,item_block_08,0.45463106027317096,3.0080370765593316,0.5694576390481815,3
M5,semantic_placebo_tcn,item_block_09,0.7597626341407254,1.0640029102705222,0.7354428602983711,3
M5,semantic_placebo_tcn,item_block_10,0.554384958177457,4.156730487957412,0.6822997500144299,3
M5,semantic_placebo_tcn,item_block_11,0.6340738605775925,1.538857238009127,0.7914248817654514,3
M5,semantic_placebo_tcn,item_block_12,0.7021001339376741,0.9212014616280869,0.894704472786062,3
M5,semantic_placebo_tcn,item_block_13,0.616095731082318,1.3796202374489506,0.9741088476958413,3
M5,semantic_placebo_tcn,item_block_14,0.567042321475915,2.4088322616476203,0.8111292783900228,3
M5,semantic_placebo_tcn,item_block_15,0.6026387141172007,1.1497691157578493,2.7376523020642773,3
M5,semantic_placebo_tcn,item_block_16,0.770191134470079,0.6450564777489157,1.9978824322106976,3
M5,semantic_placebo_tcn,item_block_17,0.8001483118903555,1.4754957097987755,28.71882838862283,3
M5,semantic_placebo_tcn,item_block_18,0.5857762453596375,0.9300733735162207,1.0852106609159993,3
M5,semantic_placebo_tcn,item_block_19,0.7709999827614735,0.6739784329674811,1.5304335123962827,3
M5,semantic_placebo_tcn,item_block_20,0.7171876818401045,0.6427272385796509,3.267363359609609,3
M5,semantic_placebo_tcn,item_block_21,0.5736183124685524,1.1861517810099442,1.3632221192160927,3
M5,semantic_placebo_tcn,item_block_22,0.5958668233700237,0.9603158062343091,0.8633124819271779,3
M5,semantic_placebo_tcn,item_block_23,0.5804224336791145,0.6992549946371389,5.000099710016339,3
M5,semantic_placebo_tcn,item_block_24,0.9142179061835368,0.5387193888464158,10.5833499182469,3
M5,semantic_placebo_tcn,item_block_25,0.7095633830717454,0.9414895796330124,6.860556323100966,3
M5,semantic_placebo_tcn,item_block_26,0.6194486373136613,0.804657518348624,1.417947320829308,3
M5,semantic_placebo_tcn,item_block_27,0.5794300736032066,0.7738467370801827,2.29624022939612,3
M5,semantic_placebo_tcn,item_block_28,0.6513326179680924,0.5534998459341068,3.107731022689708,3
M5,semantic_placebo_tcn,item_block_29,0.5326746694785852,0.6850234772533491,1.4360342755243578,3
M5,tcn_business,item_block_00,0.9164429311124288,0.8584123537308316,1.8458780032932443,3
M5,tcn_business,item_block_01,0.5371589572277901,1.511773263464126,0.6171882225387784,3
M5,tcn_business,item_block_02,0.4225717658763128,1.8106732840619266,0.6840579172882137,3
M5,tcn_business,item_block_03,0.44776205520300855,1.719680155408632,0.5455314958832724,3
M5,tcn_business,item_block_04,0.691919794310505,1.0677989773851932,0.820654543422202,3
M5,tcn_business,item_block_05,0.47869752539912436,2.092408428540201,0.47335615165768163,3
M5,tcn_business,item_block_06,0.6087902930505775,1.1370602576704725,0.7113627986538978,3
M5,tcn_business,item_block_07,0.4407962590064263,1.81813930739571,0.4572011810781621,3
M5,tcn_business,item_block_08,0.3847353569226379,2.6543174690473332,0.43550505472356993,3
M5,tcn_business,item_block_09,0.780753296490604,1.0553690274979202,0.731986780232065,3
M5,tcn_business,item_block_10,0.5067330971252039,3.497615351790948,0.5891275672862927,3
M5,tcn_business,item_block_11,0.5891152097137696,1.3624483361050284,0.6681104929201186,3
M5,tcn_business,item_block_12,0.7403247539648381,0.9375136473443066,0.91857017781684,3
M5,tcn_business,item_block_13,0.5968136348028902,1.2144033645351004,0.8304606936970558,3
M5,tcn_business,item_block_14,0.585412296145684,2.0514870623756343,0.8461172964680131,3
M5,tcn_business,item_block_15,0.6082519967573491,1.2905773316781195,2.889639116587147,3
M5,tcn_business,item_block_16,0.8403118490933855,0.768578522497679,2.343567955273169,3
M5,tcn_business,item_block_17,0.8019142915566952,1.0384689123418596,29.464506968934703,3
M5,tcn_business,item_block_18,0.5544500820862647,0.9273957341595112,1.029022489905988,3
M5,tcn_business,item_block_19,0.7820767679166575,0.6643228607885655,1.5083931135752846,3
M5,tcn_business,item_block_20,0.7558476739633913,0.6610171490207318,3.4268966105091505,3
M5,tcn_business,item_block_21,0.5748428963069232,1.3016975408336315,1.436429564363111,3
M5,tcn_business,item_block_22,0.565236376626295,0.9530442145548018,0.8376003699722113,3
M5,tcn_business,item_block_23,0.5937276518627007,0.715845875433435,5.177329032745941,3
M5,tcn_business,item_block_24,1.0653658393322398,0.65887400684335,11.538950494357518,3
M5,tcn_business,item_block_25,0.7388100162380369,1.163648465854144,7.173593638474664,3
M5,tcn_business,item_block_26,0.6352838508209087,0.8461965571531512,1.467736936672024,3
M5,tcn_business,item_block_27,0.5761658985546823,0.7776536859908172,2.3279399020725458,3
M5,tcn_business,item_block_28,0.7116496536143333,0.5856292857927069,3.3988583020511127,3
M5,tcn_business,item_block_29,0.5480969910400189,0.727476725885591,1.483877563090236,3
M5,tcn_no_graph,item_block_00,0.8841324999639404,0.8293268066861929,1.7916353735777122,3
M5,tcn_no_graph,item_block_01,0.5521122278792379,1.5349789917098808,0.6262390104777835,3
M5,tcn_no_graph,item_block_02,0.40972528393442337,1.7891906462624332,0.6412746077649808,3
M5,tcn_no_graph,item_block_03,0.4578987133365331,1.649225573354384,0.5451354803813119,3
M5,tcn_no_graph,item_block_04,0.6845034973189755,1.0348042270060969,0.7927234148577093,3
M5,tcn_no_graph,item_block_05,0.49578740079609823,1.9937051165231543,0.4567671043640643,3
M5,tcn_no_graph,item_block_06,0.6008886140442796,1.1178731991770599,0.6792793307630789,3
M5,tcn_no_graph,item_block_07,0.4454127594529357,1.5788918497501416,0.4274707444051586,3
M5,tcn_no_graph,item_block_08,0.39619623289130323,2.105600610840573,0.4095001184731406,3
M5,tcn_no_graph,item_block_09,0.7910684020332349,1.0477500735293492,0.7296969550883486,3
M5,tcn_no_graph,item_block_10,0.4913876605749467,2.5595480852108365,0.5447101296657431,3
M5,tcn_no_graph,item_block_11,0.5980272548828237,1.3436938820443203,0.672322262275629,3
M5,tcn_no_graph,item_block_12,0.7449640649503451,0.9409308013854925,0.9226394557645397,3
M5,tcn_no_graph,item_block_13,0.5997046253431662,1.2202713840018529,0.8497996182777185,3
M5,tcn_no_graph,item_block_14,0.5652025374636175,2.0388255780431193,0.8063330538275223,3
M5,tcn_no_graph,item_block_15,0.5963538361313382,1.2091896253778462,2.7597088413633326,3
M5,tcn_no_graph,item_block_16,0.8048912165586628,0.6812171615009481,2.1305002861079716,3
M5,tcn_no_graph,item_block_17,0.836701804123993,1.3748567024594756,29.58961576312086,3
M5,tcn_no_graph,item_block_18,0.5639433924397825,0.9208425825510905,1.0504741447154808,3
M5,tcn_no_graph,item_block_19,0.7709487783753445,0.6705478645111744,1.5180910919157284,3
M5,tcn_no_graph,item_block_20,0.7726056364806125,0.6864418388729138,3.516398400876415,3
M5,tcn_no_graph,item_block_21,0.5671306611234648,1.251157178579631,1.3616936134036493,3
M5,tcn_no_graph,item_block_22,0.587227288641205,0.9510586006916788,0.8461075235926917,3
M5,tcn_no_graph,item_block_23,0.6280091490870189,0.767220604137289,5.411808086779996,3
M5,tcn_no_graph,item_block_24,0.9204389205530741,0.5067934803465719,10.125829722830858,3
M5,tcn_no_graph,item_block_25,0.7741906302855803,1.030416683204077,7.349694556571733,3
M5,tcn_no_graph,item_block_26,0.6010311145400392,0.7712175065574477,1.3499892359924697,3
M5,tcn_no_graph,item_block_27,0.6099515116254921,0.8081375369274537,2.3961408902161385,3
M5,tcn_no_graph,item_block_28,0.7315818806047366,0.6197782091107789,3.568201879068973,3
M5,tcn_no_graph,item_block_29,0.5164463435584965,0.6619375964611606,1.3743470025362161,3
M5,tcn_stat_confidence,item_block_00,0.9030835530960688,0.8507168426590466,1.8387574358946748,3
M5,tcn_stat_confidence,item_block_01,0.5383888070452608,1.455211927108803,0.6023242082545366,3
M5,tcn_stat_confidence,item_block_02,0.40525358380394105,1.578520857434783,0.6352231295966597,3
M5,tcn_stat_confidence,item_block_03,0.4505140784413841,1.6514117867189388,0.5357394206519953,3
M5,tcn_stat_confidence,item_block_04,0.7071964550662685,1.0659063375454185,0.8252306103745781,3
M5,tcn_stat_confidence,item_block_05,0.4789434141910562,1.9555784461767534,0.4561883736421507,3
M5,tcn_stat_confidence,item_block_06,0.616691246481419,1.120882953839098,0.7013756431560353,3
M5,tcn_stat_confidence,item_block_07,0.4429909604019124,1.7143433765995635,0.44667473086525517,3
M5,tcn_stat_confidence,item_block_08,0.37888347768118513,2.1304396330718958,0.3993753791151065,3
M5,tcn_stat_confidence,item_block_09,0.7992380239377653,1.0511296207922656,0.7335879566768805,3
M5,tcn_stat_confidence,item_block_10,0.4910415384778308,2.6145344481332407,0.5560257100652923,3
M5,tcn_stat_confidence,item_block_11,0.592577574656147,1.3277962212223553,0.66246844965117,3
M5,tcn_stat_confidence,item_block_12,0.740214608127036,0.9383985127317499,0.9202486334575547,3
M5,tcn_stat_confidence,item_block_13,0.5980663037791082,1.2549108946414234,0.8514949140685891,3
M5,tcn_stat_confidence,item_block_14,0.5926297155697379,2.070822702908653,0.8518429998525235,3
M5,tcn_stat_confidence,item_block_15,0.6052126483073705,1.136920271349932,2.7480422295137212,3
M5,tcn_stat_confidence,item_block_16,0.8377008083728182,0.7068697646355723,2.318735427681416,3
M5,tcn_stat_confidence,item_block_17,0.8952864260256237,1.963678010005707,32.45282240372851,3
M5,tcn_stat_confidence,item_block_18,0.5600949689834154,0.9251190306624849,1.0476800702196896,3
M5,tcn_stat_confidence,item_block_19,0.7850003336870574,0.6831482283794469,1.5566539359155787,3
M5,tcn_stat_confidence,item_block_20,0.8055943311415042,0.7367753330005256,3.755014138207549,3
M5,tcn_stat_confidence,item_block_21,0.5813166977139483,1.1833232810917476,1.3878926506670064,3
M5,tcn_stat_confidence,item_block_22,0.5801693429011393,0.9609436105111433,0.8466758007607447,3
M5,tcn_stat_confidence,item_block_23,0.6561649168201669,0.7992572177155344,5.761017767466092,3
M5,tcn_stat_confidence,item_block_24,1.1655707284708274,0.701716847701794,12.276775002164186,3
M5,tcn_stat_confidence,item_block_25,0.8301690675956694,1.1089150330879127,8.262745924595812,3
M5,tcn_stat_confidence,item_block_26,0.6422626900619662,0.8998857260910627,1.5027673239351582,3
M5,tcn_stat_confidence,item_block_27,0.6095225118371795,0.8030406024851082,2.4308825161741683,3
M5,tcn_stat_confidence,item_block_28,0.7326452043701569,0.6246968105067293,3.648480591319856,3
M5,tcn_stat_confidence,item_block_29,0.5708277657692431,0.8359029993256778,1.5395667510373252,3
M5,tcn_stat_equal,item_block_00,0.884787409977975,0.8243543930139493,1.7883085887583474,3
M5,tcn_stat_equal,item_block_01,0.536079486376909,1.4407986720965216,0.5948643011962453,3
M5,tcn_stat_equal,item_block_02,0.39913486085134653,1.5406761770749542,0.6255355909289348,3
M5,tcn_stat_equal,item_block_03,0.4458778895171037,1.6245611070744257,0.5260115178528602,3
M5,tcn_stat_equal,item_block_04,0.70417522420251,1.0765357392332666,0.821944733450889,3
M5,tcn_stat_equal,item_block_05,0.47566265843296485,1.9163112328686718,0.44690202458431477,3
M5,tcn_stat_equal,item_block_06,0.6214990784598434,1.1217089677438752,0.7052973185582135,3
M5,tcn_stat_equal,item_block_07,0.4357950537630052,1.6691355197284525,0.43277343922348877,3
M5,tcn_stat_equal,item_block_08,0.37576581393056896,2.123564395998363,0.39523730626103104,3
M5,tcn_stat_equal,item_block_09,0.7957754171332849,1.0512377413088205,0.732098454225158,3
M5,tcn_stat_equal,item_block_10,0.48825848357147095,2.5551535265747156,0.5512338061496694,3
M5,tcn_stat_equal,item_block_11,0.5863039577309225,1.3146537383769887,0.6548676363552216,3
M5,tcn_stat_equal,item_block_12,0.737412163997403,0.9377089039457829,0.9188330316787989,3
M5,tcn_stat_equal,item_block_13,0.5908066625339614,1.2246222352229605,0.8373669298986594,3
M5,tcn_stat_equal,item_block_14,0.5891760417219444,2.038838567003883,0.8447033666941538,3
M5,tcn_stat_equal,item_block_15,0.6121437777214918,1.1568678015162477,2.7767025869556523,3
M5,tcn_stat_equal,item_block_16,0.8310245573692758,0.6942343026921896,2.2606649925863302,3
M5,tcn_stat_equal,item_block_17,1.6423765501208953,2.007420238364715,43.342743243172116,3
M5,tcn_stat_equal,item_block_18,0.5575702590954218,0.9338320161895082,1.0354411134486476,3
M5,tcn_stat_equal,item_block_19,0.7539498144043244,0.6501154376595293,1.4802994234536693,3
M5,tcn_stat_equal,item_block_20,0.7923079783093715,0.7350044464573064,3.7024461417286485,3
M5,tcn_stat_equal,item_block_21,0.5810374755135146,1.1818058347786895,1.3821479963365368,3
M5,tcn_stat_equal,item_block_22,0.5842687516809831,0.9736381449214009,0.8554536375024961,3
M5,tcn_stat_equal,item_block_23,0.6146015752408523,0.7396410955414966,5.22570018317038,3
M5,tcn_stat_equal,item_block_24,1.2174285840243244,0.7617844887088924,12.335512769758385,3
M5,tcn_stat_equal,item_block_25,0.8200620728051994,0.9000801986079181,7.682056381431206,3
M5,tcn_stat_equal,item_block_26,0.6430789140304408,0.9575338625740792,1.4761259101686024,3
M5,tcn_stat_equal,item_block_27,0.5692860575674357,0.7564087677867515,2.234208657894106,3
M5,tcn_stat_equal,item_block_28,0.7325902070920693,0.6203181843732168,3.643958614616798,3
M5,tcn_stat_equal,item_block_29,0.574734841065482,0.8347014449673137,1.5426984719892658,3
M5,tcn_stat_placebo,item_block_00,0.9032111491086058,0.8325211527178895,1.802607862229543,3
M5,tcn_stat_placebo,item_block_01,0.5263338102228099,1.4262147946427532,0.583296698523025,3
M5,tcn_stat_placebo,item_block_02,0.40335881219246317,1.7044166542638928,0.6508479352311167,3
M5,tcn_stat_placebo,item_block_03,0.4403089760489895,1.6617201908289614,0.5255611278215255,3
M5,tcn_stat_placebo,item_block_04,0.6980969647827999,1.0557415605635059,0.8157736872317929,3
M5,tcn_stat_placebo,item_block_05,0.465113701714214,1.8103725603012737,0.4326572806510345,3
M5,tcn_stat_placebo,item_block_06,0.6261370475079582,1.115065589240243,0.7148652321131771,3
M5,tcn_stat_placebo,item_block_07,0.43218021662846423,1.6985869817088197,0.429437994651457,3
M5,tcn_stat_placebo,item_block_08,0.36993904271324307,2.4061689787095895,0.40490865859168546,3
M5,tcn_stat_placebo,item_block_09,0.8005124474787408,1.0596132297118184,0.734924648568113,3
M5,tcn_stat_placebo,item_block_10,0.4809730594437027,2.5979212350769285,0.5455140416071844,3
M5,tcn_stat_placebo,item_block_11,0.575934556299371,1.2744079368310814,0.6361837509881567,3
M5,tcn_stat_placebo,item_block_12,0.7413906364580973,0.9415036779882809,0.9235485802212404,3
M5,tcn_stat_placebo,item_block_13,0.5869737409092781,1.1853820772475288,0.8119137629216153,3
M5,tcn_stat_placebo,item_block_14,0.6047162339838292,2.0579177448570585,0.8694417060564751,3
M5,tcn_stat_placebo,item_block_15,0.611380979494131,1.2366913977855716,2.872926728691531,3
M5,tcn_stat_placebo,item_block_16,0.8253777231926421,0.7054189062407515,2.265250983061614,3
M5,tcn_stat_placebo,item_block_17,0.7525836676996723,1.0247941722409812,26.15697996368602,3
M5,tcn_stat_placebo,item_block_18,0.5601989119099282,0.9464901564706112,1.0531243423305492,3
M5,tcn_stat_placebo,item_block_19,0.7760567829022778,0.6658802227067411,1.5173637824004922,3
M5,tcn_stat_placebo,item_block_20,0.7639180355591463,0.6883834879524993,3.541332902889403,3
M5,tcn_stat_placebo,item_block_21,0.591488358255893,1.292368702751688,1.443040928216996,3
M5,tcn_stat_placebo,item_block_22,0.5831825269142338,0.9623104410725697,0.852010979420609,3
M5,tcn_stat_placebo,item_block_23,0.6010930168295244,0.7208062104675672,5.0887618975137325,3
M5,tcn_stat_placebo,item_block_24,1.3932635343535391,0.9265865880661621,15.061561861760401,3
M5,tcn_stat_placebo,item_block_25,0.7331075193956311,0.8964765226551487,6.904255986578329,3
M5,tcn_stat_placebo,item_block_26,0.6524727182836811,0.9439099830289132,1.5117117034064398,3
M5,tcn_stat_placebo,item_block_27,0.565909638717629,0.7550647185600942,2.2289273133156478,3
M5,tcn_stat_placebo,item_block_28,0.7324466533876164,0.6285363279894056,3.585850754723189,3
M5,tcn_stat_placebo,item_block_29,0.5937813313023281,0.9752957096050164,1.597312909427774,3
M5,tcn_target_only,item_block_00,0.8339009673459633,0.7808845451702803,1.6740096856361975,3
M5,tcn_target_only,item_block_01,0.5891595933540383,1.7363703477825836,0.745605982721798,3
M5,tcn_target_only,item_block_02,0.44175665013026616,1.7913234772799564,0.6944827957758828,3
M5,tcn_target_only,item_block_03,0.5041964230825744,1.9585353608136766,0.6786721098931536,3
M5,tcn_target_only,item_block_04,0.6898564511505708,1.072595576842385,0.8043978403682116,3
M5,tcn_target_only,item_block_05,0.5559655309298526,2.6133731235406175,0.5774044722279228,3
M5,tcn_target_only,item_block_06,0.6053714606302988,1.1802960348606455,0.6922470190655932,3
M5,tcn_target_only,item_block_07,0.4978613230594854,1.8407389183394955,0.5581969773524968,3
M5,tcn_target_only,item_block_08,0.46297374671458125,2.526223013435722,0.5508843392094291,3
M5,tcn_target_only,item_block_09,0.7732727788897601,1.1038712087171911,0.7536334126162783,3
M5,tcn_target_only,item_block_10,0.5532169625920729,3.4954912443123605,0.6608185864511937,3
M5,tcn_target_only,item_block_11,0.6483505842176507,1.549295485060285,0.7968114908567813,3
M5,tcn_target_only,item_block_12,0.7007733483676959,0.9181179494307569,0.8910483454979917,3
M5,tcn_target_only,item_block_13,0.6313117626519583,1.385882597811782,0.9946667478868255,3
M5,tcn_target_only,item_block_14,0.5726847710543933,3.094629682606408,0.814227257258993,3
M5,tcn_target_only,item_block_15,0.655233879565897,1.2704316889217795,3.0866728894924993,3
M5,tcn_target_only,item_block_16,0.8298872349621712,0.6829055703413877,2.164835027640774,3
M5,tcn_target_only,item_block_17,0.9129890981978129,1.5619577677974417,33.429955676252206,3
M5,tcn_target_only,item_block_18,0.5683654028077582,0.9217867221091596,1.0418090359874503,3
M5,tcn_target_only,item_block_19,0.7792750089790581,0.6723303831472075,1.5311365480776187,3
M5,tcn_target_only,item_block_20,0.8149287390687766,0.699384766811586,3.729994964150209,3
M5,tcn_target_only,item_block_21,0.5897750886599019,1.2825286451633375,1.4065216656715152,3
M5,tcn_target_only,item_block_22,0.5910061144768475,0.9478863764962137,0.855273077629073,3
M5,tcn_target_only,item_block_23,0.62761502576062,0.7593806211117637,5.46361997208149,3
M5,tcn_target_only,item_block_24,1.0666894417520032,0.583037038178335,12.886508768749616,3
M5,tcn_target_only,item_block_25,0.7686458662506874,1.0169754768515802,7.615700406288462,3
M5,tcn_target_only,item_block_26,0.6419289820039736,0.8340239293409907,1.4663903965718217,3
M5,tcn_target_only,item_block_27,0.618122138418387,0.8145735385863582,2.456435524715633,3
M5,tcn_target_only,item_block_28,0.7851319814220703,0.6518456348438909,3.8950835315796435,3
M5,tcn_target_only,item_block_29,0.5440053473437322,0.6939318391272687,1.4703928878501296,3
M5,timemixerpp,item_block_00,0.8378751985062238,0.795194421626107,1.7036938656653677,3
M5,timemixerpp,item_block_01,0.5247963536198204,1.4774644158132564,0.6052922444053428,3
M5,timemixerpp,item_block_02,0.4874157611830037,2.477546625606182,0.8411777449781617,3
M5,timemixerpp,item_block_03,0.4446202549385723,1.8327388430002702,0.5970813815319348,3
M5,timemixerpp,item_block_04,0.6597632066845598,1.0439016668382717,0.7822617969263798,3
M5,timemixerpp,item_block_05,0.46813746801304174,1.9523556748846282,0.459545176988714,3
M5,timemixerpp,item_block_06,0.5909290146874793,1.141922260407897,0.6937903491435228,3
M5,timemixerpp,item_block_07,0.43915513255412186,1.8172705882150595,0.46243435161178387,3
M5,timemixerpp,item_block_08,0.39797357008682743,2.981964631382593,0.47897059839987566,3
M5,timemixerpp,item_block_09,0.7664029561283537,1.0522425546534815,0.7262784682371944,3
M5,timemixerpp,item_block_10,0.4824599933664506,2.776653637646758,0.5798183571271323,3
M5,timemixerpp,item_block_11,0.581518659917922,1.3282504385082743,0.6660956473794406,3
M5,timemixerpp,item_block_12,0.7108554019193812,0.9167100191389802,0.8862764357377296,3
M5,timemixerpp,item_block_13,0.5981582564946039,1.2917832001866778,0.8908214948815171,3
M5,timemixerpp,item_block_14,0.5271688133745664,1.5016377913576706,0.7730762602505151,3
M5,timemixerpp,item_block_15,0.69854386754183,1.4464134750428608,3.4427014767295785,3
M5,timemixerpp,item_block_16,0.7840751489595617,0.6657675379771578,2.0790451765060425,3
M5,timemixerpp,item_block_17,0.9165696719471991,1.5919871270162953,30.742752855855517,3
M5,timemixerpp,item_block_18,0.5567989102142863,0.9424252936375122,1.0434527686506352,3
M5,timemixerpp,item_block_19,0.7261712897059582,0.6450205623412986,1.462371348861664,3
M5,timemixerpp,item_block_20,0.7564199554629716,0.6527818199728996,3.4084583764905654,3
M5,timemixerpp,item_block_21,0.5835270882127467,1.2677809795602277,1.4221659916891622,3
M5,timemixerpp,item_block_22,0.5808412366812207,0.9515972914754836,0.8499325064636728,3
M5,timemixerpp,item_block_23,0.6192372843068931,0.717080891613329,5.374061705845177,3
M5,timemixerpp,item_block_24,0.9921465395461383,0.5655741155051158,11.833302534761883,3
M5,timemixerpp,item_block_25,0.788018302012556,1.3095132511866456,7.600237436119526,3
M5,timemixerpp,item_block_26,0.5995208199449396,0.788964767746019,1.3353922855917109,3
M5,timemixerpp,item_block_27,0.606494272700994,0.8239693141773143,2.4391405766622887,3
M5,timemixerpp,item_block_28,0.7043775600961636,0.5873565725747497,3.376122571330853,3
M5,timemixerpp,item_block_29,0.5081594345580634,0.6958656057464349,1.396858346722429,3
Store Item,dlinear,item_block_00,0.8639268090963282,0.1320562121031515,9.773902423798093,3
Store Item,dlinear,item_block_01,0.8974386289621603,0.16281687846679085,7.438008883642772,3
Store Item,dlinear,item_block_02,0.8858123726539842,0.19265374831430226,5.291441301820139,3
Store Item,dlinear,item_block_03,0.8507732876467323,0.19482812417661993,4.488843670597783,3
Store Item,dlinear,item_block_04,0.7893532352743597,0.12383287315242789,9.085392982240707,3
Store Item,dlinear,item_block_05,0.8472230689791622,0.12739465200619196,12.462091541794873,3
Store Item,dlinear,item_block_06,0.8010466627914704,0.1177493972026738,10.414641133061162,3
Store Item,dlinear,item_block_07,0.8241081447376751,0.1163824332682118,12.444862436365199,3
Store Item,dlinear,item_block_08,0.801446566443423,0.11564245972258919,12.7666669169431,3
Store Item,dlinear,item_block_09,0.8512462231688395,0.14794112214923588,7.55705571300769,3
Store Item,dlinear,item_block_10,0.7885007462736122,0.13932236466032277,7.019790276017769,3
Store Item,dlinear,item_block_11,0.8572517988820711,0.17037060346730856,6.277606864454885,3
Store Item,dlinear,item_block_12,0.8074391374494093,0.12633304198847528,10.527259352345947,3
Store Item,dlinear,item_block_13,0.7619455281138338,0.12406484526763223,7.470309017827271,3
Store Item,dlinear,item_block_14,0.8394350238649625,0.18176064369580752,5.059056792940413,3
Store Item,dlinear,item_block_15,0.7991760538691284,0.11798091410691507,10.340381546626016,3
Store Item,dlinear,item_block_16,0.7607164357257057,0.13592169499528609,6.889358500324229,3
Store Item,dlinear,item_block_17,0.7684040069630955,0.12495296595214812,9.155498499592776,3
Store Item,dlinear,item_block_18,0.8249245739421343,0.139319035725048,7.651108269968991,3
Store Item,dlinear,item_block_19,0.9061596145644977,0.18531234420374829,5.866609061205828,3
Store Item,dlinear,item_block_20,0.7459769580411681,0.1139166455138899,9.415653415457912,3
Store Item,dlinear,item_block_21,0.798207493746599,0.11748040166940042,11.274657713673102,3
Store Item,dlinear,item_block_22,0.8467741703787489,0.16323991543115796,6.038016857924284,3
Store Item,dlinear,item_block_23,0.8721036468203063,0.12025107744073239,12.091669895030835,3
Store Item,dlinear,item_block_24,0.8576374698800001,0.13079890290651328,8.489486452132937,3
Store Item,dlinear,item_block_25,0.815197050813565,0.11912705404120437,12.114483666798424,3
Store Item,dlinear,item_block_26,0.9106360500714593,0.19080991541914616,5.369446648491754,3
Store Item,dlinear,item_block_27,0.7911407904068584,0.12834786333364964,8.371235867656727,3
Store Item,dlinear,item_block_28,0.8285368846550253,0.1654909764265494,5.9900202675471235,3
Store Item,dlinear,item_block_29,0.8139430772651196,0.1216878965852685,10.16768309678981,3
Store Item,global_lightgbm,item_block_00,0.756546019475827,0.11337021465807703,8.382354600088938,3
Store Item,global_lightgbm,item_block_01,0.9398211482907182,0.17148294997017083,7.847494276743087,3
Store Item,global_lightgbm,item_block_02,0.8866910314907804,0.19369131208246843,5.267789829344976,3
Store Item,global_lightgbm,item_block_03,0.8286451687081569,0.19222046633894138,4.421735528915647,3
Store Item,global_lightgbm,item_block_04,0.823495688060346,0.13450339477576967,9.883604851980058,3
Store Item,global_lightgbm,item_block_05,0.7288139287620863,0.10649525504732064,10.422448324778722,3
Store Item,global_lightgbm,item_block_06,0.7155140679421987,0.10605725705081845,9.304176391117156,3
Store Item,global_lightgbm,item_block_07,0.7800746711542706,0.11251105156331323,12.186302745153034,3
Store Item,global_lightgbm,item_block_08,0.843063166975599,0.12251257131296356,13.565393750629728,3
Store Item,global_lightgbm,item_block_09,0.8719390674592153,0.1537245035503809,7.864026977902366,3
Store Item,global_lightgbm,item_block_10,0.8222246676240272,0.14490276876212504,7.1987849795629115,3
Store Item,global_lightgbm,item_block_11,0.7757102613740199,0.14844593545807427,5.5025103697701105,3
Store Item,global_lightgbm,item_block_12,0.8235076065009916,0.13178843251043137,10.71573984055292,3
Store Item,global_lightgbm,item_block_13,0.6788646411893472,0.11158590921574933,6.707587174006871,3
Store Item,global_lightgbm,item_block_14,0.8200618420056985,0.17574903665026878,4.920054272999839,3
Store Item,global_lightgbm,item_block_15,0.8106095515091574,0.12026485233923839,10.580615028502448,3
Store Item,global_lightgbm,item_block_16,0.6888241286416323,0.12178213827538523,6.11172836545914,3
Store Item,global_lightgbm,item_block_17,0.7632870538861324,0.12612229096971886,9.187688222007147,3
Store Item,global_lightgbm,item_block_18,0.7491391336866522,0.12816312442612157,7.038426194872176,3
Store Item,global_lightgbm,item_block_19,0.9673001616052415,0.20441363591497141,6.490238102655563,3
Store Item,global_lightgbm,item_block_20,0.8308291885983535,0.13217169972144127,10.91607387482174,3
Store Item,global_lightgbm,item_block_21,0.8030480065645436,0.11874896876280489,11.526232779972137,3
Store Item,global_lightgbm,item_block_22,0.8336895996127749,0.16939360131197034,6.306194044294811,3
Store Item,global_lightgbm,item_block_23,0.801099045169314,0.1109585033274644,11.24143209911528,3
Store Item,global_lightgbm,item_block_24,0.8191921463337741,0.12321028032153418,7.999681139749195,3
Store Item,global_lightgbm,item_block_25,0.7240251058276438,0.10447683498192213,10.494261423746744,3
Store Item,global_lightgbm,item_block_26,0.8687710174013792,0.18150393533143372,5.171081437004937,3
Store Item,global_lightgbm,item_block_27,0.8434969338210122,0.13556143099775245,9.041979577806261,3
Store Item,global_lightgbm,item_block_28,0.7696556203414742,0.1519672495403278,5.549343199956985,3
Store Item,global_lightgbm,item_block_29,0.8495941820561407,0.1291850037002128,11.033136231558665,3
Store Item,gts_native,item_block_00,1.2218309340077687,0.18901297371082515,14.31299759092785,3
Store Item,gts_native,item_block_01,1.2169060838827914,0.22863937952109076,10.282024534921797,3
Store Item,gts_native,item_block_02,1.0920158751042701,0.24612392242673084,6.666269410854925,3
Store Item,gts_native,item_block_03,1.053842130145752,0.24750428644458017,5.71044905980428,3
Store Item,gts_native,item_block_04,1.1610057096487587,0.1812320072078156,13.89507042920148,3
Store Item,gts_native,item_block_05,1.775500469526936,0.28227799154078137,29.26647619217161,3
Store Item,gts_native,item_block_06,1.5231937873222512,0.23433935447442322,21.89823886326381,3
Store Item,gts_native,item_block_07,2.069214981405464,0.3277984989639066,36.67652490403917,3
Store Item,gts_native,item_block_08,2.1907260168658156,0.3496692809365879,40.617687275800755,3
Store Item,gts_native,item_block_09,1.1093924357596805,0.19869327738363557,10.103948868140971,3
Store Item,gts_native,item_block_10,1.1430034849934962,0.20707648159532835,10.271940546691734,3
Store Item,gts_native,item_block_11,1.1764558204558067,0.24129474100165282,8.833510932468233,3
Store Item,gts_native,item_block_12,1.3509274431286058,0.21605475210738426,19.034247519477965,3
Store Item,gts_native,item_block_13,1.0478260173859744,0.17420673855426577,10.568627317115743,3
Store Item,gts_native,item_block_14,1.0839353615937755,0.23888049991882257,6.718030413622579,3
Store Item,gts_native,item_block_15,1.5493011011383349,0.24131050689608244,22.30214129553901,3
Store Item,gts_native,item_block_16,0.9491581872804898,0.17197342555703066,8.642325943739957,3
Store Item,gts_native,item_block_17,1.140850745810683,0.18362899925422485,13.956991478248879,3
Store Item,gts_native,item_block_18,1.0125862614013093,0.17401781954880033,9.58570797733529,3
Store Item,gts_native,item_block_19,1.1074148082249498,0.23654270122683999,7.4752275464396,3
Store Item,gts_native,item_block_20,1.3334176087345104,0.21224605338168115,18.352534803763902,3
Store Item,gts_native,item_block_21,1.759568604714227,0.27565199485215397,28.100655348843365,3
Store Item,gts_native,item_block_22,1.0898143240238076,0.21988775003329306,8.112021944510243,3
Store Item,gts_native,item_block_23,1.962532554877063,0.300237515342188,31.792418671663476,3
Store Item,gts_native,item_block_24,1.0515594420351009,0.16441579524611274,10.923408831238115,3
Store Item,gts_native,item_block_25,1.8993544541360083,0.2985204391638026,32.20969587659079,3
Store Item,gts_native,item_block_26,1.2857486441817711,0.2792510669040979,7.812743001514011,3
Store Item,gts_native,item_block_27,1.089851726496047,0.17555460185310773,11.593688268510121,3
Store Item,gts_native,item_block_28,1.105521484238673,0.22504732038129982,8.172938379661117,3
Store Item,gts_native,item_block_29,1.4055282179626745,0.21431248741338835,18.879356893912828,3
Store Item,gts_no_graph,item_block_00,0.9952347268381682,0.1527014074539278,11.319356812371147,3
Store Item,gts_no_graph,item_block_01,1.0696734879443075,0.1992838632495749,9.139122862033743,3
Store Item,gts_no_graph,item_block_02,1.0489987686692088,0.2324268917084946,6.4275378562785965,3
Store Item,gts_no_graph,item_block_03,0.8966877228661284,0.2064013799339627,4.720504826338833,3
Store Item,gts_no_graph,item_block_04,1.0365847995636377,0.16587500116155027,12.110918872570865,3
Store Item,gts_no_graph,item_block_05,1.3237036498571872,0.19955853471353238,20.7278555007208,3
Store Item,gts_no_graph,item_block_06,1.152857638395831,0.16651139348895796,15.283629372006372,3
Store Item,gts_no_graph,item_block_07,1.5456722084770993,0.23516317863853903,26.470625352607204,3
Store Item,gts_no_graph,item_block_08,1.653966367945966,0.25245369255951633,29.60597499463924,3
Store Item,gts_no_graph,item_block_09,1.0602024612132845,0.19229081178819687,9.824134796384781,3
Store Item,gts_no_graph,item_block_10,1.001371210052345,0.17935253395301395,9.064014883899183,3
Store Item,gts_no_graph,item_block_11,0.9611776073656628,0.19226081488573157,7.151681525366647,3
Store Item,gts_no_graph,item_block_12,1.104361042856645,0.17337927300382977,14.739262010685351,3
Store Item,gts_no_graph,item_block_13,0.9557352740016184,0.15872795430501685,9.537323873509806,3
Store Item,gts_no_graph,item_block_14,0.8936267803478887,0.19190068432674764,5.386410701842535,3
Store Item,gts_no_graph,item_block_15,1.1672915023626818,0.17418564226060446,15.862490941607762,3
Store Item,gts_no_graph,item_block_16,0.882411744182289,0.16159235870502311,8.243995737146449,3
Store Item,gts_no_graph,item_block_17,0.9730413399665102,0.1607572964567604,11.79036453792027,3
Store Item,gts_no_graph,item_block_18,0.939266703081845,0.16526741846964535,9.222749745404279,3
Store Item,gts_no_graph,item_block_19,1.114861330587209,0.2456935249003271,7.546553961183658,3
Store Item,gts_no_graph,item_block_20,1.0232514075836776,0.15799650216569677,13.323264651828342,3
Store Item,gts_no_graph,item_block_21,1.295533828089789,0.1922131658407174,19.659190112320836,3
Store Item,gts_no_graph,item_block_22,0.9308887240512494,0.18465611923502154,6.842937183127832,3
Store Item,gts_no_graph,item_block_23,1.4525974819496552,0.2114236915012992,22.439430151036177,3
Store Item,gts_no_graph,item_block_24,1.020663822888613,0.159084142410808,10.375423446534171,3
Store Item,gts_no_graph,item_block_25,1.4361898345766404,0.2144219325063245,23.227026581133483,3
Store Item,gts_no_graph,item_block_26,1.0240098056909248,0.21780711625456786,6.159309803493439,3
Store Item,gts_no_graph,item_block_27,1.0051188098493287,0.16558203492708384,10.795021703003576,3
Store Item,gts_no_graph,item_block_28,1.0052447295433806,0.2014513579461395,7.459487246457861,3
Store Item,gts_no_graph,item_block_29,1.0834992666511747,0.1566245774722272,13.496440574605629,3
Store Item,gts_placebo,item_block_00,1.694927965971185,0.27784417600872297,21.162066605986745,3
Store Item,gts_placebo,item_block_01,1.116809612860305,0.20905732978947686,9.584665581032082,3
Store Item,gts_placebo,item_block_02,1.5619614320603321,0.3772548826508935,10.057352243907868,3
Store Item,gts_placebo,item_block_03,1.9387430723445152,0.5141061405929089,11.616963202360445,3
Store Item,gts_placebo,item_block_04,1.6214242272366963,0.273154192030395,21.10364767357155,3
Store Item,gts_placebo,item_block_05,2.3016652123927543,0.3813771587091915,38.6686100757942,3
Store Item,gts_placebo,item_block_06,2.023515788795357,0.32960246247316183,30.515317871457054,3
Store Item,gts_placebo,item_block_07,2.6168278064508965,0.42832544366278463,47.296368414762796,3
Store Item,gts_placebo,item_block_08,2.6072280589698447,0.42770437774132536,49.086418288094656,3
Store Item,gts_placebo,item_block_09,1.1263295293512638,0.19999535037053892,10.291719704077988,3
Store Item,gts_placebo,item_block_10,1.1741843409047987,0.2111268150474944,10.878624805066952,3
Store Item,gts_placebo,item_block_11,1.2376405670445623,0.2580099718226955,9.52509319593036,3
Store Item,gts_placebo,item_block_12,1.9383033924288409,0.3309942625525025,28.510019007183253,3
Store Item,gts_placebo,item_block_13,1.2887256861684289,0.218654655529825,13.813853881977222,3
Store Item,gts_placebo,item_block_14,1.5396131991223483,0.36696291496443856,10.143183484910027,3
Store Item,gts_placebo,item_block_15,2.20841902909387,0.36539173249305823,33.271261119337936,3
Store Item,gts_placebo,item_block_16,0.9583971477041587,0.1722270962575142,8.863151953964637,3
Store Item,gts_placebo,item_block_17,1.597150952424303,0.27233072862624,20.91059672895563,3
Store Item,gts_placebo,item_block_18,1.2399305801828906,0.2207635528530344,12.389679928936026,3
Store Item,gts_placebo,item_block_19,1.2467146992533154,0.276312816811283,8.604076987221127,3
Store Item,gts_placebo,item_block_20,1.884125962336543,0.3203413218112106,27.7128484539254,3
Store Item,gts_placebo,item_block_21,2.2539374777910033,0.3688348154451114,37.06729295518663,3
Store Item,gts_placebo,item_block_22,1.1864342631344893,0.24682354643699642,8.958380342160583,3
Store Item,gts_placebo,item_block_23,2.4788574893664337,0.3930677883668662,40.916769542391336,3
Store Item,gts_placebo,item_block_24,1.3965480023311965,0.22334726263415425,15.275741037237582,3
Store Item,gts_placebo,item_block_25,2.4285531859906246,0.3994286402616136,42.34417625962111,3
Store Item,gts_placebo,item_block_26,1.5392376647470898,0.3554815204850609,9.815405827981454,3
Store Item,gts_placebo,item_block_27,1.314461029519623,0.21957506848026845,14.953065044665463,3
Store Item,gts_placebo,item_block_28,1.222108962046585,0.25541551807070845,9.064813747607841,3
Store Item,gts_placebo,item_block_29,1.8895058982392428,0.3070406187449245,26.824958372368386,3
Store Item,itransformer,item_block_00,0.861700534443712,0.13253801643447571,9.866013612696733,3
Store Item,itransformer,item_block_01,0.9239673254765177,0.17175307853676253,7.829960318469497,3
Store Item,itransformer,item_block_02,0.9209125210166778,0.2062655486518375,5.65035931017033,3
Store Item,itransformer,item_block_03,0.9137804397079022,0.2137193080517274,4.909365025777666,3
Store Item,itransformer,item_block_04,0.9224461476226968,0.15259728375831932,11.058119450927412,3
Store Item,itransformer,item_block_05,0.9232204928040812,0.141815060985942,13.70337001861088,3
Store Item,itransformer,item_block_06,0.856665042080631,0.12949883546897986,11.502198880311674,3
Store Item,itransformer,item_block_07,0.8714469230827175,0.12639721334869092,13.532389549981978,3
Store Item,itransformer,item_block_08,0.8724992158620414,0.12966337255530863,14.273658631339906,3
Store Item,itransformer,item_block_09,0.9243420256079621,0.165574272275995,8.477835178375244,3
Store Item,itransformer,item_block_10,0.8925523752792281,0.15969603216631093,8.029607863653274,3
Store Item,itransformer,item_block_11,0.9037203291928303,0.17874046389836942,6.627204146965471,3
Store Item,itransformer,item_block_12,0.918838026214196,0.14789086924381434,12.219286631024074,3
Store Item,itransformer,item_block_13,0.8752981659424878,0.1482979217941233,8.982471836937798,3
Store Item,itransformer,item_block_14,0.8446432058160801,0.1855157639444103,5.193743503913678,3
Store Item,itransformer,item_block_15,0.9211355158732576,0.139319169555364,12.215005536558765,3
Store Item,itransformer,item_block_16,0.8434341863839748,0.15458968329276998,7.768405694810172,3
Store Item,itransformer,item_block_17,0.8743894424464189,0.14547348374716637,10.670519687511304,3
Store Item,itransformer,item_block_18,0.8997731182266818,0.1562597038839213,8.611748955237172,3
Store Item,itransformer,item_block_19,1.0047324007735208,0.21450258290746055,6.791212018835481,3
Store Item,itransformer,item_block_20,0.8843783758326038,0.1410346746476052,11.687985364722195,3
Store Item,itransformer,item_block_21,0.8796645924986743,0.13237945496882547,12.779449513349583,3
Store Item,itransformer,item_block_22,0.8712751976340741,0.1735268394462084,6.425981679290691,3
Store Item,itransformer,item_block_23,0.9292961474154157,0.13445765541925664,13.490062299859586,3
Store Item,itransformer,item_block_24,0.9537221478396366,0.15174095101545534,9.810513181030435,3
Store Item,itransformer,item_block_25,0.9172634430123817,0.14048807460326904,14.23602200059033,3
Store Item,itransformer,item_block_26,0.9222965959475157,0.19189466379492903,5.448300665648526,3
Store Item,itransformer,item_block_27,0.9025425580654755,0.15129535644780112,9.944575945536295,3
Store Item,itransformer,item_block_28,0.9017023740099929,0.18107949161368794,6.615124384562175,3
Store Item,itransformer,item_block_29,0.9180416369767518,0.14221993957058046,11.860814427572583,3
Store Item,mage_native,item_block_00,0.9455195764760472,0.1437765594969731,10.700718259054518,3
Store Item,mage_native,item_block_01,0.8726216248264861,0.15839278732032144,7.2763219131994505,3
Store Item,mage_native,item_block_02,0.9368470693917852,0.20670683023758357,5.584724692440538,3
Store Item,mage_native,item_block_03,1.0075058552370006,0.23128115016269166,5.256962821597144,3
Store Item,mage_native,item_block_04,0.9087054715325527,0.14030065128438954,10.407468296232677,3
Store Item,mage_native,item_block_05,1.029572665848554,0.14938728802357987,14.705786417401027,3
Store Item,mage_native,item_block_06,0.9289549114755876,0.13483512084686083,12.036430318519551,3
Store Item,mage_native,item_block_07,1.0369261655936992,0.1450926602693163,15.537457814292303,3
Store Item,mage_native,item_block_08,1.0711977782309121,0.15210598107477835,16.931246308422594,3
Store Item,mage_native,item_block_09,0.8919201563515057,0.1568100225004556,7.976603323820407,3
Store Item,mage_native,item_block_10,0.8106510039885775,0.1412649202223106,7.139673805741406,3
Store Item,mage_native,item_block_11,0.882613803258277,0.17306511898165022,6.35627678083995,3
Store Item,mage_native,item_block_12,0.9556601829945364,0.14705718909639207,12.195945548002053,3
Store Item,mage_native,item_block_13,0.7840142322986304,0.12684359128488235,7.666936185624865,3
Store Item,mage_native,item_block_14,0.8835646769888902,0.18810271993592634,5.234984209928563,3
Store Item,mage_native,item_block_15,0.9977974245112599,0.14545838940467465,12.919480354066879,3
Store Item,mage_native,item_block_16,0.7821635247758912,0.14198441742829299,7.1479646718060526,3
Store Item,mage_native,item_block_17,0.8628104003878674,0.1389478369939979,10.309657762921047,3
Store Item,mage_native,item_block_18,0.825945522661025,0.1403429254485362,7.757207719106524,3
Store Item,mage_native,item_block_19,0.960019192506825,0.19641471126324872,6.149405031607895,3
Store Item,mage_native,item_block_20,0.9200612910740682,0.14017966118678843,11.666180842767947,3
Store Item,mage_native,item_block_21,1.0089827353210534,0.14478179758278195,14.175337180889473,3
Store Item,mage_native,item_block_22,0.8474684830077173,0.16607791723801388,6.132351190324814,3
Store Item,mage_native,item_block_23,1.080082036028487,0.1507350876466291,15.314926465352377,3
Store Item,mage_native,item_block_24,0.9275809762986064,0.14223879966483988,9.330394638909233,3
Store Item,mage_native,item_block_25,1.0357453039046167,0.14899350542269132,15.308980876175815,3
Store Item,mage_native,item_block_26,0.9491038321755015,0.19631386051759955,5.47626906854135,3
Store Item,mage_native,item_block_27,0.8571670641576304,0.13790986540834835,9.10294296627953,3
Store Item,mage_native,item_block_28,0.8545085912730314,0.16950746232934039,6.14590886787132,3
Store Item,mage_native,item_block_29,0.9673116100659626,0.14108795061271934,11.888866580983317,3
Store Item,mage_no_graph,item_block_00,0.9097739061109936,0.13685861751307346,10.125540198472443,3
Store Item,mage_no_graph,item_block_01,0.8638000719344373,0.15880851621077025,7.290478257275132,3
Store Item,mage_no_graph,item_block_02,0.8752478803215362,0.1931154254088265,5.266893311152383,3
Store Item,mage_no_graph,item_block_03,0.8955039523865347,0.20801178116006394,4.781925630317163,3
Store Item,mage_no_graph,item_block_04,0.8547602205185372,0.13614588322131024,9.999209454450657,3
Store Item,mage_no_graph,item_block_05,0.9277201798471545,0.1358885236378684,13.304663103093546,3
Store Item,mage_no_graph,item_block_06,0.8830748622558382,0.12773797913336235,11.352107865469796,3
Store Item,mage_no_graph,item_block_07,0.893000447563428,0.12741884147704605,13.528452525063166,3
Store Item,mage_no_graph,item_block_08,0.9237369246521672,0.12896882494696071,14.326621746890758,3
Store Item,mage_no_graph,item_block_09,0.8987582574964199,0.15811448501387523,8.067009840062056,3
Store Item,mage_no_graph,item_block_10,0.8265384114397811,0.1450146716245324,7.3351483546867575,3
Store Item,mage_no_graph,item_block_11,0.8664068091910403,0.1706034405779604,6.282382961303468,3
Store Item,mage_no_graph,item_block_12,0.8950314004609257,0.13935006579259238,11.406780828243841,3
Store Item,mage_no_graph,item_block_13,0.7894171703346141,0.1275054670405846,7.675495054356005,3
Store Item,mage_no_graph,item_block_14,0.8291985100751517,0.17977649661256695,4.999239435902348,3
Store Item,mage_no_graph,item_block_15,0.9064574348901496,0.13341904725947237,11.718814183795262,3
Store Item,mage_no_graph,item_block_16,0.7712066516283913,0.13767551860595256,6.9308403938535665,3
Store Item,mage_no_graph,item_block_17,0.8250334285387829,0.1321847533042674,9.708281804644871,3
Store Item,mage_no_graph,item_block_18,0.8274105767971875,0.14162878090051825,7.821639951574739,3
Store Item,mage_no_graph,item_block_19,0.9192249475617245,0.18825492110554087,5.948698214122227,3
Store Item,mage_no_graph,item_block_20,0.8636765497371733,0.1285694501731059,10.658678796556261,3
Store Item,mage_no_graph,item_block_21,0.8959042363734172,0.12962319942231024,12.56898437984406,3
Store Item,mage_no_graph,item_block_22,0.8228242160686967,0.1611630029903947,5.958255032382945,3
Store Item,mage_no_graph,item_block_23,0.9862575946983413,0.13923249100134394,14.124154176661577,3
Store Item,mage_no_graph,item_block_24,0.9242404729563393,0.14243409138927549,9.268091171506851,3
Store Item,mage_no_graph,item_block_25,0.9306741726107643,0.13603219026791932,13.809683507081694,3
Store Item,mage_no_graph,item_block_26,0.8802304679987171,0.18441067367233255,5.182999795076078,3
Store Item,mage_no_graph,item_block_27,0.8392968273091752,0.1341332573094096,8.8267242946322,3
Store Item,mage_no_graph,item_block_28,0.8380202902907141,0.16654984564494435,6.050095618717254,3
Store Item,mage_no_graph,item_block_29,0.8923359211627785,0.13347187268999047,11.234846639885474,3
Store Item,mage_placebo,item_block_00,0.9456479653159818,0.1437924815200339,10.701841697491036,3
Store Item,mage_placebo,item_block_01,0.8729418144949117,0.1584455086939655,7.278580806873463,3
Store Item,mage_placebo,item_block_02,0.93692032465035,0.20669448107978644,5.584442551173861,3
Store Item,mage_placebo,item_block_03,1.0080138181937262,0.23139871925958602,5.259109590419386,3
Store Item,mage_placebo,item_block_04,0.9087282939996325,0.1403079636969402,10.408228864114752,3
Store Item,mage_placebo,item_block_05,1.0297632761098694,0.14940580977817822,14.707179977780298,3
Store Item,mage_placebo,item_block_06,0.9291036249582787,0.1348642156883578,12.038925221357395,3
Store Item,mage_placebo,item_block_07,1.0370742271435485,0.14511008671836306,15.538151579559164,3
Store Item,mage_placebo,item_block_08,1.0713959371802997,0.15212819445362336,16.93347507557541,3
Store Item,mage_placebo,item_block_09,0.8917732651449154,0.15678290403355696,7.974973206797604,3
Store Item,mage_placebo,item_block_10,0.8105582768596923,0.14123596126930393,7.138238273600422,3
Store Item,mage_placebo,item_block_11,0.8827016860765581,0.1731112176163275,6.357800805379474,3
Store Item,mage_placebo,item_block_12,0.9555865556935195,0.14703740082867403,12.194140227383407,3
Store Item,mage_placebo,item_block_13,0.7838857757865656,0.12684371548331386,7.66709690245371,3
Store Item,mage_placebo,item_block_14,0.8842892088867417,0.18822360686389517,5.238633115455587,3
Store Item,mage_placebo,item_block_15,0.9978612787977703,0.14546667414811226,12.9198402122215,3
Store Item,mage_placebo,item_block_16,0.7822080708654844,0.1420052863461634,7.148635566549957,3
Store Item,mage_placebo,item_block_17,0.8625885053869629,0.13892297294431616,10.307722616447974,3
Store Item,mage_placebo,item_block_18,0.8259490957487153,0.14036963108867084,7.75872659178638,3
Store Item,mage_placebo,item_block_19,0.9600535694125342,0.19640596978706895,6.14888478460766,3
Store Item,mage_placebo,item_block_20,0.9204940518285839,0.1402419382709512,11.671198971057063,3
Store Item,mage_placebo,item_block_21,1.0090497682484065,0.1447793283369191,14.174669174920943,3
Store Item,mage_placebo,item_block_22,0.8473372839336806,0.1660608195242822,6.131957474209013,3
Store Item,mage_placebo,item_block_23,1.0796965156635514,0.15067966090945434,15.309440981143366,3
Store Item,mage_placebo,item_block_24,0.9275845411358191,0.14223447763221905,9.330042188129728,3
Store Item,mage_placebo,item_block_25,1.0355603687442274,0.14896925386430346,15.305847147785165,3
Store Item,mage_placebo,item_block_26,0.9486582726716053,0.19622920088545473,5.474403849354497,3
Store Item,mage_placebo,item_block_27,0.8573229526016137,0.13792787458498895,9.10393856189869,3
Store Item,mage_placebo,item_block_28,0.8545037589371015,0.16951589371034123,6.1464802297965555,3
Store Item,mage_placebo,item_block_29,0.9674604491110474,0.14110553141858745,11.890807101335474,3
Store Item,mixlinear,item_block_00,0.6910193934490169,0.10530361258539939,7.726117865749137,3
Store Item,mixlinear,item_block_01,0.7746769308578214,0.14246680220246052,6.486826626712053,3
Store Item,mixlinear,item_block_02,0.7293205870798423,0.15997379202366455,4.3909976129178645,3
Store Item,mixlinear,item_block_03,0.8063599140316732,0.18667734976394915,4.28740022548292,3
Store Item,mixlinear,item_block_04,0.6723460733696603,0.10276650424771173,7.469832334568891,3
Store Item,mixlinear,item_block_05,0.6502635089119375,0.09809317720333012,9.446985840166688,3
Store Item,mixlinear,item_block_06,0.6154882296815034,0.09017364151591203,7.975861130568085,3
Store Item,mixlinear,item_block_07,0.6565321096484246,0.09413017114335716,9.935827764884504,3
Store Item,mixlinear,item_block_08,0.6153129890807717,0.08865434578451864,9.708232909914047,3
Store Item,mixlinear,item_block_09,0.764851032991012,0.1326383455749643,6.754963483759966,3
Store Item,mixlinear,item_block_10,0.7216026302926131,0.12394204765021503,6.198682901089785,3
Store Item,mixlinear,item_block_11,0.7498495618312829,0.1465791217757226,5.41102329511491,3
Store Item,mixlinear,item_block_12,0.6654048215750152,0.10166062100364197,8.300271140204536,3
Store Item,mixlinear,item_block_13,0.6508975020406408,0.10707184791858898,6.414214555548613,3
Store Item,mixlinear,item_block_14,0.7123508102532209,0.15385775680736063,4.303360052209682,3
Store Item,mixlinear,item_block_15,0.6617115728224177,0.09493368810050144,8.269596412699059,3
Store Item,mixlinear,item_block_16,0.6493074081888935,0.11459501839932985,5.752909561944387,3
Store Item,mixlinear,item_block_17,0.6372510013351734,0.10462553112534703,7.598889961444511,3
Store Item,mixlinear,item_block_18,0.6979962932730943,0.1176253569438752,6.503055759207912,3
Store Item,mixlinear,item_block_19,0.8382815750157501,0.1733032337033947,5.4724514433946565,3
Store Item,mixlinear,item_block_20,0.6243293060955081,0.09618500016297402,7.889622057556475,3
Store Item,mixlinear,item_block_21,0.6761533731740527,0.09795627703712884,9.364505399471868,3
Store Item,mixlinear,item_block_22,0.7270885529899687,0.14153243263168827,5.247658317051236,3
Store Item,mixlinear,item_block_23,0.6763894038292506,0.09397138794495016,9.466019262081732,3
Store Item,mixlinear,item_block_24,0.7093888479141804,0.11047222711257768,7.220977127236664,3
Store Item,mixlinear,item_block_25,0.6523760903664981,0.0963973476874503,9.790863279312376,3
Store Item,mixlinear,item_block_26,0.8118620354543736,0.16965654826613982,4.811011319437985,3
Store Item,mixlinear,item_block_27,0.6887528074642129,0.1122380959813078,7.3336631381322475,3
Store Item,mixlinear,item_block_28,0.7446918402582996,0.1495448570266587,5.420396655955643,3
Store Item,mixlinear,item_block_29,0.6659825082179518,0.09937635976884839,8.368805799534712,3
Store Item,mtgnn_native,item_block_00,1.0324098280405534,0.16371840369743254,12.175807352419254,3
Store Item,mtgnn_native,item_block_01,0.9436729277044662,0.17319942522856044,8.02554098008171,3
Store Item,mtgnn_native,item_block_02,0.8361901719074275,0.18016661421848484,5.000129306127155,3
Store Item,mtgnn_native,item_block_03,0.8417174161874837,0.19234456981397427,4.448375823005797,3
Store Item,mtgnn_native,item_block_04,1.005978556533564,0.16389418598696623,12.24372313766883,3
Store Item,mtgnn_native,item_block_05,1.0984564705465216,0.1710435284749506,16.936850820268905,3
Store Item,mtgnn_native,item_block_06,1.0560574409315295,0.16423656722402302,14.705913286360484,3
Store Item,mtgnn_native,item_block_07,1.1252910385199397,0.17058765086155478,18.480834950845708,3
Store Item,mtgnn_native,item_block_08,1.113612251042219,0.1717093251233425,19.22924343492619,3
Store Item,mtgnn_native,item_block_09,0.9652102151325074,0.16998110226270324,8.708995120235222,3
Store Item,mtgnn_native,item_block_10,0.9259384219945725,0.16427507494218382,8.355050147525848,3
Store Item,mtgnn_native,item_block_11,0.883473503601053,0.17446207636896072,6.526893230973098,3
Store Item,mtgnn_native,item_block_12,1.028084747867478,0.16599940742102173,14.081436777871753,3
Store Item,mtgnn_native,item_block_13,0.941214085136374,0.15718527115826728,9.600352004722312,3
Store Item,mtgnn_native,item_block_14,0.8029153890096233,0.17111729932717482,4.794397852408192,3
Store Item,mtgnn_native,item_block_15,1.0735047001935814,0.16785766499023785,14.897965516993608,3
Store Item,mtgnn_native,item_block_16,0.8633075632030974,0.15664998930968496,8.025237845365332,3
Store Item,mtgnn_native,item_block_17,0.9479104463644178,0.15793182220980112,11.717492199448682,3
Store Item,mtgnn_native,item_block_18,0.9465680700011859,0.16615179249027537,9.236003572978671,3
Store Item,mtgnn_native,item_block_19,0.9062216387305324,0.18960399492410465,6.068548720980448,3
Store Item,mtgnn_native,item_block_20,0.9969136076387912,0.16100744462176364,13.451855326455737,3
Store Item,mtgnn_native,item_block_21,1.0822075724878297,0.16671833819762197,16.242120308850808,3
Store Item,mtgnn_native,item_block_22,0.8990670806123904,0.17438945924298888,6.507178845228972,3
Store Item,mtgnn_native,item_block_23,1.1419906078053002,0.16818213833992524,17.168052390769677,3
Store Item,mtgnn_native,item_block_24,1.0164581905036754,0.16165140497213334,10.648871114014318,3
Store Item,mtgnn_native,item_block_25,1.0808553367337257,0.16731518741187926,17.20034129026706,3
Store Item,mtgnn_native,item_block_26,0.9052313724304796,0.18492034313567832,5.310059977586938,3
Store Item,mtgnn_native,item_block_27,0.9740309031332418,0.16293411244242442,10.775747677636526,3
Store Item,mtgnn_native,item_block_28,0.8639767022256253,0.17171789582041458,6.254274678608728,3
Store Item,mtgnn_native,item_block_29,1.0605952606358533,0.16642254191274186,14.014279077923488,3
Store Item,mtgnn_no_graph,item_block_00,1.0849099342519841,0.17153192027397815,12.757859320867627,3
Store Item,mtgnn_no_graph,item_block_01,0.9971013195176778,0.18424411105508604,8.517170431752684,3
Store Item,mtgnn_no_graph,item_block_02,0.9264640516195868,0.19994610873414945,5.523922892474623,3
Store Item,mtgnn_no_graph,item_block_03,0.9487266523915634,0.22096406674489152,5.135338255968043,3
Store Item,mtgnn_no_graph,item_block_04,1.0209803215745734,0.16821303706001497,12.440730609591045,3
Store Item,mtgnn_no_graph,item_block_05,1.1284235638067523,0.17235204822018246,16.940393473105456,3
Store Item,mtgnn_no_graph,item_block_06,1.0917107854949555,0.16874240538475635,15.055888650278566,3
Store Item,mtgnn_no_graph,item_block_07,1.1455472801584312,0.17155825413271936,18.451523851465296,3
Store Item,mtgnn_no_graph,item_block_08,1.1469297765556534,0.17190761968428972,19.213586882939417,3
Store Item,mtgnn_no_graph,item_block_09,1.027374623098475,0.1815518361137521,9.291574523562476,3
Store Item,mtgnn_no_graph,item_block_10,0.9733758962090491,0.1733973667563699,8.853073430439782,3
Store Item,mtgnn_no_graph,item_block_11,0.9442939521163116,0.18817174431531997,7.041532396639466,3
Store Item,mtgnn_no_graph,item_block_12,1.0558683219457432,0.16860418705184846,14.20919805355173,3
Store Item,mtgnn_no_graph,item_block_13,1.004197215625862,0.16990755520063458,10.34356742939621,3
Store Item,mtgnn_no_graph,item_block_14,0.8990057065243481,0.19502128697052812,5.46051459211521,3
Store Item,mtgnn_no_graph,item_block_15,1.1203156353860788,0.17083843602802307,15.19813456358733,3
Store Item,mtgnn_no_graph,item_block_16,0.9319681953795529,0.16786091772067716,8.557062585517842,3
Store Item,mtgnn_no_graph,item_block_17,1.0062488970758119,0.16664034215404253,12.343822668469143,3
Store Item,mtgnn_no_graph,item_block_18,1.0198469466713487,0.17944385497694892,9.92453472198002,3
Store Item,mtgnn_no_graph,item_block_19,0.9715253628046246,0.2045880025924379,6.551691711264312,3
Store Item,mtgnn_no_graph,item_block_20,1.0495389794114933,0.16645172168941055,13.956919417810187,3
Store Item,mtgnn_no_graph,item_block_21,1.12882813824858,0.17157943458212108,16.609681447347004,3
Store Item,mtgnn_no_graph,item_block_22,0.9650781665798028,0.18983596549804907,7.038233198186077,3
Store Item,mtgnn_no_graph,item_block_23,1.1643435291492938,0.16851490566418534,17.139130723539484,3
Store Item,mtgnn_no_graph,item_block_24,1.1073217133540898,0.17463525002308483,11.435623015045488,3
Store Item,mtgnn_no_graph,item_block_25,1.1297276206442375,0.1696397071676308,17.31568759332889,3
Store Item,mtgnn_no_graph,item_block_26,0.9921368427239102,0.20735299570408577,5.939664203653892,3
Store Item,mtgnn_no_graph,item_block_27,1.024687292581636,0.17089984968130714,11.2822796251408,3
Store Item,mtgnn_no_graph,item_block_28,0.9348953995218873,0.1883730861567707,6.864996057338816,3
Store Item,mtgnn_no_graph,item_block_29,1.1155676465778073,0.17044665756632232,14.370635855134834,3
Store Item,mtgnn_placebo,item_block_00,0.9248650335649338,0.1451096986761067,10.784359013592756,3
Store Item,mtgnn_placebo,item_block_01,0.8753332863244113,0.15921233326792994,7.344632428789896,3
Store Item,mtgnn_placebo,item_block_02,0.7749089544099663,0.16604271212036845,4.5555577366440385,3
Store Item,mtgnn_placebo,item_block_03,0.8231137825738876,0.18864024130380844,4.379473387248932,3
Store Item,mtgnn_placebo,item_block_04,0.8910741865040172,0.14319274303878352,10.58145866192207,3
Store Item,mtgnn_placebo,item_block_05,1.0017170763335688,0.15211717136111477,15.020847532484266,3
Store Item,mtgnn_placebo,item_block_06,0.960452824708477,0.14727266418488436,13.1348223408694,3
Store Item,mtgnn_placebo,item_block_07,0.997892606535298,0.14998248103661893,16.187088749396107,3
Store Item,mtgnn_placebo,item_block_08,0.9999020580747511,0.151935917549557,16.92267755982737,3
Store Item,mtgnn_placebo,item_block_09,0.888704261489768,0.15516166187431168,7.902938809975114,3
Store Item,mtgnn_placebo,item_block_10,0.8323269702661532,0.14589504159788275,7.387436722952223,3
Store Item,mtgnn_placebo,item_block_11,0.8042878533606502,0.15790169733017909,5.879784161451632,3
Store Item,mtgnn_placebo,item_block_12,0.9149753017240418,0.14574349780338375,12.268275457715232,3
Store Item,mtgnn_placebo,item_block_13,0.8528930773468238,0.14141839833452785,8.56883358829236,3
Store Item,mtgnn_placebo,item_block_14,0.7534650247368999,0.16066107830830034,4.483879995093774,3
Store Item,mtgnn_placebo,item_block_15,0.9542660479314706,0.1462086481191599,12.93603857736739,3
Store Item,mtgnn_placebo,item_block_16,0.7711321269035146,0.13709219874095757,6.961185435138682,3
Store Item,mtgnn_placebo,item_block_17,0.8521525811660245,0.14099515477239682,10.414270552377852,3
Store Item,mtgnn_placebo,item_block_18,0.8629723044869004,0.14956158431367333,8.282180589342873,3
Store Item,mtgnn_placebo,item_block_19,0.8411978260123798,0.1728225512527878,5.500325930812372,3
Store Item,mtgnn_placebo,item_block_20,0.893229826996344,0.14122801380137964,11.805601659905973,3
Store Item,mtgnn_placebo,item_block_21,0.9852171297026489,0.15014920492091027,14.491562944240671,3
Store Item,mtgnn_placebo,item_block_22,0.8308857011067531,0.1590045423900276,5.920517027062714,3
Store Item,mtgnn_placebo,item_block_23,1.0284198225672048,0.14848494623450595,15.096014794849214,3
Store Item,mtgnn_placebo,item_block_24,0.9269858382120892,0.14435288508473712,9.446042570487531,3
Store Item,mtgnn_placebo,item_block_25,0.9925193261619598,0.15072909265032242,15.358295112690598,3
Store Item,mtgnn_placebo,item_block_26,0.8467737311340535,0.17371180549925463,4.971182319853041,3
Store Item,mtgnn_placebo,item_block_27,0.8786399848899199,0.1454595159508164,9.54218793798376,3
Store Item,mtgnn_placebo,item_block_28,0.8080286270768496,0.1612822579404741,5.835928109587815,3
Store Item,mtgnn_placebo,item_block_29,0.9671042302730498,0.14924076846551507,12.526353553489402,3
Store Item,nlinear,item_block_00,0.7842957599596075,0.11944784469414597,8.809102255200584,3
Store Item,nlinear,item_block_01,0.8528741998529787,0.1568337384146386,7.20593388370736,3
Store Item,nlinear,item_block_02,0.8327525219773994,0.18008034542847665,4.952442427791616,3
Store Item,nlinear,item_block_03,0.8251319247805035,0.18939543703794243,4.3900372553124,3
Store Item,nlinear,item_block_04,0.7728565420008442,0.12086423856484273,8.779144690781044,3
Store Item,nlinear,item_block_05,0.7168901531306197,0.10576335032350322,10.234294694567485,3
Store Item,nlinear,item_block_06,0.7137008741401895,0.10446918350418939,9.179364517252282,3
Store Item,nlinear,item_block_07,0.7228023552078503,0.10141454954699797,10.85304604888593,3
Store Item,nlinear,item_block_08,0.6733577845319134,0.09669867489603944,10.546200585743737,3
Store Item,nlinear,item_block_09,0.8124471916202247,0.1406691436270491,7.203731715994537,3
Store Item,nlinear,item_block_10,0.7645180611179703,0.1327076424445034,6.6883540910387795,3
Store Item,nlinear,item_block_11,0.8056560529616348,0.15816719863626136,5.859414964756637,3
Store Item,nlinear,item_block_12,0.7680852466877469,0.12203690173275687,9.981233798637593,3
Store Item,nlinear,item_block_13,0.7137037347094248,0.11475325432086224,6.893869049334652,3
Store Item,nlinear,item_block_14,0.778771580353783,0.16790311633691532,4.699842526168419,3
Store Item,nlinear,item_block_15,0.71942936652866,0.10532165555222789,9.177583164638943,3
Store Item,nlinear,item_block_16,0.7269479288849171,0.12931594720480571,6.577430551014249,3
Store Item,nlinear,item_block_17,0.6842996554282768,0.11184799059607657,8.149296175235163,3
Store Item,nlinear,item_block_18,0.7788773672888423,0.13182452995239857,7.284367134962133,3
Store Item,nlinear,item_block_19,0.9519106671553487,0.20407964542066012,6.322026037034534,3
Store Item,nlinear,item_block_20,0.7123385172657507,0.11042150873969035,9.111534608104241,3
Store Item,nlinear,item_block_21,0.7481159617097926,0.10886507276098494,10.502574930746087,3
Store Item,nlinear,item_block_22,0.7893006074606745,0.15627796232864408,5.803472356190757,3
Store Item,nlinear,item_block_23,0.7892019903063977,0.10948820713809246,11.079301667591881,3
Store Item,nlinear,item_block_24,0.8214609934551943,0.12666567880967172,8.230446199891428,3
Store Item,nlinear,item_block_25,0.7090001557644134,0.10379964795080754,10.479162725822004,3
Store Item,nlinear,item_block_26,0.8446334567421054,0.17419384392056153,4.92694588943764,3
Store Item,nlinear,item_block_27,0.7565116154089694,0.1231856409030061,8.080074966269196,3
Store Item,nlinear,item_block_28,0.8073029931337627,0.159840001215608,5.872695213903195,3
Store Item,nlinear,item_block_29,0.7187289875811221,0.10699683353086466,8.95249871854429,3
Store Item,patchtst,item_block_00,0.7005574127934848,0.10601850554212587,7.841148507658136,3
Store Item,patchtst,item_block_01,0.8036814612777557,0.14632196388768423,6.7364433606465655,3
Store Item,patchtst,item_block_02,0.832561652359399,0.18218084191197093,5.049908634216066,3
Store Item,patchtst,item_block_03,0.8267802473646526,0.18790266766472086,4.384450952842753,3
Store Item,patchtst,item_block_04,0.7771980466539139,0.12233431866653034,8.912951398778844,3
Store Item,patchtst,item_block_05,0.6854531661515083,0.10291407725153047,9.97062691178902,3
Store Item,patchtst,item_block_06,0.6964707858141217,0.10200489340051964,8.997503633852359,3
Store Item,patchtst,item_block_07,0.7132072366848382,0.10167393469673332,10.909648910401359,3
Store Item,patchtst,item_block_08,0.6762924210610542,0.09745970763288679,10.68932129592492,3
Store Item,patchtst,item_block_09,0.7907056911780613,0.13842436661400617,7.083443707259244,3
Store Item,patchtst,item_block_10,0.7754352756819157,0.13581895897404997,6.826806764754037,3
Store Item,patchtst,item_block_11,0.7761105419473168,0.1508280128029476,5.608751691838421,3
Store Item,patchtst,item_block_12,0.7406334901079438,0.11460176556809343,9.441766163659473,3
Store Item,patchtst,item_block_13,0.6991695232375641,0.11313186583131059,6.831756846614615,3
Store Item,patchtst,item_block_14,0.7272697036457352,0.15717507328799296,4.380462210014383,3
Store Item,patchtst,item_block_15,0.7089065671018014,0.10297165161636089,8.989044431656126,3
Store Item,patchtst,item_block_16,0.6809221987065857,0.1193373081307522,6.078165044229497,3
Store Item,patchtst,item_block_17,0.672001218753249,0.10887777187915022,7.961347433625075,3
Store Item,patchtst,item_block_18,0.7425786403084763,0.12527308528889664,6.954864426264687,3
Store Item,patchtst,item_block_19,0.9271147886768962,0.19903656081555862,6.172754652285702,3
Store Item,patchtst,item_block_20,0.6749444140538059,0.1042099401950457,8.478097976200164,3
Store Item,patchtst,item_block_21,0.7515792210501842,0.110891219326125,10.65957275774113,3
Store Item,patchtst,item_block_22,0.7597245973191408,0.14728954869434896,5.449259340447724,3
Store Item,patchtst,item_block_23,0.7394325127086195,0.10421818757899014,10.568502678442254,3
Store Item,patchtst,item_block_24,0.7882601387770107,0.12113436787687179,7.866861726871874,3
Store Item,patchtst,item_block_25,0.696052244879464,0.10294059999725372,10.527738899150222,3
Store Item,patchtst,item_block_26,0.8120815864483385,0.1671337351595717,4.7605791066689465,3
Store Item,patchtst,item_block_27,0.7526797431753842,0.12123180384766491,7.998845241687916,3
Store Item,patchtst,item_block_28,0.7692146244789404,0.1529998886398071,5.573363897030947,3
Store Item,patchtst,item_block_29,0.7059314790615824,0.10711287180891864,8.938353836221038,3
Store Item,seasonal_naive,item_block_00,0.9266184528800946,0.14052111765790898,10.337300800141835,3
Store Item,seasonal_naive,item_block_01,1.0112945039940318,0.18027319523654517,8.277777861035059,3
Store Item,seasonal_naive,item_block_02,1.1107015088266377,0.24781523550439064,6.7182537071288575,3
Store Item,seasonal_naive,item_block_03,1.0205364184446326,0.24121604852777667,5.583333560398646,3
Store Item,seasonal_naive,item_block_04,0.8824800974320655,0.14222037537843324,10.194445927937826,3
Store Item,seasonal_naive,item_block_05,0.929508715700632,0.1386112007913134,13.515873242938328,3
Store Item,seasonal_naive,item_block_06,0.883430166820911,0.13076831318625481,11.373013874841114,3
Store Item,seasonal_naive,item_block_07,0.8652529617835943,0.12448046240446116,13.111112912495932,3
Store Item,seasonal_naive,item_block_08,0.7758430367596743,0.11230874233027136,12.32539561438182,3
Store Item,seasonal_naive,item_block_09,1.0520919049721593,0.18326130172770128,9.392857589418925,3
Store Item,seasonal_naive,item_block_10,0.9083639871914342,0.15885424186717087,7.865079016912552,3
Store Item,seasonal_naive,item_block_11,1.0279532909597482,0.2079570604308859,7.623015838956075,3
Store Item,seasonal_naive,item_block_12,0.9430237957011277,0.1484585772616459,12.17460184248667,3
Store Item,seasonal_naive,item_block_13,0.8558202730959981,0.13790125583411547,8.36507935751052,3
Store Item,seasonal_naive,item_block_14,1.021881261657372,0.2219912583539384,6.218253919056483,3
Store Item,seasonal_naive,item_block_15,0.8710764629372654,0.13006967106303507,11.365079365079364,3
Store Item,seasonal_naive,item_block_16,0.8534328453181993,0.1488818518576616,7.511905435531858,3
Store Item,seasonal_naive,item_block_17,0.8046970128677232,0.1319932012235121,9.698414817688956,3
Store Item,seasonal_naive,item_block_18,0.8934963377224554,0.15133319121276664,8.3611116106548,3
Store Item,seasonal_naive,item_block_19,1.115450534350088,0.22904934751518835,7.1626982499682725,3
Store Item,seasonal_naive,item_block_20,0.8736957128716388,0.13431205155737352,11.170636555505176,3
Store Item,seasonal_naive,item_block_21,0.8913452563118027,0.12846463716771292,12.285716692606607,3
Store Item,seasonal_naive,item_block_22,0.921665002070896,0.18138821203860095,6.726190162083459,3
Store Item,seasonal_naive,item_block_23,0.9714858090982283,0.136182542439116,13.718252333383711,3
Store Item,seasonal_naive,item_block_24,0.9990711529013228,0.15537440436823757,10.361109900096105,3
Store Item,seasonal_naive,item_block_25,0.8600329441773586,0.12127588760059581,12.317460105532692,3
Store Item,seasonal_naive,item_block_26,1.1672475581372828,0.24372285160903762,6.813492161887033,3
Store Item,seasonal_naive,item_block_27,0.9059705679932727,0.14584193611602184,9.472221011207218,3
Store Item,seasonal_naive,item_block_28,0.9985138386725781,0.19597681571275766,7.166666371481759,3
Store Item,seasonal_naive,item_block_29,0.9247018901695271,0.13357549905833122,11.242063915918743,3
Store Item,tcn_business,item_block_00,0.7989672620078829,0.12114937423033731,9.029804108634828,3
Store Item,tcn_business,item_block_01,0.9413842899929858,0.17327853205962357,8.10839661340865,3
Store Item,tcn_business,item_block_02,0.9768183496525789,0.21110801575345614,5.990927694966554,3
Store Item,tcn_business,item_block_03,0.9436287804956202,0.21425754328508628,5.042992905964927,3
Store Item,tcn_business,item_block_04,0.788809185387097,0.12308388823257571,9.179067036462207,3
Store Item,tcn_business,item_block_05,0.8803851447427893,0.13386374107111837,13.364146288109836,3
Store Item,tcn_business,item_block_06,0.7722990409349196,0.11423914714596749,10.235792932056246,3
Store Item,tcn_business,item_block_07,1.0862758940141484,0.16552932963711267,18.18866293266337,3
Store Item,tcn_business,item_block_08,1.2490456145493214,0.19471386437257548,22.148089176763303,3
Store Item,tcn_business,item_block_09,0.9307929720147795,0.1629332317523609,8.415932198680897,3
Store Item,tcn_business,item_block_10,0.8857670191089992,0.15308312445370348,7.951148449428498,3
Store Item,tcn_business,item_block_11,1.0137912948560839,0.2027118643281868,7.6562355851370185,3
Store Item,tcn_business,item_block_12,0.818970308326938,0.12790369693012552,10.817176662424886,3
Store Item,tcn_business,item_block_13,0.764722453220782,0.12460236905409029,7.663709991192691,3
Store Item,tcn_business,item_block_14,0.8946710725504586,0.1910626970499069,5.4094337168194,3
Store Item,tcn_business,item_block_15,0.8462055327233168,0.1269939748033857,11.396962059868706,3
Store Item,tcn_business,item_block_16,0.8373096764948108,0.14918707845548784,7.729281657587284,3
Store Item,tcn_business,item_block_17,0.7824181362939683,0.12686396003333378,9.437499677062666,3
Store Item,tcn_business,item_block_18,0.877247460096629,0.152524133830078,8.534978760613335,3
Store Item,tcn_business,item_block_19,1.017271810616261,0.21268745533617284,6.923528531241039,3
Store Item,tcn_business,item_block_20,0.7606010750570621,0.11737355845729898,9.856095303934088,3
Store Item,tcn_business,item_block_21,0.9364193956033003,0.13961908395960684,13.789591915393002,3
Store Item,tcn_business,item_block_22,0.9956183537274697,0.19881192090723296,7.410099573236294,3
Store Item,tcn_business,item_block_23,1.004862119327606,0.14355669101879975,14.656568703828034,3
Store Item,tcn_business,item_block_24,0.8777660959921664,0.13659425416038753,9.06923068515838,3
Store Item,tcn_business,item_block_25,0.9664722044381258,0.14656112165950155,15.423929779617875,3
Store Item,tcn_business,item_block_26,0.9922859098303116,0.20318801524491367,5.868844273229125,3
Store Item,tcn_business,item_block_27,0.7887038077503077,0.12718009742910466,8.494413174018659,3
Store Item,tcn_business,item_block_28,0.9341492051500723,0.18601089788660288,6.855583912481076,3
Store Item,tcn_business,item_block_29,0.8345021180845357,0.12608227466059618,10.697325696390143,3
Store Item,tcn_no_graph,item_block_00,0.8160615680671262,0.12447474837814207,9.183604967026483,3
Store Item,tcn_no_graph,item_block_01,0.8610879442688925,0.157861172984184,7.261437733968099,3
Store Item,tcn_no_graph,item_block_02,0.8434604779177044,0.18364322115359888,5.099190211169934,3
Store Item,tcn_no_graph,item_block_03,0.8213546334773112,0.1854154045859968,4.288500643281079,3
Store Item,tcn_no_graph,item_block_04,0.8123211490977134,0.13152797823059362,9.576929228646415,3
Store Item,tcn_no_graph,item_block_05,0.8380276205430557,0.12642733732108383,12.394925495934865,3
Store Item,tcn_no_graph,item_block_06,0.8170748816906346,0.12025634909383828,10.703715188162667,3
Store Item,tcn_no_graph,item_block_07,0.9955434326212426,0.14966912635359042,16.297857849686235,3
Store Item,tcn_no_graph,item_block_08,0.9224138430083533,0.13465129674306872,15.307029300265842,3
Store Item,tcn_no_graph,item_block_09,0.8686894408267903,0.15102895485930676,7.69609511340106,3
Store Item,tcn_no_graph,item_block_10,0.7709173744294142,0.13354072814262313,6.73551979519072,3
Store Item,tcn_no_graph,item_block_11,0.9065454344328403,0.17795043165786797,6.572999947916263,3
Store Item,tcn_no_graph,item_block_12,0.7791450222196477,0.12057882715860446,10.036203480271435,3
Store Item,tcn_no_graph,item_block_13,0.7843280094211501,0.12774384141435868,7.685545303203441,3
Store Item,tcn_no_graph,item_block_14,0.7676164101531037,0.1629729218088371,4.549400686586976,3
Store Item,tcn_no_graph,item_block_15,0.8315700756342943,0.1232206463209675,10.833089127111688,3
Store Item,tcn_no_graph,item_block_16,0.7970138868817304,0.1391887037352467,7.05182133023701,3
Store Item,tcn_no_graph,item_block_17,0.770522158328913,0.12424282444760701,9.054016890349212,3
Store Item,tcn_no_graph,item_block_18,0.7933331731754992,0.1358452190931751,7.4398653368470535,3
Store Item,tcn_no_graph,item_block_19,0.8967808980665528,0.18330139179170485,5.8741861689027655,3
Store Item,tcn_no_graph,item_block_20,0.7806191092070051,0.121799779171399,10.09448241178321,3
Store Item,tcn_no_graph,item_block_21,0.8612797804314382,0.12853386847784376,12.501006630993393,3
Store Item,tcn_no_graph,item_block_22,0.8423708217501322,0.16412303432395448,6.064213095518647,3
Store Item,tcn_no_graph,item_block_23,0.8705423309150144,0.12198961455793365,12.379308337257022,3
Store Item,tcn_no_graph,item_block_24,0.832647407018276,0.12851340537566885,8.358361254293452,3
Store Item,tcn_no_graph,item_block_25,0.8570965910833785,0.12695802555481248,12.972880963925961,3
Store Item,tcn_no_graph,item_block_26,0.8688094700235057,0.17558285355990108,4.997719096128272,3
Store Item,tcn_no_graph,item_block_27,0.7904501013694543,0.12735485777849112,8.312676505436972,3
Store Item,tcn_no_graph,item_block_28,0.8176073626669499,0.16032803063114756,5.841874743264818,3
Store Item,tcn_no_graph,item_block_29,0.8313518469292409,0.12480447839240315,10.418483628167046,3
Store Item,tcn_stat_confidence,item_block_00,0.8743690263257083,0.13604689095456615,10.263389350245237,3
Store Item,tcn_stat_confidence,item_block_01,0.8819392500439908,0.16522598398332214,7.55056303266495,3
Store Item,tcn_stat_confidence,item_block_02,0.8946466414137866,0.19328884560476084,5.420553984465422,3
Store Item,tcn_stat_confidence,item_block_03,0.8296294285200699,0.18781319908118355,4.37327434776952,3
Store Item,tcn_stat_confidence,item_block_04,0.8263791774405517,0.13354970965315216,9.955657913571313,3
Store Item,tcn_stat_confidence,item_block_05,0.8110892015426204,0.12235655592395028,12.16878581677795,3
Store Item,tcn_stat_confidence,item_block_06,0.7550942047052813,0.11360896819611149,10.208046847550326,3
Store Item,tcn_stat_confidence,item_block_07,0.8799092744678667,0.1324274361861837,14.469784433879552,3
Store Item,tcn_stat_confidence,item_block_08,1.1344404477022463,0.17529140670181798,19.71679704656046,3
Store Item,tcn_stat_confidence,item_block_09,0.877290049680227,0.15652346129119235,8.022566073786013,3
Store Item,tcn_stat_confidence,item_block_10,0.8244692705564761,0.14576137192404903,7.4148170531742155,3
Store Item,tcn_stat_confidence,item_block_11,0.9324946624818067,0.18421934936344808,6.848395598628534,3
Store Item,tcn_stat_confidence,item_block_12,0.8566007766329992,0.1370437880545443,11.686001525354133,3
Store Item,tcn_stat_confidence,item_block_13,0.7496010626698412,0.125257770642187,7.562251567840576,3
Store Item,tcn_stat_confidence,item_block_14,0.7953761620668234,0.17158315550401457,4.789396441172039,3
Store Item,tcn_stat_confidence,item_block_15,0.8440538304199712,0.1262977056007855,11.187133869796833,3
Store Item,tcn_stat_confidence,item_block_16,0.8772161433520295,0.16021867085262068,8.318753192033718,3
Store Item,tcn_stat_confidence,item_block_17,0.7636018684127842,0.12631722822215857,9.267986807242904,3
Store Item,tcn_stat_confidence,item_block_18,0.8661149524383769,0.15195951892037063,8.560174117012629,3
Store Item,tcn_stat_confidence,item_block_19,0.908352814030234,0.18699417305333868,6.019532638882834,3
Store Item,tcn_stat_confidence,item_block_20,0.7205170043775189,0.11417950496350526,9.542732778680387,3
Store Item,tcn_stat_confidence,item_block_21,0.8620150683459573,0.12951720966833827,12.758113770257857,3
Store Item,tcn_stat_confidence,item_block_22,0.9052461523115882,0.17621545547635725,6.558060319335373,3
Store Item,tcn_stat_confidence,item_block_23,0.8732394450749487,0.12497049450308186,12.733055114746094,3
Store Item,tcn_stat_confidence,item_block_24,0.8538036977143941,0.1329542752524373,8.658908894453099,3
Store Item,tcn_stat_confidence,item_block_25,0.9328352332954468,0.14022001171174053,14.92092012476038,3
Store Item,tcn_stat_confidence,item_block_26,0.8922346625192975,0.17902144884764148,5.089104699079321,3
Store Item,tcn_stat_confidence,item_block_27,0.8682792531880078,0.1456227729405922,9.630222522392476,3
Store Item,tcn_stat_confidence,item_block_28,0.8238709974130848,0.16274524480738342,5.93063974632788,3
Store Item,tcn_stat_confidence,item_block_29,0.8639116350550543,0.13087506170358779,11.049274717058454,3
Store Item,tcn_stat_equal,item_block_00,0.8709596527025222,0.13411995835851714,10.180627706820372,3
Store Item,tcn_stat_equal,item_block_01,0.8900340642531449,0.16629277999155878,7.633519644459718,3
Store Item,tcn_stat_equal,item_block_02,0.8826064033034465,0.19013547498348757,5.326239019474656,3
Store Item,tcn_stat_equal,item_block_03,0.8356997262922634,0.1888264255079782,4.394323806914072,3
Store Item,tcn_stat_equal,item_block_04,0.8404491843784717,0.1358872596336245,10.13283729048633,3
Store Item,tcn_stat_equal,item_block_05,0.826163242557506,0.1246246765461115,12.401114453714362,3
Store Item,tcn_stat_equal,item_block_06,0.7565474441673933,0.11337919323298794,10.231839639169198,3
Store Item,tcn_stat_equal,item_block_07,0.9035651399133208,0.1353435888848052,14.771119445720046,3
Store Item,tcn_stat_equal,item_block_08,1.1532870626041527,0.1795800902304389,20.217716862915683,3
Store Item,tcn_stat_equal,item_block_09,0.9308198498502911,0.1650120593689404,8.504483457595583,3
Store Item,tcn_stat_equal,item_block_10,0.8319435416388876,0.1452583974591932,7.403810614631289,3
Store Item,tcn_stat_equal,item_block_11,0.9336610861722643,0.18580080740274538,6.919031257982607,3
Store Item,tcn_stat_equal,item_block_12,0.853772678667712,0.13658956468031191,11.683870063256965,3
Store Item,tcn_stat_equal,item_block_13,0.7747630966817932,0.1300870174805368,7.882229888249958,3
Store Item,tcn_stat_equal,item_block_14,0.7994917785368457,0.17021644233864952,4.748027381442842,3
Store Item,tcn_stat_equal,item_block_15,0.8961265450470733,0.1345509423013795,11.930082462452075,3
Store Item,tcn_stat_equal,item_block_16,0.9030249700622234,0.16542380012870173,8.655737677579204,3
Store Item,tcn_stat_equal,item_block_17,0.7970578779867317,0.13063266451183478,9.653917610329925,3
Store Item,tcn_stat_equal,item_block_18,0.907224098838647,0.15971774525510335,9.047613479472973,3
Store Item,tcn_stat_equal,item_block_19,0.9280662184626546,0.19199480930344373,6.203764285990801,3
Store Item,tcn_stat_equal,item_block_20,0.7432343441196699,0.117045976935105,9.769058555522292,3
Store Item,tcn_stat_equal,item_block_21,0.8506421705265055,0.1279907614039366,12.550894353755567,3
Store Item,tcn_stat_equal,item_block_22,0.9343899474109174,0.1830938238935367,6.841109446116856,3
Store Item,tcn_stat_equal,item_block_23,0.8898289468185624,0.12703722753766225,12.921288021027097,3
Store Item,tcn_stat_equal,item_block_24,0.8415350697566534,0.1308942764102262,8.583515555770308,3
Store Item,tcn_stat_equal,item_block_25,0.9425723187544065,0.14240430044934985,15.02808680862346,3
Store Item,tcn_stat_equal,item_block_26,0.9159219203630504,0.18443863520211834,5.272783078844585,3
Store Item,tcn_stat_equal,item_block_27,0.8804718047703752,0.14670100058106483,9.827580134073893,3
Store Item,tcn_stat_equal,item_block_28,0.8359606501950315,0.16413761331991647,6.006689667070985,3
Store Item,tcn_stat_equal,item_block_29,0.8735416812328229,0.13241130704422105,11.227133937613674,3
Store Item,tcn_stat_placebo,item_block_00,0.8912381614408189,0.13781770416858705,10.454373046834633,3
Store Item,tcn_stat_placebo,item_block_01,0.8208998215606563,0.1529115664652005,6.975210240278295,3
Store Item,tcn_stat_placebo,item_block_02,0.8049047711303381,0.17176404400097287,4.76941911001054,3
Store Item,tcn_stat_placebo,item_block_03,0.8109449804463682,0.18269707686053616,4.25792245385508,3
Store Item,tcn_stat_placebo,item_block_04,0.9225910684582543,0.15061640077335292,11.11567706658096,3
Store Item,tcn_stat_placebo,item_block_05,0.7597321650208584,0.11209106815898628,10.886184601556685,3
Store Item,tcn_stat_placebo,item_block_06,0.6848437384809183,0.0999560104795933,8.81934801232878,3
Store Item,tcn_stat_placebo,item_block_07,0.7958781543215753,0.11650904851887844,12.61213492337989,3
Store Item,tcn_stat_placebo,item_block_08,0.9712164515988472,0.14564550093388465,16.39782832917713,3
Store Item,tcn_stat_placebo,item_block_09,0.9173363222107616,0.16097496308990542,8.437885710802028,3
Store Item,tcn_stat_placebo,item_block_10,0.7652415769388243,0.1325589946889822,6.706193421883557,3
Store Item,tcn_stat_placebo,item_block_11,0.7931766534768426,0.15595623115896662,5.750478685217559,3
Store Item,tcn_stat_placebo,item_block_12,0.6988994731400859,0.11052166484922187,9.154185315288563,3
Store Item,tcn_stat_placebo,item_block_13,0.7327314057805095,0.12024063958916623,7.296811005425831,3
Store Item,tcn_stat_placebo,item_block_14,0.7631657898438166,0.16308107242128553,4.541351935220143,3
Store Item,tcn_stat_placebo,item_block_15,0.712752475446416,0.10443305048951784,9.103269733449139,3
Store Item,tcn_stat_placebo,item_block_16,0.7322927898791314,0.1282647053139404,6.465571817266878,3
Store Item,tcn_stat_placebo,item_block_17,0.6901196681134414,0.11052887721973036,8.071379742294393,3
Store Item,tcn_stat_placebo,item_block_18,0.8254309845876736,0.1441945688423995,7.964682523535673,3
Store Item,tcn_stat_placebo,item_block_19,0.880630598170439,0.18063272835083827,5.831276319645069,3
Store Item,tcn_stat_placebo,item_block_20,0.6933376162984058,0.10742156665697075,8.987967314543548,3
Store Item,tcn_stat_placebo,item_block_21,0.7763908161078121,0.11497722947614707,11.151339813514992,3
Store Item,tcn_stat_placebo,item_block_22,0.7947673960167414,0.15495091892001642,5.663782522161171,3
Store Item,tcn_stat_placebo,item_block_23,0.9235373127764035,0.13180347941527035,13.086646761213032,3
Store Item,tcn_stat_placebo,item_block_24,0.8577405084960102,0.13158024732940418,8.692264632573202,3
Store Item,tcn_stat_placebo,item_block_25,0.7685518287181036,0.11286395932724524,11.564616682668213,3
Store Item,tcn_stat_placebo,item_block_26,0.8959103801713728,0.18437445337149452,5.273245507447177,3
Store Item,tcn_stat_placebo,item_block_27,0.7615468906631554,0.12456864082021173,8.21806830451602,3
Store Item,tcn_stat_placebo,item_block_28,0.7947377703667607,0.1556639165881934,5.6180312242457475,3
Store Item,tcn_stat_placebo,item_block_29,0.8053327114118963,0.11981137916894326,9.936648227550366,3
Store Item,tcn_target_only,item_block_00,0.9425575392587247,0.14883093971419126,11.02062102474233,3
Store Item,tcn_target_only,item_block_01,1.0455422405499701,0.198151506119054,8.961201294389351,3
Store Item,tcn_target_only,item_block_02,1.0657968424395197,0.2422584175905475,6.606843284828953,3
Store Item,tcn_target_only,item_block_03,1.105734175788697,0.2723879350782961,6.2965987334175715,3
Store Item,tcn_target_only,item_block_04,0.9521511588512234,0.15802118285514766,11.533513149887165,3
Store Item,tcn_target_only,item_block_05,1.104291974051149,0.17495827804664899,17.45492061736092,3
Store Item,tcn_target_only,item_block_06,0.9894998406225901,0.15245846740167637,13.649384882084277,3
Store Item,tcn_target_only,item_block_07,1.1740606344909517,0.18088863598576344,19.69225922841874,3
Store Item,tcn_target_only,item_block_08,1.1702456433876325,0.18150249227103507,20.600913951005882,3
Store Item,tcn_target_only,item_block_09,1.0044775556568784,0.183552854987482,9.30581902953052,3
Store Item,tcn_target_only,item_block_10,0.9716966757159224,0.17693823904470787,8.774318927179568,3
Store Item,tcn_target_only,item_block_11,1.0600974167787656,0.21878104180211244,8.024486684294605,3
Store Item,tcn_target_only,item_block_12,0.9921175044434987,0.16233673981612376,13.506593663856465,3
Store Item,tcn_target_only,item_block_13,0.9055307820583325,0.15357462923001486,9.145191762813184,3
Store Item,tcn_target_only,item_block_14,1.0636341292076101,0.24213019198148064,6.804021559064351,3
Store Item,tcn_target_only,item_block_15,1.0033391835969785,0.15877107902561077,14.164948947845945,3
Store Item,tcn_target_only,item_block_16,0.9362323590158176,0.17643046209542648,8.778502386083048,3
Store Item,tcn_target_only,item_block_17,0.8925537784983446,0.15058815806415402,11.002174660011574,3
Store Item,tcn_target_only,item_block_18,0.9377323283243478,0.1655527778876891,9.03452154442116,3
Store Item,tcn_target_only,item_block_19,1.1053692854123827,0.239834298229351,7.604939179445701,3
Store Item,tcn_target_only,item_block_20,0.917288861067639,0.1484029448006987,12.34144262788157,3
Store Item,tcn_target_only,item_block_21,1.0774434433480091,0.16673843412441236,16.37094325111026,3
Store Item,tcn_target_only,item_block_22,1.0349122219940894,0.21479298886273576,7.860886027573277,3
Store Item,tcn_target_only,item_block_23,1.1305987848119992,0.16767068829562787,17.222351795781858,3
Store Item,tcn_target_only,item_block_24,1.0010323797687466,0.16061866712578568,10.365444907435664,3
Store Item,tcn_target_only,item_block_25,1.1009791185487672,0.17176142967929223,17.86556409906458,3
Store Item,tcn_target_only,item_block_26,1.127363116072751,0.24892120273116378,6.941534350158046,3
Store Item,tcn_target_only,item_block_27,0.9114769990649788,0.1529798688286704,9.933687775223344,3
Store Item,tcn_target_only,item_block_28,1.0465387262976595,0.21866931228980335,7.9360219233881235,3
Store Item,tcn_target_only,item_block_29,1.0035347042778218,0.15766554085547432,13.251193747949348,3
Store Item,timemixerpp,item_block_00,0.6851023196149678,0.10392262044850593,7.6554968596766235,3
Store Item,timemixerpp,item_block_01,0.7853436868029943,0.1445250986625097,6.606739977680186,3
Store Item,timemixerpp,item_block_02,0.7742214539031307,0.16798844787344278,4.6263646991164595,3
Store Item,timemixerpp,item_block_03,0.7908481067280522,0.17965927002238868,4.141668025778715,3
Store Item,timemixerpp,item_block_04,0.70738043486925,0.10874114643819752,7.957465842918113,3
Store Item,timemixerpp,item_block_05,0.6875850061269563,0.10207438633565957,9.846105328312627,3
Store Item,timemixerpp,item_block_06,0.664356886374991,0.09692075388061193,8.577119706169007,3
Store Item,timemixerpp,item_block_07,0.6713572895952672,0.09405613200605521,10.037212164944442,3
Store Item,timemixerpp,item_block_08,0.675919029560795,0.09695886525864941,10.646430737127071,3
Store Item,timemixerpp,item_block_09,0.7712885602647519,0.1342711914646953,6.837902407166819,3
Store Item,timemixerpp,item_block_10,0.7278824305682247,0.12441404146600216,6.278703780401321,3
Store Item,timemixerpp,item_block_11,0.7619231783485296,0.14931566351225742,5.511767598056288,3
Store Item,timemixerpp,item_block_12,0.7042704768643643,0.10773650035262737,8.954994595240032,3
Store Item,timemixerpp,item_block_13,0.6841106883379575,0.10937677701198036,6.549042734519515,3
Store Item,timemixerpp,item_block_14,0.7258412462835636,0.1573917964296839,4.3883594583582,3
Store Item,timemixerpp,item_block_15,0.7194484617669117,0.10543443898657309,9.239137230726776,3
Store Item,timemixerpp,item_block_16,0.6633353535656497,0.11605652720450346,5.8921103124265315,3
Store Item,timemixerpp,item_block_17,0.660586323555309,0.10622966007436879,7.710327224125938,3
Store Item,timemixerpp,item_block_18,0.7255115081183524,0.12147014961498816,6.692709958111799,3
Store Item,timemixerpp,item_block_19,0.8239805151510351,0.1718388852601804,5.440501928329468,3
Store Item,timemixerpp,item_block_20,0.6328726547892544,0.09705439526894623,7.9803456099575785,3
Store Item,timemixerpp,item_block_21,0.6946599202956059,0.101542115047655,9.738484392721185,3
Store Item,timemixerpp,item_block_22,0.7518733859377996,0.14510432805792087,5.3648667221977595,3
Store Item,timemixerpp,item_block_23,0.7165248733160783,0.09846557886534567,9.902336660516324,3
Store Item,timemixerpp,item_block_24,0.7574558466879253,0.11571761174513477,7.520468545338464,3
Store Item,timemixerpp,item_block_25,0.6930951364444543,0.10074310496517408,10.268901749262735,3
Store Item,timemixerpp,item_block_26,0.7960427000237245,0.16257166047230984,4.615431005992587,3
Store Item,timemixerpp,item_block_27,0.7081023007378028,0.11439902045664407,7.510173631092858,3
Store Item,timemixerpp,item_block_28,0.7551957596471384,0.14974863459868756,5.434131925068204,3
Store Item,timemixerpp,item_block_29,0.7061925514411797,0.10558281911902141,8.837743284841062,3
