dataset,model_id,horizon_step,MAE,WAPE
Favorita,dlinear,1,7.823948284762876,0.42160096375624584
Favorita,dlinear,2,7.439069359501202,0.43255849633661003
Favorita,dlinear,3,8.765196917822331,0.38274708961867093
Favorita,dlinear,4,13.604006245106827,0.4236046187835376
Favorita,dlinear,5,13.304007717856654,0.427399263417808
Favorita,dlinear,6,12.234893150020529,0.4897726695895238
Favorita,dlinear,7,7.593837363999567,0.4117677744579794
Favorita,dlinear,8,7.0811833400785185,0.35007209394110567
Favorita,dlinear,9,7.181128267005637,0.392906249807375
Favorita,dlinear,10,9.049213738647508,0.48006024466414193
Favorita,dlinear,11,10.449884958473252,0.39537887528420307
Favorita,dlinear,12,16.838392424289093,0.44804735773908416
Favorita,dlinear,13,7.386883551397442,0.40580985841004735
Favorita,dlinear,14,6.335729175732459,0.4048793778599477
Favorita,dlinear,15,8.368293659186657,0.4830267423653539
Favorita,dlinear,16,8.885246691144543,0.5171670358161642
Favorita,dlinear,17,8.440327534999376,0.4185995576525533
Favorita,dlinear,18,8.860895232212396,0.3034176589666224
Favorita,dlinear,19,12.788531224374417,0.4256735479024785
Favorita,dlinear,20,7.995008058018154,0.4100403491704234
Favorita,dlinear,21,8.000149563801141,0.47512876408823995
Favorita,dlinear,22,9.126003341027248,0.45168628667036537
Favorita,dlinear,23,6.983956348528096,0.470519216243911
Favorita,dlinear,24,8.930453425719413,0.47502933411693493
Favorita,dlinear,25,9.234515413678723,0.3451272642314679
Favorita,dlinear,26,16.66926561034756,0.43694554775733996
Favorita,dlinear,27,7.556149675080807,0.4500452063404858
Favorita,dlinear,28,6.116473022213689,0.4338586384731331
Favorita,global_lightgbm,1,7.102382886851275,0.3843885505216518
Favorita,global_lightgbm,2,7.390407526934588,0.42591625095996516
Favorita,global_lightgbm,3,9.537976891023142,0.4173825825032463
Favorita,global_lightgbm,4,13.874060565453988,0.42818533933985065
Favorita,global_lightgbm,5,13.062988526732836,0.4226279073369503
Favorita,global_lightgbm,6,12.114908160103694,0.4904125243964839
Favorita,global_lightgbm,7,9.295635503447718,0.5038485456439674
Favorita,global_lightgbm,8,6.944140169355605,0.3440189394338133
Favorita,global_lightgbm,9,8.501806758068227,0.46920841511977884
Favorita,global_lightgbm,10,7.445365662044949,0.3980186168363855
Favorita,global_lightgbm,11,9.564489717836734,0.36259942788415617
Favorita,global_lightgbm,12,15.681943930519955,0.4169328550328741
Favorita,global_lightgbm,13,8.176002958085801,0.4498137366186179
Favorita,global_lightgbm,14,7.433777234289381,0.4746451271543592
Favorita,global_lightgbm,15,8.07048599101879,0.4625394676006462
Favorita,global_lightgbm,16,8.811422944068909,0.5037163983892231
Favorita,global_lightgbm,17,9.23001826427601,0.45961460496220813
Favorita,global_lightgbm,18,10.652240972165709,0.3645764629351085
Favorita,global_lightgbm,19,11.862820899045026,0.40065954067710896
Favorita,global_lightgbm,20,8.558650359400996,0.43968909395064254
Favorita,global_lightgbm,21,8.925376092063056,0.5290471886100463
Favorita,global_lightgbm,22,8.926646117810849,0.4436469292219873
Favorita,global_lightgbm,23,7.295105320435983,0.4912598470917941
Favorita,global_lightgbm,24,9.111754235514889,0.4826374216757239
Favorita,global_lightgbm,25,10.5227362703394,0.39769433122898623
Favorita,global_lightgbm,26,17.11340818581758,0.45134299054744026
Favorita,global_lightgbm,27,10.46034522233186,0.6251846268425819
Favorita,global_lightgbm,28,6.744424798753527,0.480348217393653
Favorita,gts_native,1,10.160691511521208,0.5369500277361033
Favorita,gts_native,2,9.556105446753978,0.5483432134842642
Favorita,gts_native,3,13.28513265100371,0.5791431954290716
Favorita,gts_native,4,20.43107177482481,0.6182920135275952
Favorita,gts_native,5,19.705805195674852,0.6288803971811804
Favorita,gts_native,6,14.863008386839503,0.5902116739915922
Favorita,gts_native,7,10.003623806133314,0.5420743923291695
Favorita,gts_native,8,11.17264791271753,0.5546665050078885
Favorita,gts_native,9,11.136357913690585,0.609503265841358
Favorita,gts_native,10,10.874771793974983,0.5791815336627977
Favorita,gts_native,11,16.243278041277886,0.6149409324102482
Favorita,gts_native,12,26.241753185786493,0.7055218983404896
Favorita,gts_native,13,10.710620285438397,0.5864960601779404
Favorita,gts_native,14,8.842858321408247,0.5641324651428083
Favorita,gts_native,15,9.509606792223583,0.5412326893467394
Favorita,gts_native,16,10.783757229549465,0.6153085664779671
Favorita,gts_native,17,12.289137246965627,0.5921600059648405
Favorita,gts_native,18,19.06755510955865,0.6553285222284805
Favorita,gts_native,19,19.565066384222867,0.6594921656241637
Favorita,gts_native,20,11.182568065704848,0.5691352853092342
Favorita,gts_native,21,9.81586030314872,0.5664171471847619
Favorita,gts_native,22,11.801765543125846,0.5881771511913244
Favorita,gts_native,23,8.740457698730406,0.5883056059640284
Favorita,gts_native,24,11.23342029987202,0.5923430486906
Favorita,gts_native,25,16.389735733855655,0.6155689231542283
Favorita,gts_native,26,26.332872950239683,0.7036835595471151
Favorita,gts_native,27,9.326592946760817,0.5568120001975881
Favorita,gts_native,28,7.857913596868331,0.5547241463512963
Favorita,gts_no_graph,1,8.4182389870286,0.4450894689854245
Favorita,gts_no_graph,2,7.450992447199921,0.4283643961262211
Favorita,gts_no_graph,3,10.227945133733254,0.44708911984421346
Favorita,gts_no_graph,4,16.584709671304136,0.4924125683709608
Favorita,gts_no_graph,5,16.150267795277877,0.5128980614583893
Favorita,gts_no_graph,6,11.6711053982653,0.4584629271070548
Favorita,gts_no_graph,7,7.588861159593971,0.41171358165882294
Favorita,gts_no_graph,8,8.044231516536739,0.3977550780410544
Favorita,gts_no_graph,9,8.949199510853232,0.4892464999611675
Favorita,gts_no_graph,10,8.099905089683899,0.4329178408658423
Favorita,gts_no_graph,11,12.921844146294909,0.4891833567712869
Favorita,gts_no_graph,12,22.455736824736736,0.6030921705078657
Favorita,gts_no_graph,13,7.646158454562595,0.41858725057435986
Favorita,gts_no_graph,14,7.274991286412618,0.46400322947872563
Favorita,gts_no_graph,15,7.673446619625628,0.44116409047935257
Favorita,gts_no_graph,16,8.011438776023777,0.4605662787785806
Favorita,gts_no_graph,17,9.607442860158137,0.467227921012059
Favorita,gts_no_graph,18,14.953175625931701,0.5135323839167605
Favorita,gts_no_graph,19,15.687533670847797,0.5281141033793719
Favorita,gts_no_graph,20,8.214032184139446,0.41870689878962514
Favorita,gts_no_graph,21,7.886227630538705,0.45881439394460916
Favorita,gts_no_graph,22,9.038000077340337,0.4509920640055187
Favorita,gts_no_graph,23,7.603324339796363,0.5125561544469721
Favorita,gts_no_graph,24,8.614351729616338,0.45269195274042495
Favorita,gts_no_graph,25,12.297958411863304,0.4617518249668999
Favorita,gts_no_graph,26,22.310336208582658,0.5850431602553501
Favorita,gts_no_graph,27,7.593666976745482,0.45366761283184726
Favorita,gts_no_graph,28,6.005287962820795,0.4303498297247485
Favorita,gts_placebo,1,9.274511150776604,0.48796752464504717
Favorita,gts_placebo,2,8.976404327717553,0.5176942741745932
Favorita,gts_placebo,3,12.296925328161429,0.5368245271510299
Favorita,gts_placebo,4,19.285066232296785,0.584872056529925
Favorita,gts_placebo,5,18.74187809923365,0.596333003668499
Favorita,gts_placebo,6,13.876443563669596,0.540963934954745
Favorita,gts_placebo,7,9.197996530387504,0.4991990072557449
Favorita,gts_placebo,8,10.328893174212656,0.5107239401199354
Favorita,gts_placebo,9,10.334385760717186,0.5630706726923588
Favorita,gts_placebo,10,9.866276652016388,0.52570409390876
Favorita,gts_placebo,11,15.210065875211617,0.5754116904330123
Favorita,gts_placebo,12,25.260152428468434,0.6770527527781902
Favorita,gts_placebo,13,10.07100648411814,0.5452585349522758
Favorita,gts_placebo,14,8.452215657970742,0.5387359631251013
Favorita,gts_placebo,15,8.508964023412561,0.4850445865997924
Favorita,gts_placebo,16,9.774972462787488,0.5610520816317844
Favorita,gts_placebo,17,11.448062503057313,0.5500483256361426
Favorita,gts_placebo,18,18.025327477788114,0.6172741752831494
Favorita,gts_placebo,19,18.901301224768897,0.6378628295260038
Favorita,gts_placebo,20,10.68589177292622,0.5457780389784874
Favorita,gts_placebo,21,9.323623138224638,0.5435263225972856
Favorita,gts_placebo,22,11.243977362092261,0.5595616437822488
Favorita,gts_placebo,23,8.182687072087953,0.5518700297049128
Favorita,gts_placebo,24,10.483551118991993,0.5526875534763891
Favorita,gts_placebo,25,15.778562710222637,0.5926437255132813
Favorita,gts_placebo,26,25.676595747010943,0.6865359691179319
Favorita,gts_placebo,27,8.945806069157006,0.5332286435677887
Favorita,gts_placebo,28,7.125775994783567,0.5053321176649336
Favorita,itransformer,1,8.001739144067706,0.42468834394051846
Favorita,itransformer,2,8.132199643754666,0.46874277451371593
Favorita,itransformer,3,9.969984704329644,0.43535371237461895
Favorita,itransformer,4,15.77133773300383,0.4788763229901833
Favorita,itransformer,5,13.960765429963299,0.4390373834056098
Favorita,itransformer,6,13.249053541488118,0.5204750344730547
Favorita,itransformer,7,8.385633701674733,0.45509134793430206
Favorita,itransformer,8,7.192660396628909,0.3548906074059812
Favorita,itransformer,9,9.306752184346134,0.5081651319238305
Favorita,itransformer,10,8.01716316173106,0.42628031363121316
Favorita,itransformer,11,10.815360137709865,0.4082331127623837
Favorita,itransformer,12,16.689033033965547,0.44225205221863906
Favorita,itransformer,13,7.978627986819656,0.4312134291741719
Favorita,itransformer,14,7.538765450392241,0.48064525288328874
Favorita,itransformer,15,7.519341556120803,0.4335905879796926
Favorita,itransformer,16,9.552269658611882,0.5496444337546545
Favorita,itransformer,17,8.83719570202592,0.4332275751803422
Favorita,itransformer,18,11.354996687210637,0.3886116472453343
Favorita,itransformer,19,12.983122753618677,0.43747369784019496
Favorita,itransformer,20,8.715105858776305,0.44573126841224414
Favorita,itransformer,21,7.580180874246139,0.4452597915329835
Favorita,itransformer,22,8.334254691667025,0.41412104247230963
Favorita,itransformer,23,6.645010988910993,0.4474350139555791
Favorita,itransformer,24,8.454111283943977,0.44862922127895444
Favorita,itransformer,25,10.042349159423216,0.3761885731550857
Favorita,itransformer,26,19.24956194795208,0.5110791908871366
Favorita,itransformer,27,7.823528248145256,0.4669837647572601
Favorita,itransformer,28,5.73580113682482,0.4043483661448948
Favorita,mage_native,1,7.071764720553233,0.3783474491484728
Favorita,mage_native,2,7.377681034091676,0.4253153875073817
Favorita,mage_native,3,8.889098065387872,0.3881971095786908
Favorita,mage_native,4,13.716107767682383,0.43666116914327285
Favorita,mage_native,5,12.814119571015054,0.41656772063084
Favorita,mage_native,6,11.32862217317301,0.44707364604447136
Favorita,mage_native,7,6.984562696921237,0.3788212802450475
Favorita,mage_native,8,7.185072189477491,0.3558090360900619
Favorita,mage_native,9,7.95360567930304,0.43458637314493215
Favorita,mage_native,10,6.593348386508907,0.352740178281236
Favorita,mage_native,11,11.25701836360745,0.42742507424050735
Favorita,mage_native,12,16.398400295130266,0.4378938480419192
Favorita,mage_native,13,7.634079525888794,0.41825043538514184
Favorita,mage_native,14,7.042105686521721,0.44918791346612125
Favorita,mage_native,15,7.767238015517086,0.4517456541819656
Favorita,mage_native,16,7.907997339878829,0.4503604583730647
Favorita,mage_native,17,8.256769106849845,0.4073016847841638
Favorita,mage_native,18,11.106678362664432,0.38400139169677594
Favorita,mage_native,19,11.869898366642955,0.4003273506381727
Favorita,mage_native,20,7.618592094142496,0.3899929032286915
Favorita,mage_native,21,6.991653368677254,0.41246043130610044
Favorita,mage_native,22,8.308191228471696,0.4139064315765413
Favorita,mage_native,23,6.96456484451522,0.4691196720861548
Favorita,mage_native,24,8.449021410958174,0.44580185914173615
Favorita,mage_native,25,10.710194346308707,0.40218554082649965
Favorita,mage_native,26,16.254062129835056,0.42164858559390017
Favorita,mage_native,27,6.813080266902776,0.40800680955958374
Favorita,mage_native,28,6.19882773593942,0.43955732194634095
Favorita,mage_no_graph,1,7.435848245172715,0.40235271287731184
Favorita,mage_no_graph,2,7.500314850921536,0.4361476944263526
Favorita,mage_no_graph,3,8.948630740854567,0.3901276231614976
Favorita,mage_no_graph,4,13.153436307262998,0.4170567455424848
Favorita,mage_no_graph,5,13.505155585646445,0.43835699247117554
Favorita,mage_no_graph,6,11.16274509076144,0.43779430760669846
Favorita,mage_no_graph,7,6.863942905113009,0.3724394028296818
Favorita,mage_no_graph,8,7.257542122130707,0.3596650865397264
Favorita,mage_no_graph,9,8.058657300982762,0.44134974681721656
Favorita,mage_no_graph,10,6.24630763783223,0.33430049859651606
Favorita,mage_no_graph,11,10.193421235829046,0.38629321359878666
Favorita,mage_no_graph,12,16.067422651692674,0.4292846799250731
Favorita,mage_no_graph,13,7.668765925731004,0.4200686880234266
Favorita,mage_no_graph,14,6.7431710812692565,0.43099530348953136
Favorita,mage_no_graph,15,7.268869761368375,0.42311932914301925
Favorita,mage_no_graph,16,7.970687001784918,0.45238898285945467
Favorita,mage_no_graph,17,8.40039548077678,0.42197596093097006
Favorita,mage_no_graph,18,10.502285570605302,0.35887497599688034
Favorita,mage_no_graph,19,11.8273988557738,0.39689804001706075
Favorita,mage_no_graph,20,7.162305677445307,0.3661760086132576
Favorita,mage_no_graph,21,6.758912564273694,0.3971771056148418
Favorita,mage_no_graph,22,7.999739006929744,0.39811653711211403
Favorita,mage_no_graph,23,7.0984229090060165,0.47832074779571904
Favorita,mage_no_graph,24,7.911070270597198,0.41721266527054746
Favorita,mage_no_graph,25,10.748931079449845,0.4041576968822382
Favorita,mage_no_graph,26,16.88923938177342,0.4395056714726126
Favorita,mage_no_graph,27,6.820804158544146,0.40859481907324885
Favorita,mage_no_graph,28,5.7851464187157235,0.4104008484988069
Favorita,mage_placebo,1,6.932171421774007,0.3714171103099958
Favorita,mage_placebo,2,7.3445400588806535,0.4230204957432902
Favorita,mage_placebo,3,8.891790544583152,0.38827722252241087
Favorita,mage_placebo,4,13.297511909892897,0.42320160384986455
Favorita,mage_placebo,5,12.670878019441425,0.41285455171383223
Favorita,mage_placebo,6,11.305790670992186,0.44608246421138453
Favorita,mage_placebo,7,6.774923157859823,0.3672215329483429
Favorita,mage_placebo,8,7.151744737046092,0.3542432796800592
Favorita,mage_placebo,9,8.018760228459435,0.4379211945748024
Favorita,mage_placebo,10,6.5625111317721965,0.3510958537748814
Favorita,mage_placebo,11,10.84308079316936,0.4122807189028156
Favorita,mage_placebo,12,15.94657437198876,0.42600536698186986
Favorita,mage_placebo,13,7.649853882039494,0.418940186939411
Favorita,mage_placebo,14,6.921583338444018,0.44154675216341943
Favorita,mage_placebo,15,7.79844250020091,0.45345559765991755
Favorita,mage_placebo,16,7.726371160043794,0.4383224790271127
Favorita,mage_placebo,17,8.257905837302498,0.4071797020297237
Favorita,mage_placebo,18,10.961214389495645,0.37912529500601627
Favorita,mage_placebo,19,11.770368855713325,0.3967879995185128
Favorita,mage_placebo,20,7.650071905810892,0.39135988770517427
Favorita,mage_placebo,21,6.941301842355802,0.40920598415393233
Favorita,mage_placebo,22,8.294731520120928,0.413253364735422
Favorita,mage_placebo,23,7.102364636681697,0.4785132752304423
Favorita,mage_placebo,24,8.277003231976916,0.4359848305613294
Favorita,mage_placebo,25,10.554258379128612,0.396986591829098
Favorita,mage_placebo,26,16.33520494759439,0.4244891988566347
Favorita,mage_placebo,27,6.746593873809598,0.4041581079703858
Favorita,mage_placebo,28,5.798890257440795,0.41104754507932667
Favorita,metadata_embedding_tcn,1,8.298414742560299,0.448503107101322
Favorita,metadata_embedding_tcn,2,6.337627598673198,0.3684500561782787
Favorita,metadata_embedding_tcn,3,8.846156314190155,0.3865252053627926
Favorita,metadata_embedding_tcn,4,12.654443502715893,0.39887249040611955
Favorita,metadata_embedding_tcn,5,13.736089894791812,0.45271162686252236
Favorita,metadata_embedding_tcn,6,11.262139105456479,0.4654439018452373
Favorita,metadata_embedding_tcn,7,7.489503740123761,0.40591068991025586
Favorita,metadata_embedding_tcn,8,7.471109005243138,0.37027653333466376
Favorita,metadata_embedding_tcn,9,7.994156616972185,0.4391112245445653
Favorita,metadata_embedding_tcn,10,6.788740892643913,0.3621007128925115
Favorita,metadata_embedding_tcn,11,11.51899982334839,0.4373726760575975
Favorita,metadata_embedding_tcn,12,15.140173881970068,0.4041253161945458
Favorita,metadata_embedding_tcn,13,7.064294874723311,0.39084173190915755
Favorita,metadata_embedding_tcn,14,7.740379022319376,0.49522287623794664
Favorita,metadata_embedding_tcn,15,8.054718495206332,0.466550887763007
Favorita,metadata_embedding_tcn,16,7.436617267370959,0.42565129923986883
Favorita,metadata_embedding_tcn,17,9.132676465864535,0.4500502966608717
Favorita,metadata_embedding_tcn,18,10.023919174038333,0.34808728901066677
Favorita,metadata_embedding_tcn,19,11.816769805752937,0.39859522960067795
Favorita,metadata_embedding_tcn,20,8.046594222423472,0.41217967315222537
Favorita,metadata_embedding_tcn,21,7.864861814291389,0.46464783941041016
Favorita,metadata_embedding_tcn,22,8.41364606609683,0.42035503644175676
Favorita,metadata_embedding_tcn,23,6.773187555280732,0.4559731326211295
Favorita,metadata_embedding_tcn,24,8.411909890377228,0.4423757813582726
Favorita,metadata_embedding_tcn,25,10.311405346671371,0.3912199996874023
Favorita,metadata_embedding_tcn,26,16.32729783413219,0.422034601868932
Favorita,metadata_embedding_tcn,27,7.632276022103097,0.4558796197366822
Favorita,metadata_embedding_tcn,28,7.425530562779786,0.5260982171937809
Favorita,mixlinear,1,7.497962676191035,0.39540718083276116
Favorita,mixlinear,2,6.829218394520843,0.38967659925879283
Favorita,mixlinear,3,9.247117824613312,0.4043727344327977
Favorita,mixlinear,4,14.120393228236539,0.42039101226869835
Favorita,mixlinear,5,14.163219085446109,0.44466510322302555
Favorita,mixlinear,6,11.826203322079445,0.45893763972337737
Favorita,mixlinear,7,6.90003550104153,0.37354767536732136
Favorita,mixlinear,8,8.546791854795114,0.42361751788086094
Favorita,mixlinear,9,7.210495472653412,0.39720420845420473
Favorita,mixlinear,10,6.255393513338066,0.33380290417558434
Favorita,mixlinear,11,9.091661991454936,0.3444722199224081
Favorita,mixlinear,12,18.13358945434476,0.48369271848738055
Favorita,mixlinear,13,6.775054834801474,0.36679344116985885
Favorita,mixlinear,14,6.27106213863985,0.4004674511713684
Favorita,mixlinear,15,7.0122639191003495,0.40287836487166884
Favorita,mixlinear,16,8.36427022513048,0.48031089584308145
Favorita,mixlinear,17,7.389191029542758,0.3648995184393646
Favorita,mixlinear,18,9.233336416291602,0.3174379016187545
Favorita,mixlinear,19,12.167226116892731,0.4077239539250811
Favorita,mixlinear,20,7.617145870202854,0.389887075961148
Favorita,mixlinear,21,7.168498919481113,0.4160137460220956
Favorita,mixlinear,22,8.538333549028561,0.42664635560767966
Favorita,mixlinear,23,7.1210803829593425,0.4804073144588093
Favorita,mixlinear,24,8.576954731381969,0.4573194520806575
Favorita,mixlinear,25,8.558832388748357,0.322838321622153
Favorita,mixlinear,26,18.666658014132654,0.48829665595676897
Favorita,mixlinear,27,7.103741923526481,0.4226253580943145
Favorita,mixlinear,28,5.758930020862156,0.4084408918472893
Favorita,mtgnn_native,1,8.037567808603248,0.44289824690959567
Favorita,mtgnn_native,2,6.305816564258233,0.37458077990278166
Favorita,mtgnn_native,3,8.875292967931355,0.38730346741761373
Favorita,mtgnn_native,4,12.388584002033795,0.40100024429993475
Favorita,mtgnn_native,5,15.154367221551544,0.500366711696851
Favorita,mtgnn_native,6,11.620834068659647,0.4799795263588642
Favorita,mtgnn_native,7,7.84528436632252,0.4245000464535012
Favorita,mtgnn_native,8,7.916429572046539,0.39520066442046287
Favorita,mtgnn_native,9,7.943921885420971,0.43685084686865877
Favorita,mtgnn_native,10,7.350602758031936,0.3940570515469044
Favorita,mtgnn_native,11,11.870038339127728,0.45191730765999366
Favorita,mtgnn_native,12,17.311804441316628,0.4660904295304994
Favorita,mtgnn_native,13,7.805765209862112,0.43853023417558895
Favorita,mtgnn_native,14,7.388005404928584,0.4725026235791581
Favorita,mtgnn_native,15,8.759586836728785,0.5142442720713316
Favorita,mtgnn_native,16,7.613258031617712,0.436926910256748
Favorita,mtgnn_native,17,9.643868389937246,0.4768348006072373
Favorita,mtgnn_native,18,10.923701060406955,0.37946198188687874
Favorita,mtgnn_native,19,13.122497905514857,0.44017932392626186
Favorita,mtgnn_native,20,8.724459021198161,0.4477691020073899
Favorita,mtgnn_native,21,7.841293226399769,0.4693818764003807
Favorita,mtgnn_native,22,8.1729503441556,0.40777307843634086
Favorita,mtgnn_native,23,7.2066152399796755,0.4850972522254842
Favorita,mtgnn_native,24,8.697068685955472,0.457208641844662
Favorita,mtgnn_native,25,10.529918980414486,0.3980618629368872
Favorita,mtgnn_native,26,15.681510404304223,0.40832415215082696
Favorita,mtgnn_native,27,7.57034153121489,0.4525965134836016
Favorita,mtgnn_native,28,7.121612898803052,0.5108278633651079
Favorita,mtgnn_no_graph,1,7.245702023431658,0.39215978933999474
Favorita,mtgnn_no_graph,2,6.137116951081488,0.3595851835666954
Favorita,mtgnn_no_graph,3,8.888249515521306,0.3876929779440396
Favorita,mtgnn_no_graph,4,11.251221807337837,0.35378763541401737
Favorita,mtgnn_no_graph,5,12.561301127039355,0.4160547225234097
Favorita,mtgnn_no_graph,6,12.50909414742786,0.5208474945271786
Favorita,mtgnn_no_graph,7,7.519527563839047,0.4069929977792892
Favorita,mtgnn_no_graph,8,7.4918129705168575,0.373107973263258
Favorita,mtgnn_no_graph,9,7.832411173068816,0.42979802626003016
Favorita,mtgnn_no_graph,10,6.470922516589916,0.3455827247149436
Favorita,mtgnn_no_graph,11,10.474173870480355,0.3984063035188959
Favorita,mtgnn_no_graph,12,15.959663378898009,0.4289850541571738
Favorita,mtgnn_no_graph,13,7.1586067811022565,0.39747544481458563
Favorita,mtgnn_no_graph,14,7.03685067816649,0.4506287998513405
Favorita,mtgnn_no_graph,15,8.451842176767043,0.4880070037066242
Favorita,mtgnn_no_graph,16,7.484087174882491,0.42841464473181495
Favorita,mtgnn_no_graph,17,8.911931152558989,0.4351937059178356
Favorita,mtgnn_no_graph,18,12.186288994421929,0.4254880269875952
Favorita,mtgnn_no_graph,19,12.341391797602913,0.4119774370074978
Favorita,mtgnn_no_graph,20,8.303089668537362,0.4246908286122601
Favorita,mtgnn_no_graph,21,7.221356766698538,0.4266434872594496
Favorita,mtgnn_no_graph,22,8.203090265246084,0.4101719419770612
Favorita,mtgnn_no_graph,23,6.413349980888544,0.4316689546008413
Favorita,mtgnn_no_graph,24,8.149121186652302,0.42800018243233484
Favorita,mtgnn_no_graph,25,10.273571577263468,0.39092531405793474
Favorita,mtgnn_no_graph,26,16.048813841758687,0.41998641860124086
Favorita,mtgnn_no_graph,27,7.0044921132885385,0.4191260552753548
Favorita,mtgnn_no_graph,28,6.606461532616321,0.46931522900242634
Favorita,mtgnn_placebo,1,7.564931898550303,0.41600155971790825
Favorita,mtgnn_placebo,2,7.219229629198894,0.42706483875922774
Favorita,mtgnn_placebo,3,8.893030519576536,0.38750157533386215
Favorita,mtgnn_placebo,4,13.12891894105224,0.4166631802780706
Favorita,mtgnn_placebo,5,15.81699407580826,0.5264796562705953
Favorita,mtgnn_placebo,6,10.823294614710742,0.44387428927154304
Favorita,mtgnn_placebo,7,7.44900075322316,0.4031699090302309
Favorita,mtgnn_placebo,8,8.621833929327535,0.43021301767817266
Favorita,mtgnn_placebo,9,7.652630142718094,0.4173332723180417
Favorita,mtgnn_placebo,10,6.90648783205284,0.3701750496642008
Favorita,mtgnn_placebo,11,11.00272955743619,0.41751679074265025
Favorita,mtgnn_placebo,12,16.964908787470176,0.4531849779646857
Favorita,mtgnn_placebo,13,7.2144029344305585,0.3984203743610411
Favorita,mtgnn_placebo,14,6.653255557443625,0.4246411560317124
Favorita,mtgnn_placebo,15,8.70713854369558,0.5113875823620533
Favorita,mtgnn_placebo,16,7.620068554782573,0.43682200717245134
Favorita,mtgnn_placebo,17,9.599006157699558,0.47698182407128376
Favorita,mtgnn_placebo,18,10.530677012786454,0.3639186006957202
Favorita,mtgnn_placebo,19,13.03077363188804,0.4414643890337111
Favorita,mtgnn_placebo,20,8.250733810405672,0.4237856757359529
Favorita,mtgnn_placebo,21,7.665159309738211,0.46291153364992277
Favorita,mtgnn_placebo,22,7.958997883730465,0.3968200543522694
Favorita,mtgnn_placebo,23,6.788393617761724,0.45706619629345785
Favorita,mtgnn_placebo,24,8.428936735356665,0.44366944566741306
Favorita,mtgnn_placebo,25,9.473162133127083,0.357515896995678
Favorita,mtgnn_placebo,26,15.66085562330705,0.40782132259183046
Favorita,mtgnn_placebo,27,7.065471306434016,0.42180977442881235
Favorita,mtgnn_placebo,28,6.761410741811549,0.48903660418445916
Favorita,nlinear,1,6.752938747258834,0.35796679051162866
Favorita,nlinear,2,7.531548895953613,0.43573262564403414
Favorita,nlinear,3,9.026197505291599,0.3935055781761519
Favorita,nlinear,4,14.691056901290093,0.4396295901594155
Favorita,nlinear,5,15.01350102306884,0.4674655525721197
Favorita,nlinear,6,14.086233394307856,0.5516595250028762
Favorita,nlinear,7,7.444510094251162,0.4034376886221723
Favorita,nlinear,8,7.88703097090309,0.3878608245648667
Favorita,nlinear,9,7.166880618937221,0.3928765970256485
Favorita,nlinear,10,7.831453709249143,0.41573845798983416
Favorita,nlinear,11,10.319364744939922,0.38898601268649025
Favorita,nlinear,12,19.480554354632343,0.5187192251166323
Favorita,nlinear,13,7.581965091934911,0.4133161709426345
Favorita,nlinear,14,6.350044747193654,0.40557281650693544
Favorita,nlinear,15,7.78698759564647,0.4472935371344591
Favorita,nlinear,16,9.656695622831215,0.5581795764111426
Favorita,nlinear,17,9.0843972871333,0.44248912415221814
Favorita,nlinear,18,11.008292394950066,0.3743645215946414
Favorita,nlinear,19,14.577381625587558,0.48665528808454905
Favorita,nlinear,20,8.010461237695482,0.40889382246761136
Favorita,nlinear,21,7.522576208909353,0.441855730378508
Favorita,nlinear,22,8.449254709408608,0.42134590941295275
Favorita,nlinear,23,7.613286255502406,0.5124457053597067
Favorita,nlinear,24,9.111523947303677,0.48360512199233596
Favorita,nlinear,25,9.84643745628404,0.36561840132159296
Favorita,nlinear,26,18.798165341807003,0.49709496277238013
Favorita,nlinear,27,6.599627221219333,0.39450137112053957
Favorita,nlinear,28,5.9610764437619554,0.4204788639131892
Favorita,patchtst,1,8.037768703110423,0.4351637637480079
Favorita,patchtst,2,7.877319475640486,0.4604122687374688
Favorita,patchtst,3,9.221947484730201,0.40212577769689317
Favorita,patchtst,4,14.741227600235996,0.4501351884404672
Favorita,patchtst,5,15.576914038959845,0.4906923400529874
Favorita,patchtst,6,13.349060939142,0.5274382158962967
Favorita,patchtst,7,7.144745718365834,0.3873210473393191
Favorita,patchtst,8,7.191491778875575,0.35752460067029823
Favorita,patchtst,9,8.115303813675304,0.4419207713423329
Favorita,patchtst,10,9.058374082453458,0.4813248631845332
Favorita,patchtst,11,10.904589299949599,0.4123808380876853
Favorita,patchtst,12,17.79248603655968,0.47160528550330305
Favorita,patchtst,13,7.771285166343053,0.42657636497059614
Favorita,patchtst,14,6.966889572621863,0.44545383385092574
Favorita,patchtst,15,8.466302107256135,0.48882207216963924
Favorita,patchtst,16,10.006095875634086,0.5834623916544817
Favorita,patchtst,17,9.253947046141567,0.45776689772294493
Favorita,patchtst,18,11.659598873132541,0.40206245348902137
Favorita,patchtst,19,13.048827629619176,0.4366089233327122
Favorita,patchtst,20,9.042831885042013,0.46181931114721014
Favorita,patchtst,21,7.6409341292984685,0.4497543264349207
Favorita,patchtst,22,10.004185170781465,0.49594464087008244
Favorita,patchtst,23,9.394669601247635,0.6340044864090701
Favorita,patchtst,24,9.492167207046792,0.5027569635307692
Favorita,patchtst,25,10.568453160333044,0.3973621356858328
Favorita,patchtst,26,18.555670621218507,0.49660805175786993
Favorita,patchtst,27,7.591701844077052,0.4543339425392874
Favorita,patchtst,28,6.2105437706282105,0.44186980468239107
Favorita,seasonal_naive,1,9.414815203348795,0.5075746494119614
Favorita,seasonal_naive,2,8.233333128469964,0.4738966523591894
Favorita,seasonal_naive,3,9.166667178825096,0.40150549607046915
Favorita,seasonal_naive,4,11.685186204203852,0.36350864218526807
Favorita,seasonal_naive,5,19.762963762989752,0.6651060223153883
Favorita,seasonal_naive,6,12.314814754768655,0.4791908834669861
Favorita,seasonal_naive,7,8.866667311279862,0.48329719597336984
Favorita,seasonal_naive,8,8.407407087749904,0.41766803517882156
Favorita,seasonal_naive,9,9.362963621704667,0.5154044020658003
Favorita,seasonal_naive,10,7.962962908214993,0.4250510828079
Favorita,seasonal_naive,11,11.144444797657153,0.42165375392952037
Favorita,seasonal_naive,12,17.770372722767018,0.47324861855464145
Favorita,seasonal_naive,13,8.118518068172314,0.4401964060694088
Favorita,seasonal_naive,14,8.72222291275307,0.5574174509999028
Favorita,seasonal_naive,15,8.799999763347484,0.507401919669093
Favorita,seasonal_naive,16,10.459259278685957,0.5956268527325488
Favorita,seasonal_naive,17,9.981481073520802,0.49999344328557777
Favorita,seasonal_naive,18,12.31851845494023,0.42118641464042206
Favorita,seasonal_naive,19,18.98518611236855,0.6705598584262921
Favorita,seasonal_naive,20,9.222222368805497,0.47153844176710874
Favorita,seasonal_naive,21,10.12592596301326,0.5919587919172097
Favorita,seasonal_naive,22,8.703702594615795,0.4339289147808503
Favorita,seasonal_naive,23,8.029630150618376,0.5401416981703431
Favorita,seasonal_naive,24,9.607407296145404,0.5068304932951012
Favorita,seasonal_naive,25,11.722222850940845,0.44351300688801293
Favorita,seasonal_naive,26,23.47778038625364,0.646743366106451
Favorita,seasonal_naive,27,8.203703417601409,0.4890414420632365
Favorita,seasonal_naive,28,8.981481485013608,0.6400596335073089
Favorita,semantic_knn_tcn,1,7.24240214748331,0.39259773609738285
Favorita,semantic_knn_tcn,2,6.711782557264339,0.38907544448453824
Favorita,semantic_knn_tcn,3,8.746276808254144,0.38204860333340596
Favorita,semantic_knn_tcn,4,13.450359126502349,0.4174547693569223
Favorita,semantic_knn_tcn,5,11.819594699309931,0.38467114948860714
Favorita,semantic_knn_tcn,6,11.000941850484153,0.4423283436785644
Favorita,semantic_knn_tcn,7,6.894394441988364,0.37418951200235623
Favorita,semantic_knn_tcn,8,6.951208310831844,0.343177568105733
Favorita,semantic_knn_tcn,9,7.924450099183086,0.4349115504859667
Favorita,semantic_knn_tcn,10,6.643468861456638,0.3550246007150189
Favorita,semantic_knn_tcn,11,9.267895462971042,0.3499268042865063
Favorita,semantic_knn_tcn,12,14.588512937375056,0.3886084395801129
Favorita,semantic_knn_tcn,13,6.392616084585955,0.3461684933912957
Favorita,semantic_knn_tcn,14,7.501944562535227,0.4790540260548883
Favorita,semantic_knn_tcn,15,7.826294357062857,0.454937868649623
Favorita,semantic_knn_tcn,16,7.787658925593636,0.4444132979096391
Favorita,semantic_knn_tcn,17,9.073789312111007,0.44455366900867216
Favorita,semantic_knn_tcn,18,9.726281709895458,0.33326891552801424
Favorita,semantic_knn_tcn,19,11.669514796468947,0.393036320101707
Favorita,semantic_knn_tcn,20,7.671523723162618,0.3931208155950861
Favorita,semantic_knn_tcn,21,7.28103175987432,0.42844118212658583
Favorita,semantic_knn_tcn,22,8.049238431600877,0.40089369946402986
Favorita,semantic_knn_tcn,23,6.49151062325195,0.43704440495405944
Favorita,semantic_knn_tcn,24,8.108016102181542,0.42889977093962867
Favorita,semantic_knn_tcn,25,9.341938543430082,0.3521099868326766
Favorita,semantic_knn_tcn,26,16.97899961280234,0.4437678226883095
Favorita,semantic_knn_tcn,27,7.64632570973517,0.4566564120395541
Favorita,semantic_knn_tcn,28,6.209634821282493,0.44446172739839007
Favorita,semantic_placebo_tcn,1,8.45327497318755,0.4586744338119395
Favorita,semantic_placebo_tcn,2,7.496527045597265,0.43637630086378143
Favorita,semantic_placebo_tcn,3,9.628848660820061,0.42000100823741154
Favorita,semantic_placebo_tcn,4,13.829570448104246,0.42901131134772624
Favorita,semantic_placebo_tcn,5,13.26199957124981,0.4293024540341145
Favorita,semantic_placebo_tcn,6,11.35428068479638,0.4613597513719678
Favorita,semantic_placebo_tcn,7,7.739652476652905,0.4195551652999631
Favorita,semantic_placebo_tcn,8,7.973645766410562,0.3951645014242755
Favorita,semantic_placebo_tcn,9,8.40258342930932,0.4605445743278612
Favorita,semantic_placebo_tcn,10,7.726565441599598,0.4121405100852409
Favorita,semantic_placebo_tcn,11,10.340173230752534,0.39051907241656725
Favorita,semantic_placebo_tcn,12,15.688880003326469,0.4179992321963094
Favorita,semantic_placebo_tcn,13,7.437670123319567,0.4067133212814927
Favorita,semantic_placebo_tcn,14,7.575912837739344,0.4840581823481755
Favorita,semantic_placebo_tcn,15,7.61933052059677,0.44083337352660457
Favorita,semantic_placebo_tcn,16,8.368370435543266,0.47821864268750564
Favorita,semantic_placebo_tcn,17,9.508314672682756,0.46164102191328205
Favorita,semantic_placebo_tcn,18,11.644401802067403,0.40305955648347264
Favorita,semantic_placebo_tcn,19,13.277289586045125,0.4485897823300665
Favorita,semantic_placebo_tcn,20,8.749007255409234,0.4491096728002249
Favorita,semantic_placebo_tcn,21,8.230371930441002,0.48271582435826343
Favorita,semantic_placebo_tcn,22,8.79015378591455,0.4385117379092896
Favorita,semantic_placebo_tcn,23,7.035452432654521,0.4735929132978724
Favorita,semantic_placebo_tcn,24,8.639860567082593,0.45486113359473546
Favorita,semantic_placebo_tcn,25,10.96244543231564,0.41496093132224093
Favorita,semantic_placebo_tcn,26,17.723503006203675,0.4595703949796366
Favorita,semantic_placebo_tcn,27,7.959125371332522,0.47653613573215114
Favorita,semantic_placebo_tcn,28,6.65803377598892,0.47602486987828274
Favorita,tcn_business,1,10.148802309050971,0.5444307309546583
Favorita,tcn_business,2,8.964070710254672,0.517989208746735
Favorita,tcn_business,3,11.33688368824897,0.4950532718665466
Favorita,tcn_business,4,13.943128383453981,0.4402851394876253
Favorita,tcn_business,5,16.973047001052787,0.5545339885403406
Favorita,tcn_business,6,13.817245198970223,0.5931999661937756
Favorita,tcn_business,7,9.036569151981377,0.4899335377214747
Favorita,tcn_business,8,10.970943610719694,0.5469994492922651
Favorita,tcn_business,9,10.427808282239202,0.576246753791526
Favorita,tcn_business,10,10.09247057200582,0.5388384126514401
Favorita,tcn_business,11,13.344820245622117,0.5052306917353598
Favorita,tcn_business,12,18.582096598950432,0.49796601025676535
Favorita,tcn_business,13,10.427516935434607,0.5871316468296209
Favorita,tcn_business,14,9.149623996736828,0.5856273816040695
Favorita,tcn_business,15,10.04525028027502,0.5812596353315651
Favorita,tcn_business,16,7.812785330175618,0.45217342719972997
Favorita,tcn_business,17,11.209134460268197,0.5422752869207641
Favorita,tcn_business,18,14.081328758910114,0.48629321811101434
Favorita,tcn_business,19,15.188066647376543,0.514304154662094
Favorita,tcn_business,20,10.469192927376724,0.5349277284456432
Favorita,tcn_business,21,8.96621794393401,0.5204634365422529
Favorita,tcn_business,22,10.518732613472292,0.5243173492503247
Favorita,tcn_business,23,7.172277232636641,0.48327081683372186
Favorita,tcn_business,24,9.307226528337708,0.4926204836784069
Favorita,tcn_business,25,14.279047225802032,0.5396300793751331
Favorita,tcn_business,26,18.822823874174077,0.5019146205936342
Favorita,tcn_business,27,9.565626201695867,0.5730988473826625
Favorita,tcn_business,28,6.701211330772917,0.47674030029150966
Favorita,tcn_no_graph,1,13.364201484041082,0.7314894556814652
Favorita,tcn_no_graph,2,8.671525844250931,0.5132109101907627
Favorita,tcn_no_graph,3,11.522542659110492,0.5042186583038365
Favorita,tcn_no_graph,4,17.95168146080809,0.5773694395989557
Favorita,tcn_no_graph,5,27.494230164403536,0.9268310731370271
Favorita,tcn_no_graph,6,13.549420841047425,0.5969327596927859
Favorita,tcn_no_graph,7,10.268610946263797,0.5547624263501326
Favorita,tcn_no_graph,8,12.383586045897301,0.6232503191473868
Favorita,tcn_no_graph,9,9.885191538920742,0.5443017040587554
Favorita,tcn_no_graph,10,11.40600344032785,0.6102344479899344
Favorita,tcn_no_graph,11,17.16594802854974,0.6546071552845245
Favorita,tcn_no_graph,12,23.02635465827253,0.6303201621810383
Favorita,tcn_no_graph,13,10.564490613378124,0.5967731585955285
Favorita,tcn_no_graph,14,9.258897467987772,0.5915486869089612
Favorita,tcn_no_graph,15,11.082084843957865,0.6489539153170784
Favorita,tcn_no_graph,16,7.878278820198259,0.4579770272130592
Favorita,tcn_no_graph,17,12.593319789881324,0.6182787248723567
Favorita,tcn_no_graph,18,16.241383186865736,0.5750962528097374
Favorita,tcn_no_graph,19,20.338327831489806,0.6950344527645423
Favorita,tcn_no_graph,20,11.59449412337056,0.5944058451249723
Favorita,tcn_no_graph,21,8.886897349725535,0.5236143050373117
Favorita,tcn_no_graph,22,10.184996974302663,0.5085868288432739
Favorita,tcn_no_graph,23,7.353932319563112,0.4951584495640111
Favorita,tcn_no_graph,24,10.443219808332714,0.5471974739881598
Favorita,tcn_no_graph,25,17.206436145268842,0.6616517047962965
Favorita,tcn_no_graph,26,23.07045334060619,0.5909705711144878
Favorita,tcn_no_graph,27,9.919690844618978,0.5957386664414103
Favorita,tcn_no_graph,28,7.872469364768929,0.5616070055512427
Favorita,tcn_stat_confidence,1,9.316532152877363,0.50817309025657
Favorita,tcn_stat_confidence,2,8.98985086110087,0.5241850728894586
Favorita,tcn_stat_confidence,3,10.307506808243048,0.4507435189229375
Favorita,tcn_stat_confidence,4,14.30774908742787,0.4590501527295135
Favorita,tcn_stat_confidence,5,16.014616663211292,0.5311374944352008
Favorita,tcn_stat_confidence,6,12.256620998193084,0.5259788123828273
Favorita,tcn_stat_confidence,7,9.011777514274474,0.48756769494015856
Favorita,tcn_stat_confidence,8,10.498666226403948,0.5261279656151788
Favorita,tcn_stat_confidence,9,9.468909193005091,0.5256605991078752
Favorita,tcn_stat_confidence,10,9.117873629522911,0.48854459068371575
Favorita,tcn_stat_confidence,11,12.687000599503516,0.48079951639109086
Favorita,tcn_stat_confidence,12,17.347238058550857,0.46327755099443624
Favorita,tcn_stat_confidence,13,9.26018153620355,0.5218917082463804
Favorita,tcn_stat_confidence,14,8.49034603803798,0.5427518028351282
Favorita,tcn_stat_confidence,15,9.925881751819894,0.5786265867677574
Favorita,tcn_stat_confidence,16,7.390002602210014,0.4222258815617979
Favorita,tcn_stat_confidence,17,11.197284179870728,0.5556592749553596
Favorita,tcn_stat_confidence,18,12.56388125213576,0.43435666002773066
Favorita,tcn_stat_confidence,19,14.942733124928711,0.5123621058270013
Favorita,tcn_stat_confidence,20,9.960888400269145,0.5108352156581452
Favorita,tcn_stat_confidence,21,8.881247718061932,0.5188409485666878
Favorita,tcn_stat_confidence,22,9.371639750640334,0.46812937610043587
Favorita,tcn_stat_confidence,23,7.000899997096003,0.471405704005166
Favorita,tcn_stat_confidence,24,9.19218831382416,0.4836634647178919
Favorita,tcn_stat_confidence,25,12.395707442123948,0.46886871619625825
Favorita,tcn_stat_confidence,26,18.447776478712942,0.4853670343718162
Favorita,tcn_stat_confidence,27,8.85388947011512,0.5299084044191086
Favorita,tcn_stat_confidence,28,6.199471274717355,0.44499851482371117
Favorita,tcn_stat_equal,1,9.22111578349622,0.5032025827918213
Favorita,tcn_stat_equal,2,8.7195476765158,0.5097604272152882
Favorita,tcn_stat_equal,3,10.353614609762106,0.452758894966865
Favorita,tcn_stat_equal,4,13.920777599771082,0.44588684394766087
Favorita,tcn_stat_equal,5,15.66411481903475,0.5192459664820639
Favorita,tcn_stat_equal,6,12.367099089810143,0.5317381549537672
Favorita,tcn_stat_equal,7,8.994988506839231,0.48665585141529744
Favorita,tcn_stat_equal,8,10.333612292471491,0.5174049922083529
Favorita,tcn_stat_equal,9,9.291963075515296,0.5148548192535392
Favorita,tcn_stat_equal,10,8.895985311453725,0.47620436666644156
Favorita,tcn_stat_equal,11,12.720751934158212,0.48211035936300767
Favorita,tcn_stat_equal,12,17.552762878161886,0.4692678085928876
Favorita,tcn_stat_equal,13,9.010340472227998,0.5058551627813132
Favorita,tcn_stat_equal,14,8.578574163199942,0.548556151867233
Favorita,tcn_stat_equal,15,9.960229419889274,0.5800513821449419
Favorita,tcn_stat_equal,16,7.457863021412014,0.42445210046182924
Favorita,tcn_stat_equal,17,11.168057061106333,0.5527450623460612
Favorita,tcn_stat_equal,18,12.58769615954823,0.43474459225729745
Favorita,tcn_stat_equal,19,14.385200266098533,0.4941506952243282
Favorita,tcn_stat_equal,20,9.922321694960566,0.5088745494329543
Favorita,tcn_stat_equal,21,8.807861081262429,0.5151795624768504
Favorita,tcn_stat_equal,22,9.191236341588292,0.4589123608426385
Favorita,tcn_stat_equal,23,6.982991420413241,0.470091028438107
Favorita,tcn_stat_equal,24,9.06860210345483,0.47746536478276597
Favorita,tcn_stat_equal,25,12.159967947484535,0.4593879797231821
Favorita,tcn_stat_equal,26,18.16509775004269,0.4791233390948725
Favorita,tcn_stat_equal,27,8.86971373523091,0.5309010131621691
Favorita,tcn_stat_equal,28,6.222891331565233,0.445233918029337
Favorita,tcn_stat_placebo,1,10.106667335837344,0.5531038555344593
Favorita,tcn_stat_placebo,2,8.846074583169855,0.5179882238779547
Favorita,tcn_stat_placebo,3,10.666951028064446,0.46691552855712654
Favorita,tcn_stat_placebo,4,14.069525104788717,0.4554418255796348
Favorita,tcn_stat_placebo,5,17.31697548405256,0.5765361080047042
Favorita,tcn_stat_placebo,6,12.423740119339875,0.530265151419542
Favorita,tcn_stat_placebo,7,8.896108236384613,0.48225931618270323
Favorita,tcn_stat_placebo,8,10.854259086703813,0.5423246050210889
Favorita,tcn_stat_placebo,9,9.803396508971481,0.5392124597151214
Favorita,tcn_stat_placebo,10,9.540381601048104,0.51111959017009
Favorita,tcn_stat_placebo,11,13.34089054080807,0.5052529104836431
Favorita,tcn_stat_placebo,12,18.270684047871168,0.4860234576470994
Favorita,tcn_stat_placebo,13,9.488527025153608,0.5266535720136118
Favorita,tcn_stat_placebo,14,8.880637829116097,0.5669511835219238
Favorita,tcn_stat_placebo,15,9.64942035332874,0.5603539538180912
Favorita,tcn_stat_placebo,16,8.15720686585079,0.46936757862265654
Favorita,tcn_stat_placebo,17,11.173266791046402,0.5455250549691096
Favorita,tcn_stat_placebo,18,14.259301885337006,0.49105433956665995
Favorita,tcn_stat_placebo,19,15.315497354850358,0.5231153371648412
Favorita,tcn_stat_placebo,20,10.212433224934854,0.5238467128934844
Favorita,tcn_stat_placebo,21,8.957358163898741,0.5273298974356432
Favorita,tcn_stat_placebo,22,9.941344171964827,0.4949583929238912
Favorita,tcn_stat_placebo,23,7.257530129250185,0.48909107195258705
Favorita,tcn_stat_placebo,24,9.338731850518121,0.4936560727938449
Favorita,tcn_stat_placebo,25,13.145304408816644,0.49606269530823155
Favorita,tcn_stat_placebo,26,18.950552317224165,0.5058327391525143
Favorita,tcn_stat_placebo,27,8.784065151564132,0.5229881237457551
Favorita,tcn_stat_placebo,28,6.631419385932846,0.47762130616749293
Favorita,tcn_target_only,1,7.599552880107988,0.4055747788959024
Favorita,tcn_target_only,2,8.249942700325708,0.472615643707232
Favorita,tcn_target_only,3,10.20157650494833,0.4442902400197433
Favorita,tcn_target_only,4,15.074051430876608,0.4707366019507272
Favorita,tcn_target_only,5,13.077831233927498,0.4264216447231306
Favorita,tcn_target_only,6,12.173032075838174,0.4690909390995106
Favorita,tcn_target_only,7,7.394967895194337,0.4001701275466985
Favorita,tcn_target_only,8,7.515425561901964,0.3724069416486698
Favorita,tcn_target_only,9,8.236721086686039,0.4521419688893207
Favorita,tcn_target_only,10,6.689616834583841,0.3576703787257536
Favorita,tcn_target_only,11,11.378339598318677,0.4315452812575552
Favorita,tcn_target_only,12,16.10377871359204,0.42516079706317383
Favorita,tcn_target_only,13,6.993393116563926,0.3790724431307668
Favorita,tcn_target_only,14,6.378359465172261,0.40649193150574636
Favorita,tcn_target_only,15,7.822855922800524,0.45477047618987043
Favorita,tcn_target_only,16,8.570151842192367,0.48458598684490667
Favorita,tcn_target_only,17,9.140331842354787,0.4463281645677951
Favorita,tcn_target_only,18,9.55506239945506,0.32651455595652823
Favorita,tcn_target_only,19,13.29109134607845,0.45662232193799124
Favorita,tcn_target_only,20,8.264632151671398,0.42370979225249567
Favorita,tcn_target_only,21,7.284948653976122,0.4243451835331577
Favorita,tcn_target_only,22,8.065653475879888,0.40190913506646103
Favorita,tcn_target_only,23,6.666449752928298,0.44873574974356767
Favorita,tcn_target_only,24,8.132535399183816,0.42922723491314535
Favorita,tcn_target_only,25,10.489683112538891,0.39412211047432444
Favorita,tcn_target_only,26,18.458847036056312,0.48752197111176176
Favorita,tcn_target_only,27,6.751149145357403,0.4018266288035094
Favorita,tcn_target_only,28,5.744000376190668,0.41086396427466165
Favorita,timemixerpp,1,7.8660148228760125,0.4222962580713532
Favorita,timemixerpp,2,6.6298955976595115,0.3834674487147185
Favorita,timemixerpp,3,8.857253990533913,0.38576546617660945
Favorita,timemixerpp,4,14.256951134891052,0.43206795490447164
Favorita,timemixerpp,5,13.029411255375102,0.4171748305925404
Favorita,timemixerpp,6,12.368527481962502,0.4878588206364024
Favorita,timemixerpp,7,6.885244625494068,0.3732929019103924
Favorita,timemixerpp,8,6.710526421316612,0.3315820378296356
Favorita,timemixerpp,9,7.831149382916866,0.43120778905427065
Favorita,timemixerpp,10,6.167919759443144,0.3298027906151434
Favorita,timemixerpp,11,9.348363892384517,0.35340748850039555
Favorita,timemixerpp,12,14.96849086025247,0.39739967356503964
Favorita,timemixerpp,13,6.8787286213886585,0.37958453783424706
Favorita,timemixerpp,14,6.592507888818229,0.42127826255281026
Favorita,timemixerpp,15,7.511685507349025,0.43572345797967826
Favorita,timemixerpp,16,7.984456881172495,0.45443235836973855
Favorita,timemixerpp,17,8.356225056054049,0.41095862388938104
Favorita,timemixerpp,18,9.74809563829575,0.3327353967383863
Favorita,timemixerpp,19,11.063537609797937,0.3704279633229503
Favorita,timemixerpp,20,7.526240719726057,0.3847104179388957
Favorita,timemixerpp,21,7.137421548256167,0.4173292068576842
Favorita,timemixerpp,22,7.86434921114533,0.3919612771509109
Favorita,timemixerpp,23,6.921957270782671,0.4659043937397765
Favorita,timemixerpp,24,7.856547623394448,0.41583817268541806
Favorita,timemixerpp,25,9.346788619366693,0.35239231482533256
Favorita,timemixerpp,26,17.263224514647398,0.4509567489578987
Favorita,timemixerpp,27,7.111035344961248,0.42463594385476855
Favorita,timemixerpp,28,6.191217215782331,0.4400028113110779
M5,dlinear,1,1.7717164034828727,0.6575149053078344
M5,dlinear,2,1.2731232306471578,0.6046227828697224
M5,dlinear,3,1.440106534479577,0.655121453402426
M5,dlinear,4,2.625569803479277,0.7346198551633127
M5,dlinear,5,3.070268813824212,0.7354782630474916
M5,dlinear,6,4.157346677228257,0.7165051189173482
M5,dlinear,7,3.1367704803560987,0.7048513650520878
M5,dlinear,8,2.202379562567782,0.7473827919434143
M5,dlinear,9,2.1143480311389324,0.8301534931585419
M5,dlinear,10,2.247924244587804,0.8074540192064559
M5,dlinear,11,2.4334046916461287,0.9167245162249567
M5,dlinear,12,3.1043576889199973,0.7448128242838926
M5,dlinear,13,4.191958128817287,0.7881540831591748
M5,dlinear,14,3.475171337819394,0.7521173415467766
M5,dlinear,15,3.183971718156043,0.8289545651724134
M5,dlinear,16,2.6874849638821168,0.7763935949789752
M5,dlinear,17,2.788105530209011,0.864583573829556
M5,dlinear,18,3.2541631097778865,0.9411600038575312
M5,dlinear,19,3.822365818384253,0.818002482697526
M5,dlinear,20,4.522781497975926,0.9035768955094969
M5,dlinear,21,4.196524485393807,0.9941927259894435
M5,dlinear,22,3.44581090958766,1.0038782588740593
M5,dlinear,23,2.815163642940698,0.8990823220790602
M5,dlinear,24,2.8642453887212422,0.8960221777520717
M5,dlinear,25,3.5189231229049187,0.8648421649726747
M5,dlinear,26,3.7600163883265156,0.9853771387360065
M5,dlinear,27,4.335293481526552,0.8675126232686637
M5,dlinear,28,3.7109798169430395,1.0711255363597643
M5,global_lightgbm,1,2.418456421958076,0.9866822131019796
M5,global_lightgbm,2,1.9234410744022439,1.0050088070222667
M5,global_lightgbm,3,2.3197911659876507,1.1552100458724208
M5,global_lightgbm,4,3.4009923007753162,1.1700414900989426
M5,global_lightgbm,5,4.107776518662771,1.2463347050902212
M5,global_lightgbm,6,5.2081081328568635,1.2357639597242958
M5,global_lightgbm,7,4.250087902722535,1.2325602646310463
M5,global_lightgbm,8,2.7441422210799327,1.0049051348772724
M5,global_lightgbm,9,2.684894812107086,1.3319169388330583
M5,global_lightgbm,10,2.412942225403256,1.0190576832514402
M5,global_lightgbm,11,2.9136719995074802,1.3906630226324215
M5,global_lightgbm,12,3.4385471962116383,1.08711136592191
M5,global_lightgbm,13,5.051234347731978,1.4404737698389924
M5,global_lightgbm,14,3.8592913345054343,1.1036655283375387
M5,global_lightgbm,15,3.3355005092091026,1.0414118410000672
M5,global_lightgbm,16,3.1679842043806006,1.0299787703973753
M5,global_lightgbm,17,3.344252885271002,1.205615635562822
M5,global_lightgbm,18,3.9181564629077914,1.3162914370940524
M5,global_lightgbm,19,4.541643591280337,0.6407211186304411
M5,global_lightgbm,20,5.1781969591423325,1.5566868095888056
M5,global_lightgbm,21,4.872630633248224,1.4902392152824717
M5,global_lightgbm,22,3.7966098343884505,1.358479736493483
M5,global_lightgbm,23,2.9258905242990565,1.2178495897112322
M5,global_lightgbm,24,3.0750087839585767,1.0245857149538284
M5,global_lightgbm,25,3.9810430588545622,1.0190805456853307
M5,global_lightgbm,26,4.558698530550356,1.7530012434708524
M5,global_lightgbm,27,4.894515455210651,1.3874192363713067
M5,global_lightgbm,28,3.957602289429417,1.3851975363526667
M5,gts_native,1,2.3645271473449228,0.8537919694911849
M5,gts_native,2,1.8768932296882994,0.8700787667728587
M5,gts_native,3,2.0632124406722503,0.9141575675533262
M5,gts_native,4,3.2223076342283115,0.8903534509024422
M5,gts_native,5,3.7256577759199305,0.8921421312800799
M5,gts_native,6,5.258410868525001,0.890726459546938
M5,gts_native,7,4.107730225466743,0.8899605593915951
M5,gts_native,8,2.5816603982430184,0.8747173162615033
M5,gts_native,9,2.4991929897923533,1.0103082371011647
M5,gts_native,10,2.6101598233904366,0.9529574168938486
M5,gts_native,11,2.667305088595108,1.0626321987517997
M5,gts_native,12,3.6162524895811523,0.8667453048743026
M5,gts_native,13,4.803324685475709,0.9109489290294628
M5,gts_native,14,3.8949903538565582,0.854994682545868
M5,gts_native,15,3.3499257765618373,0.909235534641396
M5,gts_native,16,2.994927657202438,0.8622411331689398
M5,gts_native,17,2.7765910326882643,0.8720253846579398
M5,gts_native,18,3.321397687126825,0.9669963631240996
M5,gts_native,19,3.9238060137739885,0.8553769350895143
M5,gts_native,20,4.6795923620278455,0.8946438319670358
M5,gts_native,21,4.302752010689841,0.9597464698783408
M5,gts_native,22,3.473231198500704,0.9805325402941685
M5,gts_native,23,2.8633054004775156,0.9472871322012577
M5,gts_native,24,2.8613701567605694,0.90375259587591
M5,gts_native,25,3.608292856205393,0.9025385083849097
M5,gts_native,26,3.8677315320865606,0.9898053080895123
M5,gts_native,27,4.706420152827545,0.9385144751796162
M5,gts_native,28,3.78994214773914,0.9482981341795509
M5,gts_no_graph,1,1.866161928815662,0.6879666867790499
M5,gts_no_graph,2,1.257201990837743,0.6079573006364166
M5,gts_no_graph,3,1.416724367271879,0.647104757334606
M5,gts_no_graph,4,2.6348462123285845,0.7195468700252766
M5,gts_no_graph,5,3.1759816577583324,0.7655754347691267
M5,gts_no_graph,6,4.52863597103889,0.7504608247255339
M5,gts_no_graph,7,3.4626734146813827,0.7388770221481786
M5,gts_no_graph,8,2.1713966153682076,0.7286604939701401
M5,gts_no_graph,9,2.148733102861378,0.8718111893869764
M5,gts_no_graph,10,2.249228154619535,0.8083136338700573
M5,gts_no_graph,11,2.1563951275046964,0.8781093896235662
M5,gts_no_graph,12,3.028823535273105,0.7282219299325968
M5,gts_no_graph,13,4.253908876578013,0.78053071993519
M5,gts_no_graph,14,3.286336821060122,0.716473689594735
M5,gts_no_graph,15,2.809636349969164,0.7600272279995806
M5,gts_no_graph,16,2.5126659812313723,0.7203808928217649
M5,gts_no_graph,17,2.3429270182598243,0.7307794566335125
M5,gts_no_graph,18,2.836303158711504,0.8353637262413747
M5,gts_no_graph,19,3.4631479202321285,0.747351702060364
M5,gts_no_graph,20,4.131101336320977,0.7646437688712155
M5,gts_no_graph,21,3.7863178430332076,0.8199731406330107
M5,gts_no_graph,22,3.059334697712351,0.8634772573873378
M5,gts_no_graph,23,2.455816955036587,0.8168493074430027
M5,gts_no_graph,24,2.462564156618383,0.7803891948897199
M5,gts_no_graph,25,3.206687587002913,0.8083711936960363
M5,gts_no_graph,26,3.4044855831397904,0.8727497097471434
M5,gts_no_graph,27,4.209461747772163,0.8474547579224185
M5,gts_no_graph,28,3.322574156909077,0.8169664498230816
M5,gts_placebo,1,2.057467307867827,0.7483713475537225
M5,gts_placebo,2,1.5234297381335997,0.7045347086603816
M5,gts_placebo,3,1.7561712113473518,0.7638781165135584
M5,gts_placebo,4,2.9687950163447288,0.7949363931736416
M5,gts_placebo,5,3.4521267213455524,0.7900663717725875
M5,gts_placebo,6,4.895127404582785,0.7913927063388377
M5,gts_placebo,7,3.8214199053997424,0.7946575959633855
M5,gts_placebo,8,2.352705286443234,0.7866220030615094
M5,gts_placebo,9,2.2273389365754013,0.846743885163087
M5,gts_placebo,10,2.3907294636661254,0.8377504344421236
M5,gts_placebo,11,2.4227628283754545,0.9054482284147064
M5,gts_placebo,12,3.405073814995495,0.7997708404378445
M5,gts_placebo,13,4.605452733551278,0.8481366054867804
M5,gts_placebo,14,3.674821702528883,0.792584769116495
M5,gts_placebo,15,3.099773558974266,0.8036660414824097
M5,gts_placebo,16,2.786174439123751,0.7910989294167612
M5,gts_placebo,17,2.6737031424303113,0.8329967049637603
M5,gts_placebo,18,3.1365941716840973,0.8940244331680884
M5,gts_placebo,19,3.6677053380895543,0.8357805478383721
M5,gts_placebo,20,4.489364292086274,0.8347330479175169
M5,gts_placebo,21,4.050837778621986,0.8488564502944862
M5,gts_placebo,22,3.289197347211985,0.8921122055468833
M5,gts_placebo,23,2.7306913410807834,0.8826481485570851
M5,gts_placebo,24,2.712369176754613,0.8455021821913229
M5,gts_placebo,25,3.524744321203526,0.8814443107674573
M5,gts_placebo,26,3.7797219191712363,0.9397167701823924
M5,gts_placebo,27,4.552217916500421,0.8948264072893924
M5,gts_placebo,28,3.592060882055465,0.8577955258706496
M5,itransformer,1,2.126074941907032,0.748588172096945
M5,itransformer,2,1.6852755642599528,0.7584551661245413
M5,itransformer,3,1.8295225626524585,0.7679169600696188
M5,itransformer,4,3.2703488387903317,0.8931998314996823
M5,itransformer,5,3.6779177085370014,0.8522401743120137
M5,itransformer,6,4.8169512655402045,0.8232159064821665
M5,itransformer,7,3.8335110765870337,0.8268077259275893
M5,itransformer,8,2.5868733304610223,0.8758563770145025
M5,itransformer,9,2.291045211899428,0.8639205509896697
M5,itransformer,10,2.531443951009876,0.877814399006168
M5,itransformer,11,2.4810487719896583,0.8984147768412232
M5,itransformer,12,3.6945571816261906,0.8704043089309644
M5,itransformer,13,4.732110699367376,0.8807605664152138
M5,itransformer,14,3.9248825538259595,0.8436333193692306
M5,itransformer,15,3.4350970697715693,0.8746096441956355
M5,itransformer,16,3.030071991130158,0.8505657299884821
M5,itransformer,17,2.759280049478934,0.8494212635912224
M5,itransformer,18,3.272246739489061,0.9372693731078683
M5,itransformer,19,3.9369097473260797,0.832692036297915
M5,itransformer,20,4.479581028995691,0.8487394189525319
M5,itransformer,21,4.166964345213808,0.9473176566677962
M5,itransformer,22,3.357364011105196,0.9728282834211005
M5,itransformer,23,2.787528913072598,0.9077683485695073
M5,itransformer,24,2.862209627584175,0.8920341406784179
M5,itransformer,25,3.5233694274300413,0.8617200185661187
M5,itransformer,26,3.7689428051496727,0.9675643437958494
M5,itransformer,27,4.381215725084882,0.8758215681434678
M5,itransformer,28,3.5753937104969844,0.9428910283687458
M5,mage_native,1,1.7978637890016407,0.6711893557635956
M5,mage_native,2,1.376463385902483,0.6533313894493769
M5,mage_native,3,1.609402830133295,0.7070325808336044
M5,mage_native,4,2.5445056174571317,0.7060441586862872
M5,mage_native,5,3.0961297732450204,0.7514786493697052
M5,mage_native,6,4.101154627314952,0.7436226182306297
M5,mage_native,7,3.439351016373455,0.7654448903790576
M5,mage_native,8,2.1060775610241738,0.710253804771106
M5,mage_native,9,2.1561691696477663,0.8886045013099538
M5,mage_native,10,2.3046447371866376,0.8071006264847842
M5,mage_native,11,2.224636841997688,0.8463189937356344
M5,mage_native,12,3.2887054288715816,0.8098981873011959
M5,mage_native,13,4.033801933425553,0.7570745972345765
M5,mage_native,14,3.4708425412466175,0.7719641551166626
M5,mage_native,15,2.9413473570748105,0.7689073529393772
M5,mage_native,16,2.477328921196821,0.6906997857791226
M5,mage_native,17,2.427884459738723,0.7458267466639399
M5,mage_native,18,2.8518116431230287,0.8391252776967927
M5,mage_native,19,3.314001164581615,0.6635376214871299
M5,mage_native,20,4.075466839906208,0.8383516580181359
M5,mage_native,21,3.6161184098438772,0.837840361577893
M5,mage_native,22,3.187400759899138,0.9314681628133263
M5,mage_native,23,2.4720554308845077,0.7927957104579746
M5,mage_native,24,2.4875175210283667,0.7762708706948457
M5,mage_native,25,3.0393657107671137,0.7555746200205119
M5,mage_native,26,3.523974306434163,0.9651527987179078
M5,mage_native,27,3.936965943051123,0.8037869266919827
M5,mage_native,28,3.374136089561162,0.9643172230491085
M5,mage_no_graph,1,1.8310999076528889,0.6747640582532125
M5,mage_no_graph,2,1.358783303967815,0.6380558807509252
M5,mage_no_graph,3,1.6525203310077532,0.6936330388977389
M5,mage_no_graph,4,2.6557164423651334,0.727485203063646
M5,mage_no_graph,5,3.239758918746206,0.7707564472986568
M5,mage_no_graph,6,4.277036668477942,0.7639529062107842
M5,mage_no_graph,7,3.5996472013470378,0.7866447286676599
M5,mage_no_graph,8,2.1930268601682554,0.7393206036349184
M5,mage_no_graph,9,2.196299035433697,0.8899777024669068
M5,mage_no_graph,10,2.3507044414334275,0.8271749048519611
M5,mage_no_graph,11,2.252658770552744,0.8843520665065183
M5,mage_no_graph,12,3.4091017994109865,0.8180799505643158
M5,mage_no_graph,13,4.125715908455306,0.7871990817300066
M5,mage_no_graph,14,3.4870082966684373,0.7560627766064144
M5,mage_no_graph,15,2.9210031265001977,0.76194493538393
M5,mage_no_graph,16,2.607664246004029,0.7373692650196616
M5,mage_no_graph,17,2.5927489629148273,0.7982703810149423
M5,mage_no_graph,18,3.0361495625893125,0.8906842730485347
M5,mage_no_graph,19,3.436642661053949,0.7082846571728211
M5,mage_no_graph,20,4.202479526139566,0.8661700598991892
M5,mage_no_graph,21,3.7238475743284516,0.8762919006342687
M5,mage_no_graph,22,3.427110414517063,1.022325496013227
M5,mage_no_graph,23,2.5997112447502277,0.8682028981676781
M5,mage_no_graph,24,2.6465754869205367,0.8335878013625423
M5,mage_no_graph,25,3.261779220021088,0.8164371605481767
M5,mage_no_graph,26,3.70873261222222,1.0321929377964614
M5,mage_no_graph,27,4.153697496055867,0.8768689340139239
M5,mage_no_graph,28,3.6074779048182624,1.0337037317973226
M5,mage_placebo,1,1.7701750559743816,0.6647096626044937
M5,mage_placebo,2,1.3520631690256666,0.6460426161932465
M5,mage_placebo,3,1.552814177671206,0.6894146054483131
M5,mage_placebo,4,2.4670115716953145,0.6897590512612428
M5,mage_placebo,5,3.007854810680182,0.7346404548097856
M5,mage_placebo,6,3.9459613520567256,0.7228993097862664
M5,mage_placebo,7,3.378607996770563,0.7535958506747276
M5,mage_placebo,8,2.0693348913263807,0.69887008552774
M5,mage_placebo,9,2.1011311870871,0.8707981539939316
M5,mage_placebo,10,2.2634625918132016,0.7963660269031397
M5,mage_placebo,11,2.1994337785164797,0.8404459861558459
M5,mage_placebo,12,3.2520039253728035,0.8052790679044203
M5,mage_placebo,13,3.9650891902916174,0.7481597415428557
M5,mage_placebo,14,3.4127628724125247,0.7621415029276799
M5,mage_placebo,15,2.895621250538776,0.7591006326817419
M5,mage_placebo,16,2.45951734844079,0.6866606464229189
M5,mage_placebo,17,2.404516067990263,0.7395315916125077
M5,mage_placebo,18,2.8425720990552095,0.8382927033302375
M5,mage_placebo,19,3.3328156031889518,0.6647994531479009
M5,mage_placebo,20,4.091397958516753,0.8444835680978247
M5,mage_placebo,21,3.5829055777193264,0.8313217066884362
M5,mage_placebo,22,3.180695037998512,0.9342926601612379
M5,mage_placebo,23,2.45165194301912,0.7873914246765564
M5,mage_placebo,24,2.4732966658247517,0.7721737812713354
M5,mage_placebo,25,3.0290271715364523,0.7532145031037571
M5,mage_placebo,26,3.5203068072457415,0.9736367177929489
M5,mage_placebo,27,3.8953677493756933,0.795587430542515
M5,mage_placebo,28,3.389187781984722,0.97250606405705
M5,metadata_embedding_tcn,1,1.5932929151955948,0.6270486982232004
M5,metadata_embedding_tcn,2,1.2879806275261039,0.6199274231857016
M5,metadata_embedding_tcn,3,1.3987990821309295,0.6311602199891293
M5,metadata_embedding_tcn,4,2.4497916583109784,0.6841569628087032
M5,metadata_embedding_tcn,5,2.929122969949687,0.741784852245339
M5,metadata_embedding_tcn,6,4.135016645343951,0.7347405107465116
M5,metadata_embedding_tcn,7,3.2766332110872978,0.7349254681534012
M5,metadata_embedding_tcn,8,2.047469801851261,0.6918506453158253
M5,metadata_embedding_tcn,9,2.072919832593129,0.8490934403168509
M5,metadata_embedding_tcn,10,2.072125275525046,0.7517134948561179
M5,metadata_embedding_tcn,11,2.0367970240704807,0.8379926166965848
M5,metadata_embedding_tcn,12,2.735357557733854,0.6708305874859265
M5,metadata_embedding_tcn,13,3.813474833799733,0.7396383565984841
M5,metadata_embedding_tcn,14,3.178304786354671,0.7207327947057122
M5,metadata_embedding_tcn,15,2.769534578864221,0.7429367917025266
M5,metadata_embedding_tcn,16,2.530725683492643,0.726123883702815
M5,metadata_embedding_tcn,17,2.327104416324033,0.737041424961367
M5,metadata_embedding_tcn,18,2.8908339848121005,0.8567795116226868
M5,metadata_embedding_tcn,19,3.2526587688076645,0.6996442946763808
M5,metadata_embedding_tcn,20,3.895051325176969,0.7651892516505162
M5,metadata_embedding_tcn,21,3.607208643007426,0.8213980592387468
M5,metadata_embedding_tcn,22,3.050052972469065,0.8463658931967852
M5,metadata_embedding_tcn,23,2.3976105616968355,0.7891212693327341
M5,metadata_embedding_tcn,24,2.4615024532064975,0.7798547685887391
M5,metadata_embedding_tcn,25,3.135222505198585,0.7916898468004866
M5,metadata_embedding_tcn,26,3.1918995930640786,0.8401841755199942
M5,metadata_embedding_tcn,27,3.9259496231505904,0.7993849220862347
M5,metadata_embedding_tcn,28,3.2774986732521176,0.8286836215435399
M5,mixlinear,1,2.358284944930562,0.9347150060949859
M5,mixlinear,2,1.8973254549190588,0.9562944799890174
M5,mixlinear,3,2.1504885728988383,0.995417779783106
M5,mixlinear,4,3.171393279952032,0.9302346139156126
M5,mixlinear,5,3.4459944718505864,0.8537463093676579
M5,mixlinear,6,4.743899875860891,0.8323622640793258
M5,mixlinear,7,3.6701785258672857,0.8334609649701605
M5,mixlinear,8,2.3856260743774014,0.8239387265873834
M5,mixlinear,9,2.290499943421211,0.9343487987050774
M5,mixlinear,10,2.596025562396756,0.9490689414323461
M5,mixlinear,11,2.504276218384872,0.9944802050144931
M5,mixlinear,12,3.527209921236391,0.8729169690517238
M5,mixlinear,13,4.722342428454646,0.9345751881595198
M5,mixlinear,14,3.816055341414464,0.8547032070984668
M5,mixlinear,15,3.6742961579634823,1.0772849577644583
M5,mixlinear,16,3.188205937102989,0.9806005659751776
M5,mixlinear,17,3.060500152795403,1.0148311199971478
M5,mixlinear,18,3.4261933545639485,1.0356283114052356
M5,mixlinear,19,3.8150779608591106,0.8133785905954309
M5,mixlinear,20,4.592862629743269,0.9469265077073232
M5,mixlinear,21,4.158745045720796,0.9740515512952409
M5,mixlinear,22,3.3523688119134785,0.9843307148113216
M5,mixlinear,23,2.8425266805622313,0.9511714498769757
M5,mixlinear,24,2.8094410208272347,0.8891095461115539
M5,mixlinear,25,3.6154788641650004,0.8985991836465773
M5,mixlinear,26,3.7030707665063716,0.9551084547302096
M5,mixlinear,27,4.471439681965628,0.9314984305763573
M5,mixlinear,28,3.5756593499654605,0.9411063659026091
M5,mtgnn_native,1,1.6757721351292902,0.6628125502390149
M5,mtgnn_native,2,1.3439284524178983,0.667904381653625
M5,mtgnn_native,3,1.5187941652515695,0.7114275845402254
M5,mtgnn_native,4,2.5507618399714924,0.7621566355286201
M5,mtgnn_native,5,3.123534283655937,0.8247298299406645
M5,mtgnn_native,6,4.146950870707637,0.8519718383684184
M5,mtgnn_native,7,3.374182696220695,0.8140791674374391
M5,mtgnn_native,8,2.207671449356425,0.7769411574522234
M5,mtgnn_native,9,2.0404103286278343,0.8698628586577313
M5,mtgnn_native,10,2.114790742626891,0.8092467739975002
M5,mtgnn_native,11,2.2632757328332826,0.9859399019181085
M5,mtgnn_native,12,3.133530677227234,0.8779043713629572
M5,mtgnn_native,13,4.24309199143684,0.9174670413298303
M5,mtgnn_native,14,3.1509236311982676,0.7422096471256192
M5,mtgnn_native,15,2.9495456818823937,0.8308782012361399
M5,mtgnn_native,16,2.6516398986870495,0.7789382009484568
M5,mtgnn_native,17,2.4616422431773426,0.797111349966802
M5,mtgnn_native,18,3.002322114642169,0.9078120407833514
M5,mtgnn_native,19,3.372309690301111,0.649975865881976
M5,mtgnn_native,20,4.036018092865929,0.9081451286230274
M5,mtgnn_native,21,3.8550103505406486,0.9915610577636489
M5,mtgnn_native,22,2.973423690496036,0.8973827150405648
M5,mtgnn_native,23,2.4971417797890343,0.8570645942858074
M5,mtgnn_native,24,2.5544825704653324,0.827065761205024
M5,mtgnn_native,25,3.1580461800598574,0.7954612627125166
M5,mtgnn_native,26,3.342796929059895,1.0115960634458103
M5,mtgnn_native,27,4.113524819772553,0.9762053951925134
M5,mtgnn_native,28,3.279716205801585,0.921987012293498
M5,mtgnn_no_graph,1,1.6978479595509945,0.6514786533261251
M5,mtgnn_no_graph,2,1.4611115489913908,0.6814583710838186
M5,mtgnn_no_graph,3,1.383495300404374,0.6264929308328677
M5,mtgnn_no_graph,4,2.4842407629224414,0.6897507712415221
M5,mtgnn_no_graph,5,3.0620185098622317,0.7788149821227197
M5,mtgnn_no_graph,6,3.743553385982451,0.7013123736240144
M5,mtgnn_no_graph,7,3.2741903886681905,0.7591386785915955
M5,mtgnn_no_graph,8,2.3870748836397664,0.8168602529900889
M5,mtgnn_no_graph,9,2.137592342843152,0.8883374884460782
M5,mtgnn_no_graph,10,2.368696805525479,0.8593480413844203
M5,mtgnn_no_graph,11,2.1264688620318655,0.9140278168858266
M5,mtgnn_no_graph,12,2.85337300390626,0.7279549979654223
M5,mtgnn_no_graph,13,3.8985595605060186,0.8339653106719342
M5,mtgnn_no_graph,14,3.0737705634981625,0.7052823945119711
M5,mtgnn_no_graph,15,2.838685482428812,0.7899419287308271
M5,mtgnn_no_graph,16,2.4898595001736807,0.7315517930631675
M5,mtgnn_no_graph,17,2.286222018924668,0.7282330709412664
M5,mtgnn_no_graph,18,2.8622844624195114,0.8612201753231629
M5,mtgnn_no_graph,19,3.385508854062883,0.6379072062551169
M5,mtgnn_no_graph,20,3.523727471616556,0.7583885586942007
M5,mtgnn_no_graph,21,3.5349527703575148,0.8849490790360868
M5,mtgnn_no_graph,22,3.030171065924712,0.9284264657915211
M5,mtgnn_no_graph,23,2.349091488759919,0.800307519313221
M5,mtgnn_no_graph,24,2.4106639394789564,0.7728013159731296
M5,mtgnn_no_graph,25,2.9819757285447404,0.7498909673509708
M5,mtgnn_no_graph,26,3.140626169934317,0.9393930811468204
M5,mtgnn_no_graph,27,3.8921480780904307,0.8985596694815681
M5,mtgnn_no_graph,28,3.228301029026876,0.9712368706698756
M5,mtgnn_placebo,1,1.671289117022613,0.6422934586765303
M5,mtgnn_placebo,2,1.5180323018366542,0.7078425669003561
M5,mtgnn_placebo,3,1.4043386173469048,0.6587169171951374
M5,mtgnn_placebo,4,2.423421665730047,0.6827574551343476
M5,mtgnn_placebo,5,3.1230160379674525,0.7890237632232635
M5,mtgnn_placebo,6,3.7960182196421863,0.7180100830645446
M5,mtgnn_placebo,7,3.262242055028809,0.7524233284148762
M5,mtgnn_placebo,8,2.4349178785619174,0.8338803834105614
M5,mtgnn_placebo,9,2.1128092679580286,0.8803442188331618
M5,mtgnn_placebo,10,2.29411138720454,0.8444093268654638
M5,mtgnn_placebo,11,2.146393203969188,0.9214682964582614
M5,mtgnn_placebo,12,2.8971451035391733,0.7637878926949805
M5,mtgnn_placebo,13,4.005797758626603,0.84552963993012
M5,mtgnn_placebo,14,3.126309382072851,0.7237146991637179
M5,mtgnn_placebo,15,2.830964543324332,0.7857779312973867
M5,mtgnn_placebo,16,2.5643258986087734,0.7540847796712207
M5,mtgnn_placebo,17,2.4378235781571056,0.7789568423498701
M5,mtgnn_placebo,18,2.9749848156592544,0.9098109996102764
M5,mtgnn_placebo,19,3.5044627938304607,0.661116959623086
M5,mtgnn_placebo,20,3.7923799638854865,0.8294616800003536
M5,mtgnn_placebo,21,3.7808521732935154,0.969567037891463
M5,mtgnn_placebo,22,2.9913773597413558,0.8924103221758409
M5,mtgnn_placebo,23,2.4906042077935036,0.8409800479864701
M5,mtgnn_placebo,24,2.599175521437033,0.8371069321310981
M5,mtgnn_placebo,25,3.160527095361038,0.796138755999327
M5,mtgnn_placebo,26,3.3633015224917067,1.0628238004975032
M5,mtgnn_placebo,27,3.965004288414378,0.9124595561886559
M5,mtgnn_placebo,28,3.3257219658957586,0.9859299304789134
M5,nlinear,1,1.8155892286403679,0.674682124470274
M5,nlinear,2,1.349266231060028,0.6517968405035529
M5,nlinear,3,1.6438383415525344,0.732576542877138
M5,nlinear,4,2.980790229546435,0.8474106567005938
M5,nlinear,5,3.3212996657247893,0.7748630433263269
M5,nlinear,6,4.008410516896365,0.7000690799720074
M5,nlinear,7,3.419919226419778,0.7452105937297473
M5,nlinear,8,2.3251715473186825,0.7886665749674937
M5,nlinear,9,2.2228317030050135,0.8417982040947158
M5,nlinear,10,2.347991023755368,0.8321378474669943
M5,nlinear,11,2.4845955595558076,0.9060157580854666
M5,nlinear,12,3.3818847693778853,0.8080123600481548
M5,nlinear,13,4.505604760367193,0.8288542943604482
M5,nlinear,14,3.6354214273853063,0.7832662435882898
M5,nlinear,15,3.237297662945441,0.8338098572007194
M5,nlinear,16,2.7949569857782786,0.8079970755112149
M5,nlinear,17,2.7981933335831135,0.8695565149048406
M5,nlinear,18,3.179660169320342,0.9132781805378125
M5,nlinear,19,3.7297216074886146,0.8304794332332955
M5,nlinear,20,4.517853434439059,0.8471613351631356
M5,nlinear,21,4.075442952763887,0.9149855729001786
M5,nlinear,22,3.3643078231149253,0.9580568651468366
M5,nlinear,23,2.8091797283034268,0.9012703522021651
M5,nlinear,24,2.8181771609518265,0.881502596263976
M5,nlinear,25,3.5283368267394883,0.8682667977363907
M5,nlinear,26,3.6604843443190607,0.874524690269834
M5,nlinear,27,4.19324319910856,0.8225710220138869
M5,nlinear,28,3.4207628320764614,0.9008069960035697
M5,patchtst,1,1.8968943419187891,0.6617549984394114
M5,patchtst,2,1.6897434939572842,0.7205932380992236
M5,patchtst,3,1.3491870842046207,0.5743109763886067
M5,patchtst,4,3.0931177700927233,0.8257846971649463
M5,patchtst,5,3.5053433393990554,0.8061039187675766
M5,patchtst,6,4.354697204776752,0.7296613872488003
M5,patchtst,7,3.527921915385458,0.7475049853671112
M5,patchtst,8,2.313012787340968,0.7764768244175765
M5,patchtst,9,2.4627511839255876,0.9096991797506612
M5,patchtst,10,2.24178895369908,0.7831202692793157
M5,patchtst,11,2.3521591988058734,0.8811865811555908
M5,patchtst,12,2.9357302585961644,0.6936364032736605
M5,patchtst,13,3.9909943922802253,0.7532334670788082
M5,patchtst,14,3.423967805697962,0.7358196881298782
M5,patchtst,15,2.972448999913018,0.7681033699111253
M5,patchtst,16,2.531502504416822,0.7105496640744626
M5,patchtst,17,2.446960011400558,0.7480734054727536
M5,patchtst,18,3.2031410689983106,0.9064281738366583
M5,patchtst,19,3.723950487623612,0.7890134909510009
M5,patchtst,20,4.001830626803415,0.7704742821028309
M5,patchtst,21,3.9837234706422433,0.9027914192204578
M5,patchtst,22,3.0932210638567255,0.8651918899775837
M5,patchtst,23,2.750096656050947,0.8417743510156415
M5,patchtst,24,2.7297605821471893,0.8247855515694389
M5,patchtst,25,3.184249400991349,0.7768508083214894
M5,patchtst,26,3.2947734133880817,0.9190849974388894
M5,patchtst,27,3.9247309399055847,0.7854180198713682
M5,patchtst,28,3.5632537139970584,1.036391426683054
M5,seasonal_naive,1,2.2777778130990485,0.9183861396543719
M5,seasonal_naive,2,1.8814814708851004,0.9882897502269774
M5,seasonal_naive,3,2.470370453375357,1.290763237168028
M5,seasonal_naive,4,3.2481480739734785,0.8610921256723808
M5,seasonal_naive,5,2.874074028156422,0.7153021199378787
M5,seasonal_naive,6,3.8037039580168543,0.6704646173509121
M5,seasonal_naive,7,3.318518431981405,0.7023507940410596
M5,seasonal_naive,8,3.0555555520234283,1.1160317006545022
M5,seasonal_naive,9,2.648148187001546,1.2491605772455359
M5,seasonal_naive,10,3.333333381017049,1.4949317507723758
M5,seasonal_naive,11,2.611111134069937,1.0401844962187115
M5,seasonal_naive,12,2.7518518094663267,0.6797829484864554
M5,seasonal_naive,13,3.7814815591882778,0.7260595613167741
M5,seasonal_naive,14,3.1518519260265205,0.698116113262778
M5,seasonal_naive,15,3.1740742065288408,1.0555830435543647
M5,seasonal_naive,16,2.8703703721364335,0.9779449470603158
M5,seasonal_naive,17,3.5333333068423802,1.3132027979044214
M5,seasonal_naive,18,3.1259259612471966,0.875951911074023
M5,seasonal_naive,19,2.8814814708851,0.638055158599447
M5,seasonal_naive,20,3.6666667920571787,0.701031464911518
M5,seasonal_naive,21,3.5111111058129203,0.7625428750902511
M5,seasonal_naive,22,3.2814816157023103,1.1450155514264455
M5,seasonal_naive,23,2.9629629700272173,1.1656498090820768
M5,seasonal_naive,24,3.566666709052192,1.2432805208271926
M5,seasonal_naive,25,3.6814816015738026,0.9275566253811159
M5,seasonal_naive,26,2.907407340296993,0.7170416873195173
M5,seasonal_naive,27,3.544444539811876,0.7211294436324834
M5,seasonal_naive,28,3.0592593193054207,0.7196728430048044
M5,semantic_knn_tcn,1,1.5762832687776767,0.6114488790964558
M5,semantic_knn_tcn,2,1.2520577431828888,0.6015899523992454
M5,semantic_knn_tcn,3,1.330399716820246,0.6087470619622529
M5,semantic_knn_tcn,4,2.463408867518107,0.6812963837066859
M5,semantic_knn_tcn,5,2.850415846346705,0.6993519222419167
M5,semantic_knn_tcn,6,3.937001900614044,0.6795355284563718
M5,semantic_knn_tcn,7,3.1936521982153256,0.7085342322937834
M5,semantic_knn_tcn,8,2.051996952920784,0.6874663576674678
M5,semantic_knn_tcn,9,1.9911832109369614,0.7859071710549383
M5,semantic_knn_tcn,10,2.0721268357686053,0.7250266433332817
M5,semantic_knn_tcn,11,1.962763371180605,0.7997130434086229
M5,semantic_knn_tcn,12,2.6906254655601067,0.664272584650403
M5,semantic_knn_tcn,13,3.7672609545750384,0.7331799347950112
M5,semantic_knn_tcn,14,2.956097318103284,0.6668000646829214
M5,semantic_knn_tcn,15,2.7166828609727047,0.7278282262886635
M5,semantic_knn_tcn,16,2.4590457998676065,0.701918502273421
M5,semantic_knn_tcn,17,2.2393001143211198,0.6959318802735334
M5,semantic_knn_tcn,18,2.7367246761182207,0.8131866806509579
M5,semantic_knn_tcn,19,3.0616439770585226,0.6497184261508341
M5,semantic_knn_tcn,20,3.6825739716306143,0.7399105335603445
M5,semantic_knn_tcn,21,3.393309013895047,0.7917602093339382
M5,semantic_knn_tcn,22,2.9141705915515805,0.8324416859727923
M5,semantic_knn_tcn,23,2.2165717385433337,0.7185283382194901
M5,semantic_knn_tcn,24,2.2981015972149224,0.7225489879342875
M5,semantic_knn_tcn,25,2.8680679316873903,0.7231333228427785
M5,semantic_knn_tcn,26,2.934618855700081,0.8054668639308361
M5,semantic_knn_tcn,27,3.652830935775498,0.7598741526479088
M5,semantic_knn_tcn,28,3.1243184794246415,0.8128728478307656
M5,semantic_placebo_tcn,1,1.7046196580485062,0.6684054002841976
M5,semantic_placebo_tcn,2,1.33580298791697,0.6476088664684418
M5,semantic_placebo_tcn,3,1.4974793032547575,0.6794559420507287
M5,semantic_placebo_tcn,4,2.6175794578812743,0.7204006765655587
M5,semantic_placebo_tcn,5,3.075652118726277,0.7656129533251099
M5,semantic_placebo_tcn,6,4.193581889606552,0.7386956002483078
M5,semantic_placebo_tcn,7,3.2924374869944137,0.7393036917025233
M5,semantic_placebo_tcn,8,2.062528665455771,0.692116410984556
M5,semantic_placebo_tcn,9,2.115641779443364,0.860924175582504
M5,semantic_placebo_tcn,10,2.101238428920875,0.7473770924297581
M5,semantic_placebo_tcn,11,2.0944628619301464,0.8478114349083513
M5,semantic_placebo_tcn,12,2.790876474222283,0.6907951617234606
M5,semantic_placebo_tcn,13,3.958915945648411,0.769398640139011
M5,semantic_placebo_tcn,14,3.115764447825926,0.7023444901525833
M5,semantic_placebo_tcn,15,2.839609277193193,0.7596523722531416
M5,semantic_placebo_tcn,16,2.5135406947614234,0.7131353527878308
M5,semantic_placebo_tcn,17,2.353892413793522,0.7325124688353286
M5,semantic_placebo_tcn,18,2.863738407396976,0.8407099333577774
M5,semantic_placebo_tcn,19,3.413744835905087,0.7348031505531676
M5,semantic_placebo_tcn,20,3.913005828195148,0.7642116621090896
M5,semantic_placebo_tcn,21,3.6365749137637056,0.8139916354187146
M5,semantic_placebo_tcn,22,3.0440616295293523,0.8380792464747109
M5,semantic_placebo_tcn,23,2.354073206142143,0.7585172516793353
M5,semantic_placebo_tcn,24,2.4196147738783447,0.7580960004135835
M5,semantic_placebo_tcn,25,3.0906457458565266,0.7762038928148082
M5,semantic_placebo_tcn,26,3.195381689365999,0.8132114794264541
M5,semantic_placebo_tcn,27,3.787158148156272,0.7522093582683085
M5,semantic_placebo_tcn,28,3.215806362364027,0.7872241250098783
M5,tcn_business,1,1.859588456797747,0.7068119011512908
M5,tcn_business,2,1.5494822980537093,0.7330359650618355
M5,tcn_business,3,1.7286589911782448,0.7759898322250297
M5,tcn_business,4,2.6940574726664726,0.755003410377601
M5,tcn_business,5,3.1008741814597154,0.7401059305128614
M5,tcn_business,6,4.30522447336971,0.7369753503903627
M5,tcn_business,7,3.3502463616338773,0.7356992681512886
M5,tcn_business,8,2.193215081721176,0.7585447767057961
M5,tcn_business,9,1.9536715682733943,0.7621157411803426
M5,tcn_business,10,2.23304481163253,0.7896545548707093
M5,tcn_business,11,2.125764189724937,0.7808838534263637
M5,tcn_business,12,2.9423569902593707,0.7129596472457247
M5,tcn_business,13,4.0177841748168435,0.766759827878494
M5,tcn_business,14,3.177090947918686,0.7073428000487242
M5,tcn_business,15,2.8772404140528334,0.7533364278934078
M5,tcn_business,16,2.6899297741092285,0.7685118705449662
M5,tcn_business,17,2.4946125200225246,0.7777285080779138
M5,tcn_business,18,2.836370954524588,0.8142236082555819
M5,tcn_business,19,3.314776044329743,0.7411917595146192
M5,tcn_business,20,3.9346169972677294,0.7636949581016952
M5,tcn_business,21,3.618543127271128,0.7955529645437742
M5,tcn_business,22,3.057041819798358,0.8199380916346273
M5,tcn_business,23,2.501135562360287,0.8110546784089279
M5,tcn_business,24,2.579418491360582,0.8030051616827968
M5,tcn_business,25,3.1810906050197874,0.785639449180469
M5,tcn_business,26,3.320298836113494,0.8406700240590186
M5,tcn_business,27,4.018479828665286,0.8170622822522853
M5,tcn_business,28,3.2462054321059473,0.8145585716120857
M5,tcn_no_graph,1,1.6561618764249515,0.6275963637581192
M5,tcn_no_graph,2,1.2752262573298296,0.6007527778752804
M5,tcn_no_graph,3,1.466722967630873,0.6430665105881936
M5,tcn_no_graph,4,2.648066901383249,0.7206595177503397
M5,tcn_no_graph,5,2.995929553157529,0.7115449135323052
M5,tcn_no_graph,6,4.100454152463706,0.6868287765192145
M5,tcn_no_graph,7,3.2394831675610702,0.6783702332792902
M5,tcn_no_graph,8,2.0921310293879127,0.705361404178781
M5,tcn_no_graph,9,1.9262127111826872,0.7410521825649553
M5,tcn_no_graph,10,2.1625192537547355,0.748623773142782
M5,tcn_no_graph,11,2.1019843183061173,0.7692180772897841
M5,tcn_no_graph,12,2.9610902135133927,0.6871642990465338
M5,tcn_no_graph,13,3.9529657713562987,0.7222525097833074
M5,tcn_no_graph,14,2.9863779907574717,0.6467447479577663
M5,tcn_no_graph,15,2.870797301393094,0.7349285893982676
M5,tcn_no_graph,16,2.616155960364842,0.7356498277841805
M5,tcn_no_graph,17,2.398036771371133,0.7333284520106104
M5,tcn_no_graph,18,2.8849404957375406,0.8249862692428952
M5,tcn_no_graph,19,3.485642553580764,0.7790978083967052
M5,tcn_no_graph,20,3.9785180352904175,0.7348495153354813
M5,tcn_no_graph,21,3.626035718141514,0.7789964532917943
M5,tcn_no_graph,22,3.0672394753054335,0.8180869117412094
M5,tcn_no_graph,23,2.5533685788972145,0.8200810682703359
M5,tcn_no_graph,24,2.5826456268168525,0.8014748018545904
M5,tcn_no_graph,25,3.2582019406520293,0.8049312350047357
M5,tcn_no_graph,26,3.3314640896463836,0.8377352922426515
M5,tcn_no_graph,27,3.9171692398871167,0.7853817972582163
M5,tcn_no_graph,28,3.425643901158998,0.8753382603287138
M5,tcn_stat_confidence,1,1.8894124810043493,0.6961487943428689
M5,tcn_stat_confidence,2,1.4636040432125699,0.6787181184823559
M5,tcn_stat_confidence,3,1.6654346731617862,0.7117099515500604
M5,tcn_stat_confidence,4,2.8231556520026957,0.7683961794815295
M5,tcn_stat_confidence,5,3.2149502372679613,0.7618793770814638
M5,tcn_stat_confidence,6,4.514750141413583,0.7747498388061945
M5,tcn_stat_confidence,7,3.49112940599429,0.7503399717261217
M5,tcn_stat_confidence,8,2.2580819665971728,0.7658720409998144
M5,tcn_stat_confidence,9,2.095020414755484,0.8189214345381093
M5,tcn_stat_confidence,10,2.317264243895993,0.8182974267709271
M5,tcn_stat_confidence,11,2.2782769141327823,0.8401020037333153
M5,tcn_stat_confidence,12,3.223993212053621,0.7635724995107059
M5,tcn_stat_confidence,13,4.342883594554883,0.8277377455719946
M5,tcn_stat_confidence,14,3.328802460565427,0.7236264715833767
M5,tcn_stat_confidence,15,3.0141225924094517,0.7848056659648015
M5,tcn_stat_confidence,16,2.7579371044389256,0.7760647473049281
M5,tcn_stat_confidence,17,2.5729394961102505,0.7880252973743844
M5,tcn_stat_confidence,18,3.046424578654545,0.8643426155398392
M5,tcn_stat_confidence,19,3.6651750336090725,0.7980032783599543
M5,tcn_stat_confidence,20,4.351724134587948,0.8535262742134613
M5,tcn_stat_confidence,21,3.9156955327332756,0.8655587585677736
M5,tcn_stat_confidence,22,3.3066622397965855,0.9129523750657342
M5,tcn_stat_confidence,23,2.7996796325768956,0.9289623051239269
M5,tcn_stat_confidence,24,2.7993987984771347,0.8802325039419371
M5,tcn_stat_confidence,25,3.4623205989783195,0.8570347183970386
M5,tcn_stat_confidence,26,3.7025782655786585,0.9945297963986097
M5,tcn_stat_confidence,27,4.419910753159611,0.9476791414667615
M5,tcn_stat_confidence,28,3.660827918405886,0.9723937405063491
M5,tcn_stat_equal,1,1.9142231037426325,0.6928981736172456
M5,tcn_stat_equal,2,1.4716147514658027,0.6667929881279522
M5,tcn_stat_equal,3,1.6108615980725045,0.6800932891979676
M5,tcn_stat_equal,4,2.792432117935868,0.7496890079946132
M5,tcn_stat_equal,5,3.221201462747046,0.7517748120247344
M5,tcn_stat_equal,6,4.356308126516272,0.7260173592574338
M5,tcn_stat_equal,7,3.399847004065911,0.7143297436437557
M5,tcn_stat_equal,8,2.2222679384144737,0.7454380371611453
M5,tcn_stat_equal,9,2.064862791724779,0.7855072951416662
M5,tcn_stat_equal,10,2.2516610121285474,0.7827899162455547
M5,tcn_stat_equal,11,2.125048402871615,0.7549109897571619
M5,tcn_stat_equal,12,3.059925442621296,0.7205607839277918
M5,tcn_stat_equal,13,4.023356618934575,0.7459182649854113
M5,tcn_stat_equal,14,3.1268181730567672,0.6705817387951081
M5,tcn_stat_equal,15,2.812958343087891,0.7212938262595388
M5,tcn_stat_equal,16,2.6459087165049566,0.7408161725367094
M5,tcn_stat_equal,17,2.4723165075904054,0.7535911626924486
M5,tcn_stat_equal,18,3.3943960177769634,0.9387881232857149
M5,tcn_stat_equal,19,4.222584156443675,1.0126545555822128
M5,tcn_stat_equal,20,4.708962787908536,0.8554018420488795
M5,tcn_stat_equal,21,4.724485241299794,0.9770211851346107
M5,tcn_stat_equal,22,4.06928814612789,1.0669616547328642
M5,tcn_stat_equal,23,3.1770058344359753,1.0045915317946494
M5,tcn_stat_equal,24,3.3596301136561384,1.034373543226064
M5,tcn_stat_equal,25,4.556700565417608,1.140984742075292
M5,tcn_stat_equal,26,4.787844303857397,1.150168508889411
M5,tcn_stat_equal,27,7.0483402989896735,1.3461963692183359
M5,tcn_stat_equal,28,5.441146047965244,1.269682989852246
M5,tcn_stat_placebo,1,1.9864151381692032,0.7223441851137944
M5,tcn_stat_placebo,2,1.7094158788959002,0.7551275632941447
M5,tcn_stat_placebo,3,1.6888372558364528,0.7164784077391669
M5,tcn_stat_placebo,4,2.7225928138941526,0.7461033024427326
M5,tcn_stat_placebo,5,3.2617689980170983,0.7523231328746061
M5,tcn_stat_placebo,6,4.460478151750602,0.7231900687214228
M5,tcn_stat_placebo,7,3.3395765757395157,0.6932125434177165
M5,tcn_stat_placebo,8,2.337423457481243,0.7829000588411574
M5,tcn_stat_placebo,9,2.096943567831207,0.7735638651376749
M5,tcn_stat_placebo,10,2.3664791899054873,0.7964275836057912
M5,tcn_stat_placebo,11,2.0340998806473283,0.734887750125846
M5,tcn_stat_placebo,12,3.0289596772672223,0.7085175782024493
M5,tcn_stat_placebo,13,3.9988442938268918,0.7393033102632435
M5,tcn_stat_placebo,14,3.2345421590370895,0.6930264685949719
M5,tcn_stat_placebo,15,2.715338590796347,0.706044343557339
M5,tcn_stat_placebo,16,2.59523874093537,0.7410881845512427
M5,tcn_stat_placebo,17,2.42329260001396,0.7472185337300266
M5,tcn_stat_placebo,18,2.7945990982706896,0.8006987631763615
M5,tcn_stat_placebo,19,3.2216914909581345,0.7428976853353689
M5,tcn_stat_placebo,20,3.910123273288762,0.7405723129512841
M5,tcn_stat_placebo,21,3.4909402920324126,0.7521874342965179
M5,tcn_stat_placebo,22,2.9873310174839,0.8011930231282001
M5,tcn_stat_placebo,23,2.468502827246248,0.8093926026892224
M5,tcn_stat_placebo,24,2.4882970659453196,0.778250297264873
M5,tcn_stat_placebo,25,3.0413098952100603,0.755659445614566
M5,tcn_stat_placebo,26,3.2011153532767,0.8141847181642067
M5,tcn_stat_placebo,27,3.976863294950238,0.8040691944341346
M5,tcn_stat_placebo,28,3.210082359133679,0.8136342879185499
M5,tcn_target_only,1,1.9349323693087992,0.7337907348256196
M5,tcn_target_only,2,1.4833433384098755,0.7044440266787072
M5,tcn_target_only,3,1.6871182475147057,0.7448140419531579
M5,tcn_target_only,4,2.9114615955976424,0.775150175114029
M5,tcn_target_only,5,3.313278401799408,0.7746017544784611
M5,tcn_target_only,6,4.566335344512337,0.7608260178052997
M5,tcn_target_only,7,3.6471826785140564,0.7645979652702622
M5,tcn_target_only,8,2.2922969645625093,0.7599637780272682
M5,tcn_target_only,9,2.1055377106745667,0.8021802154930402
M5,tcn_target_only,10,2.3334093860592002,0.8017588916572094
M5,tcn_target_only,11,2.374210508908203,0.8764988889479984
M5,tcn_target_only,12,3.3037510338434837,0.7606714425214549
M5,tcn_target_only,13,4.431066011467282,0.7961352848703002
M5,tcn_target_only,14,3.6175100435767273,0.7711750713438055
M5,tcn_target_only,15,3.2111503668957284,0.8160732497101323
M5,tcn_target_only,16,2.9089234257369867,0.8115520172086849
M5,tcn_target_only,17,2.6609258867340326,0.8075271308120733
M5,tcn_target_only,18,3.149322550697827,0.8983257363724386
M5,tcn_target_only,19,3.7009399246102492,0.8251220073815837
M5,tcn_target_only,20,4.35058402273758,0.7951724545470554
M5,tcn_target_only,21,3.9765883591991886,0.8473502879202273
M5,tcn_target_only,22,3.370545401322989,0.9105368105147229
M5,tcn_target_only,23,2.7754305363437277,0.8739593373705442
M5,tcn_target_only,24,2.7617239248053527,0.8595671260630603
M5,tcn_target_only,25,3.485436072504079,0.861947625888311
M5,tcn_target_only,26,3.6855247416981944,0.9091960250304987
M5,tcn_target_only,27,4.342455974055661,0.8613896719134444
M5,tcn_target_only,28,3.713956784429374,0.931385799380361
M5,timemixerpp,1,2.2403239038715395,0.8158492879686531
M5,timemixerpp,2,1.6756218293474783,0.7871583623254962
M5,timemixerpp,3,1.5681625363175518,0.7334389241832853
M5,timemixerpp,4,2.6749611706829364,0.7541907783268144
M5,timemixerpp,5,3.7303242843368167,0.887131875320029
M5,timemixerpp,6,4.1132783351121125,0.7218026767744683
M5,timemixerpp,7,3.536905308527711,0.8495072628320359
M5,timemixerpp,8,2.3695435132417413,0.8114907571128561
M5,timemixerpp,9,2.6551197771672848,0.9908263908455202
M5,timemixerpp,10,2.2595218381855964,0.8405708114846878
M5,timemixerpp,11,2.1715770271733223,0.8544710024019405
M5,timemixerpp,12,3.053676598261536,0.7353895872538616
M5,timemixerpp,13,3.90958289972242,0.7418053931122633
M5,timemixerpp,14,3.1950183613708725,0.7044954419354407
M5,timemixerpp,15,2.822879308140204,0.7392146160341867
M5,timemixerpp,16,2.3960272036308856,0.6867295596206834
M5,timemixerpp,17,2.4200308008326425,0.742357547846757
M5,timemixerpp,18,3.099745311735221,0.9090501146177703
M5,timemixerpp,19,3.7245830970091953,0.741991214974517
M5,timemixerpp,20,3.9272688685192003,0.7974108191459339
M5,timemixerpp,21,3.707608296492218,0.8399734625767341
M5,timemixerpp,22,2.963035596484019,0.8802005928189273
M5,timemixerpp,23,2.5533927894300885,0.8113494225152214
M5,timemixerpp,24,2.4395214929440874,0.7506956829227076
M5,timemixerpp,25,3.1557738937713484,0.7752426792926228
M5,timemixerpp,26,3.2309509443556084,0.8914325552324048
M5,timemixerpp,27,3.8818111390703254,0.7633826308540429
M5,timemixerpp,28,3.546189997041667,1.0251010777217129
Store Item,dlinear,1,6.901489442660485,0.13317418624131908
Store Item,dlinear,2,8.496746383478612,0.1410363395489448
Store Item,dlinear,3,7.791873665797858,0.12869113696434892
Store Item,dlinear,4,9.093521124050941,0.14088167275546506
Store Item,dlinear,5,9.210220495859781,0.13325459704104323
Store Item,dlinear,6,9.536846690707737,0.1315420570765888
Store Item,dlinear,7,9.210297763494799,0.11930319746248025
Store Item,dlinear,8,7.803078390050818,0.1517104895617691
Store Item,dlinear,9,7.454760931744987,0.1250124090550001
Store Item,dlinear,10,7.4524044260566615,0.12520642823060812
Store Item,dlinear,11,8.156359229853123,0.12152685688942919
Store Item,dlinear,12,8.053055832709795,0.11543453048471831
Store Item,dlinear,13,8.786576598367573,0.11586932200463133
Store Item,dlinear,14,8.90562737547321,0.11077212311953281
Store Item,dlinear,15,7.619971968803877,0.14206146269968817
Store Item,dlinear,16,7.92729783470248,0.13224196611538602
Store Item,dlinear,17,8.552389910191666,0.14164107630423223
Store Item,dlinear,18,8.243359894222683,0.12753363857710182
Store Item,dlinear,19,9.365144032607843,0.13627473819121225
Store Item,dlinear,20,9.692677427221227,0.13219035614265853
Store Item,dlinear,21,9.640957297807859,0.1257744771281767
Store Item,dlinear,22,7.2652250996342405,0.13919272310415176
Store Item,dlinear,23,8.5349104669359,0.14194852452572618
Store Item,dlinear,24,8.463211934360457,0.14008030274116504
Store Item,dlinear,25,8.696624764101005,0.13405443086212043
Store Item,dlinear,26,10.09646310335324,0.1454151272892742
Store Item,dlinear,27,9.931768652833538,0.13485728026843297
Store Item,dlinear,28,9.265895724590914,0.11977662445794524
Store Item,global_lightgbm,1,6.619679246125398,0.12800806981497906
Store Item,global_lightgbm,2,7.6805111425894275,0.12775666942861078
Store Item,global_lightgbm,3,6.719230284514251,0.11044797339088318
Store Item,global_lightgbm,4,8.170888868967692,0.12665762197087974
Store Item,global_lightgbm,5,8.573604361216228,0.12446422886285313
Store Item,global_lightgbm,6,8.027346886528862,0.1101889828697199
Store Item,global_lightgbm,7,7.998928684658474,0.10285248346995761
Store Item,global_lightgbm,8,7.191905480844003,0.14046429496448495
Store Item,global_lightgbm,9,7.403882588280571,0.12429228476783731
Store Item,global_lightgbm,10,6.878889087394431,0.11526633496725551
Store Item,global_lightgbm,11,7.876288512901024,0.11748049193130966
Store Item,global_lightgbm,12,7.920037972485578,0.11337069950752436
Store Item,global_lightgbm,13,8.38961220494023,0.11042413939699892
Store Item,global_lightgbm,14,9.074274508158366,0.11293650659461411
Store Item,global_lightgbm,15,6.934200445810954,0.12928735310585907
Store Item,global_lightgbm,16,7.949972188031232,0.13308187953968562
Store Item,global_lightgbm,17,8.546523952484131,0.14277633178479893
Store Item,global_lightgbm,18,9.13726352762293,0.1421970077292061
Store Item,global_lightgbm,19,9.288918163158277,0.1358043318342348
Store Item,global_lightgbm,20,9.64784110740379,0.1322047832060119
Store Item,global_lightgbm,21,10.781823836432563,0.14162403523972458
Store Item,global_lightgbm,22,7.7115592179475,0.14844299658666238
Store Item,global_lightgbm,23,8.835944256959138,0.14770839853881082
Store Item,global_lightgbm,24,8.22214368890833,0.13749170265323293
Store Item,global_lightgbm,25,8.537373825355813,0.13201632473016817
Store Item,global_lightgbm,26,10.726334186836526,0.15579304931776727
Store Item,global_lightgbm,27,10.650408200864439,0.14535723453456925
Store Item,global_lightgbm,28,10.52418816531146,0.13654374664541655
Store Item,gts_native,1,11.10503015635926,0.21259144854091094
Store Item,gts_native,2,13.014936631991539,0.2149102294386835
Store Item,gts_native,3,12.627272283295055,0.20635588568058066
Store Item,gts_native,4,14.446143491768542,0.22125219783194258
Store Item,gts_native,5,17.8153866249838,0.2555950301937994
Store Item,gts_native,6,19.872866683536106,0.26992623440894703
Store Item,gts_native,7,24.00543641337642,0.3066599717752665
Store Item,gts_native,8,11.820331495779532,0.2303624723067318
Store Item,gts_native,9,11.991385929672807,0.19903836296718477
Store Item,gts_native,10,12.18168824042803,0.20314216939949262
Store Item,gts_native,11,15.294820114418311,0.22745020854331374
Store Item,gts_native,12,17.771913714467743,0.25298310742766467
Store Item,gts_native,13,22.537547909771956,0.29571409217239997
Store Item,gts_native,14,26.729688914028216,0.33119765650699595
Store Item,gts_native,15,11.433135513023094,0.2131241958516171
Store Item,gts_native,16,11.65284759497937,0.1938971931935206
Store Item,gts_native,17,11.987669254821023,0.1996270098478096
Store Item,gts_native,18,13.671079872272633,0.21154762736546606
Store Item,gts_native,19,16.70958084883513,0.24278624358458586
Store Item,gts_native,20,20.571025402163283,0.2799424365432929
Store Item,gts_native,21,23.282645724732202,0.30310541581906664
Store Item,gts_native,22,10.453998750521812,0.2011825423664159
Store Item,gts_native,23,11.767119619581434,0.1963930641796899
Store Item,gts_native,24,11.820173703888317,0.1968541852021242
Store Item,gts_native,25,14.08108707946024,0.21773690794775616
Store Item,gts_native,26,17.312554773872282,0.2493713962357835
Store Item,gts_native,27,20.7529915197396,0.28163507348851663
Store Item,gts_native,28,23.873015183578303,0.3090944752474548
Store Item,gts_no_graph,1,8.238212203979492,0.15863749343125688
Store Item,gts_no_graph,2,9.473711894470968,0.15726297990139862
Store Item,gts_no_graph,3,9.32963077639356,0.15315090682735263
Store Item,gts_no_graph,4,9.974685123820365,0.15405624121202163
Store Item,gts_no_graph,5,12.746039707278028,0.18381114842968094
Store Item,gts_no_graph,6,13.866048822285215,0.18944269302097036
Store Item,gts_no_graph,7,17.071933977103527,0.21982744293597214
Store Item,gts_no_graph,8,13.002978095301875,0.25282256257157393
Store Item,gts_no_graph,9,9.505904975938208,0.1585682138487551
Store Item,gts_no_graph,10,9.726260709173886,0.1625332291730958
Store Item,gts_no_graph,11,10.805658933851454,0.1609730959187179
Store Item,gts_no_graph,12,12.46186828966494,0.17796440775909528
Store Item,gts_no_graph,13,16.100282782095448,0.21169286426184972
Store Item,gts_no_graph,14,19.745364139698168,0.24532879390772452
Store Item,gts_no_graph,15,12.009041671988406,0.22324938978328904
Store Item,gts_no_graph,16,10.195595213807659,0.17081009428766125
Store Item,gts_no_graph,17,10.8255445609858,0.18176626342305652
Store Item,gts_no_graph,18,11.124837921283863,0.17313728758701116
Store Item,gts_no_graph,19,12.595696225578402,0.18312727785277938
Store Item,gts_no_graph,20,15.470968366552281,0.20986936877304777
Store Item,gts_no_graph,21,17.703399319118923,0.22907348156044283
Store Item,gts_no_graph,22,12.523922412778125,0.2427744787861952
Store Item,gts_no_graph,23,10.128671324694599,0.16998408573456317
Store Item,gts_no_graph,24,10.469481729578089,0.17583599148401996
Store Item,gts_no_graph,25,10.97342152065701,0.17010284472668225
Store Item,gts_no_graph,26,13.551722673722256,0.19551414441300674
Store Item,gts_no_graph,27,15.719852619406616,0.2126817981064232
Store Item,gts_no_graph,28,17.414501918981106,0.2243105556535524
Store Item,gts_placebo,1,15.50278449823827,0.298799072212324
Store Item,gts_placebo,2,17.54721694993384,0.2915141861236467
Store Item,gts_placebo,3,17.262874337184577,0.28378465670016845
Store Item,gts_placebo,4,19.496387678311194,0.3013840379152036
Store Item,gts_placebo,5,23.2057180699007,0.3341046297711425
Store Item,gts_placebo,6,25.660640721262236,0.35092514233649935
Store Item,gts_placebo,7,29.813293049659258,0.38312946299581047
Store Item,gts_placebo,8,14.677869131535662,0.28444134592727066
Store Item,gts_placebo,9,16.45499389201035,0.27439427483326506
Store Item,gts_placebo,10,16.976279031494517,0.28387739741643025
Store Item,gts_placebo,11,20.72650888937491,0.30918924737691467
Store Item,gts_placebo,12,23.49097082703202,0.3360046078639261
Store Item,gts_placebo,13,28.14348607475375,0.36898009830569833
Store Item,gts_placebo,14,32.299769575801896,0.40027059641818075
Store Item,gts_placebo,15,14.789302648144005,0.2752615475195666
Store Item,gts_placebo,16,16.974095577663846,0.2802664957515566
Store Item,gts_placebo,17,17.614291135764418,0.29106896950843164
Store Item,gts_placebo,18,19.747638826017024,0.3034826644514607
Store Item,gts_placebo,19,22.705840256773396,0.3277502411899842
Store Item,gts_placebo,20,26.507972879763003,0.3588092947908046
Store Item,gts_placebo,21,28.84074853261312,0.3735401855115533
Store Item,gts_placebo,22,14.38011060997292,0.2752503153446792
Store Item,gts_placebo,23,17.23144332155769,0.28594898781513356
Store Item,gts_placebo,24,17.228419911419905,0.28439030976520635
Store Item,gts_placebo,25,19.757690799383468,0.3037601808550869
Store Item,gts_placebo,26,23.300306036442887,0.3332605639488408
Store Item,gts_placebo,27,26.544805131135163,0.35821304591049513
Store Item,gts_placebo,28,29.729589122018695,0.3831842969671971
Store Item,itransformer,1,7.6816805604063445,0.14814525832034153
Store Item,itransformer,2,8.663117023750587,0.14399540860071802
Store Item,itransformer,3,8.174109752089889,0.1348129448613084
Store Item,itransformer,4,8.917640677793527,0.13813007923872933
Store Item,itransformer,5,9.518588985631496,0.13773306694063886
Store Item,itransformer,6,9.956893930317442,0.13730632564222256
Store Item,itransformer,7,9.561694712697724,0.1227193684610666
Store Item,itransformer,8,7.87238473068049,0.15346772740961404
Store Item,itransformer,9,8.07537126187925,0.13514362047136388
Store Item,itransformer,10,8.49726932902395,0.14211718121712533
Store Item,itransformer,11,9.309569025628361,0.13850546685659626
Store Item,itransformer,12,9.666739987738339,0.13831782576126397
Store Item,itransformer,13,9.691602447886526,0.12802885026748767
Store Item,itransformer,14,11.147229922259296,0.13805533258145802
Store Item,itransformer,15,7.95918542014228,0.14838183506706903
Store Item,itransformer,16,9.456223072240382,0.15841722636372643
Store Item,itransformer,17,9.286288319104983,0.15521825083394492
Store Item,itransformer,18,9.834589511965527,0.15376529309958353
Store Item,itransformer,19,11.462881874743804,0.1691826599389521
Store Item,itransformer,20,11.597568665021733,0.1601369121434845
Store Item,itransformer,21,12.389953012819642,0.16358659980167956
Store Item,itransformer,22,8.333622052934436,0.16107620333383726
Store Item,itransformer,23,9.564226813375214,0.16039345902250846
Store Item,itransformer,24,8.939710209693438,0.14987770694499544
Store Item,itransformer,25,9.729777337297982,0.1510518463405371
Store Item,itransformer,26,11.267615469002429,0.1657001630986488
Store Item,itransformer,27,12.251487616550776,0.16847995914698266
Store Item,itransformer,28,12.05686323731034,0.15677093618988902
Store Item,mage_native,1,8.062689628130123,0.15572532373153833
Store Item,mage_native,2,10.300665411537077,0.17217350839065707
Store Item,mage_native,3,10.446726083166805,0.17318489797256778
Store Item,mage_native,4,8.26040063434177,0.12886471599252622
Store Item,mage_native,5,9.188969900578629,0.13303908663380312
Store Item,mage_native,6,10.414637756347656,0.14374581549551746
Store Item,mage_native,7,8.349023997930834,0.10826826011010816
Store Item,mage_native,8,6.845925932754705,0.13356530859957635
Store Item,mage_native,9,9.07391707573408,0.15159080405420852
Store Item,mage_native,10,8.344538720448812,0.140410930505425
Store Item,mage_native,11,9.863038778893742,0.14699584171149752
Store Item,mage_native,12,8.14298653896944,0.11667600072291605
Store Item,mage_native,13,11.73676616056466,0.1552488866504515
Store Item,mage_native,14,12.669290055168998,0.15805393090980735
Store Item,mage_native,15,7.238393180752977,0.1351611271953469
Store Item,mage_native,16,9.484893961305971,0.15927059691141335
Store Item,mage_native,17,9.164753461767127,0.15329136677048252
Store Item,mage_native,18,9.357887313984058,0.14545387047591413
Store Item,mage_native,19,10.798709334856198,0.15668754698372198
Store Item,mage_native,20,11.402173324867531,0.15520467884599276
Store Item,mage_native,21,13.243283384817618,0.17185182654503045
Store Item,mage_native,22,8.962952991768166,0.17143596978231457
Store Item,mage_native,23,8.918713168156,0.14886301517806236
Store Item,mage_native,24,8.936394842171374,0.14958271960520528
Store Item,mage_native,25,10.360476197136773,0.16035902454844686
Store Item,mage_native,26,10.767435355245333,0.1550863348534123
Store Item,mage_native,27,12.041061194149064,0.16431472291170957
Store Item,mage_native,28,11.867812466327056,0.15270533905946224
Store Item,mage_no_graph,1,7.926410921120349,0.15294916055846133
Store Item,mage_no_graph,2,8.98277168744876,0.1495278052465875
Store Item,mage_no_graph,3,8.145934307428055,0.13499364272202807
Store Item,mage_no_graph,4,8.122513869956688,0.12592055423972137
Store Item,mage_no_graph,5,8.842313668757308,0.1279027030992286
Store Item,mage_no_graph,6,10.665826065157667,0.1477629943387199
Store Item,mage_no_graph,7,8.942943504710257,0.11602321247006392
Store Item,mage_no_graph,8,7.601677889882783,0.14867554728019897
Store Item,mage_no_graph,9,8.131132324830986,0.1367050958723571
Store Item,mage_no_graph,10,7.417114240151864,0.12455079610003199
Store Item,mage_no_graph,11,8.322611443790388,0.1240684985368506
Store Item,mage_no_graph,12,9.42508843857565,0.13532484184390917
Store Item,mage_no_graph,13,9.577887822374885,0.1263919643968138
Store Item,mage_no_graph,14,10.853952923527471,0.13517171395192773
Store Item,mage_no_graph,15,6.7244178877936465,0.12564857695055068
Store Item,mage_no_graph,16,8.286367703661506,0.1387847131579742
Store Item,mage_no_graph,17,8.797199585997028,0.14662705827922612
Store Item,mage_no_graph,18,9.624498149495066,0.15064157163467504
Store Item,mage_no_graph,19,10.426204631946705,0.15283488719695176
Store Item,mage_no_graph,20,11.248776275728956,0.1544743932384904
Store Item,mage_no_graph,21,11.153211887971855,0.14658051582912052
Store Item,mage_no_graph,22,8.315526803334555,0.15966019766780976
Store Item,mage_no_graph,23,9.305532023347455,0.15546892218938033
Store Item,mage_no_graph,24,8.678345728509221,0.14567039572441043
Store Item,mage_no_graph,25,8.483669726053874,0.13124541798010456
Store Item,mage_no_graph,26,10.658574915520939,0.1544996961414008
Store Item,mage_no_graph,27,10.701136523117254,0.14645379676504908
Store Item,mage_no_graph,28,11.820913141745109,0.15282034275421458
Store Item,mage_placebo,1,8.06352301703559,0.15573924297352604
Store Item,mage_placebo,2,10.299754660806538,0.17215884349988592
Store Item,mage_placebo,3,10.44607992760929,0.17317644949061706
Store Item,mage_placebo,4,8.260416527736334,0.12886479346277882
Store Item,mage_placebo,5,9.188844062663891,0.13303576878641496
Store Item,mage_placebo,6,10.415060554316014,0.14374992130803677
Store Item,mage_placebo,7,8.352129761966658,0.10830593933986127
Store Item,mage_placebo,8,6.8443308759618695,0.13353533328834702
Store Item,mage_placebo,9,9.072772505253921,0.1515725850326124
Store Item,mage_placebo,10,8.344853195143335,0.14041659788849484
Store Item,mage_placebo,11,9.864839073463722,0.1470225904306791
Store Item,mage_placebo,12,8.144971978222882,0.11670591433041941
Store Item,mage_placebo,13,11.736171644705315,0.1552415666695488
Store Item,mage_placebo,14,12.667434657061541,0.15803132154867752
Store Item,mage_placebo,15,7.239241561183222,0.13517457861826315
Store Item,mage_placebo,16,9.486648936330536,0.15930204052642052
Store Item,mage_placebo,17,9.157597362847975,0.15317216152535396
Store Item,mage_placebo,18,9.361438778300345,0.14550771697966303
Store Item,mage_placebo,19,10.79974206995081,0.15670235917871383
Store Item,mage_placebo,20,11.407782010678893,0.1552777116405547
Store Item,mage_placebo,21,13.240059209752966,0.17181164780985791
Store Item,mage_placebo,22,8.960109118473383,0.17138018657228238
Store Item,mage_placebo,23,8.920686558146535,0.14889920927538866
Store Item,mage_placebo,24,8.937119227279851,0.1495936691331661
Store Item,mage_placebo,25,10.36096939039819,0.1603645460452318
Store Item,mage_placebo,26,10.764450693719182,0.15504493755740362
Store Item,mage_placebo,27,12.044350626439224,0.1643587894052131
Store Item,mage_placebo,28,11.872474471433664,0.1527631601813854
Store Item,mixlinear,1,6.8164925987337845,0.1318528982943747
Store Item,mixlinear,2,7.630845964690786,0.12746080365984314
Store Item,mixlinear,3,6.777573715021581,0.11217747795832533
Store Item,mixlinear,4,7.401979640678123,0.11533463728983698
Store Item,mixlinear,5,7.383980825212267,0.10681873100359789
Store Item,mixlinear,6,8.490377621591827,0.11765216805599052
Store Item,mixlinear,7,7.416332242518296,0.09592508614783321
Store Item,mixlinear,8,7.004694643138368,0.13786072059861018
Store Item,mixlinear,9,6.574960662700512,0.11066798687891412
Store Item,mixlinear,10,6.422358702435905,0.10811399069549972
Store Item,mixlinear,11,6.747611959480945,0.10068959438419722
Store Item,mixlinear,12,6.801676923257333,0.09723402337242071
Store Item,mixlinear,13,7.1816834343804254,0.09492514236339904
Store Item,mixlinear,14,7.710886467827692,0.09566114038254489
Store Item,mixlinear,15,5.953436944514145,0.11152623357290377
Store Item,mixlinear,16,6.603901335633831,0.11029243268399916
Store Item,mixlinear,17,6.825307715380633,0.11347144159396819
Store Item,mixlinear,18,6.705354006496476,0.10465142810133798
Store Item,mixlinear,19,7.824213675510736,0.11454482574964227
Store Item,mixlinear,20,8.127513701827437,0.11171056750736438
Store Item,mixlinear,21,7.841881876815985,0.10227812645097364
Store Item,mixlinear,22,6.229575231340196,0.12014088672863515
Store Item,mixlinear,23,6.238440029709428,0.10432874286580109
Store Item,mixlinear,24,6.405873086717394,0.10690350640909033
Store Item,mixlinear,25,6.381498998477135,0.09872463800500568
Store Item,mixlinear,26,7.7928735791901005,0.11358593591205997
Store Item,mixlinear,27,8.543056153662413,0.11642739588847989
Store Item,mixlinear,28,7.265239947519185,0.09355532280367555
Store Item,mtgnn_native,1,10.253136346369613,0.1949936363318984
Store Item,mtgnn_native,2,10.727096738933046,0.17640803119879286
Store Item,mtgnn_native,3,11.174612732875495,0.18081534943221522
Store Item,mtgnn_native,4,11.778553375197045,0.17911173558269416
Store Item,mtgnn_native,5,11.81683143215415,0.16871406019237073
Store Item,mtgnn_native,6,13.780468116571873,0.18578593854188885
Store Item,mtgnn_native,7,14.395726606580947,0.18271691885817137
Store Item,mtgnn_native,8,9.741952500519929,0.1869637759591999
Store Item,mtgnn_native,9,11.07529275211287,0.18218956388602994
Store Item,mtgnn_native,10,10.589964425122297,0.17600446172533188
Store Item,mtgnn_native,11,11.467547169438115,0.1701118794213864
Store Item,mtgnn_native,12,10.46305105774491,0.14885600927081685
Store Item,mtgnn_native,13,11.68708447350396,0.1527877955836086
Store Item,mtgnn_native,14,13.217987517368648,0.16289812036291731
Store Item,mtgnn_native,15,10.559416549588427,0.194873995859225
Store Item,mtgnn_native,16,10.15061142179701,0.16948072898112831
Store Item,mtgnn_native,17,10.765988199210462,0.17921408696239244
Store Item,mtgnn_native,18,10.15520323647393,0.1579555414494651
Store Item,mtgnn_native,19,9.618096603581936,0.13953131253686843
Store Item,mtgnn_native,20,12.411838201828946,0.17089056566831293
Store Item,mtgnn_native,21,12.256636409994996,0.16074457299394967
Store Item,mtgnn_native,22,9.064771679301321,0.17309246477842788
Store Item,mtgnn_native,23,9.024135939280193,0.15053453084665788
Store Item,mtgnn_native,24,9.188664218525828,0.1518214619230337
Store Item,mtgnn_native,25,9.044062560281636,0.1397541837105872
Store Item,mtgnn_native,26,11.568068843417699,0.1653215281121874
Store Item,mtgnn_native,27,12.193606451999994,0.16501452497949998
Store Item,mtgnn_native,28,10.605729024204207,0.13666478769286203
Store Item,mtgnn_no_graph,1,9.20029291930022,0.17649749172100898
Store Item,mtgnn_no_graph,2,12.34665665567657,0.2027068772549179
Store Item,mtgnn_no_graph,3,11.04936059669212,0.18213950817147068
Store Item,mtgnn_no_graph,4,10.73620387301033,0.16473224168658887
Store Item,mtgnn_no_graph,5,12.0676423167005,0.17332171855145018
Store Item,mtgnn_no_graph,6,14.478741471561385,0.1945822017860491
Store Item,mtgnn_no_graph,7,13.929386308458115,0.1780811947919764
Store Item,mtgnn_no_graph,8,10.883437771267362,0.20893024479446548
Store Item,mtgnn_no_graph,9,9.254485170340834,0.15365356513837936
Store Item,mtgnn_no_graph,10,10.530942427081827,0.17504689454369535
Store Item,mtgnn_no_graph,11,12.582359149132246,0.1871524933928871
Store Item,mtgnn_no_graph,12,12.63789022822439,0.1800754930679732
Store Item,mtgnn_no_graph,13,12.607940873981995,0.16471607559297557
Store Item,mtgnn_no_graph,14,13.775512869564103,0.16993300500425101
Store Item,mtgnn_no_graph,15,10.32449613382787,0.19091391503685093
Store Item,mtgnn_no_graph,16,11.108102416992189,0.18547083954279053
Store Item,mtgnn_no_graph,17,10.37532199812524,0.1718945317177033
Store Item,mtgnn_no_graph,18,12.031797174759852,0.18631404027568782
Store Item,mtgnn_no_graph,19,10.780938518194505,0.15602550618976274
Store Item,mtgnn_no_graph,20,11.66396523463873,0.1583796856712562
Store Item,mtgnn_no_graph,21,13.504200843528464,0.17636625840175285
Store Item,mtgnn_no_graph,22,8.44504952489594,0.16140988995394456
Store Item,mtgnn_no_graph,23,9.874279864040423,0.16348995079901635
Store Item,mtgnn_no_graph,24,9.13183891037364,0.1515981434408714
Store Item,mtgnn_no_graph,25,11.221676121229006,0.1737404320938916
Store Item,mtgnn_no_graph,26,11.38814856329082,0.16517461842955405
Store Item,mtgnn_no_graph,27,13.110754436916775,0.17970448614333218
Store Item,mtgnn_no_graph,28,11.804951664253517,0.15307291937256534
Store Item,mtgnn_placebo,1,9.407392482993044,0.17878978397456008
Store Item,mtgnn_placebo,2,9.543335052772804,0.15724551913746693
Store Item,mtgnn_placebo,3,9.581455993652344,0.155374204357714
Store Item,mtgnn_placebo,4,9.868348381843097,0.1498033359074513
Store Item,mtgnn_placebo,5,10.860998771808767,0.15514057625636057
Store Item,mtgnn_placebo,6,12.362819360803675,0.1661439789126956
Store Item,mtgnn_placebo,7,14.635302404709806,0.18508673267921594
Store Item,mtgnn_placebo,8,8.77038169319247,0.1677519075633438
Store Item,mtgnn_placebo,9,10.421942719118094,0.17070640480793767
Store Item,mtgnn_placebo,10,9.941687947732431,0.16513189395058292
Store Item,mtgnn_placebo,11,10.580044753463179,0.15680243094496518
Store Item,mtgnn_placebo,12,9.430572247210844,0.13379252960856583
Store Item,mtgnn_placebo,13,10.133372438689811,0.13306280757176633
Store Item,mtgnn_placebo,14,11.159209898960443,0.1379355979941611
Store Item,mtgnn_placebo,15,9.495585717095269,0.17520299425039776
Store Item,mtgnn_placebo,16,9.160618628984615,0.15456068692867866
Store Item,mtgnn_placebo,17,9.429117543020366,0.158122289656234
Store Item,mtgnn_placebo,18,8.248496807946099,0.1291899427321591
Store Item,mtgnn_placebo,19,8.93534944322374,0.13098040747791267
Store Item,mtgnn_placebo,20,10.778874171221698,0.14984547618701838
Store Item,mtgnn_placebo,21,10.47729379394908,0.13925198059358135
Store Item,mtgnn_placebo,22,7.620154278366654,0.14718060870472352
Store Item,mtgnn_placebo,23,8.19537682827608,0.13770749637501542
Store Item,mtgnn_placebo,24,7.883653004964192,0.13232981283616754
Store Item,mtgnn_placebo,25,8.648565878691496,0.13498027870197277
Store Item,mtgnn_placebo,26,9.404970511683711,0.13718142228554048
Store Item,mtgnn_placebo,27,10.929987756705579,0.15028820304710924
Store Item,mtgnn_placebo,28,8.952194532936002,0.1170935340811525
Store Item,nlinear,1,7.087263479350526,0.13649626287710273
Store Item,nlinear,2,7.948649575975206,0.13222687011115408
Store Item,nlinear,3,7.013976351420085,0.11563698953590675
Store Item,nlinear,4,7.806668223863767,0.12105056320817328
Store Item,nlinear,5,7.931069476516159,0.11469652465057739
Store Item,nlinear,6,8.195856037846319,0.11273301496221268
Store Item,nlinear,7,8.031991720788273,0.10370351559230834
Store Item,nlinear,8,7.053127480730598,0.138000716903784
Store Item,nlinear,9,7.253937355088599,0.12189644178316013
Store Item,nlinear,10,7.168829464618071,0.12048196740589022
Store Item,nlinear,11,7.463270710132741,0.11128380799622715
Store Item,nlinear,12,7.205648067851126,0.10296303926959467
Store Item,nlinear,13,7.850987618057816,0.10347245485697218
Store Item,nlinear,14,7.6959341166931905,0.09566892115034428
Store Item,nlinear,15,6.572678191573532,0.1227001565313507
Store Item,nlinear,16,7.718102897832422,0.12948655258544448
Store Item,nlinear,17,8.197046408241178,0.13668707826544457
Store Item,nlinear,18,8.205488415706306,0.12817852406571914
Store Item,nlinear,19,8.684892496650601,0.12692408226186708
Store Item,nlinear,20,9.295411105214814,0.12751707318700978
Store Item,nlinear,21,9.68554017337752,0.12723656228795666
Store Item,nlinear,22,6.96136490503947,0.1339624330159677
Store Item,nlinear,23,7.408243470133087,0.12396047340317591
Store Item,nlinear,24,7.6143651467782485,0.12703337763940226
Store Item,nlinear,25,7.548925472777567,0.11680862520688295
Store Item,nlinear,26,9.058710876511938,0.13137615968957622
Store Item,nlinear,27,9.86319994278896,0.13456077346935608
Store Item,nlinear,28,8.515882140030095,0.11025187245390382
Store Item,patchtst,1,6.585920584643329,0.12705950660178933
Store Item,patchtst,2,7.394874791745786,0.12306486006769421
Store Item,patchtst,3,6.628756591420115,0.10936542508182265
Store Item,patchtst,4,7.288109457934344,0.11285135524955431
Store Item,patchtst,5,7.7059626108334385,0.11136450353425714
Store Item,patchtst,6,8.104978643817667,0.11160286234614435
Store Item,patchtst,7,7.6584935529732405,0.09873997783280469
Store Item,patchtst,8,6.858270017600354,0.13442294421227718
Store Item,patchtst,9,6.970849497524309,0.11713762378456255
Store Item,patchtst,10,6.798198821220868,0.11450844979676687
Store Item,patchtst,11,7.232016777697904,0.10775570391187106
Store Item,patchtst,12,6.9478074874406985,0.09933716921884488
Store Item,patchtst,13,8.399546849286114,0.11051339639773941
Store Item,patchtst,14,8.294655441943512,0.10283500674498626
Store Item,patchtst,15,6.269692343252676,0.11701456380758714
Store Item,patchtst,16,7.243134953063211,0.12076591701873512
Store Item,patchtst,17,7.694187047746447,0.12828949696070982
Store Item,patchtst,18,7.797189026114381,0.12163624431590857
Store Item,patchtst,19,8.527508415410548,0.1245687246413312
Store Item,patchtst,20,9.143794120976954,0.1251409808895243
Store Item,patchtst,21,9.244048146848325,0.1203514330135244
Store Item,patchtst,22,6.797953964751444,0.13054551436835082
Store Item,patchtst,23,7.45548661549886,0.1246680918023016
Store Item,patchtst,24,7.657415067413707,0.12814221445479249
Store Item,patchtst,25,7.354775862046229,0.11387554709381759
Store Item,patchtst,26,8.887629258191144,0.1291043040738872
Store Item,patchtst,27,9.847516601468309,0.1339532239855748
Store Item,patchtst,28,8.477413727324686,0.10924522437753305
Store Item,seasonal_naive,1,8.029629597840485,0.1548999597041125
Store Item,seasonal_naive,2,9.011110545970775,0.15023709679575845
Store Item,seasonal_naive,3,8.1111115137736,0.13420502061646886
Store Item,seasonal_naive,4,9.25555629377012,0.14376395858669774
Store Item,seasonal_naive,5,9.344444596325909,0.1349159061433749
Store Item,seasonal_naive,6,9.955557123819986,0.1368845709067101
Store Item,seasonal_naive,7,9.499998594213414,0.12250329329965359
Store Item,seasonal_naive,8,7.711110623677572,0.15038127891550332
Store Item,seasonal_naive,9,8.09259289988765,0.13583369484265373
Store Item,seasonal_naive,10,7.670370818950512,0.12861451679322247
Store Item,seasonal_naive,11,9.27407383388943,0.138312662667235
Store Item,seasonal_naive,12,9.10370335402312,0.13020333672127857
Store Item,seasonal_naive,13,10.8037047068278,0.14224776731290678
Store Item,seasonal_naive,14,10.48888708750407,0.13049071505799903
Store Item,seasonal_naive,15,7.870370052478932,0.14756231464246197
Store Item,seasonal_naive,16,8.65555563326235,0.1446478406239555
Store Item,seasonal_naive,17,9.814815595414904,0.1633765621788885
Store Item,seasonal_naive,18,9.707408152686225,0.15106866309770772
Store Item,seasonal_naive,19,11.522222391764323,0.1690917767487692
Store Item,seasonal_naive,20,11.881482661211933,0.16321901510382578
Store Item,seasonal_naive,21,11.292592875162761,0.14843707970968853
Store Item,seasonal_naive,22,8.503702778286405,0.16372570447989643
Store Item,seasonal_naive,23,9.237036581392642,0.1549918462989498
Store Item,seasonal_naive,24,9.34814958219175,0.15619864240065662
Store Item,seasonal_naive,25,9.177778406496403,0.14228289599228175
Store Item,seasonal_naive,26,11.86666551872536,0.173619087292974
Store Item,seasonal_naive,27,12.537038569980197,0.171824250065864
Store Item,seasonal_naive,28,11.451849114453351,0.1491026651574419
Store Item,tcn_business,1,8.184900758295884,0.15771377598221356
Store Item,tcn_business,2,9.705829486140498,0.1611679292825401
Store Item,tcn_business,3,9.068204375843942,0.1485020735644741
Store Item,tcn_business,4,9.834855916765001,0.15181062209685728
Store Item,tcn_business,5,10.239602186650407,0.14747190267643617
Store Item,tcn_business,6,10.610705288545585,0.14506071595105835
Store Item,tcn_business,7,9.987330942978094,0.12863729486961806
Store Item,tcn_business,8,8.466062305591725,0.16347164428775657
Store Item,tcn_business,9,8.425790546558522,0.14088545956940124
Store Item,tcn_business,10,7.835715603534087,0.13126403156312058
Store Item,tcn_business,11,9.193178501835575,0.13719902252889998
Store Item,tcn_business,12,8.80683727853092,0.12572383381891516
Store Item,tcn_business,13,11.453934768394188,0.14997282201210296
Store Item,tcn_business,14,10.851914792001985,0.13429280151974332
Store Item,tcn_business,15,8.692203399281443,0.16164343395348876
Store Item,tcn_business,16,9.606561425291462,0.1582181335000974
Store Item,tcn_business,17,9.771349642011854,0.1607736929998157
Store Item,tcn_business,18,10.085977574336676,0.1543926149633616
Store Item,tcn_business,19,11.178065660264757,0.16087614087771873
Store Item,tcn_business,20,11.40967339409722,0.15382069854680575
Store Item,tcn_business,21,11.212760955904736,0.14384595424317126
Store Item,tcn_business,22,8.437556622352128,0.16062125365821464
Store Item,tcn_business,23,8.763662962265958,0.14529591079324955
Store Item,tcn_business,24,9.1642288102044,0.15056196473359235
Store Item,tcn_business,25,9.980505372271125,0.15322279485626614
Store Item,tcn_business,26,11.368854257795546,0.16112428678255308
Store Item,tcn_business,27,12.512036676760072,0.16780234403319272
Store Item,tcn_business,28,10.80745382544435,0.13837097500744516
Store Item,tcn_no_graph,1,7.27042260111114,0.13993630237605867
Store Item,tcn_no_graph,2,8.955692823433582,0.14829784229519385
Store Item,tcn_no_graph,3,8.042173241980283,0.13176904855418708
Store Item,tcn_no_graph,4,8.085281335571667,0.12431863620144647
Store Item,tcn_no_graph,5,9.25616794515539,0.13329970167036997
Store Item,tcn_no_graph,6,9.495760095855337,0.12992717088029349
Store Item,tcn_no_graph,7,9.19288343500208,0.11746441668304675
Store Item,tcn_no_graph,8,7.591203894438568,0.14644711311400485
Store Item,tcn_no_graph,9,7.776718070183272,0.12923364058240563
Store Item,tcn_no_graph,10,7.852097241672469,0.1308579061675547
Store Item,tcn_no_graph,11,9.419001715860249,0.14004385329090446
Store Item,tcn_no_graph,12,7.926268493982009,0.11329140959191857
Store Item,tcn_no_graph,13,9.387228485389992,0.12349169571209921
Store Item,tcn_no_graph,14,9.461009282241633,0.11729587233586868
Store Item,tcn_no_graph,15,8.200906641689349,0.1523310000484115
Store Item,tcn_no_graph,16,8.163227227293415,0.13554302711451802
Store Item,tcn_no_graph,17,9.111371604307198,0.15100670705580654
Store Item,tcn_no_graph,18,9.140965246271204,0.1417849593460844
Store Item,tcn_no_graph,19,9.93812213709325,0.14476076127976772
Store Item,tcn_no_graph,20,10.18121031537468,0.13971655606714978
Store Item,tcn_no_graph,21,10.276040566997764,0.1348376774453269
Store Item,tcn_no_graph,22,8.345766702110385,0.1607538834697747
Store Item,tcn_no_graph,23,8.348244020673963,0.13986023627342378
Store Item,tcn_no_graph,24,8.049311244634934,0.1340132732700203
Store Item,tcn_no_graph,25,8.200628096969039,0.12679430239813153
Store Item,tcn_no_graph,26,9.665915360862826,0.13994596007329843
Store Item,tcn_no_graph,27,10.326502305490001,0.14097739514855767
Store Item,tcn_no_graph,28,10.217290968953826,0.13357091856237813
Store Item,tcn_stat_confidence,1,7.981533859394215,0.15482708028334086
Store Item,tcn_stat_confidence,2,9.435766879423165,0.15746300700218335
Store Item,tcn_stat_confidence,3,8.762601913640529,0.1454823206911541
Store Item,tcn_stat_confidence,4,8.867358350165096,0.13794283870277543
Store Item,tcn_stat_confidence,5,10.018508156434988,0.14510186636402075
Store Item,tcn_stat_confidence,6,10.2173271626602,0.14147274337701282
Store Item,tcn_stat_confidence,7,9.628703159756132,0.12495510943197728
Store Item,tcn_stat_confidence,8,7.62578669536261,0.1488313280531338
Store Item,tcn_stat_confidence,9,7.844264952341716,0.13151559303741064
Store Item,tcn_stat_confidence,10,7.671828155753054,0.12917017630701957
Store Item,tcn_stat_confidence,11,9.366083689089175,0.1397035255179907
Store Item,tcn_stat_confidence,12,8.821955656122277,0.12626006458359484
Store Item,tcn_stat_confidence,13,10.482392485347795,0.1386788257470453
Store Item,tcn_stat_confidence,14,10.37521793930619,0.12942229288896814
Store Item,tcn_stat_confidence,15,8.072438163521849,0.15125308444710706
Store Item,tcn_stat_confidence,16,8.836456725038127,0.14710988706112277
Store Item,tcn_stat_confidence,17,9.230383954224763,0.15250508702971255
Store Item,tcn_stat_confidence,18,9.84209935105877,0.15164850320217388
Store Item,tcn_stat_confidence,19,10.404993985023028,0.15134928556397356
Store Item,tcn_stat_confidence,20,10.939186447049364,0.1487680290624992
Store Item,tcn_stat_confidence,21,10.959502135382758,0.14273714154540748
Store Item,tcn_stat_confidence,22,8.007717109020845,0.15321707935290962
Store Item,tcn_stat_confidence,23,8.76152374126293,0.14596451777285654
Store Item,tcn_stat_confidence,24,8.597965252252273,0.14299730722734666
Store Item,tcn_stat_confidence,25,9.190369533020773,0.1421540509212305
Store Item,tcn_stat_confidence,26,10.22889216505451,0.14791692246669594
Store Item,tcn_stat_confidence,27,11.500830487851744,0.156615876885701
Store Item,tcn_stat_confidence,28,10.291546617908242,0.13364681473284315
Store Item,tcn_stat_equal,1,8.025829004358362,0.15565645475696677
Store Item,tcn_stat_equal,2,9.441424166126017,0.1574233114292898
Store Item,tcn_stat_equal,3,8.944141916581142,0.14826042439109988
Store Item,tcn_stat_equal,4,9.047357529769709,0.1406556065330327
Store Item,tcn_stat_equal,5,10.217435423533122,0.14780735858695296
Store Item,tcn_stat_equal,6,10.181959357085052,0.14076429835795148
Store Item,tcn_stat_equal,7,9.829248442473235,0.12737540324196706
Store Item,tcn_stat_equal,8,7.809563587330006,0.1523726540692269
Store Item,tcn_stat_equal,9,7.537703642433073,0.1263530898617785
Store Item,tcn_stat_equal,10,7.711558446766418,0.12986869386810643
Store Item,tcn_stat_equal,11,9.272228615372269,0.138382019009988
Store Item,tcn_stat_equal,12,8.710252226134877,0.12467867420704001
Store Item,tcn_stat_equal,13,10.973537555741675,0.14476392097246532
Store Item,tcn_stat_equal,14,10.635016389540684,0.13243759828232732
Store Item,tcn_stat_equal,15,8.239381731292347,0.15429665259314873
Store Item,tcn_stat_equal,16,9.152739013860256,0.15190720767126287
Store Item,tcn_stat_equal,17,9.458262111522533,0.1558916519762329
Store Item,tcn_stat_equal,18,9.990130286746556,0.15350284955911642
Store Item,tcn_stat_equal,19,10.682603084893875,0.15481653108664348
Store Item,tcn_stat_equal,20,11.271412011134771,0.15280517195128543
Store Item,tcn_stat_equal,21,11.471016999232916,0.14874645321673818
Store Item,tcn_stat_equal,22,8.207018128147832,0.15665053631331347
Store Item,tcn_stat_equal,23,9.042726413114572,0.15023964261997483
Store Item,tcn_stat_equal,24,8.621857504197108,0.1428446712461352
Store Item,tcn_stat_equal,25,9.28114660051134,0.1433226049276686
Store Item,tcn_stat_equal,26,10.550396496572612,0.15163018873927137
Store Item,tcn_stat_equal,27,11.85464310116238,0.16071660802139784
Store Item,tcn_stat_equal,28,10.726119447637489,0.13860909887258113
Store Item,tcn_stat_placebo,1,7.2814101737222545,0.14041174422938899
Store Item,tcn_stat_placebo,2,8.607347650881167,0.1432637304922898
Store Item,tcn_stat_placebo,3,7.8911033112325795,0.1300654085601222
Store Item,tcn_stat_placebo,4,8.864889701796166,0.13721520035052215
Store Item,tcn_stat_placebo,5,9.17303457495607,0.13240497424685574
Store Item,tcn_stat_placebo,6,9.414505200327177,0.1288740748411893
Store Item,tcn_stat_placebo,7,9.241612613348314,0.11914134007619515
Store Item,tcn_stat_placebo,8,7.143885969232631,0.13916856682426026
Store Item,tcn_stat_placebo,9,7.746736221548951,0.12955103114747202
Store Item,tcn_stat_placebo,10,7.609621294045153,0.12755240173960697
Store Item,tcn_stat_placebo,11,8.641369659518018,0.1288284921573845
Store Item,tcn_stat_placebo,12,8.332921262434972,0.11915134110663697
Store Item,tcn_stat_placebo,13,9.178097861490132,0.12099839839785408
Store Item,tcn_stat_placebo,14,9.69510563508964,0.12048375311129325
Store Item,tcn_stat_placebo,15,7.459908707936604,0.13893051855781388
Store Item,tcn_stat_placebo,16,7.789747127485864,0.129687103062087
Store Item,tcn_stat_placebo,17,8.00080238978068,0.13277378129462186
Store Item,tcn_stat_placebo,18,7.800051306500848,0.12088336030393654
Store Item,tcn_stat_placebo,19,9.132299206580646,0.13331033801882924
Store Item,tcn_stat_placebo,20,9.572482492894302,0.13052332262139696
Store Item,tcn_stat_placebo,21,9.699826546657231,0.1267333136210165
Store Item,tcn_stat_placebo,22,7.333530528457077,0.14059932718976376
Store Item,tcn_stat_placebo,23,7.641588341748273,0.12743591468242305
Store Item,tcn_stat_placebo,24,7.546222886921448,0.12560230112690804
Store Item,tcn_stat_placebo,25,8.359019964712637,0.129233669989241
Store Item,tcn_stat_placebo,26,8.589045137240563,0.12477080306713881
Store Item,tcn_stat_placebo,27,9.834916625788182,0.13410791113538864
Store Item,tcn_stat_placebo,28,9.302459593172426,0.12058923253296205
Store Item,tcn_target_only,1,10.419620325535904,0.20254840528571794
Store Item,tcn_target_only,2,11.107765569804627,0.18661682902675844
Store Item,tcn_target_only,3,10.447985128708828,0.17365650490528006
Store Item,tcn_target_only,4,9.988816366077941,0.15687840173275835
Store Item,tcn_target_only,5,11.361514869737038,0.16555907636089381
Store Item,tcn_target_only,6,11.16935391838168,0.15578898140328898
Store Item,tcn_target_only,7,12.126083235093105,0.159636196140083
Store Item,tcn_target_only,8,10.272266671686996,0.2012993211426114
Store Item,tcn_target_only,9,9.854852326711018,0.16687199840892186
Store Item,tcn_target_only,10,9.859387980567085,0.16644134182359271
Store Item,tcn_target_only,11,9.82514544122013,0.14667404673983184
Store Item,tcn_target_only,12,11.535437278983034,0.16635118503591156
Store Item,tcn_target_only,13,13.156718734458641,0.17458138021390646
Store Item,tcn_target_only,14,12.474234698731221,0.15611835881861544
Store Item,tcn_target_only,15,9.382890635360905,0.17588868431726828
Store Item,tcn_target_only,16,11.26927396044319,0.18801175603615433
Store Item,tcn_target_only,17,11.920765913268665,0.19764189468936388
Store Item,tcn_target_only,18,11.687229072900466,0.18018249357938745
Store Item,tcn_target_only,19,11.57632679644926,0.1692583512791478
Store Item,tcn_target_only,20,14.023847509313512,0.19231182593083432
Store Item,tcn_target_only,21,14.337138592755354,0.18957402646954702
Store Item,tcn_target_only,22,9.53920939527912,0.18310350192545577
Store Item,tcn_target_only,23,11.349971491024819,0.18833101391849416
Store Item,tcn_target_only,24,10.628754658169218,0.1767588074577292
Store Item,tcn_target_only,25,11.683045201242706,0.18010391987161511
Store Item,tcn_target_only,26,12.108084369000093,0.17505402841732257
Store Item,tcn_target_only,27,14.139728152899094,0.19185460629459147
Store Item,tcn_target_only,28,12.002007054693905,0.1556655339185783
Store Item,timemixerpp,1,6.1249542165685575,0.1178833094158022
Store Item,timemixerpp,2,7.534063419294946,0.1251251540914587
Store Item,timemixerpp,3,6.734113269382053,0.11069313531339392
Store Item,timemixerpp,4,7.270212556109016,0.1123080490133066
Store Item,timemixerpp,5,7.734459633297391,0.11148842770697691
Store Item,timemixerpp,6,7.79990001961037,0.10692658253972337
Store Item,timemixerpp,7,7.527135837225267,0.09714261767307807
Store Item,timemixerpp,8,6.210041148574264,0.12132305779905453
Store Item,timemixerpp,9,6.615647618564559,0.11104690429673075
Store Item,timemixerpp,10,6.3295459429423016,0.10643136676702263
Store Item,timemixerpp,11,6.815193044403453,0.10162396484442182
Store Item,timemixerpp,12,6.960512918307457,0.09931997718090263
Store Item,timemixerpp,13,7.639068005408769,0.10066237130704306
Store Item,timemixerpp,14,7.721892896110628,0.09580926267572447
Store Item,timemixerpp,15,5.879314452041815,0.10970414841016835
Store Item,timemixerpp,16,6.745484401561596,0.11258081413432201
Store Item,timemixerpp,17,7.130852071738537,0.11902965683808595
Store Item,timemixerpp,18,7.480863334514477,0.11651642059907623
Store Item,timemixerpp,19,8.17803843933859,0.11944080614383573
Store Item,timemixerpp,20,8.785518455505372,0.12082831403909343
Store Item,timemixerpp,21,8.991498026435757,0.11759115073020698
Store Item,timemixerpp,22,6.334729325329816,0.12196989648814559
Store Item,timemixerpp,23,6.863485118489207,0.11493180382430704
Store Item,timemixerpp,24,6.869864138850459,0.11487809115964352
Store Item,timemixerpp,25,7.193693172784498,0.11124925088030377
Store Item,timemixerpp,26,8.65344092639876,0.12599815386629099
Store Item,timemixerpp,27,9.551585437633374,0.13068048574055427
Store Item,timemixerpp,28,8.370399996675092,0.1082570395049958
