"experiment_id","task_id","dataset","model_id","forecast_origin","seed","checkpoint_name","archived_relative_path","expected_release_asset","checkpoint_sha256","bytes","resolved_config_sha256","run_status_sha256","prediction_sha256","model_code_hash","data_protocol_hash","checkpoint_role","release_status","replay_status"
"unified_rerun_v1","v1_0190_favorita_20170301_dlinear_s13","Favorita","dlinear","2017-03-01","13","checkpoint_final.pt","<local-archive>/统一重跑实验_20260826/outputs/full_unified_run_v1/stage2/v1_0190_favorita_20170301_dlinear_s13/checkpoint_final.pt","unified_rerun_v1_checkpoints_favorita.zip","704c151263de8b35322ff7101b9c6dcdb8065e10f4f82bf7df8d32a040600589","79752","7c646f5017b14022f51a955db7230833f82df793a987aacbd920f98b1117e3ac","9be8ec6f4e9c48168e19e6b2c5d1ddfd2c2abefa3c50c30954a8c8fbe9608480","e78c2e64f7c2938377c4eaab62e4abce97761e19040b54c349e88a9cea46313e","not_recovered","cd0beeec37632daa955a38f9eba4e42ab5553d9daac470a0028c402132af43b1","final_refit","planned_not_uploaded","blocked_by_nonportable_model_and_data_interfaces"
"unified_rerun_v1","v1_0191_favorita_20170301_dlinear_s29","Favorita","dlinear","2017-03-01","29","checkpoint_final.pt","<local-archive>/统一重跑实验_20260826/outputs/full_unified_run_v1/stage2/v1_0191_favorita_20170301_dlinear_s29/checkpoint_final.pt","unified_rerun_v1_checkpoints_favorita.zip","c77e1b4c48fd6d1f5d9af4c7c244e529bb7e21b17346217f87429a8e398766c2","80328","1d179137571aef14b7acb2ee8ba95b87eb26b686c73534c51cbe28664ac806dc","a96d2511f7a5397e97e2d8609d1c78fae2d7769b58b00776cc02914d7db3374e","1a257f673f419def36ee2c08f17354a393cb09adafd777f3d1849189407b3d36","not_recovered","cd0beeec37632daa955a38f9eba4e42ab5553d9daac470a0028c402132af43b1","final_refit","planned_not_uploaded","blocked_by_nonportable_model_and_data_interfaces"
"unified_rerun_v1","v1_0192_favorita_20170301_dlinear_s47","Favorita","dlinear","2017-03-01","47","checkpoint_final.pt","<local-archive>/统一重跑实验_20260826/outputs/full_unified_run_v1/stage2/v1_0192_favorita_20170301_dlinear_s47/checkpoint_final.pt","unified_rerun_v1_checkpoints_favorita.zip","4111a434f819012c162a618a291c71a15eb1a8842b9431bfe18cab672ff4f3ab","79816","9fd04d3bd4d011e1d522669c3d986d60128756503a1460487cc263c1c92a5aa0","9a17ecad5bf6801ee80800d6077b569c946725adefd6d9c70b90fae17a79d705","7ba94c2390cacd2e95b0e2b87d76e06d7d2fe7217386167b5b961edaa467945f","not_recovered","cd0beeec37632daa955a38f9eba4e42ab5553d9daac470a0028c402132af43b1","final_refit","planned_not_uploaded","blocked_by_nonportable_model_and_data_interfaces"
"unified_rerun_v1","v1_0193_favorita_20170329_dlinear_s13","Favorita","dlinear","2017-03-29","13","checkpoint_final.pt","<local-archive>/统一重跑实验_20260826/outputs/full_unified_run_v1/stage2/v1_0193_favorita_20170329_dlinear_s13/checkpoint_final.pt","unified_rerun_v1_checkpoints_favorita.zip","b139dfecd0090583faa3b947c428a61dbf7666d159dc5a142ee5a9b48d9e5b57","79880","1ca4d49f73a6f24f0e6a661ce6710408e16527b79db83a85ab6673a1873f0251","f8061e5a81c280534a8609eb4657b7e0abde3fc73bd7638a554cf0846236e265","22ed68bae27a0ff6eee8d1a5989a4263fc8867863fcf30beeb775c4e88fddffc","not_recovered","345dabcf47b0f7e1fb1895e4c61f5d5ebffaa56e09a9f5b2d7896f439c70937b","final_refit","planned_not_uploaded","blocked_by_nonportable_model_and_data_interfaces"
"unified_rerun_v1","v1_0194_favorita_20170329_dlinear_s29","Favorita","dlinear","2017-03-29","29","checkpoint_final.pt","<local-archive>/统一重跑实验_20260826/outputs/full_unified_run_v1/stage2/v1_0194_favorita_20170329_dlinear_s29/checkpoint_final.pt","unified_rerun_v1_checkpoints_favorita.zip","f0563ed2b606bc60213e2dab799c40948c16d35b63bb1cfa32aef2853c013c5c","79560","df22362db7fe8136ada8133cf32549d719d9b989026ee00e0547b536cfb13e01","a61227b8d0214b0e2a7ffada5395ccb9c0b256b0d0acc6b1a8d564a5ecfc91d4","985f70f7bf2b08c0215d1b4c31240edb6ec22418fbd957b9bb679992e9fc0328","not_recovered","345dabcf47b0f7e1fb1895e4c61f5d5ebffaa56e09a9f5b2d7896f439c70937b","final_refit","planned_not_uploaded","blocked_by_nonportable_model_and_data_interfaces"
"unified_rerun_v1","v1_0195_favorita_20170329_dlinear_s47","Favorita","dlinear","2017-03-29","47","checkpoint_final.pt","<local-archive>/统一重跑实验_20260826/outputs/full_unified_run_v1/stage2/v1_0195_favorita_20170329_dlinear_s47/checkpoint_final.pt","unified_rerun_v1_checkpoints_favorita.zip","7165f59f5321c8e2839efa6ebd97ab418197e3d80416b53c1c3d0c088f70b469","79880","e52f7c84f955a165322f6428ba92a07e1ae59174cdd7572e4b93ba3a1766f25f","bd74ca8e146515b4316d5d44fee33cb0e8573946f9143bc4a390c68d90ae63ba","0fe5ad07be326c8a65af36298b031fc5fbdf889df9de6859e3f79bc7dbba7191","not_recovered","345dabcf47b0f7e1fb1895e4c61f5d5ebffaa56e09a9f5b2d7896f439c70937b","final_refit","planned_not_uploaded","blocked_by_nonportable_model_and_data_interfaces"
"unified_rerun_v1","v1_0196_favorita_20170426_dlinear_s13","Favorita","dlinear","2017-04-26","13","checkpoint_final.pt","<local-archive>/统一重跑实验_20260826/outputs/full_unified_run_v1/stage2/v1_0196_favorita_20170426_dlinear_s13/checkpoint_final.pt","unified_rerun_v1_checkpoints_favorita.zip","babd7837349ded4d6680870dbdb8b50de93599518f04eb6b5e34eb32081bddde","80840","ad6ee3d5a565c7efdc02f2f824f52ba6ffefa4fa344470e4eaf390f6daf20679","9b1fa447aa80d64b326ad366803b328dc557513a1c60d763bcb84e9eb1eb8159","407ec4b0343bfc80655ddaceec551d61d42676d8b15a83a5ae977e333b2023c2","not_recovered","c488ebe713d35972ff5a908aa6c2090b4ea444972f31abbf215c0d17998dda91","final_refit","planned_not_uploaded","blocked_by_nonportable_model_and_data_interfaces"
"unified_rerun_v1","v1_0197_favorita_20170426_dlinear_s29","Favorita","dlinear","2017-04-26","29","checkpoint_final.pt","<local-archive>/统一重跑实验_20260826/outputs/full_unified_run_v1/stage2/v1_0197_favorita_20170426_dlinear_s29/checkpoint_final.pt","unified_rerun_v1_checkpoints_favorita.zip","4538c9240dddc48b693fe8d505d8f7488f2304c9b4afc762643f1b0fcb20f9a3","80776","e6e79fe1aa176bab4c0a48e5d6aa794b423df6242a0c938d0cbb22c4c5fb964b","1030ba7219a1c5ea1cb00abf381df9155a431e3186ab945804c82011ac78ce1b","790ab05baf80701061366bbc9e5eff4d930edac9932ed6f04fcc1626b804750e","not_recovered","c488ebe713d35972ff5a908aa6c2090b4ea444972f31abbf215c0d17998dda91","final_refit","planned_not_uploaded","blocked_by_nonportable_model_and_data_interfaces"
"unified_rerun_v1","v1_0198_favorita_20170426_dlinear_s47","Favorita","dlinear","2017-04-26","47","checkpoint_final.pt","<local-archive>/统一重跑实验_20260826/outputs/full_unified_run_v1/stage2/v1_0198_favorita_20170426_dlinear_s47/checkpoint_final.pt","unified_rerun_v1_checkpoints_favorita.zip","bd45c9879f16317dcd21755bee8b632777e001117131093c04d313b3e1d5376c","80456","bb2645d6719c5c183c84cb66c521b15b06bb198031c186c690ca257facbd186c","52ee2a031c335d9c46e6f1e0b702d40726110e2280ef90a59d97d56a3d83d65f","db9f28c9201108e485c397d7060539988aca6138bd646ad92706c346f2ccf2f9","not_recovered","c488ebe713d35972ff5a908aa6c2090b4ea444972f31abbf215c0d17998dda91","final_refit","planned_not_uploaded","blocked_by_nonportable_model_and_data_interfaces"
"unified_rerun_v1","v1_0013_favorita_20170301_global_lightgbm_s13","Favorita","global_lightgbm","2017-03-01","13","checkpoint_final.pt","<local-archive>/统一重跑实验_20260826/outputs/full_unified_run_v1/stage2/v1_0013_favorita_20170301_global_lightgbm_s13/checkpoint_final.pt","unified_rerun_v1_checkpoints_favorita.zip","bb6aef3eb99cb8a5482ee9768827285d61656229d2544f0e32ae59558f733a60","1055840","ebe527e96d3a8ce1d5e2dea4e8e4b1922d1c1834c659e0e8cde614f77337436f","8ed4b5a7dd30450f88c3682e6e458c015e9646f059ef4e451c66e12fa42420cf","251e85cf5a8453526bfe77b6f95a8f84de1dbe8cef7aa4a4e3258ff7ef592ff5","not_recovered","cd0beeec37632daa955a38f9eba4e42ab5553d9daac470a0028c402132af43b1","final_refit","planned_not_uploaded","blocked_by_nonportable_model_and_data_interfaces"
"unified_rerun_v1","v1_0014_favorita_20170329_global_lightgbm_s13","Favorita","global_lightgbm","2017-03-29","13","checkpoint_final.pt","<local-archive>/统一重跑实验_20260826/outputs/full_unified_run_v1/stage2/v1_0014_favorita_20170329_global_lightgbm_s13/checkpoint_final.pt","unified_rerun_v1_checkpoints_favorita.zip","c2ca112ae77909344fa4ac35719299a7c01ba7a6213ef34c77da2260c9e7a0c1","1055584","08cef95957afd8363643c432affab2f45336fc8ab057751e07062deedebe54bf","92b714fb72a120e542e9c130890fd50f1b4a1eb3be54723d8909650679bd82a6","46c758fd89f9ecdfc5e3330bbb9ba3ff0d6f5664f60a850f35d4fe89206c993b","not_recovered","345dabcf47b0f7e1fb1895e4c61f5d5ebffaa56e09a9f5b2d7896f439c70937b","final_refit","planned_not_uploaded","blocked_by_nonportable_model_and_data_interfaces"
"unified_rerun_v1","v1_0015_favorita_20170426_global_lightgbm_s13","Favorita","global_lightgbm","2017-04-26","13","checkpoint_final.pt","<local-archive>/统一重跑实验_20260826/outputs/full_unified_run_v1/stage2/v1_0015_favorita_20170426_global_lightgbm_s13/checkpoint_final.pt","unified_rerun_v1_checkpoints_favorita.zip","06583aa14c0aea067fd628bee4ff47ffb4a15defabdf597d10b164d6c8997777","2034208","e787bf784b10689bcd30c4ef2f04f18bcdef48ff76292118eab012e3921002fd","0c7695abf09e01178ddb89fb2885bee405e4c5dafd7e21a6986755afa5a102c4","4df61e788056a166b511caadc724bac4aa1317121e42b3b6101e12a40a31a44e","not_recovered","c488ebe713d35972ff5a908aa6c2090b4ea444972f31abbf215c0d17998dda91","final_refit","planned_not_uploaded","blocked_by_nonportable_model_and_data_interfaces"
"unified_rerun_v1","v1_0352_favorita_20170301_gts_native_s13","Favorita","gts_native","2017-03-01","13","checkpoint_final.pt","<local-archive>/统一重跑实验_20260826/outputs/full_unified_run_v1/stage1/v1_0352_favorita_20170301_gts_native_s13/checkpoint_final.pt","unified_rerun_v1_checkpoints_favorita.zip","ef479f5a0ea9c040626ba7982d0baacff5e08801f9d49de264fa416e4da1603d","1643146","367b6a427304ad189337005ec9c1f88142cda7ca7c44e94560e2d7652ca0f5c0","22429a4c9d4e3e01968b00d52bfb2f96bda7860c2071ae287adeabd4a565c087","7657cfec9c2a37a42ad82005875b80b4715f7b7869f64ba36742c2e21c26734f","not_recovered","cd0beeec37632daa955a38f9eba4e42ab5553d9daac470a0028c402132af43b1","final_refit","planned_not_uploaded","blocked_by_nonportable_model_and_data_interfaces"
"unified_rerun_v1","v1_0353_favorita_20170301_gts_native_s29","Favorita","gts_native","2017-03-01","29","checkpoint_final.pt","<local-archive>/统一重跑实验_20260826/outputs/full_unified_run_v1/stage1/v1_0353_favorita_20170301_gts_native_s29/checkpoint_final.pt","unified_rerun_v1_checkpoints_favorita.zip","a9aa06ad639ee4d294350ef86774a0ac3c08098a97bb19d0b33b2052c5515a1d","1641994","b50dc115b29ffaeac9e2493085fe33293454d786cbd201759e7df1d39d05396b","b36511b41de8d961a18225b904fb6be69f40e43993fe17e0f4b92ee833bbf7a3","2f5c02ddde4287961f8cc034f0eef921c1d6fb78a9110d9d8e85b470c634d77b","not_recovered","cd0beeec37632daa955a38f9eba4e42ab5553d9daac470a0028c402132af43b1","final_refit","planned_not_uploaded","blocked_by_nonportable_model_and_data_interfaces"
"unified_rerun_v1","v1_0354_favorita_20170301_gts_native_s47","Favorita","gts_native","2017-03-01","47","checkpoint_final.pt","<local-archive>/统一重跑实验_20260826/outputs/full_unified_run_v1/stage1/v1_0354_favorita_20170301_gts_native_s47/checkpoint_final.pt","unified_rerun_v1_checkpoints_favorita.zip","ba686315189d09ad48d029047f3f3f48bb7c9bdfb2071d4e596d15d4a481bf0d","1643082","140ae96c1014280ac4d0c1e968311595f7b97d3d58e9f013df6d2852fe3afdd8","ac88f778145328d2f4de7e625d31da9b79f4fc150ce311df6fc545a34c83ff34","f891b6c41cbb8f3ed23cc1b70601f0aa695159d7ac05ff9799c0279016180109","not_recovered","cd0beeec37632daa955a38f9eba4e42ab5553d9daac470a0028c402132af43b1","final_refit","planned_not_uploaded","blocked_by_nonportable_model_and_data_interfaces"
"unified_rerun_v1","v1_0355_favorita_20170329_gts_native_s13","Favorita","gts_native","2017-03-29","13","checkpoint_final.pt","<local-archive>/统一重跑实验_20260826/outputs/full_unified_run_v1/stage1/v1_0355_favorita_20170329_gts_native_s13/checkpoint_final.pt","unified_rerun_v1_checkpoints_favorita.zip","b29cdf64ae3d4ee73851f92a95b0cdfe75ef033ee81daa3e20d8b326b1e42442","1642954","3779da0eeb58c331ffac3f26dbef3d792a82c711b604c0f8064933b0b358a883","81e16b59d58b98e0e616970a09fb0f9dfce80b5896190f6b82c583e501e46815","e84efa698703612cec7bd0f0327e56f601d06b2853460c3c7b25582664c308b4","not_recovered","345dabcf47b0f7e1fb1895e4c61f5d5ebffaa56e09a9f5b2d7896f439c70937b","final_refit","planned_not_uploaded","blocked_by_nonportable_model_and_data_interfaces"
"unified_rerun_v1","v1_0356_favorita_20170329_gts_native_s29","Favorita","gts_native","2017-03-29","29","checkpoint_final.pt","<local-archive>/统一重跑实验_20260826/outputs/full_unified_run_v1/stage1/v1_0356_favorita_20170329_gts_native_s29/checkpoint_final.pt","unified_rerun_v1_checkpoints_favorita.zip","d5d215b1a044f03fec4a63a1549a69280e73bb85db91e6715ae0c1a37adee84a","1641610","5b44a8f9063c25fc5bdac73fdd05151d6ac024b3be4dd2d686cdbdcda6ee3900","f430a4850f0cb38aa8ee634e392af6aaa752c7a10d5533658c72f377257934d9","12b05b4a000927fa9b2cc9827af4b41a0398946a8b92c8466c471e91005f479f","not_recovered","345dabcf47b0f7e1fb1895e4c61f5d5ebffaa56e09a9f5b2d7896f439c70937b","final_refit","planned_not_uploaded","blocked_by_nonportable_model_and_data_interfaces"
"unified_rerun_v1","v1_0357_favorita_20170329_gts_native_s47","Favorita","gts_native","2017-03-29","47","checkpoint_final.pt","<local-archive>/统一重跑实验_20260826/outputs/full_unified_run_v1/stage1/v1_0357_favorita_20170329_gts_native_s47/checkpoint_final.pt","unified_rerun_v1_checkpoints_favorita.zip","146f242a3205b42f1c13fbf5a6ba8a357076bc90314efd91d03704fd93b21c44","1641930","c24655dbcd5d4e87a370163332591cae572499b120b5c812b4262e722e487121","7e0273756a967ff87b826ce8a9077ebed2b613b463c5a7444bd3adc7e3bd754d","25fff0f145489b7e0049938a6bc40ec522c59dbd93fdb301ffd77e93a809a1c7","not_recovered","345dabcf47b0f7e1fb1895e4c61f5d5ebffaa56e09a9f5b2d7896f439c70937b","final_refit","planned_not_uploaded","blocked_by_nonportable_model_and_data_interfaces"
"unified_rerun_v1","v1_0358_favorita_20170426_gts_native_s13","Favorita","gts_native","2017-04-26","13","checkpoint_final.pt","<local-archive>/统一重跑实验_20260826/outputs/full_unified_run_v1/stage1/v1_0358_favorita_20170426_gts_native_s13/checkpoint_final.pt","unified_rerun_v1_checkpoints_favorita.zip","9cf73e1339479d674e075b50a767f6ecbf2a1bb8dab886350161b82a43788334","1643082","4ade4f117ef79d7c47b635253d3dacbdff5f2e17af9fe560d4692b57457ee59b","9b2b2e520d986fcb26d5933d17340ca529ab0fc4a84731e396ad15c1f697dab5","370545f98d6be5a03d2c0f3c155325084c01221849d71ff29cd89f208283b8e7","not_recovered","c488ebe713d35972ff5a908aa6c2090b4ea444972f31abbf215c0d17998dda91","final_refit","planned_not_uploaded","blocked_by_nonportable_model_and_data_interfaces"
"unified_rerun_v1","v1_0359_favorita_20170426_gts_native_s29","Favorita","gts_native","2017-04-26","29","checkpoint_final.pt","<local-archive>/统一重跑实验_20260826/outputs/full_unified_run_v1/stage1/v1_0359_favorita_20170426_gts_native_s29/checkpoint_final.pt","unified_rerun_v1_checkpoints_favorita.zip","8176cfa3fc1e993f645c3e06ba425e4b416d5bec0bc8c4570c70a0e4a3d53f32","1642314","5ac7436863497748300490f386497244f5ddab7a9813bc7ee779f454529fb4cc","c9430893ccf295ba81d180f04fd02c6d88d3f98a46d1e476455efa0c5c86beed","96ff675bd8050045c0fee7efa5446887b3fe59c576060c99fa8dec49e730015e","not_recovered","c488ebe713d35972ff5a908aa6c2090b4ea444972f31abbf215c0d17998dda91","final_refit","planned_not_uploaded","blocked_by_nonportable_model_and_data_interfaces"
"unified_rerun_v1","v1_0360_favorita_20170426_gts_native_s47","Favorita","gts_native","2017-04-26","47","checkpoint_final.pt","<local-archive>/统一重跑实验_20260826/outputs/full_unified_run_v1/stage1/v1_0360_favorita_20170426_gts_native_s47/checkpoint_final.pt","unified_rerun_v1_checkpoints_favorita.zip","fb1ca17de994414b8f7a866e3a79958a87964149438b1192b5794561348eb556","1642506","6a0d29bff65661c004cad772ba9bc8c6af0a8c31aba340cca3e40abf99898599","ecad6e5b7898ffa230ad69083b06371c8865b62463eeedad274d3008fa5ae694","1ae8f4434e21402c7bbd047e2351e34e51b59d31b901af70c82e8976fc79fb2f","not_recovered","c488ebe713d35972ff5a908aa6c2090b4ea444972f31abbf215c0d17998dda91","final_refit","planned_not_uploaded","blocked_by_nonportable_model_and_data_interfaces"
"unified_rerun_v1","v1_0379_favorita_20170301_gts_no_graph_s13","Favorita","gts_no_graph","2017-03-01","13","checkpoint_final.pt","<local-archive>/统一重跑实验_20260826/outputs/full_unified_run_v1/stage1/v1_0379_favorita_20170301_gts_no_graph_s13/checkpoint_final.pt","unified_rerun_v1_checkpoints_favorita.zip","b73ec7f824e76692d702fef78a65b63cc73423a189ab1b729a459336bf7e1f48","609098","1cb53e0dadf66fa80ccef75c16f815eccc6c86f400c67eb1b879e5ba4c1fd02e","44f230ae0d7eb9612a513b564843a64279537c3fcf39338d57f3b0c9a40b329b","2b28f817ae9acfd7c3910293d7a42b8892f3ec37c2493947e4323bd666ee7e98","not_recovered","cd0beeec37632daa955a38f9eba4e42ab5553d9daac470a0028c402132af43b1","final_refit","planned_not_uploaded","blocked_by_nonportable_model_and_data_interfaces"
"unified_rerun_v1","v1_0380_favorita_20170301_gts_no_graph_s29","Favorita","gts_no_graph","2017-03-01","29","checkpoint_final.pt","<local-archive>/统一重跑实验_20260826/outputs/full_unified_run_v1/stage1/v1_0380_favorita_20170301_gts_no_graph_s29/checkpoint_final.pt","unified_rerun_v1_checkpoints_favorita.zip","627b26f6cb64ec3294891b1a4d7cc0a1e44bbe215eccfb0209455b09fe1396b5","609034","ce1cee5f3753fcbd82839e408b102585b422c632403a31f393b1c016c980d083","367b01a1f9a4a73744c88ded47121b193c1e60a2a16c6a0ec4bd8293d60d3c8b","ce55f1cc7fb346557ab2f2856ae75506ce139d5dc92e4b3c43289a33ed8f6423","not_recovered","cd0beeec37632daa955a38f9eba4e42ab5553d9daac470a0028c402132af43b1","final_refit","planned_not_uploaded","blocked_by_nonportable_model_and_data_interfaces"
"unified_rerun_v1","v1_0381_favorita_20170301_gts_no_graph_s47","Favorita","gts_no_graph","2017-03-01","47","checkpoint_final.pt","<local-archive>/统一重跑实验_20260826/outputs/full_unified_run_v1/stage1/v1_0381_favorita_20170301_gts_no_graph_s47/checkpoint_final.pt","unified_rerun_v1_checkpoints_favorita.zip","ffdf03c94e58f43187d04ce63fd5a20c6e06f05eea18e5203d3c09818cd30146","609098","d4954405915d557dccbc58664633e0df4cb86040534fd4a55770264e00f11fa2","d5672dd7ad3971e0c4cc774ffb2eda2b0475484ba8dec719c2efbe63a719c13f","c32a769d57b850c9d50b5eac3b717d03cfbeb43102ea49c7dd4169cc5a28d6cd","not_recovered","cd0beeec37632daa955a38f9eba4e42ab5553d9daac470a0028c402132af43b1","final_refit","planned_not_uploaded","blocked_by_nonportable_model_and_data_interfaces"
"unified_rerun_v1","v1_0382_favorita_20170329_gts_no_graph_s13","Favorita","gts_no_graph","2017-03-29","13","checkpoint_final.pt","<local-archive>/统一重跑实验_20260826/outputs/full_unified_run_v1/stage1/v1_0382_favorita_20170329_gts_no_graph_s13/checkpoint_final.pt","unified_rerun_v1_checkpoints_favorita.zip","4e9b68916d3620c74e5f2c28aac5084cb6a23a8a4017c64e63206eec5660d4a0","609098","b61ff10ed976d8e2c5c509e81d33bad1720bb5c4e583212e56be617066f87f46","158c26983d9d95a86b4e0094656ecddc6c42a0bc9f6093d0f4a6ad5aaf17c484","1bf842ccb0200cbe908e47aff03b8d62d9d7c5f4c8389e32fd75bd82ad5da037","not_recovered","345dabcf47b0f7e1fb1895e4c61f5d5ebffaa56e09a9f5b2d7896f439c70937b","final_refit","planned_not_uploaded","blocked_by_nonportable_model_and_data_interfaces"
"unified_rerun_v1","v1_0383_favorita_20170329_gts_no_graph_s29","Favorita","gts_no_graph","2017-03-29","29","checkpoint_final.pt","<local-archive>/统一重跑实验_20260826/outputs/full_unified_run_v1/stage1/v1_0383_favorita_20170329_gts_no_graph_s29/checkpoint_final.pt","unified_rerun_v1_checkpoints_favorita.zip","efedcb0f2629a67b4345e726444fd5f4e8602de16caacc318a25a3e54a1da5c6","608842","391af06577781e25ce997465c99587d040c017a0cc8d5b1352652cd3117e588c","19781afde943e1e1b528dd655f941c855300597ff9c7e6fcfc0875e8efb667fe","98f737331192d9423f78a94bf0d7324407084220fdaa888e67e6b78abc3cbf8f","not_recovered","345dabcf47b0f7e1fb1895e4c61f5d5ebffaa56e09a9f5b2d7896f439c70937b","final_refit","planned_not_uploaded","blocked_by_nonportable_model_and_data_interfaces"
"unified_rerun_v1","v1_0384_favorita_20170329_gts_no_graph_s47","Favorita","gts_no_graph","2017-03-29","47","checkpoint_final.pt","<local-archive>/统一重跑实验_20260826/outputs/full_unified_run_v1/stage1/v1_0384_favorita_20170329_gts_no_graph_s47/checkpoint_final.pt","unified_rerun_v1_checkpoints_favorita.zip","91c4ae3a02a90ea53c5aacbaee4c9708cdefc9b21a0af11952b78becfac8ed3b","608330","8868426a6cfdb129bd103b4d666fe7bccecccb702743365284bdddac64a52604","6834dca24d388d96227c5d55c5de2f695a665c9f4423424b295a83f2b2d9d7fb","2bb06706c4e770bc8730faf4dc2c0ae1e8a5b7914973e74aed13aec7366dd549","not_recovered","345dabcf47b0f7e1fb1895e4c61f5d5ebffaa56e09a9f5b2d7896f439c70937b","final_refit","planned_not_uploaded","blocked_by_nonportable_model_and_data_interfaces"
"unified_rerun_v1","v1_0385_favorita_20170426_gts_no_graph_s13","Favorita","gts_no_graph","2017-04-26","13","checkpoint_final.pt","<local-archive>/统一重跑实验_20260826/outputs/full_unified_run_v1/stage1/v1_0385_favorita_20170426_gts_no_graph_s13/checkpoint_final.pt","unified_rerun_v1_checkpoints_favorita.zip","928302e6decf5d47dff80ff83a39d8ac2ded14cbafac2452b8d2565ea94f75e5","609162","ecdc38c869e39f3427280e65c7b0dc1875e4de12ceae3d448bd42786f585cf57","bbf6a7fd7f4acfcd4b04905bc8b45834364e2ec016d2e5a949a1cbfa76bf5dcf","3e4514b3489c8772b7001d9b836514b9fc0fdd47b7bef681c6d3ef452bd74a2d","not_recovered","c488ebe713d35972ff5a908aa6c2090b4ea444972f31abbf215c0d17998dda91","final_refit","planned_not_uploaded","blocked_by_nonportable_model_and_data_interfaces"
"unified_rerun_v1","v1_0386_favorita_20170426_gts_no_graph_s29","Favorita","gts_no_graph","2017-04-26","29","checkpoint_final.pt","<local-archive>/统一重跑实验_20260826/outputs/full_unified_run_v1/stage1/v1_0386_favorita_20170426_gts_no_graph_s29/checkpoint_final.pt","unified_rerun_v1_checkpoints_favorita.zip","57d7c70299477814364af0fe2c24e2c7618d1b385d07d9a6e4e5d6ffe49d3790","609034","62a7713554c2b961d75a7a5dc1c182606b6ae996f88b459cddb50c3f78370520","e0c93f109c6a34bb530b9ab28da16c4276ec4b0485e8357b8c6995719d8d5659","ab7fef0c41384ba5c185bba71999a430b0e03e65b7f610aa2cadfe48b7e708aa","not_recovered","c488ebe713d35972ff5a908aa6c2090b4ea444972f31abbf215c0d17998dda91","final_refit","planned_not_uploaded","blocked_by_nonportable_model_and_data_interfaces"
"unified_rerun_v1","v1_0387_favorita_20170426_gts_no_graph_s47","Favorita","gts_no_graph","2017-04-26","47","checkpoint_final.pt","<local-archive>/统一重跑实验_20260826/outputs/full_unified_run_v1/stage1/v1_0387_favorita_20170426_gts_no_graph_s47/checkpoint_final.pt","unified_rerun_v1_checkpoints_favorita.zip","89c1542a1843fd89688dc6acadfccc4e375acf7a33b865bf8512de1142a6adc3","609098","d1300ffb56a909b3276dc894f229813ccd8285723d77a2a3bbae38fd4409516d","2fd0c782690cef0493acc4c2ae2bf4afaa865453c0efdc47918011a172158176","937bb22d76143e90e108e3339c7f2dd048cc404c3d9ed7e16e6ec7967b5f38ae","not_recovered","c488ebe713d35972ff5a908aa6c2090b4ea444972f31abbf215c0d17998dda91","final_refit","planned_not_uploaded","blocked_by_nonportable_model_and_data_interfaces"
"unified_rerun_v1","v1_0406_favorita_20170301_gts_placebo_s13","Favorita","gts_placebo","2017-03-01","13","checkpoint_final.pt","<local-archive>/统一重跑实验_20260826/outputs/full_unified_run_v1/stage1/v1_0406_favorita_20170301_gts_placebo_s13/checkpoint_final.pt","unified_rerun_v1_checkpoints_favorita.zip","3e8506bec1bdeb5f364ec9748f8a881b55b58e2f8c98d29799671e2faf2aee58","1643082","7cd96e825b1e451edfd58eda2bf523530c70f37ad4e771de5dfb426842f6d710","b18a23d877f93309e90be146208190979c6c5b5740cfcb1a60e97df7d3a034e8","741ee6b54745c4ac6a906fd20e2bf47d2e9f5719f89cc4ef204bcbee498a7939","not_recovered","cd0beeec37632daa955a38f9eba4e42ab5553d9daac470a0028c402132af43b1","final_refit","planned_not_uploaded","blocked_by_nonportable_model_and_data_interfaces"
"unified_rerun_v1","v1_0407_favorita_20170301_gts_placebo_s29","Favorita","gts_placebo","2017-03-01","29","checkpoint_final.pt","<local-archive>/统一重跑实验_20260826/outputs/full_unified_run_v1/stage1/v1_0407_favorita_20170301_gts_placebo_s29/checkpoint_final.pt","unified_rerun_v1_checkpoints_favorita.zip","19925e4d4b3fd73a7a336ed9e69177697e3534593f4a26fe9092b6fba707496e","1643082","0842faad7005ac1859fce1427ab63d906fd272cf172879aadcc8cf729f25abb0","7eaf8fc4c871e2108454c3e386649becbd39de1294209577fe3838b80d2d8445","ed93278837e5645ecfdc237a74e8c4fc7c9ecb78c18c06e7da45bd87a68b58e6","not_recovered","cd0beeec37632daa955a38f9eba4e42ab5553d9daac470a0028c402132af43b1","final_refit","planned_not_uploaded","blocked_by_nonportable_model_and_data_interfaces"
"unified_rerun_v1","v1_0408_favorita_20170301_gts_placebo_s47","Favorita","gts_placebo","2017-03-01","47","checkpoint_final.pt","<local-archive>/统一重跑实验_20260826/outputs/full_unified_run_v1/stage1/v1_0408_favorita_20170301_gts_placebo_s47/checkpoint_final.pt","unified_rerun_v1_checkpoints_favorita.zip","7e9852781e67efc1ec9c648671d1198cd28caa1d4087193cd3bd521f5eb61a8d","1641994","1b54e4963c00b9776b880cde86ce6b55351ecb0d8eb0e6f6c21e0f582eca62c0","ed35abed4878b8ec0ad27c2347002e3bc4f68cad33ee3051ee416c22f7254f71","d9c8355b2fa69c7b2fdc42355d5907acb0223d4ad60561751fa977e979948103","not_recovered","cd0beeec37632daa955a38f9eba4e42ab5553d9daac470a0028c402132af43b1","final_refit","planned_not_uploaded","blocked_by_nonportable_model_and_data_interfaces"
"unified_rerun_v1","v1_0409_favorita_20170329_gts_placebo_s13","Favorita","gts_placebo","2017-03-29","13","checkpoint_final.pt","<local-archive>/统一重跑实验_20260826/outputs/full_unified_run_v1/stage1/v1_0409_favorita_20170329_gts_placebo_s13/checkpoint_final.pt","unified_rerun_v1_checkpoints_favorita.zip","91cefaedc9116a5f7695eeae252c2c9d88bff87868c6fe335297ff07107d48ce","1643082","8d3ed5c3f55870206a275d3c6d361aa09972a7050dbddddd3cd17592af5a396d","e7634b9c0f7ae4e58258aa688ac38b1ae57433bace5bde26f4bef5c88c85d04b","cbeb7498d7281569fef77f229d9a84bdc5f130e2d1f51d990df62edb49c3bf14","not_recovered","345dabcf47b0f7e1fb1895e4c61f5d5ebffaa56e09a9f5b2d7896f439c70937b","final_refit","planned_not_uploaded","blocked_by_nonportable_model_and_data_interfaces"
"unified_rerun_v1","v1_0410_favorita_20170329_gts_placebo_s29","Favorita","gts_placebo","2017-03-29","29","checkpoint_final.pt","<local-archive>/统一重跑实验_20260826/outputs/full_unified_run_v1/stage1/v1_0410_favorita_20170329_gts_placebo_s29/checkpoint_final.pt","unified_rerun_v1_checkpoints_favorita.zip","8728fa48178df759a609bdc69cd736ec7e00ef0175abd41beddf4b708f5788f3","1643082","5f07b4cbd3339ac92757289014ecff1c948b63fb069e1c96a928e1965eabfb40","6ecfa1bfb3c3401209e1fb987b46b4a0041319140573c678b57ff910dd190ca8","d30d044ef68155f0e83dcd3d5e51bca8f396071aca6057a473194c1b07b8f248","not_recovered","345dabcf47b0f7e1fb1895e4c61f5d5ebffaa56e09a9f5b2d7896f439c70937b","final_refit","planned_not_uploaded","blocked_by_nonportable_model_and_data_interfaces"
"unified_rerun_v1","v1_0411_favorita_20170329_gts_placebo_s47","Favorita","gts_placebo","2017-03-29","47","checkpoint_final.pt","<local-archive>/统一重跑实验_20260826/outputs/full_unified_run_v1/stage1/v1_0411_favorita_20170329_gts_placebo_s47/checkpoint_final.pt","unified_rerun_v1_checkpoints_favorita.zip","3823daebd44dc79379abd505203f2875c17afe63f68bae9e1b59d697af0ef554","1642890","d0d6b20b8e0c49fca9d93c77533f0b00c07fdc33f626c2d3e72df2ffeec12948","4215bb7efc3393b2cc8e266cb3fd672afab7fe56ef85a488b87637b747d8da75","e4095001fa6bc1115c2203e6a9dada528084968fb6eaaf1b805e530d4100db9d","not_recovered","345dabcf47b0f7e1fb1895e4c61f5d5ebffaa56e09a9f5b2d7896f439c70937b","final_refit","planned_not_uploaded","blocked_by_nonportable_model_and_data_interfaces"
"unified_rerun_v1","v1_0412_favorita_20170426_gts_placebo_s13","Favorita","gts_placebo","2017-04-26","13","checkpoint_final.pt","<local-archive>/统一重跑实验_20260826/outputs/full_unified_run_v1/stage1/v1_0412_favorita_20170426_gts_placebo_s13/checkpoint_final.pt","unified_rerun_v1_checkpoints_favorita.zip","cbc16cee1c3fd3226d2c88cc76b337ede906ae51385c8a1fd8f73d7e26c20c89","1642826","b56a98d0d3c36fa93ef4b302b656207694df99ca3bee0516f55269a24309fd84","db46a70a4d0effbfeb4b9eab6e180a785d69680d1864f3d920d455f76818a19c","b865532e608280dba4bc9173f59b69432fcb821af77cafe852d6cbcc4a5405ca","not_recovered","c488ebe713d35972ff5a908aa6c2090b4ea444972f31abbf215c0d17998dda91","final_refit","planned_not_uploaded","blocked_by_nonportable_model_and_data_interfaces"
"unified_rerun_v1","v1_0413_favorita_20170426_gts_placebo_s29","Favorita","gts_placebo","2017-04-26","29","checkpoint_final.pt","<local-archive>/统一重跑实验_20260826/outputs/full_unified_run_v1/stage1/v1_0413_favorita_20170426_gts_placebo_s29/checkpoint_final.pt","unified_rerun_v1_checkpoints_favorita.zip","a8237780c2578df40398b404f7c3d1be47e9e038642ee05b2aa9e53760607eec","1643146","b813e567ec68c0f671e9cba9cc1ef107ae4adebeac861f9ada448a7dcb1dbe29","a13cd9360a1698ca2b5f4927cb1f5cee426b55123460bb70b2fadac4969f9bb3","f0162347893889c5df37831933cd42afbf5b6a0a0a016cdad708cf1538ac7b28","not_recovered","c488ebe713d35972ff5a908aa6c2090b4ea444972f31abbf215c0d17998dda91","final_refit","planned_not_uploaded","blocked_by_nonportable_model_and_data_interfaces"
"unified_rerun_v1","v1_0414_favorita_20170426_gts_placebo_s47","Favorita","gts_placebo","2017-04-26","47","checkpoint_final.pt","<local-archive>/统一重跑实验_20260826/outputs/full_unified_run_v1/stage1/v1_0414_favorita_20170426_gts_placebo_s47/checkpoint_final.pt","unified_rerun_v1_checkpoints_favorita.zip","a275f6bbd95c87931da8a4b6fbf5e96389f45f5d6da94303eea9ef08fd0866a2","1643082","769cdfb0f997d312aaa31a37d76e1177954f2e8c6cb54621334a1b599c7f3583","50f53a81f2e0adbc1b901f20c2ff662bbdd20daa068a0c233ce317946bdfce22","b43f5840d51e6323a768e3c952248d14eec6e6cf32aac0dbfe445b84a106ff32","not_recovered","c488ebe713d35972ff5a908aa6c2090b4ea444972f31abbf215c0d17998dda91","final_refit","planned_not_uploaded","blocked_by_nonportable_model_and_data_interfaces"
"unified_rerun_v1","v1_0271_favorita_20170301_itransformer_s13","Favorita","itransformer","2017-03-01","13","checkpoint_final.pt","<local-archive>/统一重跑实验_20260826/outputs/full_unified_run_v1/stage2/v1_0271_favorita_20170301_itransformer_s13/checkpoint_final.pt","unified_rerun_v1_checkpoints_favorita.zip","6798ea152b991c6e204a8b35a7c74fdaf61f89532332cf1e224c97dc9898385f","955246","6b604f68ff936c8eb3b5a6ff9d91eb64e838f7ffc507e816ab5cd3a3dc68d219","3b2e837ae5dbc58728f42c2bc007abff927a565a3b83b19ae4d36df9d1fd859a","c8b28649c3642bda4adf62ab6e13144ec49ee709eec125d4743057e22350a075","not_recovered","cd0beeec37632daa955a38f9eba4e42ab5553d9daac470a0028c402132af43b1","final_refit","planned_not_uploaded","blocked_by_nonportable_model_and_data_interfaces"
"unified_rerun_v1","v1_0272_favorita_20170301_itransformer_s29","Favorita","itransformer","2017-03-01","29","checkpoint_final.pt","<local-archive>/统一重跑实验_20260826/outputs/full_unified_run_v1/stage2/v1_0272_favorita_20170301_itransformer_s29/checkpoint_final.pt","unified_rerun_v1_checkpoints_favorita.zip","63467c2d2fd968b3ec0d047187ba2022d2eea0dd7f6d03db5042690f2b7b1a27","955310","169b213acf5cb1e08f6866a290ccdaeb84c0ad2c3f82383e1708979ba2011133","20475f2722282a85cfbc3eec44750db0c6c047db9b524b211bd2f02d75c13863","382ab2d196d021dddc07fa288167f18a373face841d658f4d5445a3830aa7413","not_recovered","cd0beeec37632daa955a38f9eba4e42ab5553d9daac470a0028c402132af43b1","final_refit","planned_not_uploaded","blocked_by_nonportable_model_and_data_interfaces"
"unified_rerun_v1","v1_0273_favorita_20170301_itransformer_s47","Favorita","itransformer","2017-03-01","47","checkpoint_final.pt","<local-archive>/统一重跑实验_20260826/outputs/full_unified_run_v1/stage2/v1_0273_favorita_20170301_itransformer_s47/checkpoint_final.pt","unified_rerun_v1_checkpoints_favorita.zip","c0ae3f2ed52129f6826b25139195345c27eb13ac201ae847a624bda503f32b26","955246","20b2a2cf6c9955ae8bcbb35a397ee21e1fcceb028b3498809eaf9052f1666cae","809109013e0698b3027da8156ec8b00e3f75b3b6f87e551cbf8df0477e8b7503","edf03de938ffc3951f87d90167097a57dd9a1002fdf27987e4a64505f5a453e5","not_recovered","cd0beeec37632daa955a38f9eba4e42ab5553d9daac470a0028c402132af43b1","final_refit","planned_not_uploaded","blocked_by_nonportable_model_and_data_interfaces"
"unified_rerun_v1","v1_0274_favorita_20170329_itransformer_s13","Favorita","itransformer","2017-03-29","13","checkpoint_final.pt","<local-archive>/统一重跑实验_20260826/outputs/full_unified_run_v1/stage2/v1_0274_favorita_20170329_itransformer_s13/checkpoint_final.pt","unified_rerun_v1_checkpoints_favorita.zip","c5ca48dee2bd2ff411e380ca112aca401a3e8eb56622cae184c9981854d223ce","955182","6f9eb39e134b3447102a3eade30c3f018add86c66f52813f9fc24528f5eea4b1","51b0a40dd07a18a9b45cd7265ddaa0fba6275beee1e39fc8ced00d8f8513d7dc","210de9fb754a6b6bfa60a2a539302dda3c4f6471d7abda7a27ca3f79c99d6547","not_recovered","345dabcf47b0f7e1fb1895e4c61f5d5ebffaa56e09a9f5b2d7896f439c70937b","final_refit","planned_not_uploaded","blocked_by_nonportable_model_and_data_interfaces"
"unified_rerun_v1","v1_0275_favorita_20170329_itransformer_s29","Favorita","itransformer","2017-03-29","29","checkpoint_final.pt","<local-archive>/统一重跑实验_20260826/outputs/full_unified_run_v1/stage2/v1_0275_favorita_20170329_itransformer_s29/checkpoint_final.pt","unified_rerun_v1_checkpoints_favorita.zip","f3b9ac5c57762e5a3f47cb659523a30cf5fd83a4e9ed10d496bf943e9c014ba7","955374","acfbbf7ed54d5bb62ac6910db9fda9c8bbaae50de82499011541972f40112638","88756d7a7c43b4401b0e23ad41f8cb4f09ce8fba972149ffb055d7390b988a3b","a2f542c454831756d445fbb50c4a99aad743e7bb67fe9496083a099493a28e00","not_recovered","345dabcf47b0f7e1fb1895e4c61f5d5ebffaa56e09a9f5b2d7896f439c70937b","final_refit","planned_not_uploaded","blocked_by_nonportable_model_and_data_interfaces"
"unified_rerun_v1","v1_0276_favorita_20170329_itransformer_s47","Favorita","itransformer","2017-03-29","47","checkpoint_final.pt","<local-archive>/统一重跑实验_20260826/outputs/full_unified_run_v1/stage2/v1_0276_favorita_20170329_itransformer_s47/checkpoint_final.pt","unified_rerun_v1_checkpoints_favorita.zip","063640ea2b1acc8b2539a15a28b377928a4d1a50d3c92646b530fa65ebdc73a6","955246","9faf298a871d1d31cc2d37f7c2437de327bdca974ac39b047bdd4857af24795d","e6b417c1a6efd0db3b73afbd3120db53f69fb41956953d1c6f3adec4ec110da6","1a84d6a37ac650ed71175d857c791f32359b7dc7990110a0e287da032de850b2","not_recovered","345dabcf47b0f7e1fb1895e4c61f5d5ebffaa56e09a9f5b2d7896f439c70937b","final_refit","planned_not_uploaded","blocked_by_nonportable_model_and_data_interfaces"
"unified_rerun_v1","v1_0277_favorita_20170426_itransformer_s13","Favorita","itransformer","2017-04-26","13","checkpoint_final.pt","<local-archive>/统一重跑实验_20260826/outputs/full_unified_run_v1/stage2/v1_0277_favorita_20170426_itransformer_s13/checkpoint_final.pt","unified_rerun_v1_checkpoints_favorita.zip","304f03d07bf48201ac2172edc7ea5966980646367abab2a01f271287f34c814f","955758","b6a891a90c04595d884e546e537115ca385499708319546b5ef7523486c37743","fa1a85a3ca3b1f5635d92aa40af0e4755e3615eb95a8f3453040ca5788f656a7","9b38ab7796ea1cabc97506e596effc3fefbbc2c4cb249dd673a89a30ed488bec","not_recovered","c488ebe713d35972ff5a908aa6c2090b4ea444972f31abbf215c0d17998dda91","final_refit","planned_not_uploaded","blocked_by_nonportable_model_and_data_interfaces"
"unified_rerun_v1","v1_0278_favorita_20170426_itransformer_s29","Favorita","itransformer","2017-04-26","29","checkpoint_final.pt","<local-archive>/统一重跑实验_20260826/outputs/full_unified_run_v1/stage2/v1_0278_favorita_20170426_itransformer_s29/checkpoint_final.pt","unified_rerun_v1_checkpoints_favorita.zip","73883afac5dfff3c745886c5343a4915707f4ebc248a4688ccdeb710e51938e9","955630","22e0f3d40187e71d3bf9d5542f32be594f2fdf7bcc4c36904e6572bb971a3fbd","743c9dd07b8e1f384982e226d26eec070e927962b95431a3837c0def5192ab38","d53b1667eb552517acd4b2fe6609aabf49764dc8ae89e4c6c7b019add04ec4c0","not_recovered","c488ebe713d35972ff5a908aa6c2090b4ea444972f31abbf215c0d17998dda91","final_refit","planned_not_uploaded","blocked_by_nonportable_model_and_data_interfaces"
"unified_rerun_v1","v1_0279_favorita_20170426_itransformer_s47","Favorita","itransformer","2017-04-26","47","checkpoint_final.pt","<local-archive>/统一重跑实验_20260826/outputs/full_unified_run_v1/stage2/v1_0279_favorita_20170426_itransformer_s47/checkpoint_final.pt","unified_rerun_v1_checkpoints_favorita.zip","f238455a87f4e257ea592133d85ca5a2508c4a50199f388c05f28e75f5bfa122","955310","f2a34400f07285eefc856d3659fed2a70b85760347f7c89f6df60e2c97eb1364","aa2c066431d4d01f293869e26e770cde5f9e47b5a324e345e16a68df9af50efa","6c77c33bdf0023a153cb95748418afcbfa4671342b8e1e737ffb582a8e13d115","not_recovered","c488ebe713d35972ff5a908aa6c2090b4ea444972f31abbf215c0d17998dda91","final_refit","planned_not_uploaded","blocked_by_nonportable_model_and_data_interfaces"
"unified_rerun_v1","v1_0514_favorita_20170301_mage_native_s13","Favorita","mage_native","2017-03-01","13","checkpoint_final.pt","<local-archive>/统一重跑实验_20260826/outputs/full_unified_run_v1/stage1/v1_0514_favorita_20170301_mage_native_s13/checkpoint_final.pt","unified_rerun_v1_checkpoints_favorita.zip","a789932a8259c631ce7485f27cd84dfdef25d0071f7dc036a937bcdc44d01f65","2325834","dfd1b6946d426b1bac27b03bc4830ee0a2b492216e363c8131b6a03a987a9e55","4a41d2c2cfca5479bfe5bc17ef7fb18ee4ccefce7b98f6a3d4b50d3097f38436","29b6c81b30ae82400994f058f06b1224117d9e7322dcfe1461c73c04b7b11c13","not_recovered","cd0beeec37632daa955a38f9eba4e42ab5553d9daac470a0028c402132af43b1","final_refit","planned_not_uploaded","blocked_by_nonportable_model_and_data_interfaces"
"unified_rerun_v1","v1_0515_favorita_20170301_mage_native_s29","Favorita","mage_native","2017-03-01","29","checkpoint_final.pt","<local-archive>/统一重跑实验_20260826/outputs/full_unified_run_v1/stage1/v1_0515_favorita_20170301_mage_native_s29/checkpoint_final.pt","unified_rerun_v1_checkpoints_favorita.zip","9b36e70eedd94d2d0f5da7075b35e7a569015ff78a90e74762eacaf25a896e57","2324426","d63a1699e0ee917d60cd0ef351c040f72d0d5ed929df0773ff3eda414b6806c6","729e53b3b1b2e323caeca1a0e4f8da1ad9277cd2b2d0ce7e4aba402248666a71","03596537215bc451885b2c0d57757bdece6cfd89c4ac5fa4c61a5d0b9008c734","not_recovered","cd0beeec37632daa955a38f9eba4e42ab5553d9daac470a0028c402132af43b1","final_refit","planned_not_uploaded","blocked_by_nonportable_model_and_data_interfaces"
"unified_rerun_v1","v1_0516_favorita_20170301_mage_native_s47","Favorita","mage_native","2017-03-01","47","checkpoint_final.pt","<local-archive>/统一重跑实验_20260826/outputs/full_unified_run_v1/stage1/v1_0516_favorita_20170301_mage_native_s47/checkpoint_final.pt","unified_rerun_v1_checkpoints_favorita.zip","f67b7aff39a3979c22270be750634d0a27bc5feabee27df15ceeffb17f9c0b63","2324682","f46b67725d98ba1b7785c004b8df6b604215120b04eeb82e315cf7f33721c53e","4e997025528741a13c1040b8f309e4b1e73991f4ada528eb7dbf5c9a36fa1743","e2b7fd6233c08b5e7126502bff3971f88aa0a5aa93ddb8c60461c72dcaf72ba7","not_recovered","cd0beeec37632daa955a38f9eba4e42ab5553d9daac470a0028c402132af43b1","final_refit","planned_not_uploaded","blocked_by_nonportable_model_and_data_interfaces"
"unified_rerun_v1","v1_0517_favorita_20170329_mage_native_s13","Favorita","mage_native","2017-03-29","13","checkpoint_final.pt","<local-archive>/统一重跑实验_20260826/outputs/full_unified_run_v1/stage1/v1_0517_favorita_20170329_mage_native_s13/checkpoint_final.pt","unified_rerun_v1_checkpoints_favorita.zip","dcbe2bb63420844a72544ea4cac69200f1cc8dd1e94d3d6c76ffe38795edf8f4","2324874","0af9e9e1a5ef207c98b43f1407d19df9a43563046bdcc3326728e515c17a9af6","38f7dfb41e05c27d29f0ae7529bc5496292829c4ee55520d10e74f52ae9e4a3a","028297e2ecac8bdeb8efd5d7b823714ded0e9d3695edea09f151a5a43fe9e149","not_recovered","345dabcf47b0f7e1fb1895e4c61f5d5ebffaa56e09a9f5b2d7896f439c70937b","final_refit","planned_not_uploaded","blocked_by_nonportable_model_and_data_interfaces"
"unified_rerun_v1","v1_0518_favorita_20170329_mage_native_s29","Favorita","mage_native","2017-03-29","29","checkpoint_final.pt","<local-archive>/统一重跑实验_20260826/outputs/full_unified_run_v1/stage1/v1_0518_favorita_20170329_mage_native_s29/checkpoint_final.pt","unified_rerun_v1_checkpoints_favorita.zip","8853d25ec2d03065bf963d550285c0610d8138c01376090071176607e78f0879","2324490","6d86c7bdb4d954a3021abd1c8422493ab4d436498cbc86593c94e0b293209ef8","8c2b0ed54dfa633738c5c1055a2be43dbd1cfcfea593a6bb8d26cb6e287da6bd","5769f713836cf6dfdaf419d6b52c46907dc2769c3838ae93eac242a916748986","not_recovered","345dabcf47b0f7e1fb1895e4c61f5d5ebffaa56e09a9f5b2d7896f439c70937b","final_refit","planned_not_uploaded","blocked_by_nonportable_model_and_data_interfaces"
"unified_rerun_v1","v1_0519_favorita_20170329_mage_native_s47","Favorita","mage_native","2017-03-29","47","checkpoint_final.pt","<local-archive>/统一重跑实验_20260826/outputs/full_unified_run_v1/stage1/v1_0519_favorita_20170329_mage_native_s47/checkpoint_final.pt","unified_rerun_v1_checkpoints_favorita.zip","518e31bda833b296d35342b9579ec4f259b9f13889ea53022eb34a36929ae667","2324810","d6f03a2742c55b85090e453688ae456d7302fb0fe872897f405774d491161e05","b31dd035c6823e53db64f3fa1bda25e0bf33aac72f60681973d4ba1005610ec2","00fd922bc05d6eef5700e9027f52654aaf218dfc6cb2f596a68fc2d97870466d","not_recovered","345dabcf47b0f7e1fb1895e4c61f5d5ebffaa56e09a9f5b2d7896f439c70937b","final_refit","planned_not_uploaded","blocked_by_nonportable_model_and_data_interfaces"
"unified_rerun_v1","v1_0520_favorita_20170426_mage_native_s13","Favorita","mage_native","2017-04-26","13","checkpoint_final.pt","<local-archive>/统一重跑实验_20260826/outputs/full_unified_run_v1/stage1/v1_0520_favorita_20170426_mage_native_s13/checkpoint_final.pt","unified_rerun_v1_checkpoints_favorita.zip","ef53d39502b830f65b5abf14fe0003a186ba067becdd052cf74c03ba4cd3ec00","2324746","d49952a55794e3dce747d3cb2f5c768afb3d1eca5bd8080c89b9524d3f238dfb","4b758cc3ed8f03a469e26b41ec142ad3df1328a7803ba14a305a24e2bc69e4c3","cdec8de8a820ae84519d101b4304797a91945561bac431387c3f62ecc1a68b4c","not_recovered","c488ebe713d35972ff5a908aa6c2090b4ea444972f31abbf215c0d17998dda91","final_refit","planned_not_uploaded","blocked_by_nonportable_model_and_data_interfaces"
"unified_rerun_v1","v1_0521_favorita_20170426_mage_native_s29","Favorita","mage_native","2017-04-26","29","checkpoint_final.pt","<local-archive>/统一重跑实验_20260826/outputs/full_unified_run_v1/stage1/v1_0521_favorita_20170426_mage_native_s29/checkpoint_final.pt","unified_rerun_v1_checkpoints_favorita.zip","dba7237212cba618ed756e2711c4c4cd2cfa7aa924dbd4b40a8e3302d997f36c","2325322","078c0fc587c1e8c4865c165f137c15b520e90fe9e9f9ce008e7bfbf8c58f2e7c","af2cd5493878703befca72c797db1af9f650e27a8a40279f3ff987ad4fe9e27c","c9ebdba1d1149873de4d886045a6be737d2d428510aabc7293b22eba7338b35a","not_recovered","c488ebe713d35972ff5a908aa6c2090b4ea444972f31abbf215c0d17998dda91","final_refit","planned_not_uploaded","blocked_by_nonportable_model_and_data_interfaces"
"unified_rerun_v1","v1_0522_favorita_20170426_mage_native_s47","Favorita","mage_native","2017-04-26","47","checkpoint_final.pt","<local-archive>/统一重跑实验_20260826/outputs/full_unified_run_v1/stage1/v1_0522_favorita_20170426_mage_native_s47/checkpoint_final.pt","unified_rerun_v1_checkpoints_favorita.zip","77afab7b8201ada89423e0ece71301180053843ab9f831513ca07f85e16aa9ab","2325642","6b25881f678ccc98c30b26ef04bfb7175c04edb2508657d3b2cea1450b1f2f9c","a31696a8967b49069104cd775a1347057c6f582e07839987728091fba185c4ef","d3f6814634e2fb075210e222a96efe2c8e0fb51bad3eae11dc5111d0f034ec17","not_recovered","c488ebe713d35972ff5a908aa6c2090b4ea444972f31abbf215c0d17998dda91","final_refit","planned_not_uploaded","blocked_by_nonportable_model_and_data_interfaces"
"unified_rerun_v1","v1_0541_favorita_20170301_mage_no_graph_s13","Favorita","mage_no_graph","2017-03-01","13","checkpoint_final.pt","<local-archive>/统一重跑实验_20260826/outputs/full_unified_run_v1/stage1/v1_0541_favorita_20170301_mage_no_graph_s13/checkpoint_final.pt","unified_rerun_v1_checkpoints_favorita.zip","f8f08a8ffa9987b81a32ba913ebf43d95616330158d6b896fc07decce421c507","2325386","32f639e93d766b43601a1b799f3b9109092783b56bd0adaa5391a560a8941128","2eab3d607da440a84222c8e1beab59eb2c5295bcc54a26e1345ebf63e6199644","490f8969fff30414e9d96db78670e0325d1cf46c9cd5b59797a314072dd62bd8","not_recovered","cd0beeec37632daa955a38f9eba4e42ab5553d9daac470a0028c402132af43b1","final_refit","planned_not_uploaded","blocked_by_nonportable_model_and_data_interfaces"
"unified_rerun_v1","v1_0542_favorita_20170301_mage_no_graph_s29","Favorita","mage_no_graph","2017-03-01","29","checkpoint_final.pt","<local-archive>/统一重跑实验_20260826/outputs/full_unified_run_v1/stage1/v1_0542_favorita_20170301_mage_no_graph_s29/checkpoint_final.pt","unified_rerun_v1_checkpoints_favorita.zip","09078ba1c066226a65438d7bb2e16a31a71da9fd9b5c5d0a5e9bb3a923b49197","2325130","732a9981014812e332c5aad419f6cc97c00d52780a4ecddb8629fcfcce93ff24","ea6a31c9e40a29e2a54b6d526b0790d52e4f66fbbf6491f8a3c8e7fa7e2c8ed2","5770c4637588676b9ddcbaa6d15086f4d6963b6e9aeecfaedefa38445e5f328b","not_recovered","cd0beeec37632daa955a38f9eba4e42ab5553d9daac470a0028c402132af43b1","final_refit","planned_not_uploaded","blocked_by_nonportable_model_and_data_interfaces"
"unified_rerun_v1","v1_0543_favorita_20170301_mage_no_graph_s47","Favorita","mage_no_graph","2017-03-01","47","checkpoint_final.pt","<local-archive>/统一重跑实验_20260826/outputs/full_unified_run_v1/stage1/v1_0543_favorita_20170301_mage_no_graph_s47/checkpoint_final.pt","unified_rerun_v1_checkpoints_favorita.zip","c73aa250032355e2f9012cab7904ca96902a131cf9f2e24a06bba8962282edd3","2324682","43642e9fc18b793de31a2e0c5b823b269c18a6335a27a11c25a9e962b64ef6a5","dfd84f9be0bdb8f2a5fabeeaec8bfe36a968dfd0df92060fb2a45b588a8a508a","fc6aea5a9bffc6f923ed848df021070be0270121c9fd0c5d03fa75f0ff2c55dd","not_recovered","cd0beeec37632daa955a38f9eba4e42ab5553d9daac470a0028c402132af43b1","final_refit","planned_not_uploaded","blocked_by_nonportable_model_and_data_interfaces"
"unified_rerun_v1","v1_0544_favorita_20170329_mage_no_graph_s13","Favorita","mage_no_graph","2017-03-29","13","checkpoint_final.pt","<local-archive>/统一重跑实验_20260826/outputs/full_unified_run_v1/stage1/v1_0544_favorita_20170329_mage_no_graph_s13/checkpoint_final.pt","unified_rerun_v1_checkpoints_favorita.zip","f9de2dca536fb7bc2420e015f930191cf182cdb19c7a2a0c1b5edaedc341cd18","2324618","c18ba89cea3a1a22e61190392315c71f0929af40392bf0fd07587d579838fbb4","392c7f47dd2cc3a12f12f6aed515ef228afe057bce0481f5d3968af5a6bfe94c","ae630809e2d68775c7648ff5b53dd2ca343dcb318ff4c2479d94848213f9af5f","not_recovered","345dabcf47b0f7e1fb1895e4c61f5d5ebffaa56e09a9f5b2d7896f439c70937b","final_refit","planned_not_uploaded","blocked_by_nonportable_model_and_data_interfaces"
"unified_rerun_v1","v1_0545_favorita_20170329_mage_no_graph_s29","Favorita","mage_no_graph","2017-03-29","29","checkpoint_final.pt","<local-archive>/统一重跑实验_20260826/outputs/full_unified_run_v1/stage1/v1_0545_favorita_20170329_mage_no_graph_s29/checkpoint_final.pt","unified_rerun_v1_checkpoints_favorita.zip","bc195047226a753aac2bc5197c47bd08853be2337e5f43e6a4f3951766e84b1a","2324682","188009b479440dafc4bc1549513b31e50a33cbccdfae8b1b6e1fa2c0f957fd05","e6d2bdaa926801f6c1f2dd492285083dfa36a4a1ec887b872e3696378fc6836f","f8de8cc7eb1421e36338ae34c43631c9051a0f80876f13b58e00c6c62518c9f9","not_recovered","345dabcf47b0f7e1fb1895e4c61f5d5ebffaa56e09a9f5b2d7896f439c70937b","final_refit","planned_not_uploaded","blocked_by_nonportable_model_and_data_interfaces"
"unified_rerun_v1","v1_0546_favorita_20170329_mage_no_graph_s47","Favorita","mage_no_graph","2017-03-29","47","checkpoint_final.pt","<local-archive>/统一重跑实验_20260826/outputs/full_unified_run_v1/stage1/v1_0546_favorita_20170329_mage_no_graph_s47/checkpoint_final.pt","unified_rerun_v1_checkpoints_favorita.zip","a216abfe1485b0cb4022bd746e97d99808a385b941b75e6d3e60f8bdc9397fb6","2324682","97d4c0c2a3ed26f5610d1c42591e63dbe5f3239072058c247221e0d74e18b007","a4a7b1c62e8bf9a3d45cc052fdf0704bcd84614251352804d579670ff08725be","b607a3557ae149203b79ece953a4a02da36c534af519aedaf5e8a081311aa24d","not_recovered","345dabcf47b0f7e1fb1895e4c61f5d5ebffaa56e09a9f5b2d7896f439c70937b","final_refit","planned_not_uploaded","blocked_by_nonportable_model_and_data_interfaces"
"unified_rerun_v1","v1_0547_favorita_20170426_mage_no_graph_s13","Favorita","mage_no_graph","2017-04-26","13","checkpoint_final.pt","<local-archive>/统一重跑实验_20260826/outputs/full_unified_run_v1/stage1/v1_0547_favorita_20170426_mage_no_graph_s13/checkpoint_final.pt","unified_rerun_v1_checkpoints_favorita.zip","88041b1d347d98dccb59479b60cfa5e00a1de9047d56c4e8dc7d6a1e48367e3a","2325258","cdffa2b3602085281863b3af70d097f448dec91f3f93b49f41fd87f0e4095811","fd3aa44a68579938d5d7c0813d847698f81b6f44b84f13eb51656ce294e52632","2139bbac4cad26d46aff663dcc842e36e75c5804e904e5baa5b57841913a69e2","not_recovered","c488ebe713d35972ff5a908aa6c2090b4ea444972f31abbf215c0d17998dda91","final_refit","planned_not_uploaded","blocked_by_nonportable_model_and_data_interfaces"
"unified_rerun_v1","v1_0548_favorita_20170426_mage_no_graph_s29","Favorita","mage_no_graph","2017-04-26","29","checkpoint_final.pt","<local-archive>/统一重跑实验_20260826/outputs/full_unified_run_v1/stage1/v1_0548_favorita_20170426_mage_no_graph_s29/checkpoint_final.pt","unified_rerun_v1_checkpoints_favorita.zip","94e98a55491f5f203ebbec33f0671c414e07d0c18f12fabf09be8be448b80bca","2325322","a8bbb226ff42978713e3dbe940ca9571122e6e1e48ad675a26eb74ff2e62ddd9","e865c69640fcf689a3b40c10e27f2d5381a977164b0e8807dd27c908ce0b0cdd","ae6dd822b9c6f07b8c023c1a6720fc4ce02fa45eef3a72af99d5d985472739b6","not_recovered","c488ebe713d35972ff5a908aa6c2090b4ea444972f31abbf215c0d17998dda91","final_refit","planned_not_uploaded","blocked_by_nonportable_model_and_data_interfaces"
"unified_rerun_v1","v1_0549_favorita_20170426_mage_no_graph_s47","Favorita","mage_no_graph","2017-04-26","47","checkpoint_final.pt","<local-archive>/统一重跑实验_20260826/outputs/full_unified_run_v1/stage1/v1_0549_favorita_20170426_mage_no_graph_s47/checkpoint_final.pt","unified_rerun_v1_checkpoints_favorita.zip","53cf3c257d2b800998da369f6bd7f60fa39d6261c9002b26ab143efa7a59ca07","2325706","98731d9ccf4aff6062e985db0244b4b70d99ef8274d2e0a7b08c58ca9f6bb500","3aaf16cae7793c6e4cdd865f22463c2fd5d845a4ce91623e69cdd347ddf5f6e5","2c3df726afc47925b3f6f5328cf02da3e0cfefdfde2d80fb8c3260d97e5da537","not_recovered","c488ebe713d35972ff5a908aa6c2090b4ea444972f31abbf215c0d17998dda91","final_refit","planned_not_uploaded","blocked_by_nonportable_model_and_data_interfaces"
"unified_rerun_v1","v1_0568_favorita_20170301_mage_placebo_s13","Favorita","mage_placebo","2017-03-01","13","checkpoint_final.pt","<local-archive>/统一重跑实验_20260826/outputs/full_unified_run_v1/stage1/v1_0568_favorita_20170301_mage_placebo_s13/checkpoint_final.pt","unified_rerun_v1_checkpoints_favorita.zip","8fcb7da221e6a2011642325aa8deb6bda0f5a5253b2f4086d6f229ccf29b4169","2325962","3ceb694b33be61384765010bc332e70666fd34730a0d5dccee0fcec7c3f61b10","cdb381ca253260427843a6f448b0e6e381d4711248eb2d595e4f908eb9a480b6","90c4b5faed6e2a6a4109da636fa429d480f90c93abb72aeb2ef994ad6d3442eb","not_recovered","cd0beeec37632daa955a38f9eba4e42ab5553d9daac470a0028c402132af43b1","final_refit","planned_not_uploaded","blocked_by_nonportable_model_and_data_interfaces"
"unified_rerun_v1","v1_0569_favorita_20170301_mage_placebo_s29","Favorita","mage_placebo","2017-03-01","29","checkpoint_final.pt","<local-archive>/统一重跑实验_20260826/outputs/full_unified_run_v1/stage1/v1_0569_favorita_20170301_mage_placebo_s29/checkpoint_final.pt","unified_rerun_v1_checkpoints_favorita.zip","148f5111c08a56566ccd760574ce080aa3644fca33dc3531b8f9856c4f16b6db","2324426","40938d4cf148d9130684f026ca4e632c16aae3fb4ed3950f52e8d1ccc081775e","62d5c5d9b85e4c3db1ae38f54a2b84f73e2345ef2099e222a0b67d488a7f8deb","830e3f908aad642458236229dc30345c6d1891ac2681792a3565763b0f339e62","not_recovered","cd0beeec37632daa955a38f9eba4e42ab5553d9daac470a0028c402132af43b1","final_refit","planned_not_uploaded","blocked_by_nonportable_model_and_data_interfaces"
"unified_rerun_v1","v1_0570_favorita_20170301_mage_placebo_s47","Favorita","mage_placebo","2017-03-01","47","checkpoint_final.pt","<local-archive>/统一重跑实验_20260826/outputs/full_unified_run_v1/stage1/v1_0570_favorita_20170301_mage_placebo_s47/checkpoint_final.pt","unified_rerun_v1_checkpoints_favorita.zip","fca22d548b984be5925d033c0ee4e2422937833fbd4587180a099949b56203d4","2324682","38f395291b4e7ccae80026c2f22f3556b01f9b851f46c93053af1b6ec4e9d8d9","f44e598a069166b00ca2a5c5e7fc2df28529267e5f19967696ed074775d5f89f","544ff65d4c7a3027908c392664b4edbd5d1fce4cea014cee839f8ba1ceb5ef06","not_recovered","cd0beeec37632daa955a38f9eba4e42ab5553d9daac470a0028c402132af43b1","final_refit","planned_not_uploaded","blocked_by_nonportable_model_and_data_interfaces"
"unified_rerun_v1","v1_0571_favorita_20170329_mage_placebo_s13","Favorita","mage_placebo","2017-03-29","13","checkpoint_final.pt","<local-archive>/统一重跑实验_20260826/outputs/full_unified_run_v1/stage1/v1_0571_favorita_20170329_mage_placebo_s13/checkpoint_final.pt","unified_rerun_v1_checkpoints_favorita.zip","e72eeac3d105dc9f10aade9332d68483194b9667aecab9f247c230519f927101","2324874","f72d262d61a0bc92552529f48ca65077b126e58a731981eb9323d23ee6eca573","760f5d19ce89b0aad6b3a74cba1250de0db2a536fbc0fa84ecb333b990e92be1","a479f4c82f3818d21b4fa30b7e11dfd22bba96473fdd725c186e446378546ff8","not_recovered","345dabcf47b0f7e1fb1895e4c61f5d5ebffaa56e09a9f5b2d7896f439c70937b","final_refit","planned_not_uploaded","blocked_by_nonportable_model_and_data_interfaces"
"unified_rerun_v1","v1_0572_favorita_20170329_mage_placebo_s29","Favorita","mage_placebo","2017-03-29","29","checkpoint_final.pt","<local-archive>/统一重跑实验_20260826/outputs/full_unified_run_v1/stage1/v1_0572_favorita_20170329_mage_placebo_s29/checkpoint_final.pt","unified_rerun_v1_checkpoints_favorita.zip","afa986c1f125bc336dac17f868bcb47197ae77912bcba2dee02987da4c803414","2324490","ac370b2a8a0c5893d73be74705c60f90775815075a0b1721288cbcdcb34c432d","e7d5d4af91964fa7addb076a56743d861b8c140d0879f5033f0ea11d199fc38d","5ac18bb6d717c4ed844f19ae63485c45e347a71ace922eb05b8ba4e44c6dd9b0","not_recovered","345dabcf47b0f7e1fb1895e4c61f5d5ebffaa56e09a9f5b2d7896f439c70937b","final_refit","planned_not_uploaded","blocked_by_nonportable_model_and_data_interfaces"
"unified_rerun_v1","v1_0573_favorita_20170329_mage_placebo_s47","Favorita","mage_placebo","2017-03-29","47","checkpoint_final.pt","<local-archive>/统一重跑实验_20260826/outputs/full_unified_run_v1/stage1/v1_0573_favorita_20170329_mage_placebo_s47/checkpoint_final.pt","unified_rerun_v1_checkpoints_favorita.zip","ba99deefee25c953de4383e841e05023b40daeabbbfecc3f456114720973150b","2324810","2f1b62a681ce7e1f8ee20f99c6a9d2679532a367578134969067245d73c63eea","e60c1943def8af56213446b5919d545f5171e23b704c79b43f1da22cff23e867","34099f3e6093ca0a948f78b8a6f9896a683bf5b3e92cdb78a9313e59c107a82c","not_recovered","345dabcf47b0f7e1fb1895e4c61f5d5ebffaa56e09a9f5b2d7896f439c70937b","final_refit","planned_not_uploaded","blocked_by_nonportable_model_and_data_interfaces"
"unified_rerun_v1","v1_0574_favorita_20170426_mage_placebo_s13","Favorita","mage_placebo","2017-04-26","13","checkpoint_final.pt","<local-archive>/统一重跑实验_20260826/outputs/full_unified_run_v1/stage1/v1_0574_favorita_20170426_mage_placebo_s13/checkpoint_final.pt","unified_rerun_v1_checkpoints_favorita.zip","b023a26da99c82962c5ca7c21c367cb379fc69bfab2786be68e402a3f0885438","2324746","487d93877120a00fbd863c7e25b657108b89e433f2b71b8d0a473be7bb6a8602","cdd09ca6c33109c6b47c3c2768bea9380b7a93730aab4cd574cf406639d4c672","81e698c79a9d2a1a40b06c5802f8dee833decdd55e30901f0e12e12637ca55ce","not_recovered","c488ebe713d35972ff5a908aa6c2090b4ea444972f31abbf215c0d17998dda91","final_refit","planned_not_uploaded","blocked_by_nonportable_model_and_data_interfaces"
"unified_rerun_v1","v1_0575_favorita_20170426_mage_placebo_s29","Favorita","mage_placebo","2017-04-26","29","checkpoint_final.pt","<local-archive>/统一重跑实验_20260826/outputs/full_unified_run_v1/stage1/v1_0575_favorita_20170426_mage_placebo_s29/checkpoint_final.pt","unified_rerun_v1_checkpoints_favorita.zip","059c1915fd5f1497edd83007ebe423b173c0c4cf8bb173a3715f95af19368dcb","2325322","905b776da47ebd2a5d4d0baa27affe42ccbb1d0c6a80bc36cb1d87923c5e5225","0227dfabfb06c5c38312263d8396110b2f7abb3ec35a13f56d9845f9749f3bc4","b2b81fbd84aa988887e6ce84f4408eced268cbc92a5295b709d9c4ea45901bd2","not_recovered","c488ebe713d35972ff5a908aa6c2090b4ea444972f31abbf215c0d17998dda91","final_refit","planned_not_uploaded","blocked_by_nonportable_model_and_data_interfaces"
"unified_rerun_v1","v1_0576_favorita_20170426_mage_placebo_s47","Favorita","mage_placebo","2017-04-26","47","checkpoint_final.pt","<local-archive>/统一重跑实验_20260826/outputs/full_unified_run_v1/stage1/v1_0576_favorita_20170426_mage_placebo_s47/checkpoint_final.pt","unified_rerun_v1_checkpoints_favorita.zip","36dce24867d608df93c6b58b81f2c45691b63cf867784765a9fa4c760dfe4330","2325642","b4d948e968c30a1f1341c2d3c8ad2d812b0d552da02042b87ccaafb552c59cd5","3d1d67c4a085bec28de44b36f062b6100191af24e606888af2e40412514c53c6","076e7b92650b8bb5feeb2b026cfd60b97800857b6335bf2d7881695e0a1c9ed6","not_recovered","c488ebe713d35972ff5a908aa6c2090b4ea444972f31abbf215c0d17998dda91","final_refit","planned_not_uploaded","blocked_by_nonportable_model_and_data_interfaces"
"unified_rerun_v1","v1_0595_favorita_20170301_metadata_embedding_tcn_s13","Favorita","metadata_embedding_tcn","2017-03-01","13","checkpoint_final.pt","<local-archive>/统一重跑实验_20260826/outputs/full_unified_run_v1/stage1/v1_0595_favorita_20170301_metadata_embedding_tcn_s13/checkpoint_final.pt","unified_rerun_v1_checkpoints_favorita.zip","da1ab49840a41b537d114197ab3bb9bd0d32346d0ec83f20237f912ee0bef0a7","655368","e5d8cb43557372163ebc48d555844f7c55bcac6e21e05c2bec167ac5681c86f0","f21c1d3fe9f7648a7ae08daa6cdcfd487180486b439b2874506ad0101529be2c","6b66cf18e58de78c9cdb98df969b21ed3d2c6814b6855ea317619fbe8dce9675","not_recovered","cd0beeec37632daa955a38f9eba4e42ab5553d9daac470a0028c402132af43b1","final_refit","planned_not_uploaded","blocked_by_nonportable_model_and_data_interfaces"
"unified_rerun_v1","v1_0596_favorita_20170301_metadata_embedding_tcn_s29","Favorita","metadata_embedding_tcn","2017-03-01","29","checkpoint_final.pt","<local-archive>/统一重跑实验_20260826/outputs/full_unified_run_v1/stage1/v1_0596_favorita_20170301_metadata_embedding_tcn_s29/checkpoint_final.pt","unified_rerun_v1_checkpoints_favorita.zip","349901b356737b54efc20c96f05e0dd55afb91fed9f4c42b9ee03abae4f125ef","655368","24717201d3db1b6092b2a77b68425a523f255c2002e16f189b9887dfa5337c1e","6b2deb50366ff31cd2679c05441f76f8c8d2a505fc90000aec6b64ad27ddc3c2","f6386f1ef6b37d0f84da5df5cf51a7a9c6610ccc57d90254991b8d660d3f27f0","not_recovered","cd0beeec37632daa955a38f9eba4e42ab5553d9daac470a0028c402132af43b1","final_refit","planned_not_uploaded","blocked_by_nonportable_model_and_data_interfaces"
"unified_rerun_v1","v1_0597_favorita_20170301_metadata_embedding_tcn_s47","Favorita","metadata_embedding_tcn","2017-03-01","47","checkpoint_final.pt","<local-archive>/统一重跑实验_20260826/outputs/full_unified_run_v1/stage1/v1_0597_favorita_20170301_metadata_embedding_tcn_s47/checkpoint_final.pt","unified_rerun_v1_checkpoints_favorita.zip","e82a5e70348d051e58670f17673a137a50b7f79c5833e72e21f96835c7896402","655944","b86a8e0c2cad8f1c9f43689a4fe2fbc60411059d98c43d0a7fc34925a8242090","e006206df48a8ecf7df79226f065711126019ae488c7457e21c07411e90ebf48","37e32bd899153e5ed61df34f76c496376ba438d209f56df21c81bb18d6b58c6a","not_recovered","cd0beeec37632daa955a38f9eba4e42ab5553d9daac470a0028c402132af43b1","final_refit","planned_not_uploaded","blocked_by_nonportable_model_and_data_interfaces"
"unified_rerun_v1","v1_0598_favorita_20170329_metadata_embedding_tcn_s13","Favorita","metadata_embedding_tcn","2017-03-29","13","checkpoint_final.pt","<local-archive>/统一重跑实验_20260826/outputs/full_unified_run_v1/stage1/v1_0598_favorita_20170329_metadata_embedding_tcn_s13/checkpoint_final.pt","unified_rerun_v1_checkpoints_favorita.zip","1f0578911cb9750400ae042c8dca6cc0e72134e5e70586ce52f564ac603745d9","655112","4a7bf89567f136d041bc067d6c3a0479f49be78b34d057f646d2580b8d039000","f91e4270ce55edbf0e17e056c71feb7beebe53fd94c722891e9a9502e26fb395","57acd394a35056647f2439941d89de99fe8b862af74ee20080ffb98f28c2464b","not_recovered","345dabcf47b0f7e1fb1895e4c61f5d5ebffaa56e09a9f5b2d7896f439c70937b","final_refit","planned_not_uploaded","blocked_by_nonportable_model_and_data_interfaces"
"unified_rerun_v1","v1_0599_favorita_20170329_metadata_embedding_tcn_s29","Favorita","metadata_embedding_tcn","2017-03-29","29","checkpoint_final.pt","<local-archive>/统一重跑实验_20260826/outputs/full_unified_run_v1/stage1/v1_0599_favorita_20170329_metadata_embedding_tcn_s29/checkpoint_final.pt","unified_rerun_v1_checkpoints_favorita.zip","7a975ef882ca02d7f1cd216174bbeabbaa08f7d687001b34c878238ef79dd96d","655240","98481d57bd10bb824433a789059aeda43eeb0e2b220578edc48c54c239134482","3bdb2bd929bd9caf91984b79b0ad260d9c203a713f9d18afbcb4335db92e4816","abad8a4b6f23c67bbb4c8444cee71a29616d88b3b5e719c697c163cdfabf499f","not_recovered","345dabcf47b0f7e1fb1895e4c61f5d5ebffaa56e09a9f5b2d7896f439c70937b","final_refit","planned_not_uploaded","blocked_by_nonportable_model_and_data_interfaces"
"unified_rerun_v1","v1_0600_favorita_20170329_metadata_embedding_tcn_s47","Favorita","metadata_embedding_tcn","2017-03-29","47","checkpoint_final.pt","<local-archive>/统一重跑实验_20260826/outputs/full_unified_run_v1/stage1/v1_0600_favorita_20170329_metadata_embedding_tcn_s47/checkpoint_final.pt","unified_rerun_v1_checkpoints_favorita.zip","1cd10f4392de0efd32d4a5c2b0058f8428fafe3927d237ac48ab7e3eb8353ab0","655176","04ef0306a60f9b883b191af194ddf4eedb8132eee8e3df7bd91ac7d125c35e05","24c95442457b6620fd753f1a6fd1ca9599e675c598825222f7b1f586d5d6df02","15427b031d6c8f9daba9b8b3586b0d93a0e7461bdbd9a8d2a6169a581d38b5a9","not_recovered","345dabcf47b0f7e1fb1895e4c61f5d5ebffaa56e09a9f5b2d7896f439c70937b","final_refit","planned_not_uploaded","blocked_by_nonportable_model_and_data_interfaces"
"unified_rerun_v1","v1_0601_favorita_20170426_metadata_embedding_tcn_s13","Favorita","metadata_embedding_tcn","2017-04-26","13","checkpoint_final.pt","<local-archive>/统一重跑实验_20260826/outputs/full_unified_run_v1/stage1/v1_0601_favorita_20170426_metadata_embedding_tcn_s13/checkpoint_final.pt","unified_rerun_v1_checkpoints_favorita.zip","131c5bb385437ecc989625616249e8b91d35171a4e4cebbde59ca929792de966","656520","9833091ed9b9f777074a7f4f405304d9ae9d8991a31504a64af8d90ea58ea002","aca91d5715aaa17e66caec3fffaf470b487ff910bd5ef4d8b324ea6caa9480b6","58baed817d267361c1d6c04df2eaa9a66e9d8f7fb42e8c43c59da5553c185d51","not_recovered","c488ebe713d35972ff5a908aa6c2090b4ea444972f31abbf215c0d17998dda91","final_refit","planned_not_uploaded","blocked_by_nonportable_model_and_data_interfaces"
"unified_rerun_v1","v1_0602_favorita_20170426_metadata_embedding_tcn_s29","Favorita","metadata_embedding_tcn","2017-04-26","29","checkpoint_final.pt","<local-archive>/统一重跑实验_20260826/outputs/full_unified_run_v1/stage1/v1_0602_favorita_20170426_metadata_embedding_tcn_s29/checkpoint_final.pt","unified_rerun_v1_checkpoints_favorita.zip","bb415df63c847c6bff70d08b029e96a4d67b46610aa87869b4aec03464663344","656008","b38b2169f540a62963a829fefb1f47f9880afa9eb464a264f06838186b5ade8e","1782f70270381fc57b5be9b10298844e9153b539a841c6afabfde5faab3354f5","369f346448fc6fd214657103b19b3a417e742151613ef209511920222eff1c40","not_recovered","c488ebe713d35972ff5a908aa6c2090b4ea444972f31abbf215c0d17998dda91","final_refit","planned_not_uploaded","blocked_by_nonportable_model_and_data_interfaces"
"unified_rerun_v1","v1_0603_favorita_20170426_metadata_embedding_tcn_s47","Favorita","metadata_embedding_tcn","2017-04-26","47","checkpoint_final.pt","<local-archive>/统一重跑实验_20260826/outputs/full_unified_run_v1/stage1/v1_0603_favorita_20170426_metadata_embedding_tcn_s47/checkpoint_final.pt","unified_rerun_v1_checkpoints_favorita.zip","d1dd79afe2caf5494b6a09bdbc44febe8caaac50f70d3e6e8100612ae132821b","656072","15957b34d6baaa40d6917b24f10ac2b93371ff5a79e0969f9286341806e204df","965abeac28be34ba36b9d47fd8e800a7ad31ad0604bab96d8d51b06c62ea6a0f","8b0337ab0b5bf3943a4981d75561aadf910ac616e7d6e9b4a37989eb94e1f39a","not_recovered","c488ebe713d35972ff5a908aa6c2090b4ea444972f31abbf215c0d17998dda91","final_refit","planned_not_uploaded","blocked_by_nonportable_model_and_data_interfaces"
"unified_rerun_v1","v1_0325_favorita_20170301_mixlinear_s13","Favorita","mixlinear","2017-03-01","13","checkpoint_final.pt","<local-archive>/统一重跑实验_20260826/outputs/full_unified_run_v1/stage2/v1_0325_favorita_20170301_mixlinear_s13/checkpoint_final.pt","unified_rerun_v1_checkpoints_favorita.zip","0652c4d530df3d2816ba04a0dd1dd0f53d36bc396cf4f1deb2b5ff919027c583","24444","b65a15de5df7ea3d39f1bce12d09414554291c4aa643148e42599042287c2aae","7c2ebde7dceb0472830de6c98fc4fc822c067ba7b2733ae5fc3280ce533e844c","00b2946700b0bd2155299668218c449867308e0f0a0aa7931f0fd4c1d5b20fe4","not_recovered","cd0beeec37632daa955a38f9eba4e42ab5553d9daac470a0028c402132af43b1","final_refit","planned_not_uploaded","blocked_by_nonportable_model_and_data_interfaces"
"unified_rerun_v1","v1_0326_favorita_20170301_mixlinear_s29","Favorita","mixlinear","2017-03-01","29","checkpoint_final.pt","<local-archive>/统一重跑实验_20260826/outputs/full_unified_run_v1/stage2/v1_0326_favorita_20170301_mixlinear_s29/checkpoint_final.pt","unified_rerun_v1_checkpoints_favorita.zip","58f38b4ea0abd70cdde8794474e98f6c3aae3643ad76edb695a437bd533c2a0b","23484","74d5ed20ea964a6257712124673c995b63f6c5b141e99211f8024a4f03526853","31896c7746a2368af99272392466d7acd0cbc7b78067bffccdc7a601197e53dd","7be821d05db486332a799348b81c2d1a9a7b49d2bd2f4ec05e9a3e0df67837b9","not_recovered","cd0beeec37632daa955a38f9eba4e42ab5553d9daac470a0028c402132af43b1","final_refit","planned_not_uploaded","blocked_by_nonportable_model_and_data_interfaces"
"unified_rerun_v1","v1_0327_favorita_20170301_mixlinear_s47","Favorita","mixlinear","2017-03-01","47","checkpoint_final.pt","<local-archive>/统一重跑实验_20260826/outputs/full_unified_run_v1/stage2/v1_0327_favorita_20170301_mixlinear_s47/checkpoint_final.pt","unified_rerun_v1_checkpoints_favorita.zip","c4cde1e5709eb25debecf83f832d62334cbe48a59151d4cf9564c3326ddc58da","23612","aa847dd962e28babda2ace2a0741aa1d2c77076e933b4e748f1f56810b5fb0d5","739de4294315aad9a46df5b329da7ff82d4ada651b910faa09a86f2ddfd7cb01","794e8de1bd91e921abd81435b0f43742c26bac0eff61b447353dbd90bcb38bd8","not_recovered","cd0beeec37632daa955a38f9eba4e42ab5553d9daac470a0028c402132af43b1","final_refit","planned_not_uploaded","blocked_by_nonportable_model_and_data_interfaces"
"unified_rerun_v1","v1_0328_favorita_20170329_mixlinear_s13","Favorita","mixlinear","2017-03-29","13","checkpoint_final.pt","<local-archive>/统一重跑实验_20260826/outputs/full_unified_run_v1/stage2/v1_0328_favorita_20170329_mixlinear_s13/checkpoint_final.pt","unified_rerun_v1_checkpoints_favorita.zip","c78382306064a3bfb6068da761976e62b914aa64d6f098aca7519d550db4132f","23548","581fec7be619d85a053583813da5a65fd8cf8d694a95ea7470806dff80f9b593","10a6c27bc5cd7b62e3e2bf33219702c7f5219a86eb7279f0137ff641d697b1e3","d9ce382ac371c66cc9427e4cc18f2d14e85165875be56fee8b0f05aeae413b1f","not_recovered","345dabcf47b0f7e1fb1895e4c61f5d5ebffaa56e09a9f5b2d7896f439c70937b","final_refit","planned_not_uploaded","blocked_by_nonportable_model_and_data_interfaces"
"unified_rerun_v1","v1_0329_favorita_20170329_mixlinear_s29","Favorita","mixlinear","2017-03-29","29","checkpoint_final.pt","<local-archive>/统一重跑实验_20260826/outputs/full_unified_run_v1/stage2/v1_0329_favorita_20170329_mixlinear_s29/checkpoint_final.pt","unified_rerun_v1_checkpoints_favorita.zip","c5bb2a3a7de2eb0aaf9bad3c2ca99a655033c073057080be63f6d0cb90725edb","23484","c9c251a433403d737bf2dbad348a05f6ff68af4a134e334474247d22ed761a75","c06b386fcc778f7a5075d50a4a37626b830ca054f001f88c1284a42578af72a2","41a829377bb07a2bd94dfaff51e17a201b5efec5a3aadc5686ebbe807e147417","not_recovered","345dabcf47b0f7e1fb1895e4c61f5d5ebffaa56e09a9f5b2d7896f439c70937b","final_refit","planned_not_uploaded","blocked_by_nonportable_model_and_data_interfaces"
"unified_rerun_v1","v1_0330_favorita_20170329_mixlinear_s47","Favorita","mixlinear","2017-03-29","47","checkpoint_final.pt","<local-archive>/统一重跑实验_20260826/outputs/full_unified_run_v1/stage2/v1_0330_favorita_20170329_mixlinear_s47/checkpoint_final.pt","unified_rerun_v1_checkpoints_favorita.zip","246f2dbeeced2c79b8a57f2aedd10932fcb3a130e25d44a0b0d98136e9a6b9d8","23484","645a262976d96f1f3b30cb4963734968f0ffc2a322ef1e94c7b4994366de33bf","cdf3048235ac46776ff97b9f464a49de5c377e8af0bc7673891c992fcb268f17","9202ff81e2dc8057b74e852d4cbdefbf340766e3acdc1cb85063669e7cd10cbe","not_recovered","345dabcf47b0f7e1fb1895e4c61f5d5ebffaa56e09a9f5b2d7896f439c70937b","final_refit","planned_not_uploaded","blocked_by_nonportable_model_and_data_interfaces"
"unified_rerun_v1","v1_0331_favorita_20170426_mixlinear_s13","Favorita","mixlinear","2017-04-26","13","checkpoint_final.pt","<local-archive>/统一重跑实验_20260826/outputs/full_unified_run_v1/stage2/v1_0331_favorita_20170426_mixlinear_s13/checkpoint_final.pt","unified_rerun_v1_checkpoints_favorita.zip","05865aaf87929f9e36dd2837537872d7021b7e84a19f817e16060bd252b5c004","23676","60bd1195fdbfe0b487315fdbc2143804bd455c390c6c0503bf3eda345ff53d83","406d05e4b132a308e2b31aef78ebd50beeeebf24d34bd76f2c0ca44046420ce6","c82e5501c22318eaa62ffef2982b84fec01809b042b68b9a49b10969a1223975","not_recovered","c488ebe713d35972ff5a908aa6c2090b4ea444972f31abbf215c0d17998dda91","final_refit","planned_not_uploaded","blocked_by_nonportable_model_and_data_interfaces"
"unified_rerun_v1","v1_0332_favorita_20170426_mixlinear_s29","Favorita","mixlinear","2017-04-26","29","checkpoint_final.pt","<local-archive>/统一重跑实验_20260826/outputs/full_unified_run_v1/stage2/v1_0332_favorita_20170426_mixlinear_s29/checkpoint_final.pt","unified_rerun_v1_checkpoints_favorita.zip","0b2a2e312607ce8b8ae38ac7dfc14232944ff10ae2813cc06b64bd2d7cb9daae","23804","9b838617040fb9d23db5769788b7a56852eceb8a349ce8c47f4d17c328ced188","99cf24ac9413ac431ea135695a5e8d2768280d112171be0cb9a73835785b6ce7","4a0ae41d341245e19f6ea655f1fc558a9edcd4fe312accd01dc7e71027924e6f","not_recovered","c488ebe713d35972ff5a908aa6c2090b4ea444972f31abbf215c0d17998dda91","final_refit","planned_not_uploaded","blocked_by_nonportable_model_and_data_interfaces"
"unified_rerun_v1","v1_0333_favorita_20170426_mixlinear_s47","Favorita","mixlinear","2017-04-26","47","checkpoint_final.pt","<local-archive>/统一重跑实验_20260826/outputs/full_unified_run_v1/stage2/v1_0333_favorita_20170426_mixlinear_s47/checkpoint_final.pt","unified_rerun_v1_checkpoints_favorita.zip","55d81ddfc8498d72db8e1c01164deed632dbc81e3741819541e3a807d368cec0","24316","f3e49c4e4c59d3013b897935504839f924587cdaeb30d0d82e1a45ecc091a755","fe0fcddae0f91b2f9dc38902246a1030f664ecc0c9b3290cde0d6aa1799b890d","9630f127032c1229d838b75ccd2fd8d8a3f9961d25372280d42b037c676b659a","not_recovered","c488ebe713d35972ff5a908aa6c2090b4ea444972f31abbf215c0d17998dda91","final_refit","planned_not_uploaded","blocked_by_nonportable_model_and_data_interfaces"
"unified_rerun_v1","v1_0433_favorita_20170301_mtgnn_native_s13","Favorita","mtgnn_native","2017-03-01","13","checkpoint_final.pt","<local-archive>/统一重跑实验_20260826/outputs/full_unified_run_v1/stage1/v1_0433_favorita_20170301_mtgnn_native_s13/checkpoint_final.pt","unified_rerun_v1_checkpoints_favorita.zip","552f0e041177c31afe5412d648a148ca4348dc9cdd97b1682376ca9acb79612b","22859424","c9fd27b486e23a1305833bc1df709090343ad156c74ece440e3c4a0f6b5b5bfa","fc361180df7b5e2028fe1244dded0c705c7e6c2e854377386b9069022e9b5c88","b8fedb1244db44988564004cf2216319747ac1d6b58ddd7ba6dcafcb25466cd2","not_recovered","cd0beeec37632daa955a38f9eba4e42ab5553d9daac470a0028c402132af43b1","final_refit","planned_not_uploaded","blocked_by_nonportable_model_and_data_interfaces"
"unified_rerun_v1","v1_0434_favorita_20170301_mtgnn_native_s29","Favorita","mtgnn_native","2017-03-01","29","checkpoint_final.pt","<local-archive>/统一重跑实验_20260826/outputs/full_unified_run_v1/stage1/v1_0434_favorita_20170301_mtgnn_native_s29/checkpoint_final.pt","unified_rerun_v1_checkpoints_favorita.zip","123feab4e8ee855af071a25ae7b1d9306e2652c9e1b6e83ad323b7ddd898d19e","22859296","da4d5a9e568d7f77c85daeea3a35d8e28b67371f484e7cbf7168d3f354281a2a","cf1096a58d54febeb17af5fd5cb9b8a9259e6b44b0b2b54fe9456664208f7b22","733b2736f8eb1a78b57bb3c29c6721df16876ab13e47026f96d96002a3ec6186","not_recovered","cd0beeec37632daa955a38f9eba4e42ab5553d9daac470a0028c402132af43b1","final_refit","planned_not_uploaded","blocked_by_nonportable_model_and_data_interfaces"
"unified_rerun_v1","v1_0435_favorita_20170301_mtgnn_native_s47","Favorita","mtgnn_native","2017-03-01","47","checkpoint_final.pt","<local-archive>/统一重跑实验_20260826/outputs/full_unified_run_v1/stage1/v1_0435_favorita_20170301_mtgnn_native_s47/checkpoint_final.pt","unified_rerun_v1_checkpoints_favorita.zip","91cdde189335d2e6b8adf4bb253cfc8772930e90f80c70db862380a186720b50","22859360","d22264ce936e646d09ccb0a359b0901260ac94cd543b26008b4270eb47868f33","41672ab47185cadd8fd87b95966d33640a7a7c50db3ac4707109a04362071216","4c33a0f294215d27724fbddd9293772812e4728fbff6ae5d6383fcfd510d934b","not_recovered","cd0beeec37632daa955a38f9eba4e42ab5553d9daac470a0028c402132af43b1","final_refit","planned_not_uploaded","blocked_by_nonportable_model_and_data_interfaces"
"unified_rerun_v1","v1_0436_favorita_20170329_mtgnn_native_s13","Favorita","mtgnn_native","2017-03-29","13","checkpoint_final.pt","<local-archive>/统一重跑实验_20260826/outputs/full_unified_run_v1/stage1/v1_0436_favorita_20170329_mtgnn_native_s13/checkpoint_final.pt","unified_rerun_v1_checkpoints_favorita.zip","5838547e6c305cedeb702174e8c64c54710b903f3219dfb979a697dced5a3d94","22859168","b5d380dc3354c94a082944ac46aa5d56d2339ed0a7405c794054af716062bf07","84bc15a1a6bfccdf2ac0e06e284c8fe7cde0f5c35a5e8f049cc66613c3fa53ec","eae0cdf2d8e62703f20b8e0cf651935deb92327b79c60daef8368d4b33ea795f","not_recovered","345dabcf47b0f7e1fb1895e4c61f5d5ebffaa56e09a9f5b2d7896f439c70937b","final_refit","planned_not_uploaded","blocked_by_nonportable_model_and_data_interfaces"
"unified_rerun_v1","v1_0437_favorita_20170329_mtgnn_native_s29","Favorita","mtgnn_native","2017-03-29","29","checkpoint_final.pt","<local-archive>/统一重跑实验_20260826/outputs/full_unified_run_v1/stage1/v1_0437_favorita_20170329_mtgnn_native_s29/checkpoint_final.pt","unified_rerun_v1_checkpoints_favorita.zip","dc5a4740547f84121b442595d8f5f9ca2125d74530ded69d0b51123040439668","22859104","0fd4a3e6569aea68054e7c88d183e0f4dccd3ee4ee782528a6d1545aa3b7ba2f","c2b7bfde33c870c8174d72cb371b37a2e95f8340865665544803c198bea776c7","92898f7127918fc05765618bd588723b4ddb16ad18056c56675d71e6647aac9d","not_recovered","345dabcf47b0f7e1fb1895e4c61f5d5ebffaa56e09a9f5b2d7896f439c70937b","final_refit","planned_not_uploaded","blocked_by_nonportable_model_and_data_interfaces"
"unified_rerun_v1","v1_0438_favorita_20170329_mtgnn_native_s47","Favorita","mtgnn_native","2017-03-29","47","checkpoint_final.pt","<local-archive>/统一重跑实验_20260826/outputs/full_unified_run_v1/stage1/v1_0438_favorita_20170329_mtgnn_native_s47/checkpoint_final.pt","unified_rerun_v1_checkpoints_favorita.zip","92de21e3d4a0453b756da6ef126dda4bf035a6a390c032f2f1a970f3f7e72f54","22859168","48b3e6304587047c11a09fba7f52f68ebd36a59ba47630bcc82f20d183ccfcfd","8be7b08b6b6b5c98053a0e4e9c247c9f2910f87f87024c21072f3225d1d9cabf","f78ebdf7a05d290108f33833fbf6bfa539d385185b86ffab3a2515ab74128727","not_recovered","345dabcf47b0f7e1fb1895e4c61f5d5ebffaa56e09a9f5b2d7896f439c70937b","final_refit","planned_not_uploaded","blocked_by_nonportable_model_and_data_interfaces"
"unified_rerun_v1","v1_0439_favorita_20170426_mtgnn_native_s13","Favorita","mtgnn_native","2017-04-26","13","checkpoint_final.pt","<local-archive>/统一重跑实验_20260826/outputs/full_unified_run_v1/stage1/v1_0439_favorita_20170426_mtgnn_native_s13/checkpoint_final.pt","unified_rerun_v1_checkpoints_favorita.zip","7fec2950e7714c1eeb634a8a8b3784b1dd1b802bc912a73f4d758818c62ad58c","22859168","de155dda1d02a23e0d829499c86160e670be39a2148273a8068183fd16835d6e","e8a8feeb9dae171467a5fd7d9cf8f0cb644ac051c5349923b286d1fdb9d40cc6","616b22ff3a3246e46c6ae7b99e7a0aaa4d86057f99132fd420b0f319ab7bd8d7","not_recovered","c488ebe713d35972ff5a908aa6c2090b4ea444972f31abbf215c0d17998dda91","final_refit","planned_not_uploaded","blocked_by_nonportable_model_and_data_interfaces"
"unified_rerun_v1","v1_0440_favorita_20170426_mtgnn_native_s29","Favorita","mtgnn_native","2017-04-26","29","checkpoint_final.pt","<local-archive>/统一重跑实验_20260826/outputs/full_unified_run_v1/stage1/v1_0440_favorita_20170426_mtgnn_native_s29/checkpoint_final.pt","unified_rerun_v1_checkpoints_favorita.zip","bedc5e276723e48ff6552a2b7536a0cd87beea1fe79a6c45c51e20195d0767a3","22859104","0571a0f2cf3d35d0523326447e279a09ebde88109a2f8e8b87386e263288960c","d5e19bde01d80a32d00a164214bb1a7504379c924b892fe866dc82e055bd9b26","b002fc1fc492f7cff73ca3805e9b6a152c11c9422296620e0f7c4d7f904bd104","not_recovered","c488ebe713d35972ff5a908aa6c2090b4ea444972f31abbf215c0d17998dda91","final_refit","planned_not_uploaded","blocked_by_nonportable_model_and_data_interfaces"
"unified_rerun_v1","v1_0441_favorita_20170426_mtgnn_native_s47","Favorita","mtgnn_native","2017-04-26","47","checkpoint_final.pt","<local-archive>/统一重跑实验_20260826/outputs/full_unified_run_v1/stage1/v1_0441_favorita_20170426_mtgnn_native_s47/checkpoint_final.pt","unified_rerun_v1_checkpoints_favorita.zip","9c759ef8705a08b7c04a27b90c521213e940e6534aec45d8715a61a75ca42dcf","22859168","095792bb9dbac83f295e9ad69a7a423f44bcd1b570f17a8703c1b2e72b564770","d986d6cd12f899af870197ee806b7619cdf9a44b2f3ccce85166cb69aa336461","ee2ffc704c9437d1c950a34dddae0062a3871ad018e21a8585d2217cfecc58a8","not_recovered","c488ebe713d35972ff5a908aa6c2090b4ea444972f31abbf215c0d17998dda91","final_refit","planned_not_uploaded","blocked_by_nonportable_model_and_data_interfaces"
"unified_rerun_v1","v1_0460_favorita_20170301_mtgnn_no_graph_s13","Favorita","mtgnn_no_graph","2017-03-01","13","checkpoint_final.pt","<local-archive>/统一重跑实验_20260826/outputs/full_unified_run_v1/stage1/v1_0460_favorita_20170301_mtgnn_no_graph_s13/checkpoint_final.pt","unified_rerun_v1_checkpoints_favorita.zip","a3d23f989499da5bc026b70f63003b3a8428fcb640615800ae62623acfaa0b56","22791428","3cc34baad920e12feb5efbe0efc8c1f7a38c6d3a95fd6abc87893c0d2791547a","8c6847050e8893c773faa9ec11c77b0afd1a4c9246f621173c057f40b5e038a2","2fa3e1253b7a15f2c71b6dff0971563ca8b2805ad8ec5ed5125d8e77913274df","not_recovered","cd0beeec37632daa955a38f9eba4e42ab5553d9daac470a0028c402132af43b1","final_refit","planned_not_uploaded","blocked_by_nonportable_model_and_data_interfaces"
"unified_rerun_v1","v1_0461_favorita_20170301_mtgnn_no_graph_s29","Favorita","mtgnn_no_graph","2017-03-01","29","checkpoint_final.pt","<local-archive>/统一重跑实验_20260826/outputs/full_unified_run_v1/stage1/v1_0461_favorita_20170301_mtgnn_no_graph_s29/checkpoint_final.pt","unified_rerun_v1_checkpoints_favorita.zip","7c78814a5fc5a5e76fdae6b45b4b9928d3eb319b33d786c92e30c07254a10b41","22791236","ba8fda28049681e041eb6ee29db22e8745e7f9432477a78f6a70eadfd443a3de","ffb7a7401aecfe0b79da88961cc1fce6ea731b5341f18318e43c45945c3be19b","d401d4066319121b7c9fa8333deb8993b53cd9aab9bb8f74efa82594f16a15dd","not_recovered","cd0beeec37632daa955a38f9eba4e42ab5553d9daac470a0028c402132af43b1","final_refit","planned_not_uploaded","blocked_by_nonportable_model_and_data_interfaces"
"unified_rerun_v1","v1_0462_favorita_20170301_mtgnn_no_graph_s47","Favorita","mtgnn_no_graph","2017-03-01","47","checkpoint_final.pt","<local-archive>/统一重跑实验_20260826/outputs/full_unified_run_v1/stage1/v1_0462_favorita_20170301_mtgnn_no_graph_s47/checkpoint_final.pt","unified_rerun_v1_checkpoints_favorita.zip","8a267d7d97878488855398a1ba0ee88d1079bc79606c97ef2737aaae649409a1","22791172","7716cdce835b39d04df1de0ef5e3d25ebf73652ced67b234d96da4de806e1061","95d2fdef03e994e6df25054e4c3dd172cf98607f372e2c195ffd68d7de1ea100","b310e1f2c67bba4775e55154050b7c5eee9531638c0829623f0cefc131249688","not_recovered","cd0beeec37632daa955a38f9eba4e42ab5553d9daac470a0028c402132af43b1","final_refit","planned_not_uploaded","blocked_by_nonportable_model_and_data_interfaces"
"unified_rerun_v1","v1_0463_favorita_20170329_mtgnn_no_graph_s13","Favorita","mtgnn_no_graph","2017-03-29","13","checkpoint_final.pt","<local-archive>/统一重跑实验_20260826/outputs/full_unified_run_v1/stage1/v1_0463_favorita_20170329_mtgnn_no_graph_s13/checkpoint_final.pt","unified_rerun_v1_checkpoints_favorita.zip","b7659dc2b18209017ceaff5200b3caa8a74216ceddee47c1bb671b463798c4b4","22791108","cd296775c72247bf364b7b590e9698a34a4f54b7e6771aff519aea4a719bfda2","a7c79e2c7522f7876d716d5ad4146d9ca0bcc03ee1b9a10acf9df3dc872a2cd2","7534fe16e741252a552aeed2cf6e3f8d2cfabbb781c10704df2daa2b140652a2","not_recovered","345dabcf47b0f7e1fb1895e4c61f5d5ebffaa56e09a9f5b2d7896f439c70937b","final_refit","planned_not_uploaded","blocked_by_nonportable_model_and_data_interfaces"
"unified_rerun_v1","v1_0464_favorita_20170329_mtgnn_no_graph_s29","Favorita","mtgnn_no_graph","2017-03-29","29","checkpoint_final.pt","<local-archive>/统一重跑实验_20260826/outputs/full_unified_run_v1/stage1/v1_0464_favorita_20170329_mtgnn_no_graph_s29/checkpoint_final.pt","unified_rerun_v1_checkpoints_favorita.zip","c14fa7489836073064d3ff7e1897949f1a2d4e71ba49198b2d07cd82c6dd4220","22791108","d78284a42639eabc19c673eb7690aac86eb8fe81f41e198886eb8a88a78ef15d","d618fdad8eeaaf38e6f5ea34391ff18ca231542d12a706db0048a6aba4d6e37d","682a689df545b9849f70331cbd0774d5524c8398d29a25e734a8dd713bc0a760","not_recovered","345dabcf47b0f7e1fb1895e4c61f5d5ebffaa56e09a9f5b2d7896f439c70937b","final_refit","planned_not_uploaded","blocked_by_nonportable_model_and_data_interfaces"
"unified_rerun_v1","v1_0465_favorita_20170329_mtgnn_no_graph_s47","Favorita","mtgnn_no_graph","2017-03-29","47","checkpoint_final.pt","<local-archive>/统一重跑实验_20260826/outputs/full_unified_run_v1/stage1/v1_0465_favorita_20170329_mtgnn_no_graph_s47/checkpoint_final.pt","unified_rerun_v1_checkpoints_favorita.zip","f481cf3a4f8a3d6f9e14bdfb4e01ed115c9c778038d9d331b28651c6af97134d","22791108","3b1822e5ed8139e584b02280fec0c0c5c30cce8b295fadd683f9fd0e0aec8528","1fd4aba09ec72ce465f8225ddfb7238e5f2984c14287d721d1e9dae48051e483","ddcbcfb597ee522cd4658598bcc347079b305ffc0898016edb2b02a4cc52c331","not_recovered","345dabcf47b0f7e1fb1895e4c61f5d5ebffaa56e09a9f5b2d7896f439c70937b","final_refit","planned_not_uploaded","blocked_by_nonportable_model_and_data_interfaces"
"unified_rerun_v1","v1_0466_favorita_20170426_mtgnn_no_graph_s13","Favorita","mtgnn_no_graph","2017-04-26","13","checkpoint_final.pt","<local-archive>/统一重跑实验_20260826/outputs/full_unified_run_v1/stage1/v1_0466_favorita_20170426_mtgnn_no_graph_s13/checkpoint_final.pt","unified_rerun_v1_checkpoints_favorita.zip","09bfba39415cf7c1c0f7de96cfd3732273aabf274874353996dff220efdedf0a","22791236","ecdb83540262deb17bd18ed3b9f6fccc6021ff85e11f5f570eaa992b6594285e","c9351796ca093f84b21834f99f0de07ce19450e8699a8040edab07385a1cecbf","dc5d4f25e613fa9d4dac715c7b85627bd63e8b152e730e6180755c33ceb6878e","not_recovered","c488ebe713d35972ff5a908aa6c2090b4ea444972f31abbf215c0d17998dda91","final_refit","planned_not_uploaded","blocked_by_nonportable_model_and_data_interfaces"
"unified_rerun_v1","v1_0467_favorita_20170426_mtgnn_no_graph_s29","Favorita","mtgnn_no_graph","2017-04-26","29","checkpoint_final.pt","<local-archive>/统一重跑实验_20260826/outputs/full_unified_run_v1/stage1/v1_0467_favorita_20170426_mtgnn_no_graph_s29/checkpoint_final.pt","unified_rerun_v1_checkpoints_favorita.zip","7be49da5b7beb1af1a611d20fe149e2dc475cf3ac9faa93e38c640f88ea2e0d8","22791108","2f91c24155de935fce7a8b48e1c3a795143ac583fa3abf2767ecf4d327db41ad","8481c9502ffab8f8f351d7391dee2147548ea782bd09f9cf9fe751a5d662c280","7f3c7e7b18d5b8bd085f2592cb74051f1ff81ed776464a731d64bba6dce52523","not_recovered","c488ebe713d35972ff5a908aa6c2090b4ea444972f31abbf215c0d17998dda91","final_refit","planned_not_uploaded","blocked_by_nonportable_model_and_data_interfaces"
"unified_rerun_v1","v1_0468_favorita_20170426_mtgnn_no_graph_s47","Favorita","mtgnn_no_graph","2017-04-26","47","checkpoint_final.pt","<local-archive>/统一重跑实验_20260826/outputs/full_unified_run_v1/stage1/v1_0468_favorita_20170426_mtgnn_no_graph_s47/checkpoint_final.pt","unified_rerun_v1_checkpoints_favorita.zip","6559175df4e10caf1c88d6e1934ef0703336c89722a45a248146451d7e355a6b","22791172","415f8420ac0112ca7bd9f7dee91df015d0428dab2965047bd28ce8a3cb7dcdf8","59d04eee620c4f4b7792c99adf35ec182cfd747afedc55ca62743978741bbdcc","6ec43c11d1d41e030398cff48a24340b3e53dca75c1c123c4d718515b510b7d9","not_recovered","c488ebe713d35972ff5a908aa6c2090b4ea444972f31abbf215c0d17998dda91","final_refit","planned_not_uploaded","blocked_by_nonportable_model_and_data_interfaces"
"unified_rerun_v1","v1_0487_favorita_20170301_mtgnn_placebo_s13","Favorita","mtgnn_placebo","2017-03-01","13","checkpoint_final.pt","<local-archive>/统一重跑实验_20260826/outputs/full_unified_run_v1/stage1/v1_0487_favorita_20170301_mtgnn_placebo_s13/checkpoint_final.pt","unified_rerun_v1_checkpoints_favorita.zip","e4b241fca20e3d8729214f7d4f01b378e0d481529b4d74a8b2cd472328bbf007","22859424","b79a2953a7d4c24b450c3fb1c0c4f456a21378271b2867e8750300a0f76d609d","a79afd46fe6e4f3ad66b719c0b768b773b1951baa3f19783c28965ddecea09be","a3a587b12d41b796e34d2fb21d9d366883752d2948e33978588a094a740ee045","not_recovered","cd0beeec37632daa955a38f9eba4e42ab5553d9daac470a0028c402132af43b1","final_refit","planned_not_uploaded","blocked_by_nonportable_model_and_data_interfaces"
"unified_rerun_v1","v1_0488_favorita_20170301_mtgnn_placebo_s29","Favorita","mtgnn_placebo","2017-03-01","29","checkpoint_final.pt","<local-archive>/统一重跑实验_20260826/outputs/full_unified_run_v1/stage1/v1_0488_favorita_20170301_mtgnn_placebo_s29/checkpoint_final.pt","unified_rerun_v1_checkpoints_favorita.zip","cde29dc51491a66167f3353bb1651cee96ea80a2f49c72ae8fe344a985012a0e","22859296","b200b4e6d525a2ca70e54295b2aad5f637a63f98926a8e6684a5971d81a22e3c","a45d1f54b1c96aebbaabb7228afca9dffa1bb1fd7a2632544bfae871938bcb69","9cb3ecaa11e3a7020f01f72a32866c615b8f5f1e314d65e54aa09a68e7be14e0","not_recovered","cd0beeec37632daa955a38f9eba4e42ab5553d9daac470a0028c402132af43b1","final_refit","planned_not_uploaded","blocked_by_nonportable_model_and_data_interfaces"
"unified_rerun_v1","v1_0489_favorita_20170301_mtgnn_placebo_s47","Favorita","mtgnn_placebo","2017-03-01","47","checkpoint_final.pt","<local-archive>/统一重跑实验_20260826/outputs/full_unified_run_v1/stage1/v1_0489_favorita_20170301_mtgnn_placebo_s47/checkpoint_final.pt","unified_rerun_v1_checkpoints_favorita.zip","bd565a4f1ee119d0e13dc78f6e0ef8c3e57a0a1ad7ff1149387f77bf50d199bc","22859808","8370a3c0adfeb882961fcbfff1465e2d0325b93770eb4a530a9d522a7f5ea442","b4797447a89c40895bef66cd77915e273ce3b2d24289775d7d6f9dcc3dff773b","51216aff74bdc24a61ad31215769c778f0d338e24865b4808f12c7c14638e741","not_recovered","cd0beeec37632daa955a38f9eba4e42ab5553d9daac470a0028c402132af43b1","final_refit","planned_not_uploaded","blocked_by_nonportable_model_and_data_interfaces"
"unified_rerun_v1","v1_0490_favorita_20170329_mtgnn_placebo_s13","Favorita","mtgnn_placebo","2017-03-29","13","checkpoint_final.pt","<local-archive>/统一重跑实验_20260826/outputs/full_unified_run_v1/stage1/v1_0490_favorita_20170329_mtgnn_placebo_s13/checkpoint_final.pt","unified_rerun_v1_checkpoints_favorita.zip","ea98ecff750329f3c56ee7974d7166b95b931d936a055a9b21e306a0a51a37a8","22859104","fdb12de9cef2e3633705a4c9da96618eacd342f4aeba0c5de898e16a4282afcb","a974bd678a4533c608b4a5411c70ff4ac75733c5d6fac76b4720509caa7aebe7","7b4dd87e226c6379208414a8380a7a584a400deb25e14156060bec8709bb9cae","not_recovered","345dabcf47b0f7e1fb1895e4c61f5d5ebffaa56e09a9f5b2d7896f439c70937b","final_refit","planned_not_uploaded","blocked_by_nonportable_model_and_data_interfaces"
"unified_rerun_v1","v1_0491_favorita_20170329_mtgnn_placebo_s29","Favorita","mtgnn_placebo","2017-03-29","29","checkpoint_final.pt","<local-archive>/统一重跑实验_20260826/outputs/full_unified_run_v1/stage1/v1_0491_favorita_20170329_mtgnn_placebo_s29/checkpoint_final.pt","unified_rerun_v1_checkpoints_favorita.zip","16939b5147a44f423593d99855e1806abd7285157eedd2adafd52f3c22b34026","22859104","1bd92dac649dbbe58e87fa3911a3f10cf5ed7061c68ea2ac5207eaff70c7dfae","fa091beb02db60d4a1b5acb1ffb16c85570ed5c3c7bd0f6330661ec2626fa252","97374eb712bd98261f803208cfa6bfe898fbaa9f7e2cda9f89758ef21c0cf4ea","not_recovered","345dabcf47b0f7e1fb1895e4c61f5d5ebffaa56e09a9f5b2d7896f439c70937b","final_refit","planned_not_uploaded","blocked_by_nonportable_model_and_data_interfaces"
"unified_rerun_v1","v1_0492_favorita_20170329_mtgnn_placebo_s47","Favorita","mtgnn_placebo","2017-03-29","47","checkpoint_final.pt","<local-archive>/统一重跑实验_20260826/outputs/full_unified_run_v1/stage1/v1_0492_favorita_20170329_mtgnn_placebo_s47/checkpoint_final.pt","unified_rerun_v1_checkpoints_favorita.zip","e3d93de9d41eff10bb63dab0f0d6d8c7197cbe8d94f884329e21dfd5ab66a2bb","22859168","6093a848c8bc4880acd49f8b92a2b0843e73f11c6d910cce6d78b3cd9830e375","8be8522b13df5df0d4100e7c3d1b6d715cd5e08c4a02bb413ffd977568e22b05","3ef2b2a5e047da2f0e519cacc6aa9f5f4c77f8945b763c9c7aed2c47ce99cbea","not_recovered","345dabcf47b0f7e1fb1895e4c61f5d5ebffaa56e09a9f5b2d7896f439c70937b","final_refit","planned_not_uploaded","blocked_by_nonportable_model_and_data_interfaces"
"unified_rerun_v1","v1_0493_favorita_20170426_mtgnn_placebo_s13","Favorita","mtgnn_placebo","2017-04-26","13","checkpoint_final.pt","<local-archive>/统一重跑实验_20260826/outputs/full_unified_run_v1/stage1/v1_0493_favorita_20170426_mtgnn_placebo_s13/checkpoint_final.pt","unified_rerun_v1_checkpoints_favorita.zip","273848623950933f5786295d4d5087448d96f71bff3ed064ba9c441722f590cd","22859168","8e467faebd0330b11b6e0684fb679dab3f40365f4adbc4e8145120705a296c6d","b4793083b1a82ff9713a3b69d2cfad78d8ada99fbbb21db2f1cc451e1b3a07c9","6311903b355c90dd54520a5ce4fe2332e075de228b76e3cca84af4bd72e7e6a7","not_recovered","c488ebe713d35972ff5a908aa6c2090b4ea444972f31abbf215c0d17998dda91","final_refit","planned_not_uploaded","blocked_by_nonportable_model_and_data_interfaces"
"unified_rerun_v1","v1_0494_favorita_20170426_mtgnn_placebo_s29","Favorita","mtgnn_placebo","2017-04-26","29","checkpoint_final.pt","<local-archive>/统一重跑实验_20260826/outputs/full_unified_run_v1/stage1/v1_0494_favorita_20170426_mtgnn_placebo_s29/checkpoint_final.pt","unified_rerun_v1_checkpoints_favorita.zip","b92414e10c6e0bd8f033b1ed13708f47bb25cf4f098631f9756f44c5fadda271","22859104","ceeaa745a2570db0b064ef8bef25ef288696aadb133fdd64bc15634d0ecbbb6e","b51a13ccf592708040f40a012e3d5c5d857944186065a4583bec120ab5f4f476","f722018faee5d81558536c04105d00f3cbf7b9b9c704697087b6e121f56f07fa","not_recovered","c488ebe713d35972ff5a908aa6c2090b4ea444972f31abbf215c0d17998dda91","final_refit","planned_not_uploaded","blocked_by_nonportable_model_and_data_interfaces"
"unified_rerun_v1","v1_0495_favorita_20170426_mtgnn_placebo_s47","Favorita","mtgnn_placebo","2017-04-26","47","checkpoint_final.pt","<local-archive>/统一重跑实验_20260826/outputs/full_unified_run_v1/stage1/v1_0495_favorita_20170426_mtgnn_placebo_s47/checkpoint_final.pt","unified_rerun_v1_checkpoints_favorita.zip","a646acebf050dd5bbd531ad87261eefea5320fc0ff4d139875c5026857efdf71","22859168","a42da88f7111f5e66cc278088ce536fd598281c78f30ee1e68edcea26613a607","2988795a4b69c60e72fb00b07525b87c5d9d140c5a24e4bfe3a0cc312fcf4a11","d2343b516f4790f0fbde6bd7665b3846561e886a411ff81ed4f4d77facf383b9","not_recovered","c488ebe713d35972ff5a908aa6c2090b4ea444972f31abbf215c0d17998dda91","final_refit","planned_not_uploaded","blocked_by_nonportable_model_and_data_interfaces"
"unified_rerun_v1","v1_0217_favorita_20170301_nlinear_s13","Favorita","nlinear","2017-03-01","13","checkpoint_final.pt","<local-archive>/统一重跑实验_20260826/outputs/full_unified_run_v1/stage2/v1_0217_favorita_20170301_nlinear_s13/checkpoint_final.pt","unified_rerun_v1_checkpoints_favorita.zip","6908646b9194a3409653630fde35e60a50672713f42dc819e2fa0ea7d20691dd","49568","7d454e94c5b5456b2e7d1c04b7b5820f58edb3cf6547ceb26c90e68797e52142","760d62dab31e7946ccabcb28089d5d3804fe0256d8f69d3a646d99ddb75c0164","65dc1c6764a4f4fdd6e06f22cf0f324bd655b2ac2931a6417fc4726c19aa4706","not_recovered","cd0beeec37632daa955a38f9eba4e42ab5553d9daac470a0028c402132af43b1","final_refit","planned_not_uploaded","blocked_by_nonportable_model_and_data_interfaces"
"unified_rerun_v1","v1_0218_favorita_20170301_nlinear_s29","Favorita","nlinear","2017-03-01","29","checkpoint_final.pt","<local-archive>/统一重跑实验_20260826/outputs/full_unified_run_v1/stage2/v1_0218_favorita_20170301_nlinear_s29/checkpoint_final.pt","unified_rerun_v1_checkpoints_favorita.zip","ba0c0e04fd7d8793ef579d2d1c6e708b752f0b3bf232ea891f8e6988420eb130","49568","61ddaaf23bf364eb7b158e3bd7018e2beeec2147e91268a583056fe5e8ce80c5","faac16ac8083a7f68e2dea3b09544a53689e261417d9a540679be3563f73a687","cdd21bcea7f550b8d141907e3252d45fad1c09bc62add7b480bd15f831498d67","not_recovered","cd0beeec37632daa955a38f9eba4e42ab5553d9daac470a0028c402132af43b1","final_refit","planned_not_uploaded","blocked_by_nonportable_model_and_data_interfaces"
"unified_rerun_v1","v1_0219_favorita_20170301_nlinear_s47","Favorita","nlinear","2017-03-01","47","checkpoint_final.pt","<local-archive>/统一重跑实验_20260826/outputs/full_unified_run_v1/stage2/v1_0219_favorita_20170301_nlinear_s47/checkpoint_final.pt","unified_rerun_v1_checkpoints_favorita.zip","686615d1ecd5f0421c9c9b17a13b831c06c78cec441872006e8439f5cd542ebd","49440","52759166d4b011f07d629fc86c6bb57cc718981e4f4140421145acb44a6b5499","bca593a3945871a74d9f7d512cd4c457227d0dba203e440103ff51a8674639d0","a5743ba922222162d18fc1b6051c3fc5010bc3bb7c69d22ce6edba76cb9ff2e5","not_recovered","cd0beeec37632daa955a38f9eba4e42ab5553d9daac470a0028c402132af43b1","final_refit","planned_not_uploaded","blocked_by_nonportable_model_and_data_interfaces"
"unified_rerun_v1","v1_0220_favorita_20170329_nlinear_s13","Favorita","nlinear","2017-03-29","13","checkpoint_final.pt","<local-archive>/统一重跑实验_20260826/outputs/full_unified_run_v1/stage2/v1_0220_favorita_20170329_nlinear_s13/checkpoint_final.pt","unified_rerun_v1_checkpoints_favorita.zip","b27773144da91915b43e9cb87b93c3005f18d1ad6c6b5a7ee49ac434711ec5ba","48928","47427e7470f8aefe9fb29d8443984be622ef2afbad67cc0218ed79a6d3539634","e2c16d305f38cc8b874a3c94841da359acafe2e8472244a37d0a5a341bac34da","8c88043a8d4a0d52f6ac2b3ea21aec18f76d81998e3c346e6d7174639de7f176","not_recovered","345dabcf47b0f7e1fb1895e4c61f5d5ebffaa56e09a9f5b2d7896f439c70937b","final_refit","planned_not_uploaded","blocked_by_nonportable_model_and_data_interfaces"
"unified_rerun_v1","v1_0221_favorita_20170329_nlinear_s29","Favorita","nlinear","2017-03-29","29","checkpoint_final.pt","<local-archive>/统一重跑实验_20260826/outputs/full_unified_run_v1/stage2/v1_0221_favorita_20170329_nlinear_s29/checkpoint_final.pt","unified_rerun_v1_checkpoints_favorita.zip","873106a0c4a4a498704e1f1df263f975b1ebec144ac4f198ccdc68b25db00420","48352","fced65a9283d56679b9387ff098fd07ffb941ce41f81cca89feb41113454797c","44e1a9b2b5a53f5da78837211ae00ecf86a87553eb8ddba6a57f7f7b4658f9fd","80fed89d6fe8794a211022840bc4d870d1ecb6f7e124f437b91d800cc799508e","not_recovered","345dabcf47b0f7e1fb1895e4c61f5d5ebffaa56e09a9f5b2d7896f439c70937b","final_refit","planned_not_uploaded","blocked_by_nonportable_model_and_data_interfaces"
"unified_rerun_v1","v1_0222_favorita_20170329_nlinear_s47","Favorita","nlinear","2017-03-29","47","checkpoint_final.pt","<local-archive>/统一重跑实验_20260826/outputs/full_unified_run_v1/stage2/v1_0222_favorita_20170329_nlinear_s47/checkpoint_final.pt","unified_rerun_v1_checkpoints_favorita.zip","fba9c44e3294acd95c49ecb8ae3724aba7baf4ff586907e1ecbbedfc5878e2e4","48608","795bde8c02f3ac48118af1eb5b2ba6518e9720dd05e684c8e22de41ab5b3d5b8","627054d233204a8a4b579b4711829bd214ad160bc13d8ac5cad7e12c1b72bc9f","9d4c852fce65965c0d9e7ed33afd23beefd154ac16ab6767e85d8abd925f4c0f","not_recovered","345dabcf47b0f7e1fb1895e4c61f5d5ebffaa56e09a9f5b2d7896f439c70937b","final_refit","planned_not_uploaded","blocked_by_nonportable_model_and_data_interfaces"
"unified_rerun_v1","v1_0223_favorita_20170426_nlinear_s13","Favorita","nlinear","2017-04-26","13","checkpoint_final.pt","<local-archive>/统一重跑实验_20260826/outputs/full_unified_run_v1/stage2/v1_0223_favorita_20170426_nlinear_s13/checkpoint_final.pt","unified_rerun_v1_checkpoints_favorita.zip","de982103dfd0900e2f19ac65cbea40410788f6aae1006b9b0266260ca594657a","49632","af69ba495b037f1d0b536933958288825d433cec5541558fb5b45cf0d57a7506","378b7894a54d27463bad84a234062c4eaff4c6e5f239ac6d22f5ca10c089a6fb","7acd42d9f137e98f29818e8cfc2eb5326c38d88c874a3e3e4e39adc2ffafe744","not_recovered","c488ebe713d35972ff5a908aa6c2090b4ea444972f31abbf215c0d17998dda91","final_refit","planned_not_uploaded","blocked_by_nonportable_model_and_data_interfaces"
"unified_rerun_v1","v1_0224_favorita_20170426_nlinear_s29","Favorita","nlinear","2017-04-26","29","checkpoint_final.pt","<local-archive>/统一重跑实验_20260826/outputs/full_unified_run_v1/stage2/v1_0224_favorita_20170426_nlinear_s29/checkpoint_final.pt","unified_rerun_v1_checkpoints_favorita.zip","de6bf5068cb2f8a19f05e44f6d828fb5bd85710a21ce5e24fa8fb68393e239c8","49568","bd101dd397231334686cd1d960ad7e0854bacfb85c870c7a0dcb7e9a9ed81878","443999aa9fa84890806b89e9c1a54e1cb65f382fe8bee77590920c4b2dc777a8","4769a710204c5e5d4167cf30b98b4089f7644c794591e6ea0f72b153ceef050f","not_recovered","c488ebe713d35972ff5a908aa6c2090b4ea444972f31abbf215c0d17998dda91","final_refit","planned_not_uploaded","blocked_by_nonportable_model_and_data_interfaces"
"unified_rerun_v1","v1_0225_favorita_20170426_nlinear_s47","Favorita","nlinear","2017-04-26","47","checkpoint_final.pt","<local-archive>/统一重跑实验_20260826/outputs/full_unified_run_v1/stage2/v1_0225_favorita_20170426_nlinear_s47/checkpoint_final.pt","unified_rerun_v1_checkpoints_favorita.zip","918318a0953c1ed66e194644c006627841510312a1729545a679c17825459fb8","49504","afc22727b087844967406ad53c62c289ca330d4dc1911d6d50e7e9b9c0eb74ac","01f32af7578d591120d5b1fdb4d2147932843aaf3b67013910b3aebb39abec6e","46503c7a5b174be30852939c7136c0d4010c714dc2a1585d47e7dffed631285b","not_recovered","c488ebe713d35972ff5a908aa6c2090b4ea444972f31abbf215c0d17998dda91","final_refit","planned_not_uploaded","blocked_by_nonportable_model_and_data_interfaces"
"unified_rerun_v1","v1_0244_favorita_20170301_patchtst_s13","Favorita","patchtst","2017-03-01","13","checkpoint_final.pt","<local-archive>/统一重跑实验_20260826/outputs/full_unified_run_v1/stage2/v1_0244_favorita_20170301_patchtst_s13/checkpoint_final.pt","unified_rerun_v1_checkpoints_favorita.zip","48fc1dd42571423d18c7663d14c8352e46255db0bdba32c8c67bb5c57fa38c74","1200970","d216d2d420015efde10ba51c3b3c0696979ecec4a943c2eaf40007175997863a","fb7acb3753dd973542ea5ceee968336a64c103381694236380babb1c45456d0b","6726437a3e75165607b762905a201b13e9c398b2b86f09c33691b9d944645034","not_recovered","cd0beeec37632daa955a38f9eba4e42ab5553d9daac470a0028c402132af43b1","final_refit","planned_not_uploaded","blocked_by_nonportable_model_and_data_interfaces"
"unified_rerun_v1","v1_0245_favorita_20170301_patchtst_s29","Favorita","patchtst","2017-03-01","29","checkpoint_final.pt","<local-archive>/统一重跑实验_20260826/outputs/full_unified_run_v1/stage2/v1_0245_favorita_20170301_patchtst_s29/checkpoint_final.pt","unified_rerun_v1_checkpoints_favorita.zip","466932acc8f54e328f7b6a4976c97e31bae2e37f0327162c5bd95a90257969d9","1201162","a8be2fd48167a51735cac96e0f2bccb1efbb7df9b169243daba8ba46e731fd86","c6e666d3c88658fda735e50ba41901fe401a6de1ae354ed307379d50045228f7","2cf55c0a9cdbb84642383fdc030ac33646410fbb19d45ba46013338393c829c1","not_recovered","cd0beeec37632daa955a38f9eba4e42ab5553d9daac470a0028c402132af43b1","final_refit","planned_not_uploaded","blocked_by_nonportable_model_and_data_interfaces"
"unified_rerun_v1","v1_0246_favorita_20170301_patchtst_s47","Favorita","patchtst","2017-03-01","47","checkpoint_final.pt","<local-archive>/统一重跑实验_20260826/outputs/full_unified_run_v1/stage2/v1_0246_favorita_20170301_patchtst_s47/checkpoint_final.pt","unified_rerun_v1_checkpoints_favorita.zip","e55c8c5c97ee6708cc8870ceda2f343de7cf9ae1f056a638bea5d9d4e5667c85","1201418","7745c3db2fcebe3f2da12d82b7c9b8987e137a2a1aa5c972bfa88cdd69e8ce1e","f78d926abd7733622c2dc64cde82fc5785a0d120eb97c9d9fd4b3a773f6fdd7a","6902d8fcd15c07fc29f0f2212a7922b9bf983b1d8473d9f558cd93d62302b3ef","not_recovered","cd0beeec37632daa955a38f9eba4e42ab5553d9daac470a0028c402132af43b1","final_refit","planned_not_uploaded","blocked_by_nonportable_model_and_data_interfaces"
"unified_rerun_v1","v1_0247_favorita_20170329_patchtst_s13","Favorita","patchtst","2017-03-29","13","checkpoint_final.pt","<local-archive>/统一重跑实验_20260826/outputs/full_unified_run_v1/stage2/v1_0247_favorita_20170329_patchtst_s13/checkpoint_final.pt","unified_rerun_v1_checkpoints_favorita.zip","fae0d342eaded7a1059c88f949290a774d479ff08de9874bd8be591070607406","1200906","d8f1f2032ecdb7a662b7ea4683667f7b28b0f7b1de549970c1361fd01cb3bec2","aa2d2ccd71fb54d391dc7fc68b08628ed7a0331bd99c30dc2a4be2ec2ff36965","34c656a0ae96d9d2589de5e556a3b2de48ddd417b477877efbe149014fd9afbe","not_recovered","345dabcf47b0f7e1fb1895e4c61f5d5ebffaa56e09a9f5b2d7896f439c70937b","final_refit","planned_not_uploaded","blocked_by_nonportable_model_and_data_interfaces"
"unified_rerun_v1","v1_0248_favorita_20170329_patchtst_s29","Favorita","patchtst","2017-03-29","29","checkpoint_final.pt","<local-archive>/统一重跑实验_20260826/outputs/full_unified_run_v1/stage2/v1_0248_favorita_20170329_patchtst_s29/checkpoint_final.pt","unified_rerun_v1_checkpoints_favorita.zip","679894e9426ce9c3bb1c6b60262638854163a053821d705b1bf0a999ad8be97c","1201674","ebee4f7b0543db2cb42dbe4b2d3e9794c2b002d74aa8107550b5ce0cd9d0eab5","166399a6dbfcfb7270720754a48b958e25cbe6e4cb39ee44b02fb815b289d573","9f47089cec84b9fcb1dfa3d0e3b0253b58d7d6d3aabb4636876355686806c6a8","not_recovered","345dabcf47b0f7e1fb1895e4c61f5d5ebffaa56e09a9f5b2d7896f439c70937b","final_refit","planned_not_uploaded","blocked_by_nonportable_model_and_data_interfaces"
"unified_rerun_v1","v1_0249_favorita_20170329_patchtst_s47","Favorita","patchtst","2017-03-29","47","checkpoint_final.pt","<local-archive>/统一重跑实验_20260826/outputs/full_unified_run_v1/stage2/v1_0249_favorita_20170329_patchtst_s47/checkpoint_final.pt","unified_rerun_v1_checkpoints_favorita.zip","59c29d646c458857fcdc395b88987ac4ce6604d894c73bcdad1d537192ba34eb","1200842","ffcf493dbe9b6c7eafaf862f7c860aaffbb81f2388b90097b1b69ce6c73fba44","130e52853b66019e35165e1ce5c06ae9bb91f97eb9b4734b94e0344546315fe4","fc09d687078d95ded47a6a4d2cd67e85d1d619ec3567bd4682ccee15b91cb792","not_recovered","345dabcf47b0f7e1fb1895e4c61f5d5ebffaa56e09a9f5b2d7896f439c70937b","final_refit","planned_not_uploaded","blocked_by_nonportable_model_and_data_interfaces"
"unified_rerun_v1","v1_0250_favorita_20170426_patchtst_s13","Favorita","patchtst","2017-04-26","13","checkpoint_final.pt","<local-archive>/统一重跑实验_20260826/outputs/full_unified_run_v1/stage2/v1_0250_favorita_20170426_patchtst_s13/checkpoint_final.pt","unified_rerun_v1_checkpoints_favorita.zip","df3926871888bf5eed955d08b9a15859c0a8133e67537535869eec3cb2676cfb","1201610","4eb44b6ddd7169b023c5d5ad541d7902e78def42e5356cc8583dd3cb21b6a143","89c2061429b0032f84db7857c8ba63be66f9235946b433d44208029b1d529a8b","67d931cb8aff3773ed036cfbf60b301651c24624a6b22b8bc262a20415452264","not_recovered","c488ebe713d35972ff5a908aa6c2090b4ea444972f31abbf215c0d17998dda91","final_refit","planned_not_uploaded","blocked_by_nonportable_model_and_data_interfaces"
"unified_rerun_v1","v1_0251_favorita_20170426_patchtst_s29","Favorita","patchtst","2017-04-26","29","checkpoint_final.pt","<local-archive>/统一重跑实验_20260826/outputs/full_unified_run_v1/stage2/v1_0251_favorita_20170426_patchtst_s29/checkpoint_final.pt","unified_rerun_v1_checkpoints_favorita.zip","57418d1633809979445c9d89d6c6396d590fb46a0b95ca2107bfd8f05d7b8c41","1201354","259551907c580a1ad5710890685edc527272f182d09ff183901fd453a571e5b0","b53c59e0e1a4a96e463e502d2b99c81be710dd4a8d5416306a39b07a55b82020","0500687f41705b22af91537b22f61ae2d136cccddb8b36153acc9c3e8bd37db7","not_recovered","c488ebe713d35972ff5a908aa6c2090b4ea444972f31abbf215c0d17998dda91","final_refit","planned_not_uploaded","blocked_by_nonportable_model_and_data_interfaces"
"unified_rerun_v1","v1_0252_favorita_20170426_patchtst_s47","Favorita","patchtst","2017-04-26","47","checkpoint_final.pt","<local-archive>/统一重跑实验_20260826/outputs/full_unified_run_v1/stage2/v1_0252_favorita_20170426_patchtst_s47/checkpoint_final.pt","unified_rerun_v1_checkpoints_favorita.zip","9a7729c309f6718202405bd814ee4983bf59fa28f16433a94b51d1ae8fda9a14","1201482","37c75de55bb48844086391d24d433eadb777f50a2763ac35a24739ca5bb0a20e","826c0de1b630e69d89fedaedb29c403f9506d4f83c0486a1e8647f8a30eb34fb","a50d59aa7218362ed39c0d4ccd7be04491363f0309f4dbbd4785edf73018c4ff","not_recovered","c488ebe713d35972ff5a908aa6c2090b4ea444972f31abbf215c0d17998dda91","final_refit","planned_not_uploaded","blocked_by_nonportable_model_and_data_interfaces"
"unified_rerun_v1","v1_0004_favorita_20170301_seasonal_naive_s13","Favorita","seasonal_naive","2017-03-01","13","checkpoint_final.pt","<local-archive>/统一重跑实验_20260826/outputs/full_unified_run_v1/stage2/v1_0004_favorita_20170301_seasonal_naive_s13/checkpoint_final.pt","unified_rerun_v1_checkpoints_favorita.zip","ff48c25f5641dbd4c44aa405de8176dee61af9f7df405f084c32c84e0ecb7419","1568","dcbbd474a23044ccceed38875c7874b3ed955d70dd4f817eacb8ebec18baf7d5","c64e6c92292418a813a065979bbb948f5e7d537580ccf22e66414b31315ab6dc","631a1e556311af5ea902df518504c2aaab2b1847e8d662857148821417bdaf67","not_recovered","cd0beeec37632daa955a38f9eba4e42ab5553d9daac470a0028c402132af43b1","final_refit","planned_not_uploaded","blocked_by_nonportable_model_and_data_interfaces"
"unified_rerun_v1","v1_0005_favorita_20170329_seasonal_naive_s13","Favorita","seasonal_naive","2017-03-29","13","checkpoint_final.pt","<local-archive>/统一重跑实验_20260826/outputs/full_unified_run_v1/stage2/v1_0005_favorita_20170329_seasonal_naive_s13/checkpoint_final.pt","unified_rerun_v1_checkpoints_favorita.zip","71249ebf3efdd63b82c9839799c771dd853207be2346c150fd263cf25aac406a","1568","040ba86d3b392356ea7f946e30f14678adc98ec27a47995a89ae72591940d927","a91fc362f2a535e9daf284235576ea4251c563870dd9196ec6d23119e0f1c823","0618cd4777abe9bcd1859fd663e741dbeeb092bf40a4b02088292cf77076031f","not_recovered","345dabcf47b0f7e1fb1895e4c61f5d5ebffaa56e09a9f5b2d7896f439c70937b","final_refit","planned_not_uploaded","blocked_by_nonportable_model_and_data_interfaces"
"unified_rerun_v1","v1_0006_favorita_20170426_seasonal_naive_s13","Favorita","seasonal_naive","2017-04-26","13","checkpoint_final.pt","<local-archive>/统一重跑实验_20260826/outputs/full_unified_run_v1/stage2/v1_0006_favorita_20170426_seasonal_naive_s13/checkpoint_final.pt","unified_rerun_v1_checkpoints_favorita.zip","4432bbd07e1717e5ec47458f1ab67fbc329722b4835a34229678ac40fa40b491","1568","37b042e0002353ff569987f1b46e4d20c4665307a3ae8863677ef09ba2303590","b4c6f71760f7663d2d8ca5b436c2c223d4d9537cb97aea1a0432eb76cc42acc7","ee07bb52aadc0c3d9a1c7a960eafba2267c82ce15e866077e424ade1e184ffd9","not_recovered","c488ebe713d35972ff5a908aa6c2090b4ea444972f31abbf215c0d17998dda91","final_refit","planned_not_uploaded","blocked_by_nonportable_model_and_data_interfaces"
"unified_rerun_v1","v1_0613_favorita_20170301_semantic_knn_tcn_s13","Favorita","semantic_knn_tcn","2017-03-01","13","checkpoint_final.pt","<local-archive>/统一重跑实验_20260826/outputs/full_unified_run_v1/stage1/v1_0613_favorita_20170301_semantic_knn_tcn_s13/checkpoint_final.pt","unified_rerun_v1_checkpoints_favorita.zip","b022b48b7ad8352276e36efca711795f3de40dab58d33ae87764ff8627f0ebaf","656008","08f6bc98a9aa29595578007e38b343f8b4fe5ef451d20e20a57e5308cc3ba117","30e5082dc55178b29d85de58ae61dfb2fdfe1825f39f673cea42f0a920500859","9544c1c6a14b7643dc395bf72881df14aeac51c26b8549a171b6e21f24bd2077","not_recovered","cd0beeec37632daa955a38f9eba4e42ab5553d9daac470a0028c402132af43b1","final_refit","planned_not_uploaded","blocked_by_nonportable_model_and_data_interfaces"
"unified_rerun_v1","v1_0614_favorita_20170301_semantic_knn_tcn_s29","Favorita","semantic_knn_tcn","2017-03-01","29","checkpoint_final.pt","<local-archive>/统一重跑实验_20260826/outputs/full_unified_run_v1/stage1/v1_0614_favorita_20170301_semantic_knn_tcn_s29/checkpoint_final.pt","unified_rerun_v1_checkpoints_favorita.zip","5e12246080fce1a3a7e057e2a2a483eac8d767ef94b562fe6dc26b167d4869a0","655560","621f0c914d8587cf0e070326a038f49cba9c8df46d1266a898f4d70cfb8783db","03046a90fa6dfaa3fd38c1f635476c346a3c3778295b7cae315e0dd8893a6093","303f81818c2868650f6198ac572071a10fe720ce03606c36736e9f02a071b09b","not_recovered","cd0beeec37632daa955a38f9eba4e42ab5553d9daac470a0028c402132af43b1","final_refit","planned_not_uploaded","blocked_by_nonportable_model_and_data_interfaces"
"unified_rerun_v1","v1_0615_favorita_20170301_semantic_knn_tcn_s47","Favorita","semantic_knn_tcn","2017-03-01","47","checkpoint_final.pt","<local-archive>/统一重跑实验_20260826/outputs/full_unified_run_v1/stage1/v1_0615_favorita_20170301_semantic_knn_tcn_s47/checkpoint_final.pt","unified_rerun_v1_checkpoints_favorita.zip","51208c2a4533b865a6d08e4bb052494871cc0fb8bfb06bb9b18d188082877886","655752","925afd7daf119a6d57fbb9e94043d4f68ef4902fb6248ed22c58a8496556bcf3","fe567c3e3a9903623b7eadadba882ebbefa5956eb8de68740e7dfcec7e659635","f95fa838315c7b9074d3799149576b65caba6d8a6d8b5705f04ffc5c7843e44d","not_recovered","cd0beeec37632daa955a38f9eba4e42ab5553d9daac470a0028c402132af43b1","final_refit","planned_not_uploaded","blocked_by_nonportable_model_and_data_interfaces"
"unified_rerun_v1","v1_0616_favorita_20170329_semantic_knn_tcn_s13","Favorita","semantic_knn_tcn","2017-03-29","13","checkpoint_final.pt","<local-archive>/统一重跑实验_20260826/outputs/full_unified_run_v1/stage1/v1_0616_favorita_20170329_semantic_knn_tcn_s13/checkpoint_final.pt","unified_rerun_v1_checkpoints_favorita.zip","d5611af1e53d63eedddccf45e3a8e27b9efd9b59dd721756db1ba3db1ac28bbc","655752","0a00addd9f72f19ad66a2155c30db88377158b1e50aa482ac7b1bcda1216560c","982ea5a54c5b338d9cbf188cf172775ca4c1d606cdbfa9aa139e2507c8f0c72b","a07a3f3e51dcd4d6b4c2df343d07f68d5fe75659210cc4ea15558bde87e23e52","not_recovered","345dabcf47b0f7e1fb1895e4c61f5d5ebffaa56e09a9f5b2d7896f439c70937b","final_refit","planned_not_uploaded","blocked_by_nonportable_model_and_data_interfaces"
"unified_rerun_v1","v1_0617_favorita_20170329_semantic_knn_tcn_s29","Favorita","semantic_knn_tcn","2017-03-29","29","checkpoint_final.pt","<local-archive>/统一重跑实验_20260826/outputs/full_unified_run_v1/stage1/v1_0617_favorita_20170329_semantic_knn_tcn_s29/checkpoint_final.pt","unified_rerun_v1_checkpoints_favorita.zip","b3eb592d427667056ae6152c4ad214e9b711dc87fce0ea9853972a6462c3f7be","655688","e9012d658691b3f297654989aabe16f31b5acb657852287ed13bd575cfc55696","0d92f3085a02777faf11a0e40527c5dcc8c53b35088c8d46b3ddc856e2624691","70123071dba625a7bdfb5afdd309cadaca098d8f86b4678bd949c71311f76c7f","not_recovered","345dabcf47b0f7e1fb1895e4c61f5d5ebffaa56e09a9f5b2d7896f439c70937b","final_refit","planned_not_uploaded","blocked_by_nonportable_model_and_data_interfaces"
"unified_rerun_v1","v1_0618_favorita_20170329_semantic_knn_tcn_s47","Favorita","semantic_knn_tcn","2017-03-29","47","checkpoint_final.pt","<local-archive>/统一重跑实验_20260826/outputs/full_unified_run_v1/stage1/v1_0618_favorita_20170329_semantic_knn_tcn_s47/checkpoint_final.pt","unified_rerun_v1_checkpoints_favorita.zip","7137b5a94ebb5574337c3b9e33c394cd2ada0bba923c0f521fcf046801739977","655304","03238f5cdf117a638da28735497d868abf116aa9a14fc6a93e4f76e454462462","51ad7bce089eeb86120e315708e97d1abe1f46e6fbd9c5ca4aa5cfa154274ea3","19bdd68b97eafff93bdf15fe61a3122178794f479aa642fff6bee6a0b9b92346","not_recovered","345dabcf47b0f7e1fb1895e4c61f5d5ebffaa56e09a9f5b2d7896f439c70937b","final_refit","planned_not_uploaded","blocked_by_nonportable_model_and_data_interfaces"
"unified_rerun_v1","v1_0619_favorita_20170426_semantic_knn_tcn_s13","Favorita","semantic_knn_tcn","2017-04-26","13","checkpoint_final.pt","<local-archive>/统一重跑实验_20260826/outputs/full_unified_run_v1/stage1/v1_0619_favorita_20170426_semantic_knn_tcn_s13/checkpoint_final.pt","unified_rerun_v1_checkpoints_favorita.zip","7f867bacc57c359b6be0ed107402b75fcc0a8ef3454f268716ac20cfa2492a5d","656200","7eea549565890a18560971ce1b269f49f43e619e28b63ea4e4d22a2e660afaee","1252ca72abc63a4f2ea41b3f37eba95cde3f437e33bb133151e8f0bdd6730152","719d5bdeecf75b86f0510425745d01d0ff28fce005e8a75c7fb91fb6d4429277","not_recovered","c488ebe713d35972ff5a908aa6c2090b4ea444972f31abbf215c0d17998dda91","final_refit","planned_not_uploaded","blocked_by_nonportable_model_and_data_interfaces"
"unified_rerun_v1","v1_0620_favorita_20170426_semantic_knn_tcn_s29","Favorita","semantic_knn_tcn","2017-04-26","29","checkpoint_final.pt","<local-archive>/统一重跑实验_20260826/outputs/full_unified_run_v1/stage1/v1_0620_favorita_20170426_semantic_knn_tcn_s29/checkpoint_final.pt","unified_rerun_v1_checkpoints_favorita.zip","973ed9db327d4e400343af26e2c525506f88ff688db959e945ab295fe9572e40","656840","b771a35953232a9f4a05e7dfe37932c0dcc275ec8af4117cf6c07087ea1fca6a","83508b4c7303423ce546b5d17f838d049fbee4d084957c367ddbd8d973a57f26","71d6c2c15436d05f261cb0d171d6fa2b9b37861dedf55a25a485d4d5ac0c9dad","not_recovered","c488ebe713d35972ff5a908aa6c2090b4ea444972f31abbf215c0d17998dda91","final_refit","planned_not_uploaded","blocked_by_nonportable_model_and_data_interfaces"
"unified_rerun_v1","v1_0621_favorita_20170426_semantic_knn_tcn_s47","Favorita","semantic_knn_tcn","2017-04-26","47","checkpoint_final.pt","<local-archive>/统一重跑实验_20260826/outputs/full_unified_run_v1/stage1/v1_0621_favorita_20170426_semantic_knn_tcn_s47/checkpoint_final.pt","unified_rerun_v1_checkpoints_favorita.zip","561989fe8945af27576f25fd1fc0b49e0a411b6aebc626cae88c1b3f8cd31542","655432","9816769573062c653abbf06957a5bbc11d33082232239f03434649e57866ef7b","9daa730db4ab0d4c0814cf8cc55ca507fec57cf93ba2a6ba529a5a08142780ce","9e9d9cfd4177857c78d82539e83f713450fe820d02cc9e032c5ab2e475c499fb","not_recovered","c488ebe713d35972ff5a908aa6c2090b4ea444972f31abbf215c0d17998dda91","final_refit","planned_not_uploaded","blocked_by_nonportable_model_and_data_interfaces"
"unified_rerun_v1","v1_0631_favorita_20170301_semantic_placebo_tcn_s13","Favorita","semantic_placebo_tcn","2017-03-01","13","checkpoint_final.pt","<local-archive>/统一重跑实验_20260826/outputs/full_unified_run_v1/stage1/v1_0631_favorita_20170301_semantic_placebo_tcn_s13/checkpoint_final.pt","unified_rerun_v1_checkpoints_favorita.zip","ee2790efca80094c8acf2497b851c3e6a4c85133ba91e01168667191f1e82176","656328","b53825e46053386360873e0637d5398ff9431079115234ad03626b212d3cbabc","fb632eff2fb61de5c5438c3d9489b566038a91e8a9a2b3935789c52743c28ef1","bf21d6ffd29b106d58bfd0b43a449d4c12009a4e86f1d852936f0a16bd15a295","not_recovered","cd0beeec37632daa955a38f9eba4e42ab5553d9daac470a0028c402132af43b1","final_refit","planned_not_uploaded","blocked_by_nonportable_model_and_data_interfaces"
"unified_rerun_v1","v1_0632_favorita_20170301_semantic_placebo_tcn_s29","Favorita","semantic_placebo_tcn","2017-03-01","29","checkpoint_final.pt","<local-archive>/统一重跑实验_20260826/outputs/full_unified_run_v1/stage1/v1_0632_favorita_20170301_semantic_placebo_tcn_s29/checkpoint_final.pt","unified_rerun_v1_checkpoints_favorita.zip","f21053209bf389dba6523a4042b70d79d63377145b82f9f954ed053d10744048","655880","5690bc986c6ddba799f80cb3ea1648ae91331ad77861d678fe5557bb22ee7d83","fcd687c80b955a3850e3e9ebb2b205fa4ac4c8a73fc7fca56489267a4f9f8981","fa58cfa5dda1d551356e9399bc8ccbc094d087409a48e8345524bc34d08c396d","not_recovered","cd0beeec37632daa955a38f9eba4e42ab5553d9daac470a0028c402132af43b1","final_refit","planned_not_uploaded","blocked_by_nonportable_model_and_data_interfaces"
"unified_rerun_v1","v1_0633_favorita_20170301_semantic_placebo_tcn_s47","Favorita","semantic_placebo_tcn","2017-03-01","47","checkpoint_final.pt","<local-archive>/统一重跑实验_20260826/outputs/full_unified_run_v1/stage1/v1_0633_favorita_20170301_semantic_placebo_tcn_s47/checkpoint_final.pt","unified_rerun_v1_checkpoints_favorita.zip","ac930297b54c2498f0b1a5793a60e9ce6d45566823d20e6d53da0f5c290e5104","655304","dc8d1982290528665198df47ea110109434a0e2e9aec867cc615bca52ea7e47c","e3477397c6636dea1921572bbe735512c5fe9b536e84597d65ec42aae8f834c5","6f7981bc25a56f849de8fef07cd71bf78a106dd64cd01511f1e54a3834f10e34","not_recovered","cd0beeec37632daa955a38f9eba4e42ab5553d9daac470a0028c402132af43b1","final_refit","planned_not_uploaded","blocked_by_nonportable_model_and_data_interfaces"
"unified_rerun_v1","v1_0634_favorita_20170329_semantic_placebo_tcn_s13","Favorita","semantic_placebo_tcn","2017-03-29","13","checkpoint_final.pt","<local-archive>/统一重跑实验_20260826/outputs/full_unified_run_v1/stage1/v1_0634_favorita_20170329_semantic_placebo_tcn_s13/checkpoint_final.pt","unified_rerun_v1_checkpoints_favorita.zip","f2fb47b427d55750ffc519efd92c80e878f4b23bf027584415778f7069f92968","655112","1aca083b6acb4164bcd883109ceeac7fa5c14dbba867dadba0646575aca42b0a","f0005bbd3ab0320c3a52a34663ff81c244b81fed48801cf48f48ea6a93c40359","3c017fef4140334d447a3c5f1b325cd299069f178cfbb86fffdd3b7c1c4ef814","not_recovered","345dabcf47b0f7e1fb1895e4c61f5d5ebffaa56e09a9f5b2d7896f439c70937b","final_refit","planned_not_uploaded","blocked_by_nonportable_model_and_data_interfaces"
"unified_rerun_v1","v1_0635_favorita_20170329_semantic_placebo_tcn_s29","Favorita","semantic_placebo_tcn","2017-03-29","29","checkpoint_final.pt","<local-archive>/统一重跑实验_20260826/outputs/full_unified_run_v1/stage1/v1_0635_favorita_20170329_semantic_placebo_tcn_s29/checkpoint_final.pt","unified_rerun_v1_checkpoints_favorita.zip","295d704047257aed4470a35139e0d3c9851c0571f10dd574b575c5d672801046","655624","b4aee4a8982559bafe7135a0c07f73cde80a46da713f157ed88a09555513d60a","3b28e3543358688856fc70eccfbb45a086d88684b17b75430803878bd860fe58","00f6d25904c75cedbbff4c4c3d193f25e7e0c0118c956db9a356e9ae817c5b3e","not_recovered","345dabcf47b0f7e1fb1895e4c61f5d5ebffaa56e09a9f5b2d7896f439c70937b","final_refit","planned_not_uploaded","blocked_by_nonportable_model_and_data_interfaces"
"unified_rerun_v1","v1_0636_favorita_20170329_semantic_placebo_tcn_s47","Favorita","semantic_placebo_tcn","2017-03-29","47","checkpoint_final.pt","<local-archive>/统一重跑实验_20260826/outputs/full_unified_run_v1/stage1/v1_0636_favorita_20170329_semantic_placebo_tcn_s47/checkpoint_final.pt","unified_rerun_v1_checkpoints_favorita.zip","3e2a784ca61fcddafa52c6aefb1bd418ad59e97b8cbc2a466860e52f93c0fdb9","655432","705ff5622055d72aacfd83ff3d3dc7692975c59c5671da0d632810af8e315bd9","244bcc8426cbb029e99b2f60453551d3267ca5beb70e3eb321f437b79f017294","7c97f37b59d3823edac6a61d791177438b93904a940e8468843b861ccf439926","not_recovered","345dabcf47b0f7e1fb1895e4c61f5d5ebffaa56e09a9f5b2d7896f439c70937b","final_refit","planned_not_uploaded","blocked_by_nonportable_model_and_data_interfaces"
"unified_rerun_v1","v1_0637_favorita_20170426_semantic_placebo_tcn_s13","Favorita","semantic_placebo_tcn","2017-04-26","13","checkpoint_final.pt","<local-archive>/统一重跑实验_20260826/outputs/full_unified_run_v1/stage1/v1_0637_favorita_20170426_semantic_placebo_tcn_s13/checkpoint_final.pt","unified_rerun_v1_checkpoints_favorita.zip","661c6b428c82272b2a44886729161ca6c1be28b6bcd7c55da6c3a0b7092c7ea8","656008","592babe12a7794e8ef02023708f3c0ca088dd6453da1b2939be58e80b966d055","fe0cc5b9390b1ac5b54064d1dd4a474fee22588238559aab9860a773d553b02f","247e7cf066829dee4a7e00c8126986b32726bd7824e703b0c52d9f03b8d0aa20","not_recovered","c488ebe713d35972ff5a908aa6c2090b4ea444972f31abbf215c0d17998dda91","final_refit","planned_not_uploaded","blocked_by_nonportable_model_and_data_interfaces"
"unified_rerun_v1","v1_0638_favorita_20170426_semantic_placebo_tcn_s29","Favorita","semantic_placebo_tcn","2017-04-26","29","checkpoint_final.pt","<local-archive>/统一重跑实验_20260826/outputs/full_unified_run_v1/stage1/v1_0638_favorita_20170426_semantic_placebo_tcn_s29/checkpoint_final.pt","unified_rerun_v1_checkpoints_favorita.zip","a5b518b1d2ee9592789617987543e66310afe6ec53cbc79b6c6dd1110cd2e68b","655816","bb17aae609fb3aedd718fd72df694b4805f686e9361b2df3f184dd8edb6915ff","2887273b80adc62b3748d7c7b7febd5b10d0f236f8767444acffeace1b9d3261","5d3b5c71fc30add66e51b87d0881f6b112e92ec47f1d4aeed56b3ea30fd559e1","not_recovered","c488ebe713d35972ff5a908aa6c2090b4ea444972f31abbf215c0d17998dda91","final_refit","planned_not_uploaded","blocked_by_nonportable_model_and_data_interfaces"
"unified_rerun_v1","v1_0639_favorita_20170426_semantic_placebo_tcn_s47","Favorita","semantic_placebo_tcn","2017-04-26","47","checkpoint_final.pt","<local-archive>/统一重跑实验_20260826/outputs/full_unified_run_v1/stage1/v1_0639_favorita_20170426_semantic_placebo_tcn_s47/checkpoint_final.pt","unified_rerun_v1_checkpoints_favorita.zip","e727ec660c0f1ce52d8344d752c2899c72b98e62889704f306a26f2902252d6f","656520","27497716a1e0b06a5418e9c07cd70f8f37bfd0c83bbdbfb2ca7596196ac1d72a","74dcbfbfedbc4b836109bf0e854735e9f95031b91efa52143a8e1ec335e91d4f","04f61413717bf2b7c5151325420d19add4c9c0c587855cb1ae3fb680b4f356bd","not_recovered","c488ebe713d35972ff5a908aa6c2090b4ea444972f31abbf215c0d17998dda91","final_refit","planned_not_uploaded","blocked_by_nonportable_model_and_data_interfaces"
"unified_rerun_v1","v1_0055_favorita_20170301_tcn_business_s13","Favorita","tcn_business","2017-03-01","13","checkpoint_final.pt","<local-archive>/统一重跑实验_20260826/outputs/full_unified_run_v1/stage2/v1_0055_favorita_20170301_tcn_business_s13/checkpoint_final.pt","unified_rerun_v1_checkpoints_favorita.zip","99ee1eda1c98a05a204fd2a0bfbef3647b3b432b519df903ab7c112645b4dec9","558344","ea92a8e2e203f984cd2dfd0b6d58cd14ef9d5a582b236d54db62f6e1b3eb0a63","bd3d2409762b2388831478148e256655107605543aa8cd60f5ebd5b0bcc20710","b76c88a52c1ddb7304aeda8a89ca9a2310d58e5290e3442af43a4393af34d285","not_recovered","cd0beeec37632daa955a38f9eba4e42ab5553d9daac470a0028c402132af43b1","final_refit","planned_not_uploaded","blocked_by_nonportable_model_and_data_interfaces"
"unified_rerun_v1","v1_0056_favorita_20170301_tcn_business_s29","Favorita","tcn_business","2017-03-01","29","checkpoint_final.pt","<local-archive>/统一重跑实验_20260826/outputs/full_unified_run_v1/stage2/v1_0056_favorita_20170301_tcn_business_s29/checkpoint_final.pt","unified_rerun_v1_checkpoints_favorita.zip","5f14f877cc0afd46978849a9ea3daa2cd852a590eadd40f45baaa90919386ff5","558472","d2c0189a55cfbb1f6f3b63234cde2d5ed85a0d223beb8e24a306d07cef350db7","7146c8d54b7cb2bc44bed2eead4f613f748017f82e051a19d8e11af6755a9753","e324b3532c92c920b86c5fd8521b0f42508418369cee9fe4dcb362e4129f4433","not_recovered","cd0beeec37632daa955a38f9eba4e42ab5553d9daac470a0028c402132af43b1","final_refit","planned_not_uploaded","blocked_by_nonportable_model_and_data_interfaces"
"unified_rerun_v1","v1_0057_favorita_20170301_tcn_business_s47","Favorita","tcn_business","2017-03-01","47","checkpoint_final.pt","<local-archive>/统一重跑实验_20260826/outputs/full_unified_run_v1/stage2/v1_0057_favorita_20170301_tcn_business_s47/checkpoint_final.pt","unified_rerun_v1_checkpoints_favorita.zip","b874989df834d6332169d242f4a1af815d24e775e6b50ac243e6353228eeba1f","558088","741b5f780ceffc8eaf33c6a0127b196d97196902c2810a4a196a97d86ec234c6","b53bad067e04cc967eb120567f10a855756f0d83a383d4ca56470bb09ab5e44d","db7dc10d56fef693745a01d214274ed94ca3faad903cf44987690d6962951ef6","not_recovered","cd0beeec37632daa955a38f9eba4e42ab5553d9daac470a0028c402132af43b1","final_refit","planned_not_uploaded","blocked_by_nonportable_model_and_data_interfaces"
"unified_rerun_v1","v1_0058_favorita_20170329_tcn_business_s13","Favorita","tcn_business","2017-03-29","13","checkpoint_final.pt","<local-archive>/统一重跑实验_20260826/outputs/full_unified_run_v1/stage2/v1_0058_favorita_20170329_tcn_business_s13/checkpoint_final.pt","unified_rerun_v1_checkpoints_favorita.zip","91b4ad847be056a82159f5a068a0d54ae65c626733644d48b049078bc3df399d","558728","6d59ce4b63f989a775b624018572cc033a56dba43356cdf268264e13f43ea718","7303ba686df4b06cd92756a068702b0b85c1b3b53d1aeaf382d70b11d12536d8","f0630eeb466a7e29f28e11ccb9abf895d306d9c70220f45ae861b73fb6f01db4","not_recovered","345dabcf47b0f7e1fb1895e4c61f5d5ebffaa56e09a9f5b2d7896f439c70937b","final_refit","planned_not_uploaded","blocked_by_nonportable_model_and_data_interfaces"
"unified_rerun_v1","v1_0059_favorita_20170329_tcn_business_s29","Favorita","tcn_business","2017-03-29","29","checkpoint_final.pt","<local-archive>/统一重跑实验_20260826/outputs/full_unified_run_v1/stage2/v1_0059_favorita_20170329_tcn_business_s29/checkpoint_final.pt","unified_rerun_v1_checkpoints_favorita.zip","c3c9058426ecf985182516cc74dbdd524f2922c09e4f6151c47936262d56ff8f","558280","03b12d9ffcab200a683b23ebd01cc5aaf20b216f1769ff6f5cd4d3aa71a5230c","32aabbb8e926a612cd1ec4ea868f9a4280f1f3b9942c4a453e8888acb90ae0cd","598e130f1ff26bcdd3421bcf44aff154c0cf9bf51d57f9738fc5a20ceb547615","not_recovered","345dabcf47b0f7e1fb1895e4c61f5d5ebffaa56e09a9f5b2d7896f439c70937b","final_refit","planned_not_uploaded","blocked_by_nonportable_model_and_data_interfaces"
"unified_rerun_v1","v1_0060_favorita_20170329_tcn_business_s47","Favorita","tcn_business","2017-03-29","47","checkpoint_final.pt","<local-archive>/统一重跑实验_20260826/outputs/full_unified_run_v1/stage2/v1_0060_favorita_20170329_tcn_business_s47/checkpoint_final.pt","unified_rerun_v1_checkpoints_favorita.zip","7ed535ecbd380d6d54d8103a78cafc88ec5de25028723ea71587436d8c8acacf","558856","7f1e1d803a337936cd02989728a1365619c637be0886514d03e2322a73376ace","7fae5545bad57100f0a2ccef3e8ff9b8d1439c6fbedf32e29cb53a900d948f0f","80d6e6696702855addeecf44b7a06b5660ba45b232581774813e4c890f252c30","not_recovered","345dabcf47b0f7e1fb1895e4c61f5d5ebffaa56e09a9f5b2d7896f439c70937b","final_refit","planned_not_uploaded","blocked_by_nonportable_model_and_data_interfaces"
"unified_rerun_v1","v1_0061_favorita_20170426_tcn_business_s13","Favorita","tcn_business","2017-04-26","13","checkpoint_final.pt","<local-archive>/统一重跑实验_20260826/outputs/full_unified_run_v1/stage2/v1_0061_favorita_20170426_tcn_business_s13/checkpoint_final.pt","unified_rerun_v1_checkpoints_favorita.zip","f855018aac0023d43c6944e500f84b7cf8dab932e146cdbece0442740feb2ec5","558472","cc0d1ba59d343a677ac34289f98986bc65e037f2d189135d1c4b30b782f996d4","77473eccc350e11746ceedb295bba7ba1443031e61ed3f1c6e5b4a9b8e72f059","00f4bf46d8ccb32bfb24803790291686b09db45a903a8b9c5627ff4eefc4d838","not_recovered","c488ebe713d35972ff5a908aa6c2090b4ea444972f31abbf215c0d17998dda91","final_refit","planned_not_uploaded","blocked_by_nonportable_model_and_data_interfaces"
"unified_rerun_v1","v1_0062_favorita_20170426_tcn_business_s29","Favorita","tcn_business","2017-04-26","29","checkpoint_final.pt","<local-archive>/统一重跑实验_20260826/outputs/full_unified_run_v1/stage2/v1_0062_favorita_20170426_tcn_business_s29/checkpoint_final.pt","unified_rerun_v1_checkpoints_favorita.zip","0c10c29b1e1d28bb63be2701639677e4a5dec26731cf8bc282ffdee5e39e63c6","558792","bffd7961bf5dcd20719d05050eab247255021d3bfa0a0e5d0ccc58287adc8adb","95b31c4df7a1dbca62601d90c54a9bb3908c4f1579a664509b4a6f569e223878","6d60fc4721b59a82df4566809ca389b7c054ba227e6fb631db00da2188514c22","not_recovered","c488ebe713d35972ff5a908aa6c2090b4ea444972f31abbf215c0d17998dda91","final_refit","planned_not_uploaded","blocked_by_nonportable_model_and_data_interfaces"
"unified_rerun_v1","v1_0063_favorita_20170426_tcn_business_s47","Favorita","tcn_business","2017-04-26","47","checkpoint_final.pt","<local-archive>/统一重跑实验_20260826/outputs/full_unified_run_v1/stage2/v1_0063_favorita_20170426_tcn_business_s47/checkpoint_final.pt","unified_rerun_v1_checkpoints_favorita.zip","7b33927d0fc0efca73f583d25a133ac3775b643be011287b78d6a92ce58dd095","558728","68321b1a5a98d76273422bb4c36455f0a6fb7600e9da5977cfbc5b20b6a434a3","2c47b5c0fb142c483698923bc3dc012199768e2a46c2887a8922117c9c76c7c7","af0f324bd80e51c5043f6044073184da8ffc0ec5652b38b8100b0783a4194ace","not_recovered","c488ebe713d35972ff5a908aa6c2090b4ea444972f31abbf215c0d17998dda91","final_refit","planned_not_uploaded","blocked_by_nonportable_model_and_data_interfaces"
"unified_rerun_v1","v1_0028_favorita_20170301_tcn_no_graph_s13","Favorita","tcn_no_graph","2017-03-01","13","checkpoint_final.pt","<local-archive>/统一重跑实验_20260826/outputs/full_unified_run_v1/stage1/v1_0028_favorita_20170301_tcn_no_graph_s13/checkpoint_final.pt","unified_rerun_v1_checkpoints_favorita.zip","6015e8968fc16ef6630071f96fd11f1d99054f8a3522fd2fe2bc5d2e5edeb916","558152","f1e85ad589ba8019465144aedc3ad5399cf6775f4cb018f8e12ab971a9afafa0","e556c29a8d95e31284a33e42ab7d2ae837d3b3306c21a66b18bdebc35edf8134","c61dc4e46ffd98aededff593dcca39da7afb16fa9a27ba003d2fe00f7a43c430","not_recovered","cd0beeec37632daa955a38f9eba4e42ab5553d9daac470a0028c402132af43b1","final_refit","planned_not_uploaded","blocked_by_nonportable_model_and_data_interfaces"
"unified_rerun_v1","v1_0029_favorita_20170301_tcn_no_graph_s29","Favorita","tcn_no_graph","2017-03-01","29","checkpoint_final.pt","<local-archive>/统一重跑实验_20260826/outputs/full_unified_run_v1/stage1/v1_0029_favorita_20170301_tcn_no_graph_s29/checkpoint_final.pt","unified_rerun_v1_checkpoints_favorita.zip","a48bf33c308c06102540d7edd97ef985f41540510974a5957a4115247d37546b","558152","22b6de6b0f2378133bdf655a6215b955638a5ade021a4c2e7ba768dd4adcd5c3","18c6f1e74509dd8b2f5bbac34bda98d172f1809ab89292e730a920efab783555","82f40de5ce8dd115b56600ebcb6f5dfb4f4fa8f6bc84fb6d94a7ed40c3a58d94","not_recovered","cd0beeec37632daa955a38f9eba4e42ab5553d9daac470a0028c402132af43b1","final_refit","planned_not_uploaded","blocked_by_nonportable_model_and_data_interfaces"
"unified_rerun_v1","v1_0030_favorita_20170301_tcn_no_graph_s47","Favorita","tcn_no_graph","2017-03-01","47","checkpoint_final.pt","<local-archive>/统一重跑实验_20260826/outputs/full_unified_run_v1/stage1/v1_0030_favorita_20170301_tcn_no_graph_s47/checkpoint_final.pt","unified_rerun_v1_checkpoints_favorita.zip","be33d7baaa709b810bc92f83ab063ce260603f60bd187336f170f33981738a73","558088","8792538dd1d6491bcf525cec638fa14d202dd22c933504c3809c59e055b204c3","439cbd9677402cec583238a3d2d928d6917bb6e334d4bf10f1fe02596e783d46","9e891878a88768d56cc59296b6dfb3b8b694606f4135c7ed804d3caf0551fca1","not_recovered","cd0beeec37632daa955a38f9eba4e42ab5553d9daac470a0028c402132af43b1","final_refit","planned_not_uploaded","blocked_by_nonportable_model_and_data_interfaces"
"unified_rerun_v1","v1_0031_favorita_20170329_tcn_no_graph_s13","Favorita","tcn_no_graph","2017-03-29","13","checkpoint_final.pt","<local-archive>/统一重跑实验_20260826/outputs/full_unified_run_v1/stage1/v1_0031_favorita_20170329_tcn_no_graph_s13/checkpoint_final.pt","unified_rerun_v1_checkpoints_favorita.zip","e9e2b8822012cbc507841aeeacfa908030506ae6f4cc9e66d21409ec80619c45","559816","579bff9bb028f1fcc46c2b53bda5debd5c9f30ed5859467e782f36165e10f237","1e465bb85f1d580a346bdcf0d97c69984a3ef941ea8e0082e61ad1206fc60bba","b3a55e94268cbf21ca25d4856f2fa028c7f9e8ced1341a8148a10e88fea0d615","not_recovered","345dabcf47b0f7e1fb1895e4c61f5d5ebffaa56e09a9f5b2d7896f439c70937b","final_refit","planned_not_uploaded","blocked_by_nonportable_model_and_data_interfaces"
"unified_rerun_v1","v1_0032_favorita_20170329_tcn_no_graph_s29","Favorita","tcn_no_graph","2017-03-29","29","checkpoint_final.pt","<local-archive>/统一重跑实验_20260826/outputs/full_unified_run_v1/stage1/v1_0032_favorita_20170329_tcn_no_graph_s29/checkpoint_final.pt","unified_rerun_v1_checkpoints_favorita.zip","fb3b5dc9a77f711ef14ec90cbb9e7281c6f92d3257e0c2c7ecc60a4f3847fd51","558280","7fa11d6f753a0de04d0d7b57d2b17d080ad73ff4272f178811c230053d56e50a","701bc10b201adf79068c225d366d6437f5b14f825a1ea4537a216a76f23c005b","1f66b79d731e0c1b38476bfb58e9e263ab7b4f97125be35336d5314c2b8522dc","not_recovered","345dabcf47b0f7e1fb1895e4c61f5d5ebffaa56e09a9f5b2d7896f439c70937b","final_refit","planned_not_uploaded","blocked_by_nonportable_model_and_data_interfaces"
"unified_rerun_v1","v1_0033_favorita_20170329_tcn_no_graph_s47","Favorita","tcn_no_graph","2017-03-29","47","checkpoint_final.pt","<local-archive>/统一重跑实验_20260826/outputs/full_unified_run_v1/stage1/v1_0033_favorita_20170329_tcn_no_graph_s47/checkpoint_final.pt","unified_rerun_v1_checkpoints_favorita.zip","4efb0f64277b263e8d0ca4ea8b2b74a8fc03c673dc0776ad75a9792273e5e7a4","558024","d56998c1f994f81fe5244f145c6cf48a93c21a35642317fcaa81b815345596f5","c338f8f567f85e43667b7f2cf0b642532f554c91e28f3a93e083b96fdf65a8df","e27db3023ab6d999d1523d231b58b00e3d6c1370714c742bba47f08aa3e3cc23","not_recovered","345dabcf47b0f7e1fb1895e4c61f5d5ebffaa56e09a9f5b2d7896f439c70937b","final_refit","planned_not_uploaded","blocked_by_nonportable_model_and_data_interfaces"
"unified_rerun_v1","v1_0034_favorita_20170426_tcn_no_graph_s13","Favorita","tcn_no_graph","2017-04-26","13","checkpoint_final.pt","<local-archive>/统一重跑实验_20260826/outputs/full_unified_run_v1/stage1/v1_0034_favorita_20170426_tcn_no_graph_s13/checkpoint_final.pt","unified_rerun_v1_checkpoints_favorita.zip","7c97c1f3c9795786901ea5707a5cd35a9e89f6b85ccf24a5aeeed4045c247354","559112","b8e5afd5e8e4068ceaef2e043fb5a6aac7e88f7ff7bedf1f3855d2b7522219de","525ae3cb1085f6e3b12db1a28968ecdede445a28a8961c98c0e12d621b9d0cec","6f85d068e55d8c42a621c39d87960542fcd92455cf5c61c82563c1817fc47996","not_recovered","c488ebe713d35972ff5a908aa6c2090b4ea444972f31abbf215c0d17998dda91","final_refit","planned_not_uploaded","blocked_by_nonportable_model_and_data_interfaces"
"unified_rerun_v1","v1_0035_favorita_20170426_tcn_no_graph_s29","Favorita","tcn_no_graph","2017-04-26","29","checkpoint_final.pt","<local-archive>/统一重跑实验_20260826/outputs/full_unified_run_v1/stage1/v1_0035_favorita_20170426_tcn_no_graph_s29/checkpoint_final.pt","unified_rerun_v1_checkpoints_favorita.zip","552809a78b8c805e82a276fc52913a0b95b3673d5b047769ad26f97ca260eaf6","558088","54b5c68ee6111b5e643997b871408673546a9a07ce26def448431c37bff0bca0","787f87734a6d9ed3d1d853f01d55daedd1b8f37d7d56a0b8f3c1ef435da40446","0fea74bbb4ae53def84aba581ac187712b8178374f022459c56ee0558de4038f","not_recovered","c488ebe713d35972ff5a908aa6c2090b4ea444972f31abbf215c0d17998dda91","final_refit","planned_not_uploaded","blocked_by_nonportable_model_and_data_interfaces"
"unified_rerun_v1","v1_0036_favorita_20170426_tcn_no_graph_s47","Favorita","tcn_no_graph","2017-04-26","47","checkpoint_final.pt","<local-archive>/统一重跑实验_20260826/outputs/full_unified_run_v1/stage1/v1_0036_favorita_20170426_tcn_no_graph_s47/checkpoint_final.pt","unified_rerun_v1_checkpoints_favorita.zip","50720b48f50e995f2bceb41c3ee0f2a4f034588c12293f5880df7eda27eac8f5","558408","ea178e2277fd0dfa679a9c1ea4a4cc2a9c0cda937a880fe6fe252a5413f67c79","f40950b048e8c238d28cae9305e3b51c3fa71182f7e21ea9d76bfc5eeb0a6a9b","4a5dd902801c09ca725923e25f8f4df05cc3a9f2814ff539ebeebb301c631ccd","not_recovered","c488ebe713d35972ff5a908aa6c2090b4ea444972f31abbf215c0d17998dda91","final_refit","planned_not_uploaded","blocked_by_nonportable_model_and_data_interfaces"
"unified_rerun_v1","v1_0109_favorita_20170301_tcn_stat_confidence_s13","Favorita","tcn_stat_confidence","2017-03-01","13","checkpoint_final.pt","<local-archive>/统一重跑实验_20260826/outputs/full_unified_run_v1/stage1/v1_0109_favorita_20170301_tcn_stat_confidence_s13/checkpoint_final.pt","unified_rerun_v1_checkpoints_favorita.zip","8293b3b3845c8b119d993f20444d7362a468a56a32555fecc1282729ac0cb2b4","558792","d1477082dcc99373ca8dfd01d5370aa8f847036dd01946b094bdb16c16551395","85f198365c4aa3d2470106e7141cfc9bfe63fbc830f90105d58740114c016d2b","d625b8b5a958b96d1fd71eb994ccf5dc6026c03bea6283aa858e2429aab10b34","not_recovered","cd0beeec37632daa955a38f9eba4e42ab5553d9daac470a0028c402132af43b1","final_refit","planned_not_uploaded","blocked_by_nonportable_model_and_data_interfaces"
"unified_rerun_v1","v1_0110_favorita_20170301_tcn_stat_confidence_s29","Favorita","tcn_stat_confidence","2017-03-01","29","checkpoint_final.pt","<local-archive>/统一重跑实验_20260826/outputs/full_unified_run_v1/stage1/v1_0110_favorita_20170301_tcn_stat_confidence_s29/checkpoint_final.pt","unified_rerun_v1_checkpoints_favorita.zip","ccbd5a22ef3156a456891a966efa4e7a37d7dff7f1f828953b5da5866f47634f","558536","f5974d6a077b526dfc2a636aee69c3326f6b6cbb8a2902752bd7ad73aecbdf72","daa84637cd05c7c9c6e29dca435af039d391b0b837f5db26f31bf69fe096202f","5319dc2debe7b05bc537b40ecd5517ec22f0acf935473c886433508e2ae3f1c8","not_recovered","cd0beeec37632daa955a38f9eba4e42ab5553d9daac470a0028c402132af43b1","final_refit","planned_not_uploaded","blocked_by_nonportable_model_and_data_interfaces"
"unified_rerun_v1","v1_0111_favorita_20170301_tcn_stat_confidence_s47","Favorita","tcn_stat_confidence","2017-03-01","47","checkpoint_final.pt","<local-archive>/统一重跑实验_20260826/outputs/full_unified_run_v1/stage1/v1_0111_favorita_20170301_tcn_stat_confidence_s47/checkpoint_final.pt","unified_rerun_v1_checkpoints_favorita.zip","b1b0d641447c3da6c631f1ae66be7b9f6964d7fcd5223c2957f54f858abfd462","559112","68c21e5f5fd67d51eff7bd35f978ca7d79da3b6947ba55fcbd5550fa90b607b2","677a38ee4701bf393573057615cf8c9f4555c609da3d4233bfb659f1b07e6271","dc016828d5c03ca966461d5bcec9db1f025277437f373d70b5f70103cf0e66bc","not_recovered","cd0beeec37632daa955a38f9eba4e42ab5553d9daac470a0028c402132af43b1","final_refit","planned_not_uploaded","blocked_by_nonportable_model_and_data_interfaces"
"unified_rerun_v1","v1_0112_favorita_20170329_tcn_stat_confidence_s13","Favorita","tcn_stat_confidence","2017-03-29","13","checkpoint_final.pt","<local-archive>/统一重跑实验_20260826/outputs/full_unified_run_v1/stage1/v1_0112_favorita_20170329_tcn_stat_confidence_s13/checkpoint_final.pt","unified_rerun_v1_checkpoints_favorita.zip","65adfcc48fdd3dcddba2bdb0b951137f32a42f655ce17755cb0ad99bfdcf9edb","559816","ab1e3ae7fbd5200e0296c1b23ec6ca65d44752aee3c1998098952d91a623086b","89b62c6da2351b7c78a12ecaaa27efcfc9bd15c993daa7ffb39d359f4caf618a","c7031f7804b2745968217a75c1c200d5fd9a9de1718974a5f10eaf349edb2c76","not_recovered","345dabcf47b0f7e1fb1895e4c61f5d5ebffaa56e09a9f5b2d7896f439c70937b","final_refit","planned_not_uploaded","blocked_by_nonportable_model_and_data_interfaces"
"unified_rerun_v1","v1_0113_favorita_20170329_tcn_stat_confidence_s29","Favorita","tcn_stat_confidence","2017-03-29","29","checkpoint_final.pt","<local-archive>/统一重跑实验_20260826/outputs/full_unified_run_v1/stage1/v1_0113_favorita_20170329_tcn_stat_confidence_s29/checkpoint_final.pt","unified_rerun_v1_checkpoints_favorita.zip","506532df9e4c1697a3a326ee54d9312e4dc871a95b36cdf9864e5a1383b2ae3b","558280","52a3ff70db78a942cb832b402ea7db8e85a0ed1bca3808b64e86cd7a260b5662","74e17a3a7925fba1c1525a6f334c383203f0be2fdab07614822c7381f54b1f42","d5734fafdd18badc2eb35e3c9a6e2f0f4a5baf695688dc3ab25d9ee077fa6adb","not_recovered","345dabcf47b0f7e1fb1895e4c61f5d5ebffaa56e09a9f5b2d7896f439c70937b","final_refit","planned_not_uploaded","blocked_by_nonportable_model_and_data_interfaces"
"unified_rerun_v1","v1_0114_favorita_20170329_tcn_stat_confidence_s47","Favorita","tcn_stat_confidence","2017-03-29","47","checkpoint_final.pt","<local-archive>/统一重跑实验_20260826/outputs/full_unified_run_v1/stage1/v1_0114_favorita_20170329_tcn_stat_confidence_s47/checkpoint_final.pt","unified_rerun_v1_checkpoints_favorita.zip","3f502679ae98a02ffd954789d73140c88b2901776b304da5fcba0da1ee40e647","558856","73868444e9556f6886d9bd24e1a31a756560d3807e1760126866cc9d0f8d5511","6443276e129e97cddf433c19fe470545e217e5e50037fffa6a0370cda0c4beee","398afa4a13792b318cbfd86548e25d9f7af8cb6e69c3f289e91882b612a1a2ff","not_recovered","345dabcf47b0f7e1fb1895e4c61f5d5ebffaa56e09a9f5b2d7896f439c70937b","final_refit","planned_not_uploaded","blocked_by_nonportable_model_and_data_interfaces"
"unified_rerun_v1","v1_0115_favorita_20170426_tcn_stat_confidence_s13","Favorita","tcn_stat_confidence","2017-04-26","13","checkpoint_final.pt","<local-archive>/统一重跑实验_20260826/outputs/full_unified_run_v1/stage1/v1_0115_favorita_20170426_tcn_stat_confidence_s13/checkpoint_final.pt","unified_rerun_v1_checkpoints_favorita.zip","3dfa6753e107b00fe4e9f466247143523d634afa1a97701cdf4e959acad85b0f","559752","d38942e210c4c103e240237f2dcb6daca828f7315423bd6af47373b170529d4d","80b7f83a2f0173a66315ce22efc2ec62af9875f6b278061259ec6389cf7f347e","e1c657feea3735521e39a9efb39c39051181f221cb587d9c3299b2987ffa0879","not_recovered","c488ebe713d35972ff5a908aa6c2090b4ea444972f31abbf215c0d17998dda91","final_refit","planned_not_uploaded","blocked_by_nonportable_model_and_data_interfaces"
"unified_rerun_v1","v1_0116_favorita_20170426_tcn_stat_confidence_s29","Favorita","tcn_stat_confidence","2017-04-26","29","checkpoint_final.pt","<local-archive>/统一重跑实验_20260826/outputs/full_unified_run_v1/stage1/v1_0116_favorita_20170426_tcn_stat_confidence_s29/checkpoint_final.pt","unified_rerun_v1_checkpoints_favorita.zip","e6ca396e5b7dd2bc64071f0831b016e3cfc53e67bb20d7922253e9c96b10f037","559496","08c027004fa0244962a7a1499175a71737c98cee8b74f7bb61385a419a415635","a18d7560637e6d558e30b8b578e5ac682c3621ad50937489dca5f14c254432b0","616dc928fbec503b93ddb58605826ab7909522467414a3d621ab435a528c4fca","not_recovered","c488ebe713d35972ff5a908aa6c2090b4ea444972f31abbf215c0d17998dda91","final_refit","planned_not_uploaded","blocked_by_nonportable_model_and_data_interfaces"
"unified_rerun_v1","v1_0117_favorita_20170426_tcn_stat_confidence_s47","Favorita","tcn_stat_confidence","2017-04-26","47","checkpoint_final.pt","<local-archive>/统一重跑实验_20260826/outputs/full_unified_run_v1/stage1/v1_0117_favorita_20170426_tcn_stat_confidence_s47/checkpoint_final.pt","unified_rerun_v1_checkpoints_favorita.zip","6312839627570f7bdd1a40c46abfbcfd7fa461b237bc3783fdb4b19fd4eb0a6e","558984","74252d2e08af02bb33aee75c96798acd7b9268bb333bcf9f549db1e4de982025","48f2ce2a212c2b5788b344f5acba12c2a5276aeb139390406d912d356d688534","0bf56e8739f256ade8b772bc2ed72e0cb2c79e060afdc9aa848acee2b1cf2969","not_recovered","c488ebe713d35972ff5a908aa6c2090b4ea444972f31abbf215c0d17998dda91","final_refit","planned_not_uploaded","blocked_by_nonportable_model_and_data_interfaces"
"unified_rerun_v1","v1_0082_favorita_20170301_tcn_stat_equal_s13","Favorita","tcn_stat_equal","2017-03-01","13","checkpoint_final.pt","<local-archive>/统一重跑实验_20260826/outputs/full_unified_run_v1/stage2/v1_0082_favorita_20170301_tcn_stat_equal_s13/checkpoint_final.pt","unified_rerun_v1_checkpoints_favorita.zip","b8c3226dffc75565b9b0785a3580d54bbfc7e6f7844fdee394f7d67c5ee5746e","558792","699e225ed71597efd651160b1fad6da8983e503e6dec680ff237bc6b05493859","bad36fbf75fec6453b62c0c8a1c368f56efde0eddacdb12b370e581d93f71b80","6050fd8025ee8196ad952e7e397a52dbb3d747ce1d4c3c2a092ed36755b8a87c","not_recovered","cd0beeec37632daa955a38f9eba4e42ab5553d9daac470a0028c402132af43b1","final_refit","planned_not_uploaded","blocked_by_nonportable_model_and_data_interfaces"
"unified_rerun_v1","v1_0083_favorita_20170301_tcn_stat_equal_s29","Favorita","tcn_stat_equal","2017-03-01","29","checkpoint_final.pt","<local-archive>/统一重跑实验_20260826/outputs/full_unified_run_v1/stage2/v1_0083_favorita_20170301_tcn_stat_equal_s29/checkpoint_final.pt","unified_rerun_v1_checkpoints_favorita.zip","740ab496195e1458350c0120ce78590bf02b2cd2caf92178551a1912306d0f2f","558472","0cbac9cebaad0aa6c197335f8a902012f57f47345d65083ba27cb1e225b98305","34d0a84da3e37094b1b983c37cc59f988d0037bf770aab79633dc9f8c3584328","93f441be0950ed55bae6786f7f62b6671750a9b4f429c49f1fa78762881e758a","not_recovered","cd0beeec37632daa955a38f9eba4e42ab5553d9daac470a0028c402132af43b1","final_refit","planned_not_uploaded","blocked_by_nonportable_model_and_data_interfaces"
"unified_rerun_v1","v1_0084_favorita_20170301_tcn_stat_equal_s47","Favorita","tcn_stat_equal","2017-03-01","47","checkpoint_final.pt","<local-archive>/统一重跑实验_20260826/outputs/full_unified_run_v1/stage2/v1_0084_favorita_20170301_tcn_stat_equal_s47/checkpoint_final.pt","unified_rerun_v1_checkpoints_favorita.zip","8cd5c8ed90fcbe88f3411e3c7136b3a54180bac172137a98511b1f95eac9830a","559048","0b3cf7f0de76512e81168aa03400d6ce1ca4c2b2278952916d9a8b792864feb6","61ff4853a44e740da2bb7205ee3b23ba63c42871fb879ba3359c9ce25ae57ac8","dde8c07d9a909e7f449eb8437581a0f7310ce36e21d2b2386e3d3b343368a6d1","not_recovered","cd0beeec37632daa955a38f9eba4e42ab5553d9daac470a0028c402132af43b1","final_refit","planned_not_uploaded","blocked_by_nonportable_model_and_data_interfaces"
"unified_rerun_v1","v1_0085_favorita_20170329_tcn_stat_equal_s13","Favorita","tcn_stat_equal","2017-03-29","13","checkpoint_final.pt","<local-archive>/统一重跑实验_20260826/outputs/full_unified_run_v1/stage2/v1_0085_favorita_20170329_tcn_stat_equal_s13/checkpoint_final.pt","unified_rerun_v1_checkpoints_favorita.zip","c54e5cf004bb2b6416e46871ad77192d922f5d862164a47edb733865fce6f8c3","559880","ad347a4050dd4a6e67232618a9ced5f32f884e49c5e39a78c755758af25d60a1","cc9eab568470c18c6744a1bf4a98d64a092d9e8e3f04b4d5d2138c4993aa3518","aad11eeb4d1ef3c05a5c80d2ef4e393f811e10fab3cec1e1656f3018d1bcac22","not_recovered","345dabcf47b0f7e1fb1895e4c61f5d5ebffaa56e09a9f5b2d7896f439c70937b","final_refit","planned_not_uploaded","blocked_by_nonportable_model_and_data_interfaces"
"unified_rerun_v1","v1_0086_favorita_20170329_tcn_stat_equal_s29","Favorita","tcn_stat_equal","2017-03-29","29","checkpoint_final.pt","<local-archive>/统一重跑实验_20260826/outputs/full_unified_run_v1/stage2/v1_0086_favorita_20170329_tcn_stat_equal_s29/checkpoint_final.pt","unified_rerun_v1_checkpoints_favorita.zip","43be56e49585ef928051476e5916d1cdaddbfa21ba8e0c802d2333845cc8daba","558280","d50d9633703951edeeac3c0b0975f08ba2bb3269c5202453df95c61cda681945","5d210d95e2fab5849cc148e6c2b686f55669f2d3748a71a76a940e4ed795ca3c","a60b3f6465756d34ff228806c62e312b33c30a777cffd6630f8420a0cfbeba19","not_recovered","345dabcf47b0f7e1fb1895e4c61f5d5ebffaa56e09a9f5b2d7896f439c70937b","final_refit","planned_not_uploaded","blocked_by_nonportable_model_and_data_interfaces"
"unified_rerun_v1","v1_0087_favorita_20170329_tcn_stat_equal_s47","Favorita","tcn_stat_equal","2017-03-29","47","checkpoint_final.pt","<local-archive>/统一重跑实验_20260826/outputs/full_unified_run_v1/stage2/v1_0087_favorita_20170329_tcn_stat_equal_s47/checkpoint_final.pt","unified_rerun_v1_checkpoints_favorita.zip","c190b414ca2fd700bdb3eaa7c3f2e04ecd2f73a3c1a8099e53cda8e6114bae00","559112","3cf4d687f15b0ee33025a8ede4b313ad0188ca96167963b7d44550c18d1e76e8","985b75dadb5c0167ff368319ef7d84459d62ad6e57984073b6054a468b3874dc","4bf275150f2fdbc1d4f18f78824796c8cfaaad392d1ecf56bf4ed7389651c702","not_recovered","345dabcf47b0f7e1fb1895e4c61f5d5ebffaa56e09a9f5b2d7896f439c70937b","final_refit","planned_not_uploaded","blocked_by_nonportable_model_and_data_interfaces"
"unified_rerun_v1","v1_0088_favorita_20170426_tcn_stat_equal_s13","Favorita","tcn_stat_equal","2017-04-26","13","checkpoint_final.pt","<local-archive>/统一重跑实验_20260826/outputs/full_unified_run_v1/stage2/v1_0088_favorita_20170426_tcn_stat_equal_s13/checkpoint_final.pt","unified_rerun_v1_checkpoints_favorita.zip","5e51ae689b6ff890c57fbd8e8c5f89a25ca4173da98a9a218574e43f29f1b93b","559752","3a6c06915d5a7171b66704093d7eab3eb4ad8cb338ee1da64e24236f822ffe9a","726e4c71e7620af7179d0304f494d7cd771aced31501cbbcfef3835c1db04fec","a540ec5131a081bf47bcd05bbbbed0756c8e25a77238ccc5c25d208d33735168","not_recovered","c488ebe713d35972ff5a908aa6c2090b4ea444972f31abbf215c0d17998dda91","final_refit","planned_not_uploaded","blocked_by_nonportable_model_and_data_interfaces"
"unified_rerun_v1","v1_0089_favorita_20170426_tcn_stat_equal_s29","Favorita","tcn_stat_equal","2017-04-26","29","checkpoint_final.pt","<local-archive>/统一重跑实验_20260826/outputs/full_unified_run_v1/stage2/v1_0089_favorita_20170426_tcn_stat_equal_s29/checkpoint_final.pt","unified_rerun_v1_checkpoints_favorita.zip","edbccbaf79bd48b7e507a67b0cde5cc89f4c72d1da207a77bc3ea55b7ea71bc1","559496","f4236792b2bbb522a4176d1dfd8415474fce2d130d4f5935823314243de6a16c","75f895a6ef7f9260fd0c433908bd0bab3d7db308e06ae944a04d486e8c729c79","9eea24d52a63286d18b660fe61547b798591939f1d1fb3fec22eb3f057f67018","not_recovered","c488ebe713d35972ff5a908aa6c2090b4ea444972f31abbf215c0d17998dda91","final_refit","planned_not_uploaded","blocked_by_nonportable_model_and_data_interfaces"
"unified_rerun_v1","v1_0090_favorita_20170426_tcn_stat_equal_s47","Favorita","tcn_stat_equal","2017-04-26","47","checkpoint_final.pt","<local-archive>/统一重跑实验_20260826/outputs/full_unified_run_v1/stage2/v1_0090_favorita_20170426_tcn_stat_equal_s47/checkpoint_final.pt","unified_rerun_v1_checkpoints_favorita.zip","06cf210021ee32d3c062ff8e3171999ccfef3f224d6953cc543bf098bfe1b068","558984","da738759c86d20ec8c032da6ead73d7b064a0b367522c92a76d6b3a279079f26","bdc71dc724b9df39ac8b719ca92c438612a2061856cc23e0f1442a2c839d2d8c","1703f95c329cd3942287c6aaaaa80bb8be329bad107dc1ebad916479d3e51acd","not_recovered","c488ebe713d35972ff5a908aa6c2090b4ea444972f31abbf215c0d17998dda91","final_refit","planned_not_uploaded","blocked_by_nonportable_model_and_data_interfaces"
"unified_rerun_v1","v1_0136_favorita_20170301_tcn_stat_placebo_s13","Favorita","tcn_stat_placebo","2017-03-01","13","checkpoint_final.pt","<local-archive>/统一重跑实验_20260826/outputs/full_unified_run_v1/stage2/v1_0136_favorita_20170301_tcn_stat_placebo_s13/checkpoint_final.pt","unified_rerun_v1_checkpoints_favorita.zip","d035a5ee0fe5bd351d11cb83b7ce928041650d0289affd5321ea2150be67d9ae","558344","4772c602ab8dc8ea6e7075f89ffba3fcb6f1e58c16de76439dfdc81f53996863","b4ada573bf35d9d9f7be91090a985006c4a95d257577c217785064f7d0a8cfce","7a718f0926c5d0026178be241c1060e34f73d50602beb8d5ba2faf50dafe63cf","not_recovered","cd0beeec37632daa955a38f9eba4e42ab5553d9daac470a0028c402132af43b1","final_refit","planned_not_uploaded","blocked_by_nonportable_model_and_data_interfaces"
"unified_rerun_v1","v1_0137_favorita_20170301_tcn_stat_placebo_s29","Favorita","tcn_stat_placebo","2017-03-01","29","checkpoint_final.pt","<local-archive>/统一重跑实验_20260826/outputs/full_unified_run_v1/stage2/v1_0137_favorita_20170301_tcn_stat_placebo_s29/checkpoint_final.pt","unified_rerun_v1_checkpoints_favorita.zip","71aa87a27ca693425c7aff7f9fd4c726f73b8e05ae01aaf482bb9e45a3409576","558088","7fad4388eabb5fa52202c8e29d9bef77ba1b121eb4df0dc298aa340a3c4d4ebe","c96a2fb1fad752dcc5eff66f826ef7c5aeeb68d01599d0b91efccf960c8a8dfa","418b3f4a1c9ec10c4b3c273ece21c8353112b41ced8a6ecb25be24d0ce1c82f1","not_recovered","cd0beeec37632daa955a38f9eba4e42ab5553d9daac470a0028c402132af43b1","final_refit","planned_not_uploaded","blocked_by_nonportable_model_and_data_interfaces"
"unified_rerun_v1","v1_0138_favorita_20170301_tcn_stat_placebo_s47","Favorita","tcn_stat_placebo","2017-03-01","47","checkpoint_final.pt","<local-archive>/统一重跑实验_20260826/outputs/full_unified_run_v1/stage2/v1_0138_favorita_20170301_tcn_stat_placebo_s47/checkpoint_final.pt","unified_rerun_v1_checkpoints_favorita.zip","3177e82d56a9de25a8222f7a4f501a5da210763f71c64f45ac08b0ee315e2b26","558728","7a0a1cd712003d0b43538a8bac8210060e5f9f694a47b501c2d0ef79540c4bdc","4a08ea82324b19b957de2a30abc9019979b56f06009d727d27f1e93dec3ba025","762580d6bad512a8fcaee2c4bce480f16b065bdeec2331994f9d2c181991780c","not_recovered","cd0beeec37632daa955a38f9eba4e42ab5553d9daac470a0028c402132af43b1","final_refit","planned_not_uploaded","blocked_by_nonportable_model_and_data_interfaces"
"unified_rerun_v1","v1_0139_favorita_20170329_tcn_stat_placebo_s13","Favorita","tcn_stat_placebo","2017-03-29","13","checkpoint_final.pt","<local-archive>/统一重跑实验_20260826/outputs/full_unified_run_v1/stage2/v1_0139_favorita_20170329_tcn_stat_placebo_s13/checkpoint_final.pt","unified_rerun_v1_checkpoints_favorita.zip","3bb937b35915e3a789eff887aeccfb4a83213922c6e4a6007ddbd9ee58eee72d","558856","11f62af5d642dec0d248f716095de82908f207cc542ccc6e098fb5a809dff796","926f85ae23ffad1531c462296aa2e0dabc7b4c7beb2e34bf722655bde580d0e4","f16d5e1b21386f9a0aebcad440ac880e58e39a32efb9c75d0000ab95131054e9","not_recovered","345dabcf47b0f7e1fb1895e4c61f5d5ebffaa56e09a9f5b2d7896f439c70937b","final_refit","planned_not_uploaded","blocked_by_nonportable_model_and_data_interfaces"
"unified_rerun_v1","v1_0140_favorita_20170329_tcn_stat_placebo_s29","Favorita","tcn_stat_placebo","2017-03-29","29","checkpoint_final.pt","<local-archive>/统一重跑实验_20260826/outputs/full_unified_run_v1/stage2/v1_0140_favorita_20170329_tcn_stat_placebo_s29/checkpoint_final.pt","unified_rerun_v1_checkpoints_favorita.zip","b09ba5c134c0f7d050d39f0c46193c9b68e2feae8fc35e7f732ad4d56a294523","558280","68f8910019b2cdcc93a1c8c8dd89963836c1cbd223a81ca176a8e5f2cb3c0b47","909cbd826ca5294b011c2d66fceb80f8ffc82e52b5d4b77006369a452e7b1bfc","d2be50898e274ff20b62e0aca363d3b4fd994ee0e394a1b41d84717e68595c62","not_recovered","345dabcf47b0f7e1fb1895e4c61f5d5ebffaa56e09a9f5b2d7896f439c70937b","final_refit","planned_not_uploaded","blocked_by_nonportable_model_and_data_interfaces"
"unified_rerun_v1","v1_0141_favorita_20170329_tcn_stat_placebo_s47","Favorita","tcn_stat_placebo","2017-03-29","47","checkpoint_final.pt","<local-archive>/统一重跑实验_20260826/outputs/full_unified_run_v1/stage2/v1_0141_favorita_20170329_tcn_stat_placebo_s47/checkpoint_final.pt","unified_rerun_v1_checkpoints_favorita.zip","fb05c026a17232899ff63f08c7de7ea77414505805a7257ceb43b8631f5987f7","559752","5e318ea4b40d50da72f725353ee11319873c07e942ad99ad2aaa0a30a1cbea6b","8cd5cb6ccef2e225691647fb3273ec2e70168aaddcaa8b648a6a1a269ee151e5","3ea6a0e1ccb85486c7d828668589d685c9f928400a82781b2bc3c582b0b2c39b","not_recovered","345dabcf47b0f7e1fb1895e4c61f5d5ebffaa56e09a9f5b2d7896f439c70937b","final_refit","planned_not_uploaded","blocked_by_nonportable_model_and_data_interfaces"
"unified_rerun_v1","v1_0142_favorita_20170426_tcn_stat_placebo_s13","Favorita","tcn_stat_placebo","2017-04-26","13","checkpoint_final.pt","<local-archive>/统一重跑实验_20260826/outputs/full_unified_run_v1/stage2/v1_0142_favorita_20170426_tcn_stat_placebo_s13/checkpoint_final.pt","unified_rerun_v1_checkpoints_favorita.zip","b21f6133eabeca1badca2c7091bc44e2119512f464a79996873f4a5211ad130b","559752","776efe906a26c9649508580c95d6886fbf0e7319628cb490a7adceddf6a5cac3","e4cbe8e378cb68d5ea351ab1c0ba7284528231a41885688081f59a3925828fea","39cc1cf6bcc5820ae0b40f01b04d1dd897c9f779a086b472badcb2f4dfcd5a63","not_recovered","c488ebe713d35972ff5a908aa6c2090b4ea444972f31abbf215c0d17998dda91","final_refit","planned_not_uploaded","blocked_by_nonportable_model_and_data_interfaces"
"unified_rerun_v1","v1_0143_favorita_20170426_tcn_stat_placebo_s29","Favorita","tcn_stat_placebo","2017-04-26","29","checkpoint_final.pt","<local-archive>/统一重跑实验_20260826/outputs/full_unified_run_v1/stage2/v1_0143_favorita_20170426_tcn_stat_placebo_s29/checkpoint_final.pt","unified_rerun_v1_checkpoints_favorita.zip","28103cd135d767c56d9f7724dced2f4bba7d5b37c72ee1a3938809c8c0e3d856","558408","3916802ba6837b74a3aaa87c7da44cdd9987585c04ba9d062213d0aac5673a70","eaba5806ef9df5d4f5697a2963c1b65b8ac973cf7ef99f66507918652dfa0571","8e99cf7b5b0c1a59c95111a9d0e3071014710854c27c0e95dd80538cb6b2bd3c","not_recovered","c488ebe713d35972ff5a908aa6c2090b4ea444972f31abbf215c0d17998dda91","final_refit","planned_not_uploaded","blocked_by_nonportable_model_and_data_interfaces"
"unified_rerun_v1","v1_0144_favorita_20170426_tcn_stat_placebo_s47","Favorita","tcn_stat_placebo","2017-04-26","47","checkpoint_final.pt","<local-archive>/统一重跑实验_20260826/outputs/full_unified_run_v1/stage2/v1_0144_favorita_20170426_tcn_stat_placebo_s47/checkpoint_final.pt","unified_rerun_v1_checkpoints_favorita.zip","3138ca8d067279d9d3da1f437bc653d85c5211c5476127fbca0d719f7af1e6cc","558344","2e31e61182afded34a1d32f4316fbcc20c244feb7c87f8d43e325c66eb310c4b","e544284b40cd03d74f184299991849cc14a4271011d85e7d32f51716197103f7","4065a019e9d81fa02d7d76c8d261169e372c174c059b0e8d0daae31b91ec09ea","not_recovered","c488ebe713d35972ff5a908aa6c2090b4ea444972f31abbf215c0d17998dda91","final_refit","planned_not_uploaded","blocked_by_nonportable_model_and_data_interfaces"
"unified_rerun_v1","v1_0163_favorita_20170301_tcn_target_only_s13","Favorita","tcn_target_only","2017-03-01","13","checkpoint_final.pt","<local-archive>/统一重跑实验_20260826/outputs/full_unified_run_v1/stage2/v1_0163_favorita_20170301_tcn_target_only_s13/checkpoint_final.pt","unified_rerun_v1_checkpoints_favorita.zip","aef03152d957961ac4001db252edc5600e7ad6034540aabc6a88a1a0ac09d8fd","233296","fae7ce5b344a86874aaf85a34d24046b18bcb2e0f16c0d7bf3837d11b3f30cee","be2fb435909b69fc4036431ed05aa06e3b417de35a83d91fbbedaf42e59517f8","860dad50e64c01c1d55329eb1290bb3a4035775d6b68d696f6d80136a882ee1c","not_recovered","cd0beeec37632daa955a38f9eba4e42ab5553d9daac470a0028c402132af43b1","final_refit","planned_not_uploaded","blocked_by_nonportable_model_and_data_interfaces"
"unified_rerun_v1","v1_0164_favorita_20170301_tcn_target_only_s29","Favorita","tcn_target_only","2017-03-01","29","checkpoint_final.pt","<local-archive>/统一重跑实验_20260826/outputs/full_unified_run_v1/stage2/v1_0164_favorita_20170301_tcn_target_only_s29/checkpoint_final.pt","unified_rerun_v1_checkpoints_favorita.zip","2767e77564e597cb77ac78c147693660e3183db485e16e794a2e77140b2b9a0e","232976","bf50e27e276515b09d28ae3138f38f1c7b27476b85dab2a1b163053f9424259c","f347b57c1cb1f40e705d47679a49056b2baf19cc85bf373e14c8d9486ec7ba32","3a7ad16ed83cc2e3937e86e8a4f5016b89051bccb79ad7911c46eb84bade406a","not_recovered","cd0beeec37632daa955a38f9eba4e42ab5553d9daac470a0028c402132af43b1","final_refit","planned_not_uploaded","blocked_by_nonportable_model_and_data_interfaces"
"unified_rerun_v1","v1_0165_favorita_20170301_tcn_target_only_s47","Favorita","tcn_target_only","2017-03-01","47","checkpoint_final.pt","<local-archive>/统一重跑实验_20260826/outputs/full_unified_run_v1/stage2/v1_0165_favorita_20170301_tcn_target_only_s47/checkpoint_final.pt","unified_rerun_v1_checkpoints_favorita.zip","b3033b4dc0122338d24be1ae30591dd9bb7419cdbd2e1546e966081b0e7c79f6","233488","8832b94f0eb8c8c23509cb5279ac6c84f59d750a14e3598399e8f96b06105b4f","7c7e50eb84c7eb17e4e33d96d9507d0d2de6c1583011392d488cace71244972a","3e2357503c1fe50f86532382b0fd443373e6e184af2a5a03cba11e26d813094a","not_recovered","cd0beeec37632daa955a38f9eba4e42ab5553d9daac470a0028c402132af43b1","final_refit","planned_not_uploaded","blocked_by_nonportable_model_and_data_interfaces"
"unified_rerun_v1","v1_0166_favorita_20170329_tcn_target_only_s13","Favorita","tcn_target_only","2017-03-29","13","checkpoint_final.pt","<local-archive>/统一重跑实验_20260826/outputs/full_unified_run_v1/stage2/v1_0166_favorita_20170329_tcn_target_only_s13/checkpoint_final.pt","unified_rerun_v1_checkpoints_favorita.zip","4d6911e2d43600509b3065106d671fd7ae9eafead460ce86974cff369c1f014a","232720","343ea39decf60a854312d7b504ae9c2c7c34ab7bd3a8f6c20badcb01df623dc0","5981c0a50e2a299cc7fefcfebe6d9687dc2776fd2d89a2168c1c3bc985781d1e","f1f22ebda2d2c467ba4ed3903c62efced24fa4a330441dd72650d725b4d8b5b0","not_recovered","345dabcf47b0f7e1fb1895e4c61f5d5ebffaa56e09a9f5b2d7896f439c70937b","final_refit","planned_not_uploaded","blocked_by_nonportable_model_and_data_interfaces"
"unified_rerun_v1","v1_0167_favorita_20170329_tcn_target_only_s29","Favorita","tcn_target_only","2017-03-29","29","checkpoint_final.pt","<local-archive>/统一重跑实验_20260826/outputs/full_unified_run_v1/stage2/v1_0167_favorita_20170329_tcn_target_only_s29/checkpoint_final.pt","unified_rerun_v1_checkpoints_favorita.zip","29b21d751ce2dc8756c8b7681ebaee7a7026c0a2abd1658d1d4d9b1bcf267920","232656","e518b29bb21c54fae63a248076a4e7b61f650b7ff418d6c032a27938cd1067c9","3f4566125b1609ce999f02741c153998647c5722b98a42c22c27f2da599f75f6","08e5dd071d399ff91d7c7720f6ca4a68293c5611002b21eb07495219483f2562","not_recovered","345dabcf47b0f7e1fb1895e4c61f5d5ebffaa56e09a9f5b2d7896f439c70937b","final_refit","planned_not_uploaded","blocked_by_nonportable_model_and_data_interfaces"
"unified_rerun_v1","v1_0168_favorita_20170329_tcn_target_only_s47","Favorita","tcn_target_only","2017-03-29","47","checkpoint_final.pt","<local-archive>/统一重跑实验_20260826/outputs/full_unified_run_v1/stage2/v1_0168_favorita_20170329_tcn_target_only_s47/checkpoint_final.pt","unified_rerun_v1_checkpoints_favorita.zip","6521f20bb72f51fcb3b784b4b807675ab08a9c65b15a59a046d5af00d2d49609","233040","49e273df08bd70b6847b80728f5f2aad3dd8788e4493055f27d1eebae975c2ce","b8a0f9b4d6046c21fe789aa67ce89650989bf9382c1c399524877cc6b03e27b7","a86edfc7b1486a024d93f366c2b324728f35f74479ac1a1bcd1476e30d871a60","not_recovered","345dabcf47b0f7e1fb1895e4c61f5d5ebffaa56e09a9f5b2d7896f439c70937b","final_refit","planned_not_uploaded","blocked_by_nonportable_model_and_data_interfaces"
"unified_rerun_v1","v1_0169_favorita_20170426_tcn_target_only_s13","Favorita","tcn_target_only","2017-04-26","13","checkpoint_final.pt","<local-archive>/统一重跑实验_20260826/outputs/full_unified_run_v1/stage2/v1_0169_favorita_20170426_tcn_target_only_s13/checkpoint_final.pt","unified_rerun_v1_checkpoints_favorita.zip","fd962f415a3595c71ae9911d8418ef96a3715ffadd297d22cf38e4232d8ce3ad","232720","f3fcc503050e2ade36650c6d8a7375df184251ea4e4affb19438feb2fc4b875d","93119ca1a395338330983689f874d20e86fa35a57e86f69071fff68b1552cc26","9af85512fce7080b0fa6ce33ff40d248e5273b9425777f9e7e995a046be951c8","not_recovered","c488ebe713d35972ff5a908aa6c2090b4ea444972f31abbf215c0d17998dda91","final_refit","planned_not_uploaded","blocked_by_nonportable_model_and_data_interfaces"
"unified_rerun_v1","v1_0170_favorita_20170426_tcn_target_only_s29","Favorita","tcn_target_only","2017-04-26","29","checkpoint_final.pt","<local-archive>/统一重跑实验_20260826/outputs/full_unified_run_v1/stage2/v1_0170_favorita_20170426_tcn_target_only_s29/checkpoint_final.pt","unified_rerun_v1_checkpoints_favorita.zip","64c36a69ee42b6a7f6d837c19070f9df612746abdffb90d459b6c13ec8ede22b","233104","d4e69a9abb3fc25b976ccfc7fb1f278801e2f3572b816fdde26dcd8bc95b7c69","4ab408532b27d1e78270106ebe782cb9c55704a97e48f27c3418ce1dde8ad3fc","c52523cd0bba41bddb43f360f76b0dd8fe51b0d14777950ee7324170fc3f2c99","not_recovered","c488ebe713d35972ff5a908aa6c2090b4ea444972f31abbf215c0d17998dda91","final_refit","planned_not_uploaded","blocked_by_nonportable_model_and_data_interfaces"
"unified_rerun_v1","v1_0171_favorita_20170426_tcn_target_only_s47","Favorita","tcn_target_only","2017-04-26","47","checkpoint_final.pt","<local-archive>/统一重跑实验_20260826/outputs/full_unified_run_v1/stage2/v1_0171_favorita_20170426_tcn_target_only_s47/checkpoint_final.pt","unified_rerun_v1_checkpoints_favorita.zip","5e98529f30a5a41cb74696b2bee91c3c9089e4d46843f55b1ae7fa2273ff7ec0","232784","c0afde1d1dd0f1e8a3174c80a86ca50e4751e091ed3f8084ac4a33fb634ca5cc","9c8e6f41061947b4d31206f497e4e76597d46ca6c2d9c1e00ac226000e2d0926","73a88788f6096c152c134f1581372f79af6f41a96a83ebac7c458244e6582e3a","not_recovered","c488ebe713d35972ff5a908aa6c2090b4ea444972f31abbf215c0d17998dda91","final_refit","planned_not_uploaded","blocked_by_nonportable_model_and_data_interfaces"
"unified_rerun_v1","v1_0298_favorita_20170301_timemixerpp_s13","Favorita","timemixerpp","2017-03-01","13","checkpoint_final.pt","<local-archive>/统一重跑实验_20260826/outputs/full_unified_run_v1/stage2/v1_0298_favorita_20170301_timemixerpp_s13/checkpoint_final.pt","unified_rerun_v1_checkpoints_favorita.zip","3a2b9c258f3865d55d82399055f0d958dcee6f80e9db50a0f2ded6b36f7ca285","2565982","a300defc1016fd195da66eaa79a7f757ac10ccdad756ddd0edf45afb6d6798f7","0f76a7ccaa1c83d934ead7efa01c0d3a65c0ed17d3b2089c2e52afdcfcfa8e90","5cf7c92fcc9dd62d934a199fc7d4c71f82779780d1961c0fded4e98f702f53f4","not_recovered","cd0beeec37632daa955a38f9eba4e42ab5553d9daac470a0028c402132af43b1","final_refit","planned_not_uploaded","blocked_by_nonportable_model_and_data_interfaces"
"unified_rerun_v1","v1_0299_favorita_20170301_timemixerpp_s29","Favorita","timemixerpp","2017-03-01","29","checkpoint_final.pt","<local-archive>/统一重跑实验_20260826/outputs/full_unified_run_v1/stage2/v1_0299_favorita_20170301_timemixerpp_s29/checkpoint_final.pt","unified_rerun_v1_checkpoints_favorita.zip","be9efdaf26c94d62eed20a816723116a5f80cd6ad669f0ee69f77cd4223229cc","2565470","13885dec26ba8029f65a23ba12ccb76f12e9c32a22c6aa47654a441b6474471a","4f62e72065a491b8e488af9dd3923a6ac00df0e6afc45836e222be9720288705","35b68ee845ebd261efdaf67a5084205aba420dd6c58daec25a1b5ea82a30597e","not_recovered","cd0beeec37632daa955a38f9eba4e42ab5553d9daac470a0028c402132af43b1","final_refit","planned_not_uploaded","blocked_by_nonportable_model_and_data_interfaces"
"unified_rerun_v1","v1_0300_favorita_20170301_timemixerpp_s47","Favorita","timemixerpp","2017-03-01","47","checkpoint_final.pt","<local-archive>/统一重跑实验_20260826/outputs/full_unified_run_v1/stage2/v1_0300_favorita_20170301_timemixerpp_s47/checkpoint_final.pt","unified_rerun_v1_checkpoints_favorita.zip","260fafee923ec634f38a793e811c37c2445a491b7762b0bd43db71a46f7ccefb","2565726","752fc6910cd9edcedae6a37853fc32e2b1f7a91b4d9effe991a5079b9cd9921f","8cb416ab9671d5df04add29e1985d95f35d95c5d2575d6b283d8a383668d91bb","77b6fe672209258da7d286d818e1d04a74aa99d33e271917f8e9564836a96e3f","not_recovered","cd0beeec37632daa955a38f9eba4e42ab5553d9daac470a0028c402132af43b1","final_refit","planned_not_uploaded","blocked_by_nonportable_model_and_data_interfaces"
"unified_rerun_v1","v1_0301_favorita_20170329_timemixerpp_s13","Favorita","timemixerpp","2017-03-29","13","checkpoint_final.pt","<local-archive>/统一重跑实验_20260826/outputs/full_unified_run_v1/stage2/v1_0301_favorita_20170329_timemixerpp_s13/checkpoint_final.pt","unified_rerun_v1_checkpoints_favorita.zip","1f20dbc773d26c9aeaa34c0eab44d55cb627c5b6d94828c5729aa2cb89e87eee","2564830","84a19b7ff42274121fcaaf9b69721ea8e69c4e57d7dda6a39aff12f8bdbd5e06","cd644fcd94c085ffbf80045f40c2e6eedc9e8fe70fd908477c71cb7861600269","9ac0b154135e642dd9cb1e943e033a2029fb65e4612248cb3884d84a3d7afaed","not_recovered","345dabcf47b0f7e1fb1895e4c61f5d5ebffaa56e09a9f5b2d7896f439c70937b","final_refit","planned_not_uploaded","blocked_by_nonportable_model_and_data_interfaces"
"unified_rerun_v1","v1_0302_favorita_20170329_timemixerpp_s29","Favorita","timemixerpp","2017-03-29","29","checkpoint_final.pt","<local-archive>/统一重跑实验_20260826/outputs/full_unified_run_v1/stage2/v1_0302_favorita_20170329_timemixerpp_s29/checkpoint_final.pt","unified_rerun_v1_checkpoints_favorita.zip","f90c836972e6614fb3ce979490270f74c85690b4b0bed050e89d7129390357c2","2564766","6d2db4aa3dc380cb7a87b31acb10e46e39ea1d6d5c4cd450b7f28f21dc51c595","dbe57b4c6e8c0bc475608fd7ca1a5f3765e1f91a2f74e5bfca63088757e4c342","cc464acaad28982190fd3d959b7f4c65cf87edebbcb79f607cfd7a1610076b3d","not_recovered","345dabcf47b0f7e1fb1895e4c61f5d5ebffaa56e09a9f5b2d7896f439c70937b","final_refit","planned_not_uploaded","blocked_by_nonportable_model_and_data_interfaces"
"unified_rerun_v1","v1_0303_favorita_20170329_timemixerpp_s47","Favorita","timemixerpp","2017-03-29","47","checkpoint_final.pt","<local-archive>/统一重跑实验_20260826/outputs/full_unified_run_v1/stage2/v1_0303_favorita_20170329_timemixerpp_s47/checkpoint_final.pt","unified_rerun_v1_checkpoints_favorita.zip","e61f0afe350d3f2653c00de84fc9d100634a216a00dc017af4c29431cc597276","2564894","fcea81f6eb45f66364d224d06b12e9ef8addc469e27e85206b00e1b1cfcb70f6","89bdbbcc3e010b692d602d7c547a0d3e7e51440e775f54b9d5f7b315cf31817b","0b46b53c8dcc06d1621651e651cbe6125d73d4d8315ab0dec555ee4332ec4290","not_recovered","345dabcf47b0f7e1fb1895e4c61f5d5ebffaa56e09a9f5b2d7896f439c70937b","final_refit","planned_not_uploaded","blocked_by_nonportable_model_and_data_interfaces"
"unified_rerun_v1","v1_0304_favorita_20170426_timemixerpp_s13","Favorita","timemixerpp","2017-04-26","13","checkpoint_final.pt","<local-archive>/统一重跑实验_20260826/outputs/full_unified_run_v1/stage2/v1_0304_favorita_20170426_timemixerpp_s13/checkpoint_final.pt","unified_rerun_v1_checkpoints_favorita.zip","2737d629ab9dccc2445935b4834641693cf8c968be18ea105ad44f21890b3894","2565214","ff7ce49d6074789e3d7affaea264006d6c1c1b88c170c7e6dbcd195e271af879","78f2eb1b5fe18da5bee2f5407a4ef12e3101c21bcf05b4b324f0828af35e8656","69de7053f905574d59bd0b4c9cc85aa9d3d1e06bc26a6b9fc8c0c2ca4ffbf78a","not_recovered","c488ebe713d35972ff5a908aa6c2090b4ea444972f31abbf215c0d17998dda91","final_refit","planned_not_uploaded","blocked_by_nonportable_model_and_data_interfaces"
"unified_rerun_v1","v1_0305_favorita_20170426_timemixerpp_s29","Favorita","timemixerpp","2017-04-26","29","checkpoint_final.pt","<local-archive>/统一重跑实验_20260826/outputs/full_unified_run_v1/stage2/v1_0305_favorita_20170426_timemixerpp_s29/checkpoint_final.pt","unified_rerun_v1_checkpoints_favorita.zip","07d58fab141633c7708c3bdf93bce4c48287b39b6626ff89186f19052ae46423","2565662","b0a9a362219c09abe11275249f3f44e1823dc8fb54ba7ed79f1a6fd1c2713fce","290857fca1e0de638d9d2e72ebca424a8bdac8af75b562fd23c0020882767d48","e34897bf93c52628a04b21799ce4df44190adb09fb7561919e4a1008138dda23","not_recovered","c488ebe713d35972ff5a908aa6c2090b4ea444972f31abbf215c0d17998dda91","final_refit","planned_not_uploaded","blocked_by_nonportable_model_and_data_interfaces"
"unified_rerun_v1","v1_0306_favorita_20170426_timemixerpp_s47","Favorita","timemixerpp","2017-04-26","47","checkpoint_final.pt","<local-archive>/统一重跑实验_20260826/outputs/full_unified_run_v1/stage2/v1_0306_favorita_20170426_timemixerpp_s47/checkpoint_final.pt","unified_rerun_v1_checkpoints_favorita.zip","f436091e0634a583f61acc2ac19615196ea1227d05d0893c20044cba4e2b889c","2565598","80050a10d95d11b494ba3c25fd16cebf0a6d206184b8a8c58b6a982f3832695b","85eb37a8d8ed3afc320ff0e539ece40f32d329474a6332e461864be81b78b898","1fc1b623c2b5fe72e838c908071f77cd1b632d14a243dcacb83e8b6053708c46","not_recovered","c488ebe713d35972ff5a908aa6c2090b4ea444972f31abbf215c0d17998dda91","final_refit","planned_not_uploaded","blocked_by_nonportable_model_and_data_interfaces"
"unified_rerun_v1","v1_0181_m5_20151207_dlinear_s13","M5","dlinear","2015-12-07","13","checkpoint_final.pt","<local-archive>/统一重跑实验_20260826/outputs/full_unified_run_v1/stage2/v1_0181_m5_20151207_dlinear_s13/checkpoint_final.pt","unified_rerun_v1_checkpoints_m5.zip","a3320579bf70383349112aba1b60251a62352b8918cd30588b87e761497e813c","80584","023ccc3e1d95491ba7cbc712c10d82adb20d1f4fc045a61935d3e7ab74bb8c6b","750a503cde71aa13c0d0c8a792cf0258a68b9a33e2dc1c0618aa858850cfab25","3cea1efabd7ce9de03e98855df6c6424ebf32f00d7e2a3fde60ecd1605338eb7","not_recovered","24f14f88e9945d2a7fb67744b119a74daf41bf279d2a3b941fb03feff77657e4","final_refit","planned_not_uploaded","blocked_by_nonportable_model_and_data_interfaces"
"unified_rerun_v1","v1_0182_m5_20151207_dlinear_s29","M5","dlinear","2015-12-07","29","checkpoint_final.pt","<local-archive>/统一重跑实验_20260826/outputs/full_unified_run_v1/stage2/v1_0182_m5_20151207_dlinear_s29/checkpoint_final.pt","unified_rerun_v1_checkpoints_m5.zip","5328f3e5ed48a937dfee8843493156ccc0e1abbd58ccbc1107b227ceb2f6f11b","80712","9cec2fb52f9950620c0dcf4e9453fcf74d3565234826c98814aa9fadca49586d","831fc49fc65171600cd3c85ba690de712b5d818baaabd62d56570d12718b0cbc","73a7fc42ad3044c3c15e895d15d879d0e2b878877a5b9586d109379ca81b2a96","not_recovered","24f14f88e9945d2a7fb67744b119a74daf41bf279d2a3b941fb03feff77657e4","final_refit","planned_not_uploaded","blocked_by_nonportable_model_and_data_interfaces"
"unified_rerun_v1","v1_0183_m5_20151207_dlinear_s47","M5","dlinear","2015-12-07","47","checkpoint_final.pt","<local-archive>/统一重跑实验_20260826/outputs/full_unified_run_v1/stage2/v1_0183_m5_20151207_dlinear_s47/checkpoint_final.pt","unified_rerun_v1_checkpoints_m5.zip","e3a9181ca5f52363312bed84915914899197a81f50526a961b68b3c553efaa7e","80712","4e06bd13e32827c9fcb4284e62553a01648b6dcd55b9c34da951cf5148e6ef1a","6513cbed0ec1186ea0415682f5bc403fa814cf82ea3f3fc490238acd1e8da5f6","b5ecdf780341677f270e451ebda1d27a72dae9c4920f27c798734fe84b6691c3","not_recovered","24f14f88e9945d2a7fb67744b119a74daf41bf279d2a3b941fb03feff77657e4","final_refit","planned_not_uploaded","blocked_by_nonportable_model_and_data_interfaces"
"unified_rerun_v1","v1_0184_m5_20160104_dlinear_s13","M5","dlinear","2016-01-04","13","checkpoint_final.pt","<local-archive>/统一重跑实验_20260826/outputs/full_unified_run_v1/stage2/v1_0184_m5_20160104_dlinear_s13/checkpoint_final.pt","unified_rerun_v1_checkpoints_m5.zip","ed23449036bbdb5db3a95dbdbfdda2a4481e03c9dd6f96353db3c48a3e4b5f44","80648","deca04a758b346c518b1376e4704708be520830f8411301dde5fc5333d172af4","da723d564d84d4048896f5c043d878d3a19f6458faccd2d23c5185ef475d0c34","d2fb9713fcd84c87bd5cc0e31fa2d9518ad418f368ee908ac74897c976e982e4","not_recovered","f363d22b50ee5ecf935d764748129bbf4e83b2417ab50854a465cae0c12fccbf","final_refit","planned_not_uploaded","blocked_by_nonportable_model_and_data_interfaces"
"unified_rerun_v1","v1_0185_m5_20160104_dlinear_s29","M5","dlinear","2016-01-04","29","checkpoint_final.pt","<local-archive>/统一重跑实验_20260826/outputs/full_unified_run_v1/stage2/v1_0185_m5_20160104_dlinear_s29/checkpoint_final.pt","unified_rerun_v1_checkpoints_m5.zip","2907e072b172b4ad4fa8648a96255f238348d186805cc5619aa76d228f659b83","80648","aec1537a990bf8a4be8a57c36accc8bc685f1ec38e966ed688a1d8a09176034b","7020f98054e39608f2c1b489ed7b3e22e8dcb38e803873d579551f2d3b572dbd","65110652e0edc7905e5c7647a01b2b419bda3c9cc864314511b90684c8677313","not_recovered","f363d22b50ee5ecf935d764748129bbf4e83b2417ab50854a465cae0c12fccbf","final_refit","planned_not_uploaded","blocked_by_nonportable_model_and_data_interfaces"
"unified_rerun_v1","v1_0186_m5_20160104_dlinear_s47","M5","dlinear","2016-01-04","47","checkpoint_final.pt","<local-archive>/统一重跑实验_20260826/outputs/full_unified_run_v1/stage2/v1_0186_m5_20160104_dlinear_s47/checkpoint_final.pt","unified_rerun_v1_checkpoints_m5.zip","b5e5afd1b9869c9bdae02cc7dfca75fd61f87c8d591916fa3f118abd99f21dd8","80712","ccf91c8c842474dcc297b322149719ab8b0bfb116cd06163c49cb7308b9204cc","616e2fa04e765a9e6e617d4aa5dd31c57b36171e1dd8b44b47cbd1ec2cfe0176","f7630b7c2ca6e08d4b6b93cf8a0acb496bf52a1a1a4b5a5c8fad190f39d4703b","not_recovered","f363d22b50ee5ecf935d764748129bbf4e83b2417ab50854a465cae0c12fccbf","final_refit","planned_not_uploaded","blocked_by_nonportable_model_and_data_interfaces"
"unified_rerun_v1","v1_0187_m5_20160201_dlinear_s13","M5","dlinear","2016-02-01","13","checkpoint_final.pt","<local-archive>/统一重跑实验_20260826/outputs/full_unified_run_v1/stage2/v1_0187_m5_20160201_dlinear_s13/checkpoint_final.pt","unified_rerun_v1_checkpoints_m5.zip","52b809a3a032f9e2930369daecf7df929d028dfa1bf93907a601d4909e87e844","80072","63f99c4882268c383f1dd222abf090e4baf608e2719d0770c79594f8b972169a","84fd2216f8f2c647019673b2451ddbe73bf09c26feeb14300617a74ccc840738","6ab50b837ee48f60c0e6ce9582f7c61552716d3f9fdb3f4aa1fb9a6882d1ac97","not_recovered","84ec5e1a462241b724bdb52169726ffe86647b20efbad04d01b949a8b9fc2a01","final_refit","planned_not_uploaded","blocked_by_nonportable_model_and_data_interfaces"
"unified_rerun_v1","v1_0188_m5_20160201_dlinear_s29","M5","dlinear","2016-02-01","29","checkpoint_final.pt","<local-archive>/统一重跑实验_20260826/outputs/full_unified_run_v1/stage2/v1_0188_m5_20160201_dlinear_s29/checkpoint_final.pt","unified_rerun_v1_checkpoints_m5.zip","a841a839ef8eba042a7ec8ec8036faeb2dce6028c42e106f177ce1d6f1fbe623","80648","414568442e6d68944fa3343f2fe1b796b893992602eb3b034882c01b8e035df4","22d17a434a80bab755f29d2df3b20d22958ca983414e5af91eb93009c77f5b6d","72db35ffa2b0bfccd38a94fa6170afef032ec6992e011e6c38d778e30a00b8cb","not_recovered","84ec5e1a462241b724bdb52169726ffe86647b20efbad04d01b949a8b9fc2a01","final_refit","planned_not_uploaded","blocked_by_nonportable_model_and_data_interfaces"
"unified_rerun_v1","v1_0189_m5_20160201_dlinear_s47","M5","dlinear","2016-02-01","47","checkpoint_final.pt","<local-archive>/统一重跑实验_20260826/outputs/full_unified_run_v1/stage2/v1_0189_m5_20160201_dlinear_s47/checkpoint_final.pt","unified_rerun_v1_checkpoints_m5.zip","2049e1875a676d0edf396bdc4089f3ed9b92ed17421ad57f9ab5f93579c27924","79944","e0a655ffae0212bf392588620a7f2718db4547f23b091bcd66c9982fa05091fc","5448a19025b394dfdd36b0c1164d7b7c8ff9d02154f3649b29432e8b1b070c47","b1326ff564d65c596bdd8b3513b2e6854da353a30092cc724bcdc97fb34ad46b","not_recovered","84ec5e1a462241b724bdb52169726ffe86647b20efbad04d01b949a8b9fc2a01","final_refit","planned_not_uploaded","blocked_by_nonportable_model_and_data_interfaces"
"unified_rerun_v1","v1_0010_m5_20151207_global_lightgbm_s13","M5","global_lightgbm","2015-12-07","13","checkpoint_final.pt","<local-archive>/统一重跑实验_20260826/outputs/full_unified_run_v1/stage2/v1_0010_m5_20151207_global_lightgbm_s13/checkpoint_final.pt","unified_rerun_v1_checkpoints_m5.zip","18ccc6f21dcb9a8d3db88d5364b6a7754c4bf06e5e66a24aad15169af50a0c97","1067936","b427ccf56df6079e61e4702337d8bdbbb0a765e0c8fb89e2d1c5053352c86582","98318f73cf6a9ad3a76b4c6b69cd95a73c71b7d698819b5db53c4f085449ac7a","2d5e61094211c5c9e4b78f1de32163deff75eecc74f4197992ad38043165221c","not_recovered","24f14f88e9945d2a7fb67744b119a74daf41bf279d2a3b941fb03feff77657e4","final_refit","planned_not_uploaded","blocked_by_nonportable_model_and_data_interfaces"
"unified_rerun_v1","v1_0011_m5_20160104_global_lightgbm_s13","M5","global_lightgbm","2016-01-04","13","checkpoint_final.pt","<local-archive>/统一重跑实验_20260826/outputs/full_unified_run_v1/stage2/v1_0011_m5_20160104_global_lightgbm_s13/checkpoint_final.pt","unified_rerun_v1_checkpoints_m5.zip","061d7287752095f8b563a69639e9761cca49be2654a5672fe10e0481a3d508e5","2061536","f16c7c0d8548b6015b9c5e1864b340c6e5416571e12b7e095a2f0b866b5ea790","72bd8ce84340e0518a67fc7469c1ce662c26ee59f0d2b961081959555eb75c3d","e1dac4632855c91fc6deacd4740c20bb4504f1bbfb218421964e0525c214c0b6","not_recovered","f363d22b50ee5ecf935d764748129bbf4e83b2417ab50854a465cae0c12fccbf","final_refit","planned_not_uploaded","blocked_by_nonportable_model_and_data_interfaces"
"unified_rerun_v1","v1_0012_m5_20160201_global_lightgbm_s13","M5","global_lightgbm","2016-02-01","13","checkpoint_final.pt","<local-archive>/统一重跑实验_20260826/outputs/full_unified_run_v1/stage2/v1_0012_m5_20160201_global_lightgbm_s13/checkpoint_final.pt","unified_rerun_v1_checkpoints_m5.zip","0a0f07ea504772ddad86dabb9060777fdd8b6a9f0b9ca311bdec8d12378b3f90","4054816","692e2a6d0e4d793350bc63e8574ae4c9b1c028e5f9f24af078af6fc35fd69aa0","5af16fc45e284b7a72238e3525f04e0ed299b9601159c576fc34cd558f1b3bea","7906c1595725a4c66b6deadb1d184ba4a5a38d851630e546d852e9ac537a6d2f","not_recovered","84ec5e1a462241b724bdb52169726ffe86647b20efbad04d01b949a8b9fc2a01","final_refit","planned_not_uploaded","blocked_by_nonportable_model_and_data_interfaces"
"unified_rerun_v1","v1_0343_m5_20151207_gts_native_s13","M5","gts_native","2015-12-07","13","checkpoint_final.pt","<local-archive>/统一重跑实验_20260826/outputs/full_unified_run_v1/stage1/v1_0343_m5_20151207_gts_native_s13/checkpoint_final.pt","unified_rerun_v1_checkpoints_m5.zip","ce525ab48eacd8ae54b31d242371187970a717c89929b394741ce374cceff014","1642570","b2904c54388ef253e03f717cde463f855bdfd1aa028c245611733cb4c8afcc68","4174e60ed40ad2049d036129dd709366748309bf5b984802048a7c7333694dbb","ad13933c70e0e492e0667f5c45a4262d9026d4bb986a096f272ae0c497ef5fb9","not_recovered","24f14f88e9945d2a7fb67744b119a74daf41bf279d2a3b941fb03feff77657e4","final_refit","planned_not_uploaded","blocked_by_nonportable_model_and_data_interfaces"
"unified_rerun_v1","v1_0344_m5_20151207_gts_native_s29","M5","gts_native","2015-12-07","29","checkpoint_final.pt","<local-archive>/统一重跑实验_20260826/outputs/full_unified_run_v1/stage1/v1_0344_m5_20151207_gts_native_s29/checkpoint_final.pt","unified_rerun_v1_checkpoints_m5.zip","312107e638ada1559d5fc0d8e0d1e2f8f092f4c2190454701a8e4b21f44d877c","1641290","fbc2491c83bfbd7c9a8d3d408983c9b9a65986601a20e75c1afcd753fa2dbe25","1b3a0d1d92868d8b7288fcc6ef529d7418b97f59c0191adc549f6f63e57eabc1","3c70d3f2dd60bf7d7bc6e4ef25b6a9d8f494451b45216b4e7347f62649009c48","not_recovered","24f14f88e9945d2a7fb67744b119a74daf41bf279d2a3b941fb03feff77657e4","final_refit","planned_not_uploaded","blocked_by_nonportable_model_and_data_interfaces"
"unified_rerun_v1","v1_0345_m5_20151207_gts_native_s47","M5","gts_native","2015-12-07","47","checkpoint_final.pt","<local-archive>/统一重跑实验_20260826/outputs/full_unified_run_v1/stage1/v1_0345_m5_20151207_gts_native_s47/checkpoint_final.pt","unified_rerun_v1_checkpoints_m5.zip","2692646d391acdec529bd83fe158f092f49b0de8eb2505c246d371cfd85da636","1642250","5d68dec435ddf69dcf82f539aeef07c7923b1296480ce3f1673aaeef5e80de56","80d6edc17e85b5a3f5a88fdbdfc2be1e1b9adebc738c7f97e655ebb84b5c4cbf","3d54b68adceb8ec6f0f04c18a5c4bd4aac7ba7edda36cd39f37fbb79388d5234","not_recovered","24f14f88e9945d2a7fb67744b119a74daf41bf279d2a3b941fb03feff77657e4","final_refit","planned_not_uploaded","blocked_by_nonportable_model_and_data_interfaces"
"unified_rerun_v1","v1_0346_m5_20160104_gts_native_s13","M5","gts_native","2016-01-04","13","checkpoint_final.pt","<local-archive>/统一重跑实验_20260826/outputs/full_unified_run_v1/stage1/v1_0346_m5_20160104_gts_native_s13/checkpoint_final.pt","unified_rerun_v1_checkpoints_m5.zip","76f0855c2d8b98922ed74baee08006e537532ce409134a7065bb2a51dac9d509","1641162","a08d5d46e4ab5cac59bba28f6e1f5b18e228158821207aa1793a827c2179e70a","a18b4b41ebee8eddb60048c2fcb7fae600b7867c4571625b261c3747dfc667e9","4ed8b7b062a6867999a315538072d57394ec5431e1cc0609559064929600132c","not_recovered","f363d22b50ee5ecf935d764748129bbf4e83b2417ab50854a465cae0c12fccbf","final_refit","planned_not_uploaded","blocked_by_nonportable_model_and_data_interfaces"
"unified_rerun_v1","v1_0347_m5_20160104_gts_native_s29","M5","gts_native","2016-01-04","29","checkpoint_final.pt","<local-archive>/统一重跑实验_20260826/outputs/full_unified_run_v1/stage1/v1_0347_m5_20160104_gts_native_s29/checkpoint_final.pt","unified_rerun_v1_checkpoints_m5.zip","8b2db1745f7673b8fa6a8afed08e3c5862a873766b9d209f54189601272ad379","1642122","e42e545edd77dec615dba0a31cd21aa85b2f52272b3292cfd37d9185c96be616","8946cfdd9261f0ffa99b66e568191d0bb8ad709af88c0ce2c39022a26e1bd613","7343445391b8afea1432185f68f0d2c61d6d169483d3e7e8d258be88b34c5bb8","not_recovered","f363d22b50ee5ecf935d764748129bbf4e83b2417ab50854a465cae0c12fccbf","final_refit","planned_not_uploaded","blocked_by_nonportable_model_and_data_interfaces"
"unified_rerun_v1","v1_0348_m5_20160104_gts_native_s47","M5","gts_native","2016-01-04","47","checkpoint_final.pt","<local-archive>/统一重跑实验_20260826/outputs/full_unified_run_v1/stage1/v1_0348_m5_20160104_gts_native_s47/checkpoint_final.pt","unified_rerun_v1_checkpoints_m5.zip","fa5a6fa7f912e048cf25bde64372bd5201c27e764a55bc171a3a583f22febfea","1641162","5e800332405361d5cd847a89e1901eea99b9e0eb5fdde3d6c21f4e482a4f909b","0cd5fa71fcf7b7bc81951fbb5018990369283a5260059a78f8b6b1737934ae1d","71408395ee3e6878b5b89a8845181be3063172ebedaadc18e1f43e19174ad169","not_recovered","f363d22b50ee5ecf935d764748129bbf4e83b2417ab50854a465cae0c12fccbf","final_refit","planned_not_uploaded","blocked_by_nonportable_model_and_data_interfaces"
"unified_rerun_v1","v1_0349_m5_20160201_gts_native_s13","M5","gts_native","2016-02-01","13","checkpoint_final.pt","<local-archive>/统一重跑实验_20260826/outputs/full_unified_run_v1/stage1/v1_0349_m5_20160201_gts_native_s13/checkpoint_final.pt","unified_rerun_v1_checkpoints_m5.zip","736b561a544a5ca7e80c801f72c74e45c3fb1d45852edb9ed4e67e85e9be3e3a","1641354","062171a5df33785b1e7b3d9b63a9310327fcb0005443d174ffe14439a8ed9d3f","3466eae6153db7e5b8e0469d699a73316518d43bbf4570f6b3e9673d21423428","6bbb6bd12cdcc691746fbf421d96eb4968de375cc467fd03cc1c58d514dbe99f","not_recovered","84ec5e1a462241b724bdb52169726ffe86647b20efbad04d01b949a8b9fc2a01","final_refit","planned_not_uploaded","blocked_by_nonportable_model_and_data_interfaces"
"unified_rerun_v1","v1_0350_m5_20160201_gts_native_s29","M5","gts_native","2016-02-01","29","checkpoint_final.pt","<local-archive>/统一重跑实验_20260826/outputs/full_unified_run_v1/stage1/v1_0350_m5_20160201_gts_native_s29/checkpoint_final.pt","unified_rerun_v1_checkpoints_m5.zip","620a95de5616bb39d13f7218ad4ec1b6a4b3f79d4b0a9d435f1592b38cb707c0","1641290","43bd1104dcbc9b0ece59b1f9192c525e0adfc2a5278d9ca01bfc0de5b2e7129b","8fe56159f7be0a3b1fc220512fe6273f3f008b2a4230922e4b69c9510957d344","016a777c2d426b34b8eb2b97f6b51d8adf21b6ed0357a4c4e434570b31773b33","not_recovered","84ec5e1a462241b724bdb52169726ffe86647b20efbad04d01b949a8b9fc2a01","final_refit","planned_not_uploaded","blocked_by_nonportable_model_and_data_interfaces"
"unified_rerun_v1","v1_0351_m5_20160201_gts_native_s47","M5","gts_native","2016-02-01","47","checkpoint_final.pt","<local-archive>/统一重跑实验_20260826/outputs/full_unified_run_v1/stage1/v1_0351_m5_20160201_gts_native_s47/checkpoint_final.pt","unified_rerun_v1_checkpoints_m5.zip","e4eb24a3d422fff45d934f007c6b57c799fbeb005039157c24c272fd5be2785d","1641482","b0889a9716029496e4ff315cee5f9058642ae775e65a10fc2277612c3d4ef363","179dc80f20d7d7540cd2e98d95dcea77779135fdf921fc343c1799d14cb8a4f3","689b3a9a2f0155b1a20746920911084cce7d85761aa7ba1ba6a6a5c140712959","not_recovered","84ec5e1a462241b724bdb52169726ffe86647b20efbad04d01b949a8b9fc2a01","final_refit","planned_not_uploaded","blocked_by_nonportable_model_and_data_interfaces"
"unified_rerun_v1","v1_0370_m5_20151207_gts_no_graph_s13","M5","gts_no_graph","2015-12-07","13","checkpoint_final.pt","<local-archive>/统一重跑实验_20260826/outputs/full_unified_run_v1/stage1/v1_0370_m5_20151207_gts_no_graph_s13/checkpoint_final.pt","unified_rerun_v1_checkpoints_m5.zip","9e4bba0a8c4aacc9e5916ca1d0f5b2f0eaaf6a5008c88b98e00abfd70f43e830","609098","b8bf6c27de6641fe066b6de5a86186e9b1a0557a67fb590f150fa64e81650bdb","5a7b1face0bfae4a5673a2b9654e079e4a622f8a78f94e5d0a54b5f9a7654136","48d558573ac7f7bfcabf0227f834667e0e2e2b90f7620787076fbd5828b287d1","not_recovered","24f14f88e9945d2a7fb67744b119a74daf41bf279d2a3b941fb03feff77657e4","final_refit","planned_not_uploaded","blocked_by_nonportable_model_and_data_interfaces"
"unified_rerun_v1","v1_0371_m5_20151207_gts_no_graph_s29","M5","gts_no_graph","2015-12-07","29","checkpoint_final.pt","<local-archive>/统一重跑实验_20260826/outputs/full_unified_run_v1/stage1/v1_0371_m5_20151207_gts_no_graph_s29/checkpoint_final.pt","unified_rerun_v1_checkpoints_m5.zip","7f5eab78ea46948a49d4c533c445118629adc32b5be54f3daa8f321b40eaf44d","608458","127616f0ba85e04f1885a8eb5cc73b3bb88153d1360ca8f4c25d4f1381dc94b9","13cb9f0282d0e600b3293f6a188d0739f60086bae8b992deaa2a9975e1b7424e","1e1483c8e1ace2197a2981f22fd171e94c5b96fd6330dc25939801fe12c71f07","not_recovered","24f14f88e9945d2a7fb67744b119a74daf41bf279d2a3b941fb03feff77657e4","final_refit","planned_not_uploaded","blocked_by_nonportable_model_and_data_interfaces"
"unified_rerun_v1","v1_0372_m5_20151207_gts_no_graph_s47","M5","gts_no_graph","2015-12-07","47","checkpoint_final.pt","<local-archive>/统一重跑实验_20260826/outputs/full_unified_run_v1/stage1/v1_0372_m5_20151207_gts_no_graph_s47/checkpoint_final.pt","unified_rerun_v1_checkpoints_m5.zip","bb5dd168e5cf1055a39ab0e12bf6d1ef64d816ef9138cdf7ced0dde5b1ee002d","608842","553e31d02f9ff92ca4dc0d20cb50d52a732013128fc0013b9e565d9190a995fd","8158b281d23aabdc07bc15fb2458fe186aa46d32ae66e38e3ddffb2b20dc84bb","3763a9628fc7681a8b97b6f6f1470110f720e6dcc1d1dc750cf5e2153ada8c64","not_recovered","24f14f88e9945d2a7fb67744b119a74daf41bf279d2a3b941fb03feff77657e4","final_refit","planned_not_uploaded","blocked_by_nonportable_model_and_data_interfaces"
"unified_rerun_v1","v1_0373_m5_20160104_gts_no_graph_s13","M5","gts_no_graph","2016-01-04","13","checkpoint_final.pt","<local-archive>/统一重跑实验_20260826/outputs/full_unified_run_v1/stage1/v1_0373_m5_20160104_gts_no_graph_s13/checkpoint_final.pt","unified_rerun_v1_checkpoints_m5.zip","27f051e49d55d19efe701da2f6c693fb9c2ce5f195e12565645e1778dca5d71c","607562","cf61e566a12986ca68df375854c5f459028cb10babe801e903731f038819ad8a","1b715a772b686f52d53920ff4dfa7fab90cc02ba582d5bca300649dda75a3078","57df6a638ed99e7ae89520a97ff1e119716f8538294c31763a61da3527d72b4d","not_recovered","f363d22b50ee5ecf935d764748129bbf4e83b2417ab50854a465cae0c12fccbf","final_refit","planned_not_uploaded","blocked_by_nonportable_model_and_data_interfaces"
"unified_rerun_v1","v1_0374_m5_20160104_gts_no_graph_s29","M5","gts_no_graph","2016-01-04","29","checkpoint_final.pt","<local-archive>/统一重跑实验_20260826/outputs/full_unified_run_v1/stage1/v1_0374_m5_20160104_gts_no_graph_s29/checkpoint_final.pt","unified_rerun_v1_checkpoints_m5.zip","bd66d196d711ffd329b0f4d2f30df29162747727a047967d3a27e8d2ff8475f1","607434","d643cb0dc66316ca35b81d8dd11c07a950893699ec6898ed94dff3c5a66e0894","a65ee9c4f276c202aad82fc30696d24b1ca0b05bb1cf4889cdd754c003730a58","7d077ec8ab8b0833ca756cd2329db0157976f9026ce5083d533a025c9000f6af","not_recovered","f363d22b50ee5ecf935d764748129bbf4e83b2417ab50854a465cae0c12fccbf","final_refit","planned_not_uploaded","blocked_by_nonportable_model_and_data_interfaces"
"unified_rerun_v1","v1_0375_m5_20160104_gts_no_graph_s47","M5","gts_no_graph","2016-01-04","47","checkpoint_final.pt","<local-archive>/统一重跑实验_20260826/outputs/full_unified_run_v1/stage1/v1_0375_m5_20160104_gts_no_graph_s47/checkpoint_final.pt","unified_rerun_v1_checkpoints_m5.zip","44218eb92f49b46156caa4bfa76ed090d07e3586914c6050559339152b1a4eb1","607754","02d376b01ae0e102b1e266f57ed67e985f7621ed40463f83174e8d60e7eebd13","80cd23efdb1f78ad26e9a344dea9e2039846680b242feff8803f40e7bd83d07c","ad97e5779a773039d1a1bca4243b3a18871ac1a10ae6ae2991da88388a1f116d","not_recovered","f363d22b50ee5ecf935d764748129bbf4e83b2417ab50854a465cae0c12fccbf","final_refit","planned_not_uploaded","blocked_by_nonportable_model_and_data_interfaces"
"unified_rerun_v1","v1_0376_m5_20160201_gts_no_graph_s13","M5","gts_no_graph","2016-02-01","13","checkpoint_final.pt","<local-archive>/统一重跑实验_20260826/outputs/full_unified_run_v1/stage1/v1_0376_m5_20160201_gts_no_graph_s13/checkpoint_final.pt","unified_rerun_v1_checkpoints_m5.zip","d9ebaaf01e8750363c61f5ac800f91e27636d17c16b493e4b08a685895940ebe","608330","6bc124d04ca9440f9fbd4d37c50baaf0f22c098a120c0eae4153539b551147b8","95ff4605eb1614ddedb82676f4adfd1b0a6271fd582a1d0711019d7eee9ea8ad","046392269b7f9447488994a74e65323a869fa23210705464937691e17bea4516","not_recovered","84ec5e1a462241b724bdb52169726ffe86647b20efbad04d01b949a8b9fc2a01","final_refit","planned_not_uploaded","blocked_by_nonportable_model_and_data_interfaces"
"unified_rerun_v1","v1_0377_m5_20160201_gts_no_graph_s29","M5","gts_no_graph","2016-02-01","29","checkpoint_final.pt","<local-archive>/统一重跑实验_20260826/outputs/full_unified_run_v1/stage1/v1_0377_m5_20160201_gts_no_graph_s29/checkpoint_final.pt","unified_rerun_v1_checkpoints_m5.zip","4daa8ee1da2e97aaef327256a28edb8c9d3bf811883c48f7d82f3deeaa44b0c5","608906","63bf6017ad6424e11049d1341c01b32e4d90c9ec8d068d92af992ed41e66a0e6","9a1f4547d561abd187eabc7b9428530f9949a770d61dd2c42a0e9634a38bfac4","334ce1956c31a3609edfcda8ef449a0470cd0a71a4a65c6bdcafc37b39acce65","not_recovered","84ec5e1a462241b724bdb52169726ffe86647b20efbad04d01b949a8b9fc2a01","final_refit","planned_not_uploaded","blocked_by_nonportable_model_and_data_interfaces"
"unified_rerun_v1","v1_0378_m5_20160201_gts_no_graph_s47","M5","gts_no_graph","2016-02-01","47","checkpoint_final.pt","<local-archive>/统一重跑实验_20260826/outputs/full_unified_run_v1/stage1/v1_0378_m5_20160201_gts_no_graph_s47/checkpoint_final.pt","unified_rerun_v1_checkpoints_m5.zip","a54e3a1236ed0bd197c203b753526e9f6a26444a1f5e3d8b09fc8aedf04f439c","608202","eb06d47741e1041d92116de934c910e882793f251e701e779a739f03bc6b8b40","df93ba8d0dd38daeb1aa6b9d6cf8a85ff9fd15c2f17620ffb611c976f72b6a6a","fda3e39abb46653cc94e9b603bf99f4772f45aa2ed7aef01f432270ca191356e","not_recovered","84ec5e1a462241b724bdb52169726ffe86647b20efbad04d01b949a8b9fc2a01","final_refit","planned_not_uploaded","blocked_by_nonportable_model_and_data_interfaces"
"unified_rerun_v1","v1_0397_m5_20151207_gts_placebo_s13","M5","gts_placebo","2015-12-07","13","checkpoint_final.pt","<local-archive>/统一重跑实验_20260826/outputs/full_unified_run_v1/stage1/v1_0397_m5_20151207_gts_placebo_s13/checkpoint_final.pt","unified_rerun_v1_checkpoints_m5.zip","3c8d593d200c044e959ca799d47b1749566a41e68eb511372ca94b0cdccab274","1642890","dc20ecc64f5986717b97e7412ea74aef7f18781546d53e0847950a995a0454c9","6de9c6bd6a63e051b10ead88c5599649d03e09830fc8186480b2e0d98ec3b9cb","e43e2d611cbea0b6c6561281f331619e703d9a6885d5d242b9d35fa6a30c4036","not_recovered","24f14f88e9945d2a7fb67744b119a74daf41bf279d2a3b941fb03feff77657e4","final_refit","planned_not_uploaded","blocked_by_nonportable_model_and_data_interfaces"
"unified_rerun_v1","v1_0398_m5_20151207_gts_placebo_s29","M5","gts_placebo","2015-12-07","29","checkpoint_final.pt","<local-archive>/统一重跑实验_20260826/outputs/full_unified_run_v1/stage1/v1_0398_m5_20151207_gts_placebo_s29/checkpoint_final.pt","unified_rerun_v1_checkpoints_m5.zip","e63337210f79c76ac9f57c4c145525b6eae8b7147013fa3f205ae2e603df05c9","1642634","f18d98bb69fc70cb1eb3dd86678160621bb664e967b2b00b1544b72f65d574e1","5f67a1ee024ed5ed854b607b5a4fc1de6239155cea58d494de1d26abae79f6ff","de80b5493d2df8bcb34f5a89ca68be8093f6c6d5dedf683b6edc72822e3169f6","not_recovered","24f14f88e9945d2a7fb67744b119a74daf41bf279d2a3b941fb03feff77657e4","final_refit","planned_not_uploaded","blocked_by_nonportable_model_and_data_interfaces"
"unified_rerun_v1","v1_0399_m5_20151207_gts_placebo_s47","M5","gts_placebo","2015-12-07","47","checkpoint_final.pt","<local-archive>/统一重跑实验_20260826/outputs/full_unified_run_v1/stage1/v1_0399_m5_20151207_gts_placebo_s47/checkpoint_final.pt","unified_rerun_v1_checkpoints_m5.zip","61a7f092f329adc634b63372828df7ad45aac41f02fa43b59025f09111fdf97a","1641866","e6d1fde6ef02ff016bd39ba76a2e1034a08698767a443e7f437219add6ce5d6f","02b8fbc0739c34b06f25ea418597553b82e64b5464edfc3c1545c6f2bcf7b8e8","55d26f1c19b96ad895036e1f13d92bfb191f4203212fe0d4f73a2bebcbba5c36","not_recovered","24f14f88e9945d2a7fb67744b119a74daf41bf279d2a3b941fb03feff77657e4","final_refit","planned_not_uploaded","blocked_by_nonportable_model_and_data_interfaces"
"unified_rerun_v1","v1_0400_m5_20160104_gts_placebo_s13","M5","gts_placebo","2016-01-04","13","checkpoint_final.pt","<local-archive>/统一重跑实验_20260826/outputs/full_unified_run_v1/stage1/v1_0400_m5_20160104_gts_placebo_s13/checkpoint_final.pt","unified_rerun_v1_checkpoints_m5.zip","72a7538ec306a74ec1c55ec5477a636ce5965cf55111e1d54b45b16a4108c48f","1641162","ac47270cd6df37f2b5a7713810587b180b1afec93a0d0913d2056b439e4858cf","638e63cebf2b9012af5db265164b80185529f4e2b4684b153c2d409cf35898b3","71b6d025c5d5da71cc68e131d410a28109dd92714289c749b2ef1e7a091d9b42","not_recovered","f363d22b50ee5ecf935d764748129bbf4e83b2417ab50854a465cae0c12fccbf","final_refit","planned_not_uploaded","blocked_by_nonportable_model_and_data_interfaces"
"unified_rerun_v1","v1_0401_m5_20160104_gts_placebo_s29","M5","gts_placebo","2016-01-04","29","checkpoint_final.pt","<local-archive>/统一重跑实验_20260826/outputs/full_unified_run_v1/stage1/v1_0401_m5_20160104_gts_placebo_s29/checkpoint_final.pt","unified_rerun_v1_checkpoints_m5.zip","ff63f1430cb5de140debfa2b28655ce6f4b05cf7c2f5ef54b48293de28e60948","1641866","ad4763376dcd95f83947b95ccfb78b4ce5ba829ebdc6da161723b50b256f04f0","9da7d3fe7806239424a942786efd26fed3a907e79df402c3d951e5911bd3ab75","439c78919ec3cbff05c3668b56a9f03a99cc018056acf506579a0966ca659324","not_recovered","f363d22b50ee5ecf935d764748129bbf4e83b2417ab50854a465cae0c12fccbf","final_refit","planned_not_uploaded","blocked_by_nonportable_model_and_data_interfaces"
"unified_rerun_v1","v1_0402_m5_20160104_gts_placebo_s47","M5","gts_placebo","2016-01-04","47","checkpoint_final.pt","<local-archive>/统一重跑实验_20260826/outputs/full_unified_run_v1/stage1/v1_0402_m5_20160104_gts_placebo_s47/checkpoint_final.pt","unified_rerun_v1_checkpoints_m5.zip","1348091476040590c9d8446fc0bd5ef81775ec1a50ecb7a60bb1c3b4262cc748","1641482","bfdb9e6427df4217c8af56ae8e7867d65b0fbe0159e5832b57be54dfdb8f8936","b5fc1a082e9abd64e027053bd9a788ac2a183a3f5bc3a34873bedaf06eb49386","2dc92b611f25cd847707baba5405815e0809192514f8ea7889764f9508758d31","not_recovered","f363d22b50ee5ecf935d764748129bbf4e83b2417ab50854a465cae0c12fccbf","final_refit","planned_not_uploaded","blocked_by_nonportable_model_and_data_interfaces"
"unified_rerun_v1","v1_0403_m5_20160201_gts_placebo_s13","M5","gts_placebo","2016-02-01","13","checkpoint_final.pt","<local-archive>/统一重跑实验_20260826/outputs/full_unified_run_v1/stage1/v1_0403_m5_20160201_gts_placebo_s13/checkpoint_final.pt","unified_rerun_v1_checkpoints_m5.zip","2ef328935df3aedd49e2b6af6497ed97a95d85c9e905bbe54b8ecc7cf0fda4db","1642250","31b8e96173e19a040fbe3fffb0ee622d49bd80df8aded0c5d2e43902612df7ef","90c0d3ba8ebdde42f701a38bd3da43f5741b75fd6aea5464951ac10fb9607d4f","79ae1bc64274298870928d68910cd1292a6cc15fc337923c9e964a569565d525","not_recovered","84ec5e1a462241b724bdb52169726ffe86647b20efbad04d01b949a8b9fc2a01","final_refit","planned_not_uploaded","blocked_by_nonportable_model_and_data_interfaces"
"unified_rerun_v1","v1_0404_m5_20160201_gts_placebo_s29","M5","gts_placebo","2016-02-01","29","checkpoint_final.pt","<local-archive>/统一重跑实验_20260826/outputs/full_unified_run_v1/stage1/v1_0404_m5_20160201_gts_placebo_s29/checkpoint_final.pt","unified_rerun_v1_checkpoints_m5.zip","b7209b9f241b128bfba0562e2052f03223d03af3cb6e1861ea9c1c001ce62380","1641738","282c34b4418ecf576638b465f6e953b90292f1885ab6c0f368e5aab4c7ac1b10","c2d77a5aedb7d5056967d9b9285c5e0749aecb9ea865ea78b8fbaf9b5e4872a2","4e0a4a95eafafb51df9f6bc3da703fd772d24f4c1289b3da82a95bbe2a8f34ee","not_recovered","84ec5e1a462241b724bdb52169726ffe86647b20efbad04d01b949a8b9fc2a01","final_refit","planned_not_uploaded","blocked_by_nonportable_model_and_data_interfaces"
"unified_rerun_v1","v1_0405_m5_20160201_gts_placebo_s47","M5","gts_placebo","2016-02-01","47","checkpoint_final.pt","<local-archive>/统一重跑实验_20260826/outputs/full_unified_run_v1/stage1/v1_0405_m5_20160201_gts_placebo_s47/checkpoint_final.pt","unified_rerun_v1_checkpoints_m5.zip","2bac7bc766171060fcf03b2f44aa48598b6dff288f9cf92c32e7e6e1ef7b4868","1642954","0b03cfe212df00ab14a4781f736b21a8bb00bf3283dbc5d7568f4f4860c40fa4","e6b0f1abd653c85724033be74e1b02f169d7c4e0fc527771d0d5a99bbcb323c6","ddcbf7759bc15438695dad3a507bb717cd4ce7fcc64948e418c6903f79ef57bf","not_recovered","84ec5e1a462241b724bdb52169726ffe86647b20efbad04d01b949a8b9fc2a01","final_refit","planned_not_uploaded","blocked_by_nonportable_model_and_data_interfaces"
"unified_rerun_v1","v1_0262_m5_20151207_itransformer_s13","M5","itransformer","2015-12-07","13","checkpoint_final.pt","<local-archive>/统一重跑实验_20260826/outputs/full_unified_run_v1/stage2/v1_0262_m5_20151207_itransformer_s13/checkpoint_final.pt","unified_rerun_v1_checkpoints_m5.zip","4cbfc399af97023c69c68c86f283483a8151500e64f216b702d2f0c7e922542a","955630","1ebd58b03a09af4014b1dffb890a668a25238dbb59b2f0a1ac0ad8cc05b4591f","9515b27af9e35107e33b0a70c8fb68da7c4a3404cf8e49cb9d235fea20d17bf6","e9a01bcd273147021026e3b4be4ac3ab7363108a08a10804ea48ffc2f86a1528","not_recovered","24f14f88e9945d2a7fb67744b119a74daf41bf279d2a3b941fb03feff77657e4","final_refit","planned_not_uploaded","blocked_by_nonportable_model_and_data_interfaces"
"unified_rerun_v1","v1_0263_m5_20151207_itransformer_s29","M5","itransformer","2015-12-07","29","checkpoint_final.pt","<local-archive>/统一重跑实验_20260826/outputs/full_unified_run_v1/stage2/v1_0263_m5_20151207_itransformer_s29/checkpoint_final.pt","unified_rerun_v1_checkpoints_m5.zip","d4eff6b419fadb7d3c9c799a2f5a2629db9f0805b32f6f076da532973c394347","955822","674644378a64f460db7376e4749d8f902e5d611dffbb148687676966d7f99b96","f185af8c2a054e452af87935df3ea8708be22b3efc271f03eb68b06753f4ac1c","aa02dc2290954624e0aee4acb67f6d3ed0964a37fd8da5505ed38a55846b27e4","not_recovered","24f14f88e9945d2a7fb67744b119a74daf41bf279d2a3b941fb03feff77657e4","final_refit","planned_not_uploaded","blocked_by_nonportable_model_and_data_interfaces"
"unified_rerun_v1","v1_0264_m5_20151207_itransformer_s47","M5","itransformer","2015-12-07","47","checkpoint_final.pt","<local-archive>/统一重跑实验_20260826/outputs/full_unified_run_v1/stage2/v1_0264_m5_20151207_itransformer_s47/checkpoint_final.pt","unified_rerun_v1_checkpoints_m5.zip","bf4599be7b470437e52b3620e63a225f9895fc3611ee67e5fb6fe164c747dee6","955502","4c2506719674d45a45d66e75e13543705c912e375720f85c56ea24e432fa74a9","0d7a4c0fb05aea57906f2de157cdabc096f56c1420cfd09c800f07e5291592bb","90a2a5d9c64926c83a69e052af74c15db6accedb69fe663f06e6454354f48f6e","not_recovered","24f14f88e9945d2a7fb67744b119a74daf41bf279d2a3b941fb03feff77657e4","final_refit","planned_not_uploaded","blocked_by_nonportable_model_and_data_interfaces"
"unified_rerun_v1","v1_0265_m5_20160104_itransformer_s13","M5","itransformer","2016-01-04","13","checkpoint_final.pt","<local-archive>/统一重跑实验_20260826/outputs/full_unified_run_v1/stage2/v1_0265_m5_20160104_itransformer_s13/checkpoint_final.pt","unified_rerun_v1_checkpoints_m5.zip","f97e6127d7bf5c2e824acd0b7baf5939b5e03e7bd8f9a3af0958ff5a78748f15","956206","52cbd5982882983df01d405fd4eca95e6e4817a51020292d97c57c8e60e6fd7d","b87c54a67e756e55a3de7b547abdd91e58148d1a48deea1039400626808464db","0bfed2c693aa57db60a739186cb67b45e2b64d1050ada728f48ee857b63af097","not_recovered","f363d22b50ee5ecf935d764748129bbf4e83b2417ab50854a465cae0c12fccbf","final_refit","planned_not_uploaded","blocked_by_nonportable_model_and_data_interfaces"
"unified_rerun_v1","v1_0266_m5_20160104_itransformer_s29","M5","itransformer","2016-01-04","29","checkpoint_final.pt","<local-archive>/统一重跑实验_20260826/outputs/full_unified_run_v1/stage2/v1_0266_m5_20160104_itransformer_s29/checkpoint_final.pt","unified_rerun_v1_checkpoints_m5.zip","8053a08814b4af8367a4ddf2a33a1d5acc37aa3773b7c48694d3d53fc0def6d7","957102","f6b9b96c60e71513b881505563e0605f8bd614d7843f0e60481b5993084b75f1","30fe7793918e64011bb097c139ddfb8bc2a48adcb78c8aaf1a46319eb074537b","3e927e700a0c4f69ea9477aa12ac88a647b0439257cc036c324d641a7fb09a45","not_recovered","f363d22b50ee5ecf935d764748129bbf4e83b2417ab50854a465cae0c12fccbf","final_refit","planned_not_uploaded","blocked_by_nonportable_model_and_data_interfaces"
"unified_rerun_v1","v1_0267_m5_20160104_itransformer_s47","M5","itransformer","2016-01-04","47","checkpoint_final.pt","<local-archive>/统一重跑实验_20260826/outputs/full_unified_run_v1/stage2/v1_0267_m5_20160104_itransformer_s47/checkpoint_final.pt","unified_rerun_v1_checkpoints_m5.zip","38535f133c2b7c76ea4b37551b2dc4965b325028425df73b3ae44ba4422bbe36","956142","c39d402f3f1cb64ace4a7f77940fdc76b0c3e954b99f9ba23b8355620cf80f01","b24e554bdafa8c5858243ca768b2eb6afff1d1571fa7023076df0a38138c94b2","a92f82e6e08c2e2a75368bbe876f6d4ea0574ac00420c0cd08b83e1be8e5d631","not_recovered","f363d22b50ee5ecf935d764748129bbf4e83b2417ab50854a465cae0c12fccbf","final_refit","planned_not_uploaded","blocked_by_nonportable_model_and_data_interfaces"
"unified_rerun_v1","v1_0268_m5_20160201_itransformer_s13","M5","itransformer","2016-02-01","13","checkpoint_final.pt","<local-archive>/统一重跑实验_20260826/outputs/full_unified_run_v1/stage2/v1_0268_m5_20160201_itransformer_s13/checkpoint_final.pt","unified_rerun_v1_checkpoints_m5.zip","a9e6eb4f817e7786643b1981c811c47f6ee2a8cdb80d3c4d5961167fdb78948c","955182","0a1cac3b98b194f3bec8fc5a912981204817ce4c82c5822902d3017b5e45807b","85655a37003c375889a640cbf154de7eceeaf19fa3585cc4f9ceef39cc76278b","962c1e6a40460738cb5bac1350ead5914ae16ed58ce93a2a0ee576a8adc2b14c","not_recovered","84ec5e1a462241b724bdb52169726ffe86647b20efbad04d01b949a8b9fc2a01","final_refit","planned_not_uploaded","blocked_by_nonportable_model_and_data_interfaces"
"unified_rerun_v1","v1_0269_m5_20160201_itransformer_s29","M5","itransformer","2016-02-01","29","checkpoint_final.pt","<local-archive>/统一重跑实验_20260826/outputs/full_unified_run_v1/stage2/v1_0269_m5_20160201_itransformer_s29/checkpoint_final.pt","unified_rerun_v1_checkpoints_m5.zip","ad61014c710228cc73faf685a1afe0b39b91f46ddb2bd85332555cdec928481e","955566","882fa1e5b273f777da55d93e9fd95d420d95f165273f93474ed14deaceb855fb","2bc2328f799ac2029f24180cf7f17213ee42cc9e73e4a795a771c09323c103f3","0aea3d7b666e0a24d0d5918cdaffd873454464b499a998b90294b99ec143f6f4","not_recovered","84ec5e1a462241b724bdb52169726ffe86647b20efbad04d01b949a8b9fc2a01","final_refit","planned_not_uploaded","blocked_by_nonportable_model_and_data_interfaces"
"unified_rerun_v1","v1_0270_m5_20160201_itransformer_s47","M5","itransformer","2016-02-01","47","checkpoint_final.pt","<local-archive>/统一重跑实验_20260826/outputs/full_unified_run_v1/stage2/v1_0270_m5_20160201_itransformer_s47/checkpoint_final.pt","unified_rerun_v1_checkpoints_m5.zip","1dd4132a8c7893909db33189f6f9b81c173d45c9f5a0afac89f45614b2e1d747","955438","004ff25b2423476bf06f85afb42828ac8719958230ac958b3425c3c92c79d65f","2dca3a3868dbf465e773d38a6eccbc1335e568e7bed64b305491d394d47abf4f","c1bf8ac2217fe636a256bff7bbd5331cce23ae89da4360647862c95d842266b2","not_recovered","84ec5e1a462241b724bdb52169726ffe86647b20efbad04d01b949a8b9fc2a01","final_refit","planned_not_uploaded","blocked_by_nonportable_model_and_data_interfaces"
"unified_rerun_v1","v1_0505_m5_20151207_mage_native_s13","M5","mage_native","2015-12-07","13","checkpoint_final.pt","<local-archive>/统一重跑实验_20260826/outputs/full_unified_run_v1/stage1/v1_0505_m5_20151207_mage_native_s13/checkpoint_final.pt","unified_rerun_v1_checkpoints_m5.zip","b0e1f27222cf49312bc336a1715e1470d0401f73815d2e6aeb24032d9e5e5dd0","2325130","283c3ce5dfb9ebaa5a3c41be01efe218d53c559e1f92e0e13bf2bfc05f5dfbe4","d85f8a866f84454376377b32f52da3cf6891103294edd2c07eea05fa69d3c7e3","c243a4892bc99bfb568783fe834adac66b7a6e6f258671e1b81090265616a8e4","not_recovered","24f14f88e9945d2a7fb67744b119a74daf41bf279d2a3b941fb03feff77657e4","final_refit","planned_not_uploaded","blocked_by_nonportable_model_and_data_interfaces"
"unified_rerun_v1","v1_0506_m5_20151207_mage_native_s29","M5","mage_native","2015-12-07","29","checkpoint_final.pt","<local-archive>/统一重跑实验_20260826/outputs/full_unified_run_v1/stage1/v1_0506_m5_20151207_mage_native_s29/checkpoint_final.pt","unified_rerun_v1_checkpoints_m5.zip","998648f65c68aa33dbfe5369b5a563b3e1c3717d2852fc6266e1c0e527c5baa7","2325386","5a8f3a6bd1a99b29004c078417daceae6b9c56a4acd780590dabce9db99b7897","e1aac5a4c9b96f6e9d35344e95531c788619f39741ce3e9fd275336dbbc5daa6","97cd1fc4ec726aec9adb2a53473376f5a79f69869e45eaf0c4ff73c5888db850","not_recovered","24f14f88e9945d2a7fb67744b119a74daf41bf279d2a3b941fb03feff77657e4","final_refit","planned_not_uploaded","blocked_by_nonportable_model_and_data_interfaces"
"unified_rerun_v1","v1_0507_m5_20151207_mage_native_s47","M5","mage_native","2015-12-07","47","checkpoint_final.pt","<local-archive>/统一重跑实验_20260826/outputs/full_unified_run_v1/stage1/v1_0507_m5_20151207_mage_native_s47/checkpoint_final.pt","unified_rerun_v1_checkpoints_m5.zip","6ce004a9eac4064ca64e79b10e9477d5f068e87a027462deb1699d4a1b88f7c5","2325898","7483e7300a60d172714cd84abf07c027681a7968aea998f921acb736bed09430","74ea185f157d7381102cb153da9dad6ec97c0aaf0c053f5c0b3079eeea70593f","a093c1edf6fda9c81234d201888c43b8c6b0870d5cfa0ab19ae3880ac47bd04a","not_recovered","24f14f88e9945d2a7fb67744b119a74daf41bf279d2a3b941fb03feff77657e4","final_refit","planned_not_uploaded","blocked_by_nonportable_model_and_data_interfaces"
"unified_rerun_v1","v1_0508_m5_20160104_mage_native_s13","M5","mage_native","2016-01-04","13","checkpoint_final.pt","<local-archive>/统一重跑实验_20260826/outputs/full_unified_run_v1/stage1/v1_0508_m5_20160104_mage_native_s13/checkpoint_final.pt","unified_rerun_v1_checkpoints_m5.zip","a0bcfc1031279f1c587972258c9de081caef8ffb123def5c9c14acd1ac23738f","2325834","78e08c17193d3a4105d16ce5c5c48def66ff63f686a00917adfa716fddd1879e","71b81c76a774f24af2a01d9db4957386e710f7e6ce27f0eb742be7419eb7e81f","bf7cf5a120f7c0e13d9b07a202879fdf8e9b3915380d4527e3aeee309d517dcf","not_recovered","f363d22b50ee5ecf935d764748129bbf4e83b2417ab50854a465cae0c12fccbf","final_refit","planned_not_uploaded","blocked_by_nonportable_model_and_data_interfaces"
"unified_rerun_v1","v1_0509_m5_20160104_mage_native_s29","M5","mage_native","2016-01-04","29","checkpoint_final.pt","<local-archive>/统一重跑实验_20260826/outputs/full_unified_run_v1/stage1/v1_0509_m5_20160104_mage_native_s29/checkpoint_final.pt","unified_rerun_v1_checkpoints_m5.zip","4b87b84610483a49b32cbd6c737272cfc76a8dfb690e5d31d17d6b58196da06b","2325450","15e3d234ba9996777e5f0cdea789ec98785400c5e5cfd58505a29ab8c92fa503","231aa1b56be8d33f9ebe19e83ad87c900679f6dad592172f28a3c3fd84906ef9","ce8ff471cc8f47f96898cf3249fafa8da9264e51fe10d519263e725a830057e7","not_recovered","f363d22b50ee5ecf935d764748129bbf4e83b2417ab50854a465cae0c12fccbf","final_refit","planned_not_uploaded","blocked_by_nonportable_model_and_data_interfaces"
"unified_rerun_v1","v1_0510_m5_20160104_mage_native_s47","M5","mage_native","2016-01-04","47","checkpoint_final.pt","<local-archive>/统一重跑实验_20260826/outputs/full_unified_run_v1/stage1/v1_0510_m5_20160104_mage_native_s47/checkpoint_final.pt","unified_rerun_v1_checkpoints_m5.zip","72621c4ba63c4a46980adcc4d07f66f62dd573ec1ee94d99190af696da6f4e6b","2325898","52175fc74f18df18e741ee284bbf59b301f338ee761fcfd7ab6923f744ba19ab","85da00f9b1a655db938577bd6a85f860b752c759cf49f9afdd6777788d2e3892","14a82de22135e5c93caaa40cb3a3390d69c848be38e33f553a30822556b0a326","not_recovered","f363d22b50ee5ecf935d764748129bbf4e83b2417ab50854a465cae0c12fccbf","final_refit","planned_not_uploaded","blocked_by_nonportable_model_and_data_interfaces"
"unified_rerun_v1","v1_0511_m5_20160201_mage_native_s13","M5","mage_native","2016-02-01","13","checkpoint_final.pt","<local-archive>/统一重跑实验_20260826/outputs/full_unified_run_v1/stage1/v1_0511_m5_20160201_mage_native_s13/checkpoint_final.pt","unified_rerun_v1_checkpoints_m5.zip","b7188382916d598249b1a258aa01b24cb3a8a15cdecb7691ca78d23aafe5605a","2324554","547c3b5b9ee196b103cfe993fac7612896328ab83de19016029f881eda2d778c","91fdde7529632f4cffec4042aa04ef66484d4f16902edec82704fab00f78aa75","f30791b7a83f470d9326e3c2fb42231797272d2901417288411ed0d4dcf9e1b5","not_recovered","84ec5e1a462241b724bdb52169726ffe86647b20efbad04d01b949a8b9fc2a01","final_refit","planned_not_uploaded","blocked_by_nonportable_model_and_data_interfaces"
"unified_rerun_v1","v1_0512_m5_20160201_mage_native_s29","M5","mage_native","2016-02-01","29","checkpoint_final.pt","<local-archive>/统一重跑实验_20260826/outputs/full_unified_run_v1/stage1/v1_0512_m5_20160201_mage_native_s29/checkpoint_final.pt","unified_rerun_v1_checkpoints_m5.zip","235f408cb246bfac880eaece0812a51240ac4ffdf6e6ab2e0ed5ab47c941e42d","2324234","4770276cbdb53fe5379dac80c47b39d06ca8e0776376919b5497173580c82053","1c084c69cd2d25c3776853a2febacf7bc0bdebd15e8a1a2ad8acf2846b92f52b","28854a168d00f9c93101eaf99a65e8ac31aa5f11d0f89fe2a1844479cdac2a20","not_recovered","84ec5e1a462241b724bdb52169726ffe86647b20efbad04d01b949a8b9fc2a01","final_refit","planned_not_uploaded","blocked_by_nonportable_model_and_data_interfaces"
"unified_rerun_v1","v1_0513_m5_20160201_mage_native_s47","M5","mage_native","2016-02-01","47","checkpoint_final.pt","<local-archive>/统一重跑实验_20260826/outputs/full_unified_run_v1/stage1/v1_0513_m5_20160201_mage_native_s47/checkpoint_final.pt","unified_rerun_v1_checkpoints_m5.zip","0d37265f5730adf2563eb68a4e730b37cf15100f592cff6eef548ad99cb9b959","2324298","e4a880af2756bf62251c4993cc5c5e3b0bfc40dc456c5fc05ff1e847fd27ba17","3f5228456e162310040f2f7f4b7433d7dc8462831d65f3819f5c5ebdc0aaa485","03929a5de9bbbd59321802a6cd90d474e00df0b90c125eb60c94ae31e64ce71f","not_recovered","84ec5e1a462241b724bdb52169726ffe86647b20efbad04d01b949a8b9fc2a01","final_refit","planned_not_uploaded","blocked_by_nonportable_model_and_data_interfaces"
"unified_rerun_v1","v1_0532_m5_20151207_mage_no_graph_s13","M5","mage_no_graph","2015-12-07","13","checkpoint_final.pt","<local-archive>/统一重跑实验_20260826/outputs/full_unified_run_v1/stage1/v1_0532_m5_20151207_mage_no_graph_s13/checkpoint_final.pt","unified_rerun_v1_checkpoints_m5.zip","d7d5a0da0ea59781ffd87a1b5a5946d4c8e28ed1e9a11198bfbba4dd0f2b5174","2325130","ab99cb723586c4a6bea23469d7ccb04ef64811006843863768239a6aadd27d87","cfbf1ccd889fd2cce8db1d465bc8c2124aa8fb4ce7de4878a6dd21d0347fddf7","416bbe39a9a1246d51d1f24fc5940f83d8471ad747be5cbc5df906feb376a1a5","not_recovered","24f14f88e9945d2a7fb67744b119a74daf41bf279d2a3b941fb03feff77657e4","final_refit","planned_not_uploaded","blocked_by_nonportable_model_and_data_interfaces"
"unified_rerun_v1","v1_0533_m5_20151207_mage_no_graph_s29","M5","mage_no_graph","2015-12-07","29","checkpoint_final.pt","<local-archive>/统一重跑实验_20260826/outputs/full_unified_run_v1/stage1/v1_0533_m5_20151207_mage_no_graph_s29/checkpoint_final.pt","unified_rerun_v1_checkpoints_m5.zip","69be15489b1d8b8902c9e435a6e809162ff778296bf70e0affb2e4c87fafd06e","2325130","01e247a0de9629793d55cfae742ccb5fdcd5a49c619d8119d03d2fe2f225e8de","0e1ab369c4f3961a033898b8c0fec2bfc7975e9f5a614320719f22f1715aa7bd","b97f1d92f456e3700b0a22146261cffe19b038e5d642cc615ff5b0fe8dc2a5c2","not_recovered","24f14f88e9945d2a7fb67744b119a74daf41bf279d2a3b941fb03feff77657e4","final_refit","planned_not_uploaded","blocked_by_nonportable_model_and_data_interfaces"
"unified_rerun_v1","v1_0534_m5_20151207_mage_no_graph_s47","M5","mage_no_graph","2015-12-07","47","checkpoint_final.pt","<local-archive>/统一重跑实验_20260826/outputs/full_unified_run_v1/stage1/v1_0534_m5_20151207_mage_no_graph_s47/checkpoint_final.pt","unified_rerun_v1_checkpoints_m5.zip","fdf3c531a03dd4bd55ff787f62e6e9dfad2fe7083aa9c82b795d72b8ff2a57bd","2324682","bc8f412273c7d4a95bd506b8c8e39340300302963568318264487509d22dd266","0b22feb73f77f55202fb8425d01f3e7a16d18859bdd66d914fcd1b96acedf9c7","b46ac393763f31409f87d3a206a568b0a437748205136c9247bb4ced4cf269f8","not_recovered","24f14f88e9945d2a7fb67744b119a74daf41bf279d2a3b941fb03feff77657e4","final_refit","planned_not_uploaded","blocked_by_nonportable_model_and_data_interfaces"
"unified_rerun_v1","v1_0535_m5_20160104_mage_no_graph_s13","M5","mage_no_graph","2016-01-04","13","checkpoint_final.pt","<local-archive>/统一重跑实验_20260826/outputs/full_unified_run_v1/stage1/v1_0535_m5_20160104_mage_no_graph_s13/checkpoint_final.pt","unified_rerun_v1_checkpoints_m5.zip","25210ae42ce5b349aabce157577da50420b19b64a716e7db1916987d1f75e108","2325514","4a60cf8da70eed0326a7b40084876c1676cf62c9f12ef9186807181283067678","340bc2066bee99d557ba250104106290e30952dffa66bb7740ff3472eac81b21","0e5733a1d3b7ef0ed2ff532f14ace9ee22bbde75012f537c3856c17756e17c56","not_recovered","f363d22b50ee5ecf935d764748129bbf4e83b2417ab50854a465cae0c12fccbf","final_refit","planned_not_uploaded","blocked_by_nonportable_model_and_data_interfaces"
"unified_rerun_v1","v1_0536_m5_20160104_mage_no_graph_s29","M5","mage_no_graph","2016-01-04","29","checkpoint_final.pt","<local-archive>/统一重跑实验_20260826/outputs/full_unified_run_v1/stage1/v1_0536_m5_20160104_mage_no_graph_s29/checkpoint_final.pt","unified_rerun_v1_checkpoints_m5.zip","ef65f30e306d0542e06d2a7ab32ebcbae204cf5426d2037b63271edcd263d5ad","2325450","a95e52cd8ccca07953e8f7d9a66504ce5c47942ced81257bc390b305651edbed","c5f427920da7d2ec84dac2c68dfec1c1ec711d7bb8787417178a9b50f625aa0e","f0bac753f1dcb1c6f6fd0ac35163fe53210bef5543b47634be0b92955157149c","not_recovered","f363d22b50ee5ecf935d764748129bbf4e83b2417ab50854a465cae0c12fccbf","final_refit","planned_not_uploaded","blocked_by_nonportable_model_and_data_interfaces"
"unified_rerun_v1","v1_0537_m5_20160104_mage_no_graph_s47","M5","mage_no_graph","2016-01-04","47","checkpoint_final.pt","<local-archive>/统一重跑实验_20260826/outputs/full_unified_run_v1/stage1/v1_0537_m5_20160104_mage_no_graph_s47/checkpoint_final.pt","unified_rerun_v1_checkpoints_m5.zip","23ccea4334ff0aa61ff10b4537d5c758d4cbff012e387bcfb7eb04e080e31a9c","2325066","52d462ac4bd38980b817dc4ce3102766c8e74dcb224fa7077c75b5cea4614d64","ab22429068200acd0d6cc8a2f293f25c5772ab7e73dc0de91bccee0623ad0dcf","c2f9705f253d9557cb2c1be25bbf9a493315e4fcb6c5fbfeab0a546d716e6ba7","not_recovered","f363d22b50ee5ecf935d764748129bbf4e83b2417ab50854a465cae0c12fccbf","final_refit","planned_not_uploaded","blocked_by_nonportable_model_and_data_interfaces"
"unified_rerun_v1","v1_0538_m5_20160201_mage_no_graph_s13","M5","mage_no_graph","2016-02-01","13","checkpoint_final.pt","<local-archive>/统一重跑实验_20260826/outputs/full_unified_run_v1/stage1/v1_0538_m5_20160201_mage_no_graph_s13/checkpoint_final.pt","unified_rerun_v1_checkpoints_m5.zip","645a0d3c8dae32e53cd44dd1d9633f155588a280390261a82c326bef3750027f","2324170","970b0ca9a091c169b6eff3c1dc82aa6960ab3da3927d73f6e1cf2d93b4edb01b","5bc5186251aa92919d6a90a9c34a6fbc7568dd7d6e3cd6667947c29219866f5a","2d30813938132d5182e57e12fef0137a3f60e9b152bf33879378f5593dc90265","not_recovered","84ec5e1a462241b724bdb52169726ffe86647b20efbad04d01b949a8b9fc2a01","final_refit","planned_not_uploaded","blocked_by_nonportable_model_and_data_interfaces"
"unified_rerun_v1","v1_0539_m5_20160201_mage_no_graph_s29","M5","mage_no_graph","2016-02-01","29","checkpoint_final.pt","<local-archive>/统一重跑实验_20260826/outputs/full_unified_run_v1/stage1/v1_0539_m5_20160201_mage_no_graph_s29/checkpoint_final.pt","unified_rerun_v1_checkpoints_m5.zip","e739ac5b1c6bdf36783c764fc34d56297777a475cf2d7da9e9ab4fcf692ababc","2324106","e25f8e6ee474ad0d6b84d4727b2ae797f2e8a5dfeaaa3d60669a89c487bb07a3","2f37cdb82b417d1e421f758e15864cf69ddd373efacd739f459cd5922c69abef","e3d5a721dc3a57d7e19d0f835cf921e6a1d9cef465dc065a62cd8d621ec8898c","not_recovered","84ec5e1a462241b724bdb52169726ffe86647b20efbad04d01b949a8b9fc2a01","final_refit","planned_not_uploaded","blocked_by_nonportable_model_and_data_interfaces"
"unified_rerun_v1","v1_0540_m5_20160201_mage_no_graph_s47","M5","mage_no_graph","2016-02-01","47","checkpoint_final.pt","<local-archive>/统一重跑实验_20260826/outputs/full_unified_run_v1/stage1/v1_0540_m5_20160201_mage_no_graph_s47/checkpoint_final.pt","unified_rerun_v1_checkpoints_m5.zip","70b13432b51af86f12a830fc4dd351d7f13f0ff08eb0d31a08c908a676af0ae0","2324042","48954cdbc580cd4836da6f8cb9a2382db4f856f94be9c57c80a205adddf022c1","c8ae34eaeea337adaeedc099eb0e59a4d91f67b949ea3f0f81333277b73f5494","5b565b88c926a611ac7fc5fa8db5b822bb66f3ca9fdbc284eb2217abf569a31b","not_recovered","84ec5e1a462241b724bdb52169726ffe86647b20efbad04d01b949a8b9fc2a01","final_refit","planned_not_uploaded","blocked_by_nonportable_model_and_data_interfaces"
"unified_rerun_v1","v1_0559_m5_20151207_mage_placebo_s13","M5","mage_placebo","2015-12-07","13","checkpoint_final.pt","<local-archive>/统一重跑实验_20260826/outputs/full_unified_run_v1/stage1/v1_0559_m5_20151207_mage_placebo_s13/checkpoint_final.pt","unified_rerun_v1_checkpoints_m5.zip","0d84fedcd1d083b3b123b2ecfaf8ddecfd98e15f0a6b5a809b87933ca438673d","2325130","1ca1f0d82702da7d83500e9f40332975a1f3e397701f31b27ab65f559e06b30a","476a0cc76f765711a3aa5bb01a8e79c96680a9476a16bcfe0054257f6a10e02c","ae3eaaa645a845688cacb8ce307c399979cf2c8e1a1ed5b7ed987025c25d0855","not_recovered","24f14f88e9945d2a7fb67744b119a74daf41bf279d2a3b941fb03feff77657e4","final_refit","planned_not_uploaded","blocked_by_nonportable_model_and_data_interfaces"
"unified_rerun_v1","v1_0560_m5_20151207_mage_placebo_s29","M5","mage_placebo","2015-12-07","29","checkpoint_final.pt","<local-archive>/统一重跑实验_20260826/outputs/full_unified_run_v1/stage1/v1_0560_m5_20151207_mage_placebo_s29/checkpoint_final.pt","unified_rerun_v1_checkpoints_m5.zip","26754429f690243f5423473a5b9dc2354ecb7053d1ea07768f02eb0b27524a2a","2325386","e502dcf08dfcb7bfd403a6e77fcaffd8eeac40163b069ae5821df9af760f0ee8","57a1ed74b4aaa950a4d15a3afbceae895bfbe0d612ee2e5cd6bd4f8d080c82be","08a3265a9f4fa507a56e2283cb1573e70bba6e848348fbc1fb8193528c0d6a80","not_recovered","24f14f88e9945d2a7fb67744b119a74daf41bf279d2a3b941fb03feff77657e4","final_refit","planned_not_uploaded","blocked_by_nonportable_model_and_data_interfaces"
"unified_rerun_v1","v1_0561_m5_20151207_mage_placebo_s47","M5","mage_placebo","2015-12-07","47","checkpoint_final.pt","<local-archive>/统一重跑实验_20260826/outputs/full_unified_run_v1/stage1/v1_0561_m5_20151207_mage_placebo_s47/checkpoint_final.pt","unified_rerun_v1_checkpoints_m5.zip","2b619315c7a1807ca05db92b2b71e552fdd04a3cb23ca56a762bbe45c1ac9939","2325898","933dc26f4098f958806b26fc8125eb08ee1da195f119090ed33903d0b572b3c2","8873ac952753e347468c8a39895efaa8433cd37dbe3b8abb681124a14a3a1067","f7d34b2b0b647238bf77bc1c094ffdb07237f3b9e5d6a6786e702582a1643c8e","not_recovered","24f14f88e9945d2a7fb67744b119a74daf41bf279d2a3b941fb03feff77657e4","final_refit","planned_not_uploaded","blocked_by_nonportable_model_and_data_interfaces"
"unified_rerun_v1","v1_0562_m5_20160104_mage_placebo_s13","M5","mage_placebo","2016-01-04","13","checkpoint_final.pt","<local-archive>/统一重跑实验_20260826/outputs/full_unified_run_v1/stage1/v1_0562_m5_20160104_mage_placebo_s13/checkpoint_final.pt","unified_rerun_v1_checkpoints_m5.zip","ae752f51dffe003e6779010ec5113a3d5e27d18964ca9f8c779e33579fd59847","2325834","3cfb3789c50c309f4938243ec5b4e0419c78c91a22fc5bf810cd5c0c57112a43","620976fb0207abe48a8f03d8ae08b635c0a1c53b008d2067968378264d589a66","86f9b1c271d5c44d804a672478509484ac7cd68617c4bc26946753fd2afd8180","not_recovered","f363d22b50ee5ecf935d764748129bbf4e83b2417ab50854a465cae0c12fccbf","final_refit","planned_not_uploaded","blocked_by_nonportable_model_and_data_interfaces"
"unified_rerun_v1","v1_0563_m5_20160104_mage_placebo_s29","M5","mage_placebo","2016-01-04","29","checkpoint_final.pt","<local-archive>/统一重跑实验_20260826/outputs/full_unified_run_v1/stage1/v1_0563_m5_20160104_mage_placebo_s29/checkpoint_final.pt","unified_rerun_v1_checkpoints_m5.zip","fcf33c763357fb6cd789eec16b57a1465e6da2696a1ee1181164353022203b7b","2325450","327be9bd6254d32e03f32d815541b420f6bc7ef315a5f4a74b6bd332f87ed741","62e0995910e0431ecfd3929e402cb46ec79a208365cd96b3d7a9e52c8c3e4efa","908a64588524f80e12f043c0be05441bf6f40e69db82e28344b92acfa16b5ec2","not_recovered","f363d22b50ee5ecf935d764748129bbf4e83b2417ab50854a465cae0c12fccbf","final_refit","planned_not_uploaded","blocked_by_nonportable_model_and_data_interfaces"
"unified_rerun_v1","v1_0564_m5_20160104_mage_placebo_s47","M5","mage_placebo","2016-01-04","47","checkpoint_final.pt","<local-archive>/统一重跑实验_20260826/outputs/full_unified_run_v1/stage1/v1_0564_m5_20160104_mage_placebo_s47/checkpoint_final.pt","unified_rerun_v1_checkpoints_m5.zip","f94d97118318a58f81201e65318439d24c8c741da0ca4b9988b2fa925bebcaf0","2325898","d949657b34e10836d73e2888dc4cd3def7b89488db4c93cf86f37de96d874f69","d8e7fd336f1f611b2ff530da1ca5034cfad45807a46951d13c4c502138cf42d7","1ef10b944f641ea4056e90b0607f1249552755d363af5b32cc4215b6ac95b550","not_recovered","f363d22b50ee5ecf935d764748129bbf4e83b2417ab50854a465cae0c12fccbf","final_refit","planned_not_uploaded","blocked_by_nonportable_model_and_data_interfaces"
"unified_rerun_v1","v1_0565_m5_20160201_mage_placebo_s13","M5","mage_placebo","2016-02-01","13","checkpoint_final.pt","<local-archive>/统一重跑实验_20260826/outputs/full_unified_run_v1/stage1/v1_0565_m5_20160201_mage_placebo_s13/checkpoint_final.pt","unified_rerun_v1_checkpoints_m5.zip","991bcfbf6b35a21832badd16b6794f391bd7213d56b244c29bd469b7f7ba4abe","2324554","bb349dfdda594f5d8c24669257f4cb1a89dff2054726020c5b038640a47f328f","4fe6aefa29ca0a0fecb79861740d86372aafed10e5a930fc847b00146c9c3cfb","5acf98b514d574f4858ea16be1ebcee53bb7ba433d4ab1f00c0c81df93afeba2","not_recovered","84ec5e1a462241b724bdb52169726ffe86647b20efbad04d01b949a8b9fc2a01","final_refit","planned_not_uploaded","blocked_by_nonportable_model_and_data_interfaces"
"unified_rerun_v1","v1_0566_m5_20160201_mage_placebo_s29","M5","mage_placebo","2016-02-01","29","checkpoint_final.pt","<local-archive>/统一重跑实验_20260826/outputs/full_unified_run_v1/stage1/v1_0566_m5_20160201_mage_placebo_s29/checkpoint_final.pt","unified_rerun_v1_checkpoints_m5.zip","fbce0f5c321b11ffea144680f069db52486743ff1d28c979be638f95cd52c623","2324490","3394b71356089f83027641823ec0512a54c6f2bc8aecaf3d5a75bce44e9db75e","d5ff59530243888f47725536a01792f19d92a14912a74e339b44d0fbce5e643a","3447c2912ed72a7fc2687b78d0c33439bd57eecd07b705c81f593e7535965a90","not_recovered","84ec5e1a462241b724bdb52169726ffe86647b20efbad04d01b949a8b9fc2a01","final_refit","planned_not_uploaded","blocked_by_nonportable_model_and_data_interfaces"
"unified_rerun_v1","v1_0567_m5_20160201_mage_placebo_s47","M5","mage_placebo","2016-02-01","47","checkpoint_final.pt","<local-archive>/统一重跑实验_20260826/outputs/full_unified_run_v1/stage1/v1_0567_m5_20160201_mage_placebo_s47/checkpoint_final.pt","unified_rerun_v1_checkpoints_m5.zip","9220069e3494aeb0a7dae8f4e093a25fda6d1aeca22fbb567fd3859bd31c0531","2324298","1144741143716aeb1a0af2d754eb55ea5dfe6c9b34ad3f10ec64bbcc952a8c9a","117939057a0a842c190d18302804c37c6d55009f015b89c4a461a76eeee71344","1a194ba8b79e116c1f94336c9b5ba1eb8533eb8e83e831e4d4a6ace19f37ff09","not_recovered","84ec5e1a462241b724bdb52169726ffe86647b20efbad04d01b949a8b9fc2a01","final_refit","planned_not_uploaded","blocked_by_nonportable_model_and_data_interfaces"
"unified_rerun_v1","v1_0586_m5_20151207_metadata_embedding_tcn_s13","M5","metadata_embedding_tcn","2015-12-07","13","checkpoint_final.pt","<local-archive>/统一重跑实验_20260826/outputs/full_unified_run_v1/stage1/v1_0586_m5_20151207_metadata_embedding_tcn_s13/checkpoint_final.pt","unified_rerun_v1_checkpoints_m5.zip","91510f8fcfc862e43a599adfddcc59046119db57044f3da662e6b8b30983fe37","655368","9e281e5b1a7219fdcddc336072108c4af4e4c2b47783980b55a67932ff34ce9f","72b1c49be30bf3f0b59324a820bc3bee4ddf873d75e882437909589a5e9a7a92","0bb39ae3bad139013f50992c4a86346a15c77fac175c7f3dc03522dbe92b6ddf","not_recovered","24f14f88e9945d2a7fb67744b119a74daf41bf279d2a3b941fb03feff77657e4","final_refit","planned_not_uploaded","blocked_by_nonportable_model_and_data_interfaces"
"unified_rerun_v1","v1_0587_m5_20151207_metadata_embedding_tcn_s29","M5","metadata_embedding_tcn","2015-12-07","29","checkpoint_final.pt","<local-archive>/统一重跑实验_20260826/outputs/full_unified_run_v1/stage1/v1_0587_m5_20151207_metadata_embedding_tcn_s29/checkpoint_final.pt","unified_rerun_v1_checkpoints_m5.zip","76d6e0858332050b9eae3c90b8e3a25bbd0c685acd07460618d9b543b384ade8","655368","5111731167c3b1344ea31c3b5d5af53d16bc8636abfc6303d8e576e7627b1a7a","bf7d92c50d7c7b0c93758ab69735329056b4dec951b965f5524df693417b7410","8d537e9508909564b290fdc2b3ecab192bbd687d3e2b40ede3cf2fffcb6cfe8d","not_recovered","24f14f88e9945d2a7fb67744b119a74daf41bf279d2a3b941fb03feff77657e4","final_refit","planned_not_uploaded","blocked_by_nonportable_model_and_data_interfaces"
"unified_rerun_v1","v1_0588_m5_20151207_metadata_embedding_tcn_s47","M5","metadata_embedding_tcn","2015-12-07","47","checkpoint_final.pt","<local-archive>/统一重跑实验_20260826/outputs/full_unified_run_v1/stage1/v1_0588_m5_20151207_metadata_embedding_tcn_s47/checkpoint_final.pt","unified_rerun_v1_checkpoints_m5.zip","716db2ca5ad6702eda6b9340f4effd9c9d340eb2047e9196003416c642fe9901","655304","de778e80f32c66929aab55ab28400a5dca41e14bd3c3bc5a98630d4c20639e55","b3d9cd316adb47d58bc90871454fe09c175add6cefbffb31fdae51b0e6e2970b","90e522fe465963f29c22434338c76d93a9ce25c839db785591f1efcba6b22cfe","not_recovered","24f14f88e9945d2a7fb67744b119a74daf41bf279d2a3b941fb03feff77657e4","final_refit","planned_not_uploaded","blocked_by_nonportable_model_and_data_interfaces"
"unified_rerun_v1","v1_0589_m5_20160104_metadata_embedding_tcn_s13","M5","metadata_embedding_tcn","2016-01-04","13","checkpoint_final.pt","<local-archive>/统一重跑实验_20260826/outputs/full_unified_run_v1/stage1/v1_0589_m5_20160104_metadata_embedding_tcn_s13/checkpoint_final.pt","unified_rerun_v1_checkpoints_m5.zip","bd321c67198f6664c9f30b3974b93fce3ff86f20888fcca7959f3f4fbe997500","655048","47a026de8c005d1e8c07d6089f7036ed99f7b6568f4bd7017c46c5fffc0d532a","9eaf73f2f14f7c6dca95c6d7e97d1cc94cca1fef8b8eaeee9c084252971f1a4d","c55219e2954b43f8650e903cfa3fbaf3b92ace8dbb9f6a37cfa395b11ad8e9b1","not_recovered","f363d22b50ee5ecf935d764748129bbf4e83b2417ab50854a465cae0c12fccbf","final_refit","planned_not_uploaded","blocked_by_nonportable_model_and_data_interfaces"
"unified_rerun_v1","v1_0590_m5_20160104_metadata_embedding_tcn_s29","M5","metadata_embedding_tcn","2016-01-04","29","checkpoint_final.pt","<local-archive>/统一重跑实验_20260826/outputs/full_unified_run_v1/stage1/v1_0590_m5_20160104_metadata_embedding_tcn_s29/checkpoint_final.pt","unified_rerun_v1_checkpoints_m5.zip","5340a6488a0c3ff7296f9fed1b3b2b6e6a82c136c14aadaf2d23b5d69e5154a2","655176","b3cbd344472ba2720af7a65bf9339b6c438d9902b3a4208f56178ef782a4ea9a","94feeaf444cd0c9ac3975576812085cd912a6bff4ff2eed7d63942974d0a20e3","122d2d7e6424c5c414c1d77c6b6a292d10430a3d4f14e94a983e4912aa9a7ac9","not_recovered","f363d22b50ee5ecf935d764748129bbf4e83b2417ab50854a465cae0c12fccbf","final_refit","planned_not_uploaded","blocked_by_nonportable_model_and_data_interfaces"
"unified_rerun_v1","v1_0591_m5_20160104_metadata_embedding_tcn_s47","M5","metadata_embedding_tcn","2016-01-04","47","checkpoint_final.pt","<local-archive>/统一重跑实验_20260826/outputs/full_unified_run_v1/stage1/v1_0591_m5_20160104_metadata_embedding_tcn_s47/checkpoint_final.pt","unified_rerun_v1_checkpoints_m5.zip","437782ade784cd48375fad79fb9cde5cf8f6291de7541c508d3a6ffcbf7afd1f","655048","56c4cc6e2175ac66db56b68c14fb1364cd0e9ea02ccf5e4bd21b8fa6d0503098","a37ddb83d549bc74d4274ec36c89c5001db4cadfd5da85ce518dfae011202cd3","ffedcfba532c573c71d3195dd3b743c2110b8c128e0c7f76e2e0c997d24455e8","not_recovered","f363d22b50ee5ecf935d764748129bbf4e83b2417ab50854a465cae0c12fccbf","final_refit","planned_not_uploaded","blocked_by_nonportable_model_and_data_interfaces"
"unified_rerun_v1","v1_0592_m5_20160201_metadata_embedding_tcn_s13","M5","metadata_embedding_tcn","2016-02-01","13","checkpoint_final.pt","<local-archive>/统一重跑实验_20260826/outputs/full_unified_run_v1/stage1/v1_0592_m5_20160201_metadata_embedding_tcn_s13/checkpoint_final.pt","unified_rerun_v1_checkpoints_m5.zip","2b661882aa73539eaf0d94082107d3ff79ad45f3e4f38abf24a1ac320eca231a","655624","06853e650d921040a68f7e77cfcf67cad201b66f59dc70f0c845709a56383b27","e8abae5fc26a22843917d9cacd84a7f3a80e1a4ae8e2d03149a431f1f9551a2f","13d78d84aacfd9c7b3a05450da302467a72af35eee24dcd8f8596b3672454a60","not_recovered","84ec5e1a462241b724bdb52169726ffe86647b20efbad04d01b949a8b9fc2a01","final_refit","planned_not_uploaded","blocked_by_nonportable_model_and_data_interfaces"
"unified_rerun_v1","v1_0593_m5_20160201_metadata_embedding_tcn_s29","M5","metadata_embedding_tcn","2016-02-01","29","checkpoint_final.pt","<local-archive>/统一重跑实验_20260826/outputs/full_unified_run_v1/stage1/v1_0593_m5_20160201_metadata_embedding_tcn_s29/checkpoint_final.pt","unified_rerun_v1_checkpoints_m5.zip","8aad1a03d4c270bfaee09280ab95dcee0c251437cce52804f705fce1106fb339","655368","3151fe8f709eeb1d7aaffadc8221af57ac1dae8af6a5661c62b977216992f3f4","e005aec6a4f676d47dee468ab95474d24b1b71546842c68acb0b1dd89be584aa","cfabd4eb006d7ffaf8dd945fd39187da478141e03b194788aa7f89525d44f265","not_recovered","84ec5e1a462241b724bdb52169726ffe86647b20efbad04d01b949a8b9fc2a01","final_refit","planned_not_uploaded","blocked_by_nonportable_model_and_data_interfaces"
"unified_rerun_v1","v1_0594_m5_20160201_metadata_embedding_tcn_s47","M5","metadata_embedding_tcn","2016-02-01","47","checkpoint_final.pt","<local-archive>/统一重跑实验_20260826/outputs/full_unified_run_v1/stage1/v1_0594_m5_20160201_metadata_embedding_tcn_s47/checkpoint_final.pt","unified_rerun_v1_checkpoints_m5.zip","cb9af6cd95643388c8101c256d34ac163d10d3935c1a172463663b6d8df37290","655880","3d024171a9f62ee227f14e302dfb007ccbd3f3cdd1a37f6c5ee1e874ec6726bf","e2b6ea443951b51a2d2f098e73881a695ff679da88342d1c5e59ed0aa5be630f","bbf9f40516f4501efd88e14b8324067bfd9199f4d98b6ee5d9f4dbfa3a0c9730","not_recovered","84ec5e1a462241b724bdb52169726ffe86647b20efbad04d01b949a8b9fc2a01","final_refit","planned_not_uploaded","blocked_by_nonportable_model_and_data_interfaces"
"unified_rerun_v1","v1_0316_m5_20151207_mixlinear_s13","M5","mixlinear","2015-12-07","13","checkpoint_final.pt","<local-archive>/统一重跑实验_20260826/outputs/full_unified_run_v1/stage2/v1_0316_m5_20151207_mixlinear_s13/checkpoint_final.pt","unified_rerun_v1_checkpoints_m5.zip","92416d24d34c76a373a1da150f04b7347579fb44b9e2da982421dc32fe035e9a","23804","c9c21aeaada7b77b552c9fb7ddec5d42f736cab10f7a134475935dddb0c5631f","9bafe61f9b3e52af5076b4634d095962d7663ed7453067b63647d08e3b998475","d8d5f7c418f30ee1c79ce7791c8a0501c6102ac19a1ebede1e94f7c2eb0de3c0","not_recovered","24f14f88e9945d2a7fb67744b119a74daf41bf279d2a3b941fb03feff77657e4","final_refit","planned_not_uploaded","blocked_by_nonportable_model_and_data_interfaces"
"unified_rerun_v1","v1_0317_m5_20151207_mixlinear_s29","M5","mixlinear","2015-12-07","29","checkpoint_final.pt","<local-archive>/统一重跑实验_20260826/outputs/full_unified_run_v1/stage2/v1_0317_m5_20151207_mixlinear_s29/checkpoint_final.pt","unified_rerun_v1_checkpoints_m5.zip","8863672bedfbe6d13e97e679cfc3561ac6b37631de84d95bb6ba0fbf520a9efd","23996","92e17d386615925f2b1192cee0948b4abbcfa542288ff65d65d7be35c4fb186c","b6ba5c936b752c498857cb9b33a282846e359ea5dc711ad794feff66ad555093","11f6740675ea813c5a4f22f2afe2913c59bfb50a61bd48b2e49fb570a285c8a2","not_recovered","24f14f88e9945d2a7fb67744b119a74daf41bf279d2a3b941fb03feff77657e4","final_refit","planned_not_uploaded","blocked_by_nonportable_model_and_data_interfaces"
"unified_rerun_v1","v1_0318_m5_20151207_mixlinear_s47","M5","mixlinear","2015-12-07","47","checkpoint_final.pt","<local-archive>/统一重跑实验_20260826/outputs/full_unified_run_v1/stage2/v1_0318_m5_20151207_mixlinear_s47/checkpoint_final.pt","unified_rerun_v1_checkpoints_m5.zip","cf54f8c3dfc7a6fc4198505a31f08ea73c8fb93fc4da813926be12e45b72c501","23292","f49d6ffd0a6ff40612273abf53cbd466008b89de35a46f2d0a2c8f9d7fe7372e","54a256594f96d74e6a9903e4d143529c902e6dff0774912bbc2d7bbbb1294455","0184c9e48516abbcece01a0099f7ef5a6a67edd9af674b8c98e0a43feab91d81","not_recovered","24f14f88e9945d2a7fb67744b119a74daf41bf279d2a3b941fb03feff77657e4","final_refit","planned_not_uploaded","blocked_by_nonportable_model_and_data_interfaces"
"unified_rerun_v1","v1_0319_m5_20160104_mixlinear_s13","M5","mixlinear","2016-01-04","13","checkpoint_final.pt","<local-archive>/统一重跑实验_20260826/outputs/full_unified_run_v1/stage2/v1_0319_m5_20160104_mixlinear_s13/checkpoint_final.pt","unified_rerun_v1_checkpoints_m5.zip","e838f69fe9bf3c7c592804bc49df9cebf55a4b644a4cdea64bc9f622c18ccb3e","24380","7d66acd7a519cbd563f1e8e81e4242e62acff70a8346a768190aef99ad3cc9f0","40044786360d2f8c881e8501b926452325dd73aa88fc6d9dd1e96df8c1ae50d6","456a2b16c0a3866d5f7521fe6bd9e21cdb6b0565fdc042ad23ff51601855a40f","not_recovered","f363d22b50ee5ecf935d764748129bbf4e83b2417ab50854a465cae0c12fccbf","final_refit","planned_not_uploaded","blocked_by_nonportable_model_and_data_interfaces"
"unified_rerun_v1","v1_0320_m5_20160104_mixlinear_s29","M5","mixlinear","2016-01-04","29","checkpoint_final.pt","<local-archive>/统一重跑实验_20260826/outputs/full_unified_run_v1/stage2/v1_0320_m5_20160104_mixlinear_s29/checkpoint_final.pt","unified_rerun_v1_checkpoints_m5.zip","4b31025739758b1621e1be65f076b7f13d1a751e1873eb0670246e6aaebc7312","24316","2840813b5a1955a172add4567f67d6e5f16c9a3de198e57c4cc9d689f7094c04","fad0d1eea0a80f5aae993488d8042dc1f7c38430b7fedc7063f9d02f0fb03664","aea3f6e98f816a1e67942ea66ecb12e65d81cac73160707656b8a8f485426bc9","not_recovered","f363d22b50ee5ecf935d764748129bbf4e83b2417ab50854a465cae0c12fccbf","final_refit","planned_not_uploaded","blocked_by_nonportable_model_and_data_interfaces"
"unified_rerun_v1","v1_0321_m5_20160104_mixlinear_s47","M5","mixlinear","2016-01-04","47","checkpoint_final.pt","<local-archive>/统一重跑实验_20260826/outputs/full_unified_run_v1/stage2/v1_0321_m5_20160104_mixlinear_s47/checkpoint_final.pt","unified_rerun_v1_checkpoints_m5.zip","885cb041e7490478fdaf8f9dbc0239e2f561337c6682fa088c5b36ad6d3b9f50","23932","c643b0640312ad63c42a71981dc7fb9d5e6e2f1c3896f8da3a786c733973aa50","cb9cb96d0d079897bbc675012fd26bb2cf053853aa921bff9dff97ca430de0a6","9e93496b2a8c5a005208cb1c4e4c8f2bd82b8ac6486f9567d28ec5c1bdf8477f","not_recovered","f363d22b50ee5ecf935d764748129bbf4e83b2417ab50854a465cae0c12fccbf","final_refit","planned_not_uploaded","blocked_by_nonportable_model_and_data_interfaces"
"unified_rerun_v1","v1_0322_m5_20160201_mixlinear_s13","M5","mixlinear","2016-02-01","13","checkpoint_final.pt","<local-archive>/统一重跑实验_20260826/outputs/full_unified_run_v1/stage2/v1_0322_m5_20160201_mixlinear_s13/checkpoint_final.pt","unified_rerun_v1_checkpoints_m5.zip","f8d03b65d9983a4369b8f515368362af072ef42e8184eda66367e41cf82b53d5","23676","eb6aeb12d252d9ea0b5bb88db292dd3a10c434568dd282bc781a513e153b27fc","3b14546fa18b58d7c22986dd7310302a253a29cb8df3fb9b53ab2df1110a1940","d1f6598ea7ef2b64e87e7ad6a4be71f6891d0b53cdb9b9bdc08b03488a50f1bb","not_recovered","84ec5e1a462241b724bdb52169726ffe86647b20efbad04d01b949a8b9fc2a01","final_refit","planned_not_uploaded","blocked_by_nonportable_model_and_data_interfaces"
"unified_rerun_v1","v1_0323_m5_20160201_mixlinear_s29","M5","mixlinear","2016-02-01","29","checkpoint_final.pt","<local-archive>/统一重跑实验_20260826/outputs/full_unified_run_v1/stage2/v1_0323_m5_20160201_mixlinear_s29/checkpoint_final.pt","unified_rerun_v1_checkpoints_m5.zip","b5d30259408c5967c51e576167ed0f42fd74b7e9f6e85e5fd829a14ff08abdff","23676","320d6741fc802e4c6ea46eb16933389c809486733ff2e8f1da7d92bd6bf88db9","48c82d9cca80796d88e9f1967979c2ab2d4c32d88eaff9f1e198b0df308db997","5e31c0dc469f6872cd6914ae2ae93d0739ae5e5c25160979f64781c9ca08d156","not_recovered","84ec5e1a462241b724bdb52169726ffe86647b20efbad04d01b949a8b9fc2a01","final_refit","planned_not_uploaded","blocked_by_nonportable_model_and_data_interfaces"
"unified_rerun_v1","v1_0324_m5_20160201_mixlinear_s47","M5","mixlinear","2016-02-01","47","checkpoint_final.pt","<local-archive>/统一重跑实验_20260826/outputs/full_unified_run_v1/stage2/v1_0324_m5_20160201_mixlinear_s47/checkpoint_final.pt","unified_rerun_v1_checkpoints_m5.zip","c296f3f6e5e2566a8a0065eeb02ca3dad4bd1fb7e2f0adc46f13eab82069c55c","23356","ecf5a9fd9ec7ebbf35522678db7a3c8b021b3605e757bb100876695764c55dd3","bcf182c751ec6183c11ce1f8097e0723f94aef91202358d1626c761d3ab21ade","377cb37acd4e5e71f2c5927f3598817714b8ba56056c1ea68c9e361d6f71960d","not_recovered","84ec5e1a462241b724bdb52169726ffe86647b20efbad04d01b949a8b9fc2a01","final_refit","planned_not_uploaded","blocked_by_nonportable_model_and_data_interfaces"
"unified_rerun_v1","v1_0424_m5_20151207_mtgnn_native_s13","M5","mtgnn_native","2015-12-07","13","checkpoint_final.pt","<local-archive>/统一重跑实验_20260826/outputs/full_unified_run_v1/stage1/v1_0424_m5_20151207_mtgnn_native_s13/checkpoint_final.pt","unified_rerun_v1_checkpoints_m5.zip","46facef58c436cf99a60b445fa026f0232d43d4f0d77f6dcb05b36ff8b7f0ded","22858976","04821037f29756fff15ab87f1f8fedb050e76d949142513d8fe114c30fd68fae","375c34c903f359e391586640af3cf86ceda9158ba6a91970d4791ffa058c0a97","35f028437cf92c9a8b62c99085461306519a02c68a347876bf143349090a45ab","not_recovered","24f14f88e9945d2a7fb67744b119a74daf41bf279d2a3b941fb03feff77657e4","final_refit","planned_not_uploaded","blocked_by_nonportable_model_and_data_interfaces"
"unified_rerun_v1","v1_0425_m5_20151207_mtgnn_native_s29","M5","mtgnn_native","2015-12-07","29","checkpoint_final.pt","<local-archive>/统一重跑实验_20260826/outputs/full_unified_run_v1/stage1/v1_0425_m5_20151207_mtgnn_native_s29/checkpoint_final.pt","unified_rerun_v1_checkpoints_m5.zip","5f78feb3f4ad0c00da6795b2ff95742cd23a32db6403405c4bcfa716e1a21d63","22859232","a607a487bd47eb5221b5aca20c6a8d3e7aa333ca5e8c9bcb58bf790ed4a6639b","c0efb6d5e7d35350a01e7a2eecf473a9e7da54a1f643bac4cc302d0388627f9c","25803e26687bac630474891ff090d7cc82156c77827d4dbbc0430bceecf78f9e","not_recovered","24f14f88e9945d2a7fb67744b119a74daf41bf279d2a3b941fb03feff77657e4","final_refit","planned_not_uploaded","blocked_by_nonportable_model_and_data_interfaces"
"unified_rerun_v1","v1_0426_m5_20151207_mtgnn_native_s47","M5","mtgnn_native","2015-12-07","47","checkpoint_final.pt","<local-archive>/统一重跑实验_20260826/outputs/full_unified_run_v1/stage1/v1_0426_m5_20151207_mtgnn_native_s47/checkpoint_final.pt","unified_rerun_v1_checkpoints_m5.zip","569cf1624d90d6757c28b78bc558fe7899ee3164d84789f5fc45b9227df4ff37","22859232","394a7f77ab4b43d6f5ce964821e7e352f0ef7d679aa44ef3cddd1c0f0006dd43","130632614b6e3ecc1b8a32e5383ad0d1441923fc16492473139a4dbedd00269e","b5f1ff606f531712ac844d535400cc595e1ad1c573adf3510d97f88d240bf60c","not_recovered","24f14f88e9945d2a7fb67744b119a74daf41bf279d2a3b941fb03feff77657e4","final_refit","planned_not_uploaded","blocked_by_nonportable_model_and_data_interfaces"
"unified_rerun_v1","v1_0427_m5_20160104_mtgnn_native_s13","M5","mtgnn_native","2016-01-04","13","checkpoint_final.pt","<local-archive>/统一重跑实验_20260826/outputs/full_unified_run_v1/stage1/v1_0427_m5_20160104_mtgnn_native_s13/checkpoint_final.pt","unified_rerun_v1_checkpoints_m5.zip","6ba229386624cca8477d7a7cdd38122e4eb3118a326905ba30a9afbe49fe0291","22860064","3b7e1a3d39d24453105163c627464f2d1ccb18a97ce9e69a5d9c773746df29e3","d21b4ad51ad7fc1b81e604fae7b1c96245c8af2c001e0bb6d31c39e5e8d21fba","0e51ce7d76d5a055c9515a8653088cb69d52be9fec80efd6cf3899344a7615df","not_recovered","f363d22b50ee5ecf935d764748129bbf4e83b2417ab50854a465cae0c12fccbf","final_refit","planned_not_uploaded","blocked_by_nonportable_model_and_data_interfaces"
"unified_rerun_v1","v1_0428_m5_20160104_mtgnn_native_s29","M5","mtgnn_native","2016-01-04","29","checkpoint_final.pt","<local-archive>/统一重跑实验_20260826/outputs/full_unified_run_v1/stage1/v1_0428_m5_20160104_mtgnn_native_s29/checkpoint_final.pt","unified_rerun_v1_checkpoints_m5.zip","d125749881380be5de4f90353a6544641e091a6643aef54aa2fce10c0ff63096","22859104","5d4f17fe3d476d557e586d1bd486dfcc563d9fd6e35a58b0ad4bf95e923105bd","e6e75619dac1e2da0cb73291f4bbcc4cb79894ac2bdf6f84288fc8ad1dff5dbb","7b012ba241e9dd2060511ae2da035095cbd51d5a7aea8fb98ceaa986370c54d6","not_recovered","f363d22b50ee5ecf935d764748129bbf4e83b2417ab50854a465cae0c12fccbf","final_refit","planned_not_uploaded","blocked_by_nonportable_model_and_data_interfaces"
"unified_rerun_v1","v1_0429_m5_20160104_mtgnn_native_s47","M5","mtgnn_native","2016-01-04","47","checkpoint_final.pt","<local-archive>/统一重跑实验_20260826/outputs/full_unified_run_v1/stage1/v1_0429_m5_20160104_mtgnn_native_s47/checkpoint_final.pt","unified_rerun_v1_checkpoints_m5.zip","82a20feaa7048307ca0df8f08501a68be77a889c0b505a6c4982767b4e76b2ae","22859680","6f61366f4911c68d0c3a7d9daf0106a0c30c2fd8bdf80703cdfe48cff6deadd1","32677afbc03d683d7fe44991ffa33d8590d5ab54cdfca150ba02b59c3dfe5150","1230580387ba050a0b90a0f5b23cb0e2fe576f65f14efdf830670d9bd971b840","not_recovered","f363d22b50ee5ecf935d764748129bbf4e83b2417ab50854a465cae0c12fccbf","final_refit","planned_not_uploaded","blocked_by_nonportable_model_and_data_interfaces"
"unified_rerun_v1","v1_0430_m5_20160201_mtgnn_native_s13","M5","mtgnn_native","2016-02-01","13","checkpoint_final.pt","<local-archive>/统一重跑实验_20260826/outputs/full_unified_run_v1/stage1/v1_0430_m5_20160201_mtgnn_native_s13/checkpoint_final.pt","unified_rerun_v1_checkpoints_m5.zip","9f419a24e604b4502b30b80a8863fd821cad44e85c35b94e9c93be0c3ebe4ead","22859232","35209a3fa95b0b7146af10adda6cf877715df438cafe227b51378359f0171c9a","d9306550d4b9a3fe370880a581d397f3b215fe07061e64191ae7d1486c894698","2745e1c45d01ca6f03dcb07cdf7810714a78592b4244303d61c91edd385042e2","not_recovered","84ec5e1a462241b724bdb52169726ffe86647b20efbad04d01b949a8b9fc2a01","final_refit","planned_not_uploaded","blocked_by_nonportable_model_and_data_interfaces"
"unified_rerun_v1","v1_0431_m5_20160201_mtgnn_native_s29","M5","mtgnn_native","2016-02-01","29","checkpoint_final.pt","<local-archive>/统一重跑实验_20260826/outputs/full_unified_run_v1/stage1/v1_0431_m5_20160201_mtgnn_native_s29/checkpoint_final.pt","unified_rerun_v1_checkpoints_m5.zip","83b2bc03493431eb5d1cbefab0ec43ba1f9247aa143b3a97aa15290cbdf5ac7a","22859296","2f57c1271a5a7ca94da465114437e71d179075d506d5bf06d710cfe032b70797","5a34e36f9aeb56831befd5c89293fef4c3dc21442174e71aa44ce1470fd1b34d","cf73653f8efee5468c8dabc508b60d0107dffe88040d3e5f0f49d458e105f1c2","not_recovered","84ec5e1a462241b724bdb52169726ffe86647b20efbad04d01b949a8b9fc2a01","final_refit","planned_not_uploaded","blocked_by_nonportable_model_and_data_interfaces"
"unified_rerun_v1","v1_0432_m5_20160201_mtgnn_native_s47","M5","mtgnn_native","2016-02-01","47","checkpoint_final.pt","<local-archive>/统一重跑实验_20260826/outputs/full_unified_run_v1/stage1/v1_0432_m5_20160201_mtgnn_native_s47/checkpoint_final.pt","unified_rerun_v1_checkpoints_m5.zip","283380500149e85fd8be5353c694d5c11c864be6707fd836d022e3bec72b43db","22859168","0f678bb593c424dab8a2a683b6d541dd1d63929ad61dcbb253b92162395d1d14","6025ce03e7b0f73fc10fddeca6f9242dd1818ab1856972d96b2682872accf6d5","588b740c10b6543231180a295ff32edd236f0e26b4adb357c4563e9eaa5a7787","not_recovered","84ec5e1a462241b724bdb52169726ffe86647b20efbad04d01b949a8b9fc2a01","final_refit","planned_not_uploaded","blocked_by_nonportable_model_and_data_interfaces"
"unified_rerun_v1","v1_0451_m5_20151207_mtgnn_no_graph_s13","M5","mtgnn_no_graph","2015-12-07","13","checkpoint_final.pt","<local-archive>/统一重跑实验_20260826/outputs/full_unified_run_v1/stage1/v1_0451_m5_20151207_mtgnn_no_graph_s13/checkpoint_final.pt","unified_rerun_v1_checkpoints_m5.zip","1cda94ffdf0e082b35856c01a064282f1a61c7fe67614a835100dd13bfd73ca6","22791876","0a6b33aa72b66992cc26f82c8d212306086c18bd8c008dd8ef9c009910fc2027","cef59cc997f2005e2a1bc2c11748419b84345569123399917779f784e327f3b3","408391df797bd2037129f349c5ae327019936257a1e43c90cc9399b53abaf1e9","not_recovered","24f14f88e9945d2a7fb67744b119a74daf41bf279d2a3b941fb03feff77657e4","final_refit","planned_not_uploaded","blocked_by_nonportable_model_and_data_interfaces"
"unified_rerun_v1","v1_0452_m5_20151207_mtgnn_no_graph_s29","M5","mtgnn_no_graph","2015-12-07","29","checkpoint_final.pt","<local-archive>/统一重跑实验_20260826/outputs/full_unified_run_v1/stage1/v1_0452_m5_20151207_mtgnn_no_graph_s29/checkpoint_final.pt","unified_rerun_v1_checkpoints_m5.zip","ec04a3e5ebd4b8b9a97256fa14cfc15fd713dc405c11aca4ddfdf671e28b8506","22791236","83575316d2cd5d172035ed59f6251ef16432abe986cac8b4d095b9d3819d26d2","bbe20f3b14b30ead520884a421cf0c5b868d2c936b2a72e5969f2cf4becce463","b99925932ae8331e24c0b23ed9560801e07dd0107adbd5b2b3c421f00f63310a","not_recovered","24f14f88e9945d2a7fb67744b119a74daf41bf279d2a3b941fb03feff77657e4","final_refit","planned_not_uploaded","blocked_by_nonportable_model_and_data_interfaces"
"unified_rerun_v1","v1_0453_m5_20151207_mtgnn_no_graph_s47","M5","mtgnn_no_graph","2015-12-07","47","checkpoint_final.pt","<local-archive>/统一重跑实验_20260826/outputs/full_unified_run_v1/stage1/v1_0453_m5_20151207_mtgnn_no_graph_s47/checkpoint_final.pt","unified_rerun_v1_checkpoints_m5.zip","ffe322abce414bdc6ddfb8e0ea56632950a80c89f652f921f56067313849b2df","22791300","8ea4574b286622a2a6a0351527799367a11e2339be6916cabf04ac2f6f412704","471df6a948d3908e743d224b29cbf02b3f72d5917b21572f720aa32f678658f1","297f22de7810eda384d1c5a5e4eb1bdbced3b45c1ddd0352bef426cc98e6af29","not_recovered","24f14f88e9945d2a7fb67744b119a74daf41bf279d2a3b941fb03feff77657e4","final_refit","planned_not_uploaded","blocked_by_nonportable_model_and_data_interfaces"
"unified_rerun_v1","v1_0454_m5_20160104_mtgnn_no_graph_s13","M5","mtgnn_no_graph","2016-01-04","13","checkpoint_final.pt","<local-archive>/统一重跑实验_20260826/outputs/full_unified_run_v1/stage1/v1_0454_m5_20160104_mtgnn_no_graph_s13/checkpoint_final.pt","unified_rerun_v1_checkpoints_m5.zip","134f36cb6cc7703c9882bce6a8f9984b57344f1094ee348093df33b300d2cc0c","22791940","c700c0e7c01637e6dc5bea83235025a5af5f6fde30385df36fe03f64227f2ad1","3cbdf10bd65491b30de01963e29430cbe148a2dd820b4b16efe21790a9eae38f","697ca61da65a343bed8493bf46c5f24d002f9e0621bc75b1021fb4f38f9d4d87","not_recovered","f363d22b50ee5ecf935d764748129bbf4e83b2417ab50854a465cae0c12fccbf","final_refit","planned_not_uploaded","blocked_by_nonportable_model_and_data_interfaces"
"unified_rerun_v1","v1_0455_m5_20160104_mtgnn_no_graph_s29","M5","mtgnn_no_graph","2016-01-04","29","checkpoint_final.pt","<local-archive>/统一重跑实验_20260826/outputs/full_unified_run_v1/stage1/v1_0455_m5_20160104_mtgnn_no_graph_s29/checkpoint_final.pt","unified_rerun_v1_checkpoints_m5.zip","bdd96d3f11c2d1d210096ded9ac748d85f1e69d8157f7e1970638f066f5be5e2","22791172","8d8031a2607feb6178984651d4b9b4c99f29abce69e5ecb71b73ddb387644a42","e967c6a5eb9384178902103d7a131935af67d8ffbbe26fd1a5f157a494ef1e69","cc5a73832b2b329441532fa995d238f280f4754fc8c07fdc1da37e9607035654","not_recovered","f363d22b50ee5ecf935d764748129bbf4e83b2417ab50854a465cae0c12fccbf","final_refit","planned_not_uploaded","blocked_by_nonportable_model_and_data_interfaces"
"unified_rerun_v1","v1_0456_m5_20160104_mtgnn_no_graph_s47","M5","mtgnn_no_graph","2016-01-04","47","checkpoint_final.pt","<local-archive>/统一重跑实验_20260826/outputs/full_unified_run_v1/stage1/v1_0456_m5_20160104_mtgnn_no_graph_s47/checkpoint_final.pt","unified_rerun_v1_checkpoints_m5.zip","d7f6001c50a5bdecbcd0be45f09d88dbd76a7e55c28ca03d38908e7aff321726","22791620","3b74850cffd004cfcf6d937c36d69a933aa4ffade7903089525409d0ee18e80c","77c81510e04abc0b34b1178d39abbb7372d9d53c5b2cdb92a297aca0b9173179","b8b054af52af2588346d035087f5eaf0d90ecfdf38a44b340527f4fb65c748c4","not_recovered","f363d22b50ee5ecf935d764748129bbf4e83b2417ab50854a465cae0c12fccbf","final_refit","planned_not_uploaded","blocked_by_nonportable_model_and_data_interfaces"
"unified_rerun_v1","v1_0457_m5_20160201_mtgnn_no_graph_s13","M5","mtgnn_no_graph","2016-02-01","13","checkpoint_final.pt","<local-archive>/统一重跑实验_20260826/outputs/full_unified_run_v1/stage1/v1_0457_m5_20160201_mtgnn_no_graph_s13/checkpoint_final.pt","unified_rerun_v1_checkpoints_m5.zip","907f0078a626bce1189f6f69249dcf702bbe087646f21c6e0263354c61f27015","22791236","9cf1687eedbe38375a521efd0bb9f70986ee6d9fa90ea94525a35ed3e57c474d","bc2b6d297b1ab4712bdfaebf481748f1838bb94cc88b41f46a7810253f0fe69d","8afcd113daf53a7c9b0c0cc9716a9623805e0d845f5206c1190e3a3eda48bbbd","not_recovered","84ec5e1a462241b724bdb52169726ffe86647b20efbad04d01b949a8b9fc2a01","final_refit","planned_not_uploaded","blocked_by_nonportable_model_and_data_interfaces"
"unified_rerun_v1","v1_0458_m5_20160201_mtgnn_no_graph_s29","M5","mtgnn_no_graph","2016-02-01","29","checkpoint_final.pt","<local-archive>/统一重跑实验_20260826/outputs/full_unified_run_v1/stage1/v1_0458_m5_20160201_mtgnn_no_graph_s29/checkpoint_final.pt","unified_rerun_v1_checkpoints_m5.zip","40058702c9ca9d902391e60f770d6929a5860c10f798e30c54294a5d4f0032b3","22791236","a74470aa7d5360bfff92721c854a2c5c3d920fe3868b02282eb6be5309589703","7c1b51ea3ca0cef8a49804f996d3f8140f138f67cf0f74326070ff3817ac30db","c4bf07f4a527896a064beab0bbb6133f1c03145a99b6853bed75674acbd74eee","not_recovered","84ec5e1a462241b724bdb52169726ffe86647b20efbad04d01b949a8b9fc2a01","final_refit","planned_not_uploaded","blocked_by_nonportable_model_and_data_interfaces"
"unified_rerun_v1","v1_0459_m5_20160201_mtgnn_no_graph_s47","M5","mtgnn_no_graph","2016-02-01","47","checkpoint_final.pt","<local-archive>/统一重跑实验_20260826/outputs/full_unified_run_v1/stage1/v1_0459_m5_20160201_mtgnn_no_graph_s47/checkpoint_final.pt","unified_rerun_v1_checkpoints_m5.zip","628567fea0ebb1379b4b487274b46dc02c1f587ea477ec04038bf06af33de005","22791172","de09d053fec8c755d5e0c78d9c403d0e85c2019dfd162d43630eafe147c757b4","52500e486d74c22bd3e1cbce1980204b293b22f3d2930ee79ad0583d76c28857","72dde2a637f19d32f4b2e5d4ba8413bd7d5c833d8871b67253f05a43db5b1dbd","not_recovered","84ec5e1a462241b724bdb52169726ffe86647b20efbad04d01b949a8b9fc2a01","final_refit","planned_not_uploaded","blocked_by_nonportable_model_and_data_interfaces"
"unified_rerun_v1","v1_0478_m5_20151207_mtgnn_placebo_s13","M5","mtgnn_placebo","2015-12-07","13","checkpoint_final.pt","<local-archive>/统一重跑实验_20260826/outputs/full_unified_run_v1/stage1/v1_0478_m5_20151207_mtgnn_placebo_s13/checkpoint_final.pt","unified_rerun_v1_checkpoints_m5.zip","423d6b43a76ba50a318f575f41095a5a11d1e4b05c44197fe05fec0a5bf3ed01","22859360","a788ce475f275567b0ef16c8e2b02843d93ee833de11e5475707b83e98139446","7dadbb0f14e3c59a16dcfdf2b8735e0ee5bda6a9b7d08324f78a36afea33f4dd","318ddadee14e8154cde09254434218874746f11ff875d088c3bb7d9960ec8cf7","not_recovered","24f14f88e9945d2a7fb67744b119a74daf41bf279d2a3b941fb03feff77657e4","final_refit","planned_not_uploaded","blocked_by_nonportable_model_and_data_interfaces"
"unified_rerun_v1","v1_0479_m5_20151207_mtgnn_placebo_s29","M5","mtgnn_placebo","2015-12-07","29","checkpoint_final.pt","<local-archive>/统一重跑实验_20260826/outputs/full_unified_run_v1/stage1/v1_0479_m5_20151207_mtgnn_placebo_s29/checkpoint_final.pt","unified_rerun_v1_checkpoints_m5.zip","3cf808bd47372bdaa7a97fb53632391af93285edb86c3c8d092f9a8e0da6a232","22859232","6140019b849b1e065563cd6c06cc7f8b1b5021bfce6f154c2abb83b4feee4637","023ae9592e62afc6eb64a7108f005526acf7cabf1a19641e2b13d3ece258ab80","a841d129f707badd730ff4e5ad005dadc305ef7b034ff931d37c507f1f38ba25","not_recovered","24f14f88e9945d2a7fb67744b119a74daf41bf279d2a3b941fb03feff77657e4","final_refit","planned_not_uploaded","blocked_by_nonportable_model_and_data_interfaces"
"unified_rerun_v1","v1_0480_m5_20151207_mtgnn_placebo_s47","M5","mtgnn_placebo","2015-12-07","47","checkpoint_final.pt","<local-archive>/统一重跑实验_20260826/outputs/full_unified_run_v1/stage1/v1_0480_m5_20151207_mtgnn_placebo_s47/checkpoint_final.pt","unified_rerun_v1_checkpoints_m5.zip","5a9c5277316638bd74e4a03520e611f104a00aa8530ce48a242888cd1d8c4596","22859232","5ed42190badbd829942eaea2e4a288235bbcdb61df515935dd45f175605c3469","09227bc16fe015d115ddf2ccee0f9218410c272092c402c3142a2e1ea838847f","a077cb9b96f45517fd88d9decb8d07fe6125d12c9d6d0fc5f95d3d0d64cb4ba8","not_recovered","24f14f88e9945d2a7fb67744b119a74daf41bf279d2a3b941fb03feff77657e4","final_refit","planned_not_uploaded","blocked_by_nonportable_model_and_data_interfaces"
"unified_rerun_v1","v1_0481_m5_20160104_mtgnn_placebo_s13","M5","mtgnn_placebo","2016-01-04","13","checkpoint_final.pt","<local-archive>/统一重跑实验_20260826/outputs/full_unified_run_v1/stage1/v1_0481_m5_20160104_mtgnn_placebo_s13/checkpoint_final.pt","unified_rerun_v1_checkpoints_m5.zip","cceb902a39dc99feb01df72e6259b14f7418d05a32945a707272ccf2fd15c050","22859424","d340544dddaca256298a5e161ec72ee2b26b7997142142021f8074e486dcef7a","0771975d5b0a4562895239505a9db0578584a9c0f85798ab7659ff734dea323e","0d2e2e49a5f1164a3749fb1f5d36270c1b78cad01ea6b5a67c9613de24e8f8fc","not_recovered","f363d22b50ee5ecf935d764748129bbf4e83b2417ab50854a465cae0c12fccbf","final_refit","planned_not_uploaded","blocked_by_nonportable_model_and_data_interfaces"
"unified_rerun_v1","v1_0482_m5_20160104_mtgnn_placebo_s29","M5","mtgnn_placebo","2016-01-04","29","checkpoint_final.pt","<local-archive>/统一重跑实验_20260826/outputs/full_unified_run_v1/stage1/v1_0482_m5_20160104_mtgnn_placebo_s29/checkpoint_final.pt","unified_rerun_v1_checkpoints_m5.zip","b381a4a3be541779915da2106f60441df492aa8fc5b17f7d72c7983f22d96b85","22859104","736029b3503df7815fabbaf6e985e6d9a6d7f91f377a2f788c122ad13745d295","c3f94f4a39e387b1f345f504c90c341cd210f6d7dfdd9b7728ab50b725706a8f","bf22bbf3411aba98e46628a4bf7bb0a466152a1e094a0e707f263b94962176f5","not_recovered","f363d22b50ee5ecf935d764748129bbf4e83b2417ab50854a465cae0c12fccbf","final_refit","planned_not_uploaded","blocked_by_nonportable_model_and_data_interfaces"
"unified_rerun_v1","v1_0483_m5_20160104_mtgnn_placebo_s47","M5","mtgnn_placebo","2016-01-04","47","checkpoint_final.pt","<local-archive>/统一重跑实验_20260826/outputs/full_unified_run_v1/stage1/v1_0483_m5_20160104_mtgnn_placebo_s47/checkpoint_final.pt","unified_rerun_v1_checkpoints_m5.zip","aa699adb63fdb96e32abc57e089a6fbc7dd25dd84c5ba4becbbd0c738619dffa","22859680","72b32da1242c06604c4ab9e8e3f815646392b30aea17089992e101840a4c12e7","b9e38872ba881d5d46afc6b238c2464237b083ffb73d1a511e61be35dc0d3b1b","c5c4611a9a3b56d002f7a5ed9356688e898ba6beb868be80a52761b06d133124","not_recovered","f363d22b50ee5ecf935d764748129bbf4e83b2417ab50854a465cae0c12fccbf","final_refit","planned_not_uploaded","blocked_by_nonportable_model_and_data_interfaces"
"unified_rerun_v1","v1_0484_m5_20160201_mtgnn_placebo_s13","M5","mtgnn_placebo","2016-02-01","13","checkpoint_final.pt","<local-archive>/统一重跑实验_20260826/outputs/full_unified_run_v1/stage1/v1_0484_m5_20160201_mtgnn_placebo_s13/checkpoint_final.pt","unified_rerun_v1_checkpoints_m5.zip","b16b8b6b2c15b371ff14cfa617a5720b0b4325d598af0026a2f5725714b0c4fb","22859168","c45820f8dbf110019c5fb588261e5ff70b7be9243e2daf90a729853b7e41d560","93ea1afa5e0f98dd6a8ecedc27bcd6a1312b9b868649c8153c1602749946a5ae","5ceffa7017b17593b68007bc2a1a49d10ca6450c3acfe0dbaae97f2f8663a30e","not_recovered","84ec5e1a462241b724bdb52169726ffe86647b20efbad04d01b949a8b9fc2a01","final_refit","planned_not_uploaded","blocked_by_nonportable_model_and_data_interfaces"
"unified_rerun_v1","v1_0485_m5_20160201_mtgnn_placebo_s29","M5","mtgnn_placebo","2016-02-01","29","checkpoint_final.pt","<local-archive>/统一重跑实验_20260826/outputs/full_unified_run_v1/stage1/v1_0485_m5_20160201_mtgnn_placebo_s29/checkpoint_final.pt","unified_rerun_v1_checkpoints_m5.zip","6d853f94f94f3dcc78bae70035a2321a5c6a50d8df8f17932a36a506e2ca38e5","22859296","ccfca04b3a9ce3f473cfd1aa6987cb24ae40816dda892e9a6a231466fcc6858e","df63df4da722b94ee90f04b142721c9453984181453f01b82f0c79490b327913","b55fea01044d00ee938fa6b47dc0a6585d20e14b70ec6c93642c874764f56310","not_recovered","84ec5e1a462241b724bdb52169726ffe86647b20efbad04d01b949a8b9fc2a01","final_refit","planned_not_uploaded","blocked_by_nonportable_model_and_data_interfaces"
"unified_rerun_v1","v1_0486_m5_20160201_mtgnn_placebo_s47","M5","mtgnn_placebo","2016-02-01","47","checkpoint_final.pt","<local-archive>/统一重跑实验_20260826/outputs/full_unified_run_v1/stage1/v1_0486_m5_20160201_mtgnn_placebo_s47/checkpoint_final.pt","unified_rerun_v1_checkpoints_m5.zip","7daaef72055d1eb54ccd52e73dcca39fbcb989b38adeaff08bb4a03e4579fbb0","22859168","3a1a1ef589aef43c3d02ad549cc4c4126e9a317e13c09d454518f7438d7cd666","8eb4dfb19394f0be40f57a112e803cc205955fa0181a5554ebb49c3b2d5b4e30","b6e5181334ed2a031998be5ccd28aaf2119b1daf9e45ec59fbeff6757c2cf57b","not_recovered","84ec5e1a462241b724bdb52169726ffe86647b20efbad04d01b949a8b9fc2a01","final_refit","planned_not_uploaded","blocked_by_nonportable_model_and_data_interfaces"
"unified_rerun_v1","v1_0208_m5_20151207_nlinear_s13","M5","nlinear","2015-12-07","13","checkpoint_final.pt","<local-archive>/统一重跑实验_20260826/outputs/full_unified_run_v1/stage2/v1_0208_m5_20151207_nlinear_s13/checkpoint_final.pt","unified_rerun_v1_checkpoints_m5.zip","b04e2960199c4d168916fbb8fc8d781681326e0e8479c37ad6d73f67a07b5531","49632","9d96e8ca75f9cde1cb26a3e1c0d92b5b08616cb8b91364cba609ed7417be57a6","990483ca208c4187311c0ee07097655bf697ce4c1e83bf8065223148995ab74f","aba67402642c55f4ce226049c30df31b45ff92aa82422fffe847bf37eadaaff8","not_recovered","24f14f88e9945d2a7fb67744b119a74daf41bf279d2a3b941fb03feff77657e4","final_refit","planned_not_uploaded","blocked_by_nonportable_model_and_data_interfaces"
"unified_rerun_v1","v1_0209_m5_20151207_nlinear_s29","M5","nlinear","2015-12-07","29","checkpoint_final.pt","<local-archive>/统一重跑实验_20260826/outputs/full_unified_run_v1/stage2/v1_0209_m5_20151207_nlinear_s29/checkpoint_final.pt","unified_rerun_v1_checkpoints_m5.zip","f6c43033f232ce04c631f2654a600e82f80233bb8390ad19baca790fb913ba41","49568","8663b05c5cb05f2a9290406ad65c390fe5300853a7548c6fdb5c83f5dd2bae88","62f80c501d7f1da6bc82f189608bb30e4d097a5010023219ea1168bf42ca37bb","7b150b0f82d19012201edbe6fa910d1a2b1520a3f104b08264acdd090d695d98","not_recovered","24f14f88e9945d2a7fb67744b119a74daf41bf279d2a3b941fb03feff77657e4","final_refit","planned_not_uploaded","blocked_by_nonportable_model_and_data_interfaces"
"unified_rerun_v1","v1_0210_m5_20151207_nlinear_s47","M5","nlinear","2015-12-07","47","checkpoint_final.pt","<local-archive>/统一重跑实验_20260826/outputs/full_unified_run_v1/stage2/v1_0210_m5_20151207_nlinear_s47/checkpoint_final.pt","unified_rerun_v1_checkpoints_m5.zip","ba62ce4d023d0fa115557883caa0fa5258cd3ff1c2e619320040ed95da5d2fc3","49504","8b8a933f13fec89cbaecb5aca3ea9f2e21a0db4c66cf36824f49ea2daa33e7d2","b5502074bd3a55413348156646f6ee2bd851c7a701f7354072dcd8ab1e95d165","e7d2cce89720ec730958417f46cbd0a79de048f4fa066ec68b55ae2087ec4147","not_recovered","24f14f88e9945d2a7fb67744b119a74daf41bf279d2a3b941fb03feff77657e4","final_refit","planned_not_uploaded","blocked_by_nonportable_model_and_data_interfaces"
"unified_rerun_v1","v1_0211_m5_20160104_nlinear_s13","M5","nlinear","2016-01-04","13","checkpoint_final.pt","<local-archive>/统一重跑实验_20260826/outputs/full_unified_run_v1/stage2/v1_0211_m5_20160104_nlinear_s13/checkpoint_final.pt","unified_rerun_v1_checkpoints_m5.zip","f086c9def85324bac8d62582e67908528070d7438789974d79e51a10e1a53236","49632","daf274ca06b43eba7fd4f8a1ba4fda618029118fc0d73d0991688161496406cb","2503fcf6f5c993ca4dd040606544245fad8f03dc42dfd556ceadb8d410c6fee9","2371817cdc7729f29d9280591e5236153aa5c8f68d5f70a9102452192af594de","not_recovered","f363d22b50ee5ecf935d764748129bbf4e83b2417ab50854a465cae0c12fccbf","final_refit","planned_not_uploaded","blocked_by_nonportable_model_and_data_interfaces"
"unified_rerun_v1","v1_0212_m5_20160104_nlinear_s29","M5","nlinear","2016-01-04","29","checkpoint_final.pt","<local-archive>/统一重跑实验_20260826/outputs/full_unified_run_v1/stage2/v1_0212_m5_20160104_nlinear_s29/checkpoint_final.pt","unified_rerun_v1_checkpoints_m5.zip","bd8f8f83996c228a8ff3b75ad01ccb034737bb119e2a884e8fbdcef46f581fe9","49568","95f5660d91a74af0952e71d75f22beb58ab51790b20c132edd375f1b0169714b","9b213c8f6e60b8a6779293b887716d32113d7d068c3cf1c0750cd334f1616234","1775aa1475bdecd9a24531a6832accd49bce0d1a55c7d3061763342a15bd9fdb","not_recovered","f363d22b50ee5ecf935d764748129bbf4e83b2417ab50854a465cae0c12fccbf","final_refit","planned_not_uploaded","blocked_by_nonportable_model_and_data_interfaces"
"unified_rerun_v1","v1_0213_m5_20160104_nlinear_s47","M5","nlinear","2016-01-04","47","checkpoint_final.pt","<local-archive>/统一重跑实验_20260826/outputs/full_unified_run_v1/stage2/v1_0213_m5_20160104_nlinear_s47/checkpoint_final.pt","unified_rerun_v1_checkpoints_m5.zip","389a66506259bee766b87ed61e0d661502862cc448ff54c6a1e4ac6c46424a52","49376","968f93ea55ce8b62b78e86e992a3e798b51aedce117e200a63aff2fee2c6f0ed","5a08f46e7dfd25b811c406a9db6e5e9c1ade38b91d8028baa35ca893ebf6887c","4cd41cedf4fa29a6001b3aed262bb03887db919fcb0f53ad0b155caf88621485","not_recovered","f363d22b50ee5ecf935d764748129bbf4e83b2417ab50854a465cae0c12fccbf","final_refit","planned_not_uploaded","blocked_by_nonportable_model_and_data_interfaces"
"unified_rerun_v1","v1_0214_m5_20160201_nlinear_s13","M5","nlinear","2016-02-01","13","checkpoint_final.pt","<local-archive>/统一重跑实验_20260826/outputs/full_unified_run_v1/stage2/v1_0214_m5_20160201_nlinear_s13/checkpoint_final.pt","unified_rerun_v1_checkpoints_m5.zip","9e9bd08348af17fb738f3a0f68d2bec7e35ed6559f5520dd45069c3da96b274e","49632","ffe9c7191a7e2d18d7678d71bb3eaaa2da16bd3e0b698d8aa2c220ffc647f97a","5cefc714576d98d4178873a91b98822c04fb1019223a1318097ff01abb22d599","d221ca50c93141a877018f0e35b02073171d5cea3a248ef03f7550902bae28a6","not_recovered","84ec5e1a462241b724bdb52169726ffe86647b20efbad04d01b949a8b9fc2a01","final_refit","planned_not_uploaded","blocked_by_nonportable_model_and_data_interfaces"
"unified_rerun_v1","v1_0215_m5_20160201_nlinear_s29","M5","nlinear","2016-02-01","29","checkpoint_final.pt","<local-archive>/统一重跑实验_20260826/outputs/full_unified_run_v1/stage2/v1_0215_m5_20160201_nlinear_s29/checkpoint_final.pt","unified_rerun_v1_checkpoints_m5.zip","5d46dab8915550f966ce8365e62bf2d9cb95e5933620419ef948512d3aa3943e","48416","c61d3abc38dea80162a8f97cf1ab95d93c41f4fb60c796034c0fa7fd9f6f70f3","85f46c09cf5cc4297bfbb22acf0cb18f486d04004541def63b5b63368263cafe","575d70b68363950eba7bf39405ce73dfcb446917bb6ee24023b0403fadc24361","not_recovered","84ec5e1a462241b724bdb52169726ffe86647b20efbad04d01b949a8b9fc2a01","final_refit","planned_not_uploaded","blocked_by_nonportable_model_and_data_interfaces"
"unified_rerun_v1","v1_0216_m5_20160201_nlinear_s47","M5","nlinear","2016-02-01","47","checkpoint_final.pt","<local-archive>/统一重跑实验_20260826/outputs/full_unified_run_v1/stage2/v1_0216_m5_20160201_nlinear_s47/checkpoint_final.pt","unified_rerun_v1_checkpoints_m5.zip","6ff85cb2266bec34013ebd931416be433241d6eab89a980abb33f5b3ae681808","49440","219828823373f7367c697befeb6cd56a95f20292a74cb69113f1998455233b59","b7b9e845e732ea07eb197706e3d2818bb9d6de201a6b2968f4d351be55f65164","712c2a5fe06e678499f5cbc18183b58a4d2afd24bb4e26f8c0322aa8517272e3","not_recovered","84ec5e1a462241b724bdb52169726ffe86647b20efbad04d01b949a8b9fc2a01","final_refit","planned_not_uploaded","blocked_by_nonportable_model_and_data_interfaces"
"unified_rerun_v1","v1_0235_m5_20151207_patchtst_s13","M5","patchtst","2015-12-07","13","checkpoint_final.pt","<local-archive>/统一重跑实验_20260826/outputs/full_unified_run_v1/stage2/v1_0235_m5_20151207_patchtst_s13/checkpoint_final.pt","unified_rerun_v1_checkpoints_m5.zip","2af8d4114dcef54d15d0686ebbdab01db2ba21656b3d8035ee90c3cb3a17af5b","1201418","a5f7f9deac760a5f01bff7ea9df23f5b8d6b547eb502e58b3f5eca25fef063cd","66f47e39a96bd82a33ee1d791ce1e1559d81862ddbc219ef4eb4b25cfdaccd43","3ea522b0aa2a489d15a3abf7776742bd348c805e9dbf7482280da18170c2559e","not_recovered","24f14f88e9945d2a7fb67744b119a74daf41bf279d2a3b941fb03feff77657e4","final_refit","planned_not_uploaded","blocked_by_nonportable_model_and_data_interfaces"
"unified_rerun_v1","v1_0236_m5_20151207_patchtst_s29","M5","patchtst","2015-12-07","29","checkpoint_final.pt","<local-archive>/统一重跑实验_20260826/outputs/full_unified_run_v1/stage2/v1_0236_m5_20151207_patchtst_s29/checkpoint_final.pt","unified_rerun_v1_checkpoints_m5.zip","3593aa230e7d3575194600e4fed62d2b22ca1495176046e8850d851e899afc5b","1201866","5edd3f5c389e242d3a3d949a3f860cda4dc3a6ccbb5b5a0070b24d0a337e0050","8695f26f866ac8861297c0adbc40c6d54a37fc989b88cc768bd0f28079047ae9","e76ccad0ef88456896d07db28444290c34c61ec7c7cbc3668c6d36cd250ffc56","not_recovered","24f14f88e9945d2a7fb67744b119a74daf41bf279d2a3b941fb03feff77657e4","final_refit","planned_not_uploaded","blocked_by_nonportable_model_and_data_interfaces"
"unified_rerun_v1","v1_0237_m5_20151207_patchtst_s47","M5","patchtst","2015-12-07","47","checkpoint_final.pt","<local-archive>/统一重跑实验_20260826/outputs/full_unified_run_v1/stage2/v1_0237_m5_20151207_patchtst_s47/checkpoint_final.pt","unified_rerun_v1_checkpoints_m5.zip","68e90c03ed307b7903e56d13fd92278ce87f6fd475b4de3918039a5fbb11f89f","1201482","ba2bd288dd15217cce6d01d67a40f42a679b2655aa9f61794454709bd769e92d","024bc7005ed52ae077240e15f93f308a02189f01fbd6f7c487cc51cb519782a1","bde08645c509900655e990311ac0b331def4632083ebcc772da86f99f213c269","not_recovered","24f14f88e9945d2a7fb67744b119a74daf41bf279d2a3b941fb03feff77657e4","final_refit","planned_not_uploaded","blocked_by_nonportable_model_and_data_interfaces"
"unified_rerun_v1","v1_0238_m5_20160104_patchtst_s13","M5","patchtst","2016-01-04","13","checkpoint_final.pt","<local-archive>/统一重跑实验_20260826/outputs/full_unified_run_v1/stage2/v1_0238_m5_20160104_patchtst_s13/checkpoint_final.pt","unified_rerun_v1_checkpoints_m5.zip","ae3cbad5f2c5631ad73c1601d44030069a2d6507815c588b39d633c35f559e58","1201866","8b0daa9624bbd57e3a377ffae04c67b97f8a63c82186b6d11ac7c64ec2b0859a","e5cfe8148d7348547aa576a87b1b4c8296977fc7ab81c203a118f267e908d295","fc5ae0e098f8550d3158aa9a4499399707f1785ccf1e69516af2ac5bb9f67b58","not_recovered","f363d22b50ee5ecf935d764748129bbf4e83b2417ab50854a465cae0c12fccbf","final_refit","planned_not_uploaded","blocked_by_nonportable_model_and_data_interfaces"
"unified_rerun_v1","v1_0239_m5_20160104_patchtst_s29","M5","patchtst","2016-01-04","29","checkpoint_final.pt","<local-archive>/统一重跑实验_20260826/outputs/full_unified_run_v1/stage2/v1_0239_m5_20160104_patchtst_s29/checkpoint_final.pt","unified_rerun_v1_checkpoints_m5.zip","32b7ea694ed5c7e029c1f1e1a9d68b1c36ad587db554592cb415f9e764392a47","1202058","69a9189d75bcc83d3fab67fe7fa68967838ff67434cd91f754fa3f3c0d004da0","bea8a01d4b6ad7d0342c80ac262aa8f2cc842272ff6d0294ca32acf2953e7c13","0042db1e94281810fe55043e62263aaf4defd2ce0898cf5ee677db327b576533","not_recovered","f363d22b50ee5ecf935d764748129bbf4e83b2417ab50854a465cae0c12fccbf","final_refit","planned_not_uploaded","blocked_by_nonportable_model_and_data_interfaces"
"unified_rerun_v1","v1_0240_m5_20160104_patchtst_s47","M5","patchtst","2016-01-04","47","checkpoint_final.pt","<local-archive>/统一重跑实验_20260826/outputs/full_unified_run_v1/stage2/v1_0240_m5_20160104_patchtst_s47/checkpoint_final.pt","unified_rerun_v1_checkpoints_m5.zip","0a24c56f0334b522da5bf370327f9f22c0adf204724086bdfb3aed25c834d72b","1202122","9e756dc59736766317d777d89520330cd0b7e52955a74b7cd08e610293f5b7a3","42380d3bdba86324d72fb307cd47224ae37be8f92adc84f00d4dbfb6fedc6fc5","819804adecbba77369fca8b508f2da8c0d9e775b182272de335427c0e93cdea3","not_recovered","f363d22b50ee5ecf935d764748129bbf4e83b2417ab50854a465cae0c12fccbf","final_refit","planned_not_uploaded","blocked_by_nonportable_model_and_data_interfaces"
"unified_rerun_v1","v1_0241_m5_20160201_patchtst_s13","M5","patchtst","2016-02-01","13","checkpoint_final.pt","<local-archive>/统一重跑实验_20260826/outputs/full_unified_run_v1/stage2/v1_0241_m5_20160201_patchtst_s13/checkpoint_final.pt","unified_rerun_v1_checkpoints_m5.zip","003fdea3fe11041fecfbee05f6fd8d72fa5b86dec1f0a13c54d0b71560e7776f","1201290","dc4bdffe618b00ee10380b69085918d0d3b4a2eca6fdd701afa5808c2e5c02f8","e0d62fc863cc831f09d20b7d6300a4b548e3d08f3a1ada9547107343a7c30736","6ccae5ee068d736c65ca666624b9d9ab83fc1742e07ab241a15b2495c3c42a40","not_recovered","84ec5e1a462241b724bdb52169726ffe86647b20efbad04d01b949a8b9fc2a01","final_refit","planned_not_uploaded","blocked_by_nonportable_model_and_data_interfaces"
"unified_rerun_v1","v1_0242_m5_20160201_patchtst_s29","M5","patchtst","2016-02-01","29","checkpoint_final.pt","<local-archive>/统一重跑实验_20260826/outputs/full_unified_run_v1/stage2/v1_0242_m5_20160201_patchtst_s29/checkpoint_final.pt","unified_rerun_v1_checkpoints_m5.zip","d1a9bd26688864cc7e659ec5c1b4885ef3abbef53df0ec5becb6f4e61677e36e","1201546","459b9bcb13b7850c2dbf7f98c324da83a54ae893c82a39fa659b02b26d0a0972","e39fe6e93d76cd55c6c35800be54b8cd09d39069d9bc61ebfc7816da3388eb81","76d9eefa4e68fc54cc620d0a4f5f87afca7cac94073f7ad47c15ce6e9aaffb6e","not_recovered","84ec5e1a462241b724bdb52169726ffe86647b20efbad04d01b949a8b9fc2a01","final_refit","planned_not_uploaded","blocked_by_nonportable_model_and_data_interfaces"
"unified_rerun_v1","v1_0243_m5_20160201_patchtst_s47","M5","patchtst","2016-02-01","47","checkpoint_final.pt","<local-archive>/统一重跑实验_20260826/outputs/full_unified_run_v1/stage2/v1_0243_m5_20160201_patchtst_s47/checkpoint_final.pt","unified_rerun_v1_checkpoints_m5.zip","d6d20024fe71f5976d4f8d83d09452e61d352cc8bd1eaa08a387f9483b915a91","1201098","dde10f95bb45b102470dbbf7fbd41816a2af30e5f978b06f579a2e1568950623","485743129bff7fda9fa6700307f05b905b6c7746fac02e50d5b86993aa9f4c42","49440376788f8ccdabe8b1ea129efeffed88525ae3c349b085b4ef2d57543e7f","not_recovered","84ec5e1a462241b724bdb52169726ffe86647b20efbad04d01b949a8b9fc2a01","final_refit","planned_not_uploaded","blocked_by_nonportable_model_and_data_interfaces"
"unified_rerun_v1","v1_0001_m5_20151207_seasonal_naive_s13","M5","seasonal_naive","2015-12-07","13","checkpoint_final.pt","<local-archive>/统一重跑实验_20260826/outputs/full_unified_run_v1/stage2/v1_0001_m5_20151207_seasonal_naive_s13/checkpoint_final.pt","unified_rerun_v1_checkpoints_m5.zip","01770bd196d5f2fb132da0bf92d92f7a48aa321a25b04a34e70d9fc25579b542","1568","ff8dbe65f7c396030ccc6123668af511104e51315fa16e399b69190b385aa4fe","82a42b461c4632a166039dbc87b1e91251272740cf39840e0b1968865779bf83","6e20d02fa991390dc0aec25d202875541d936f9c045818533ff81af302bd99dd","not_recovered","24f14f88e9945d2a7fb67744b119a74daf41bf279d2a3b941fb03feff77657e4","final_refit","planned_not_uploaded","blocked_by_nonportable_model_and_data_interfaces"
"unified_rerun_v1","v1_0002_m5_20160104_seasonal_naive_s13","M5","seasonal_naive","2016-01-04","13","checkpoint_final.pt","<local-archive>/统一重跑实验_20260826/outputs/full_unified_run_v1/stage2/v1_0002_m5_20160104_seasonal_naive_s13/checkpoint_final.pt","unified_rerun_v1_checkpoints_m5.zip","1e17c4e82cc243fd11d66f9344a2f8e6e213f0b5cb79db8635360c8028304def","1568","7a1fc715ebf6ec8bba30c84cfa55372a93727a625cbd05e5ffc1d06c9467e065","0e745a7f5b01d09e1ba50a1a9efe8d0b4c3bafbe1f414a385b844d674162555c","5f36ff5428628ba44aa66fe43c4f5e82b3edbf24a2800666983b2046245162aa","not_recovered","f363d22b50ee5ecf935d764748129bbf4e83b2417ab50854a465cae0c12fccbf","final_refit","planned_not_uploaded","blocked_by_nonportable_model_and_data_interfaces"
"unified_rerun_v1","v1_0003_m5_20160201_seasonal_naive_s13","M5","seasonal_naive","2016-02-01","13","checkpoint_final.pt","<local-archive>/统一重跑实验_20260826/outputs/full_unified_run_v1/stage2/v1_0003_m5_20160201_seasonal_naive_s13/checkpoint_final.pt","unified_rerun_v1_checkpoints_m5.zip","b209a2fedba398503100f90711cefe936578985bcb768b1a3656f4bb896315c4","1568","f2f7d40ff209d58fda8cda21538579ecab0eff2ea773046dadd846e50b2419fa","a88a88760e03bdeda99f3ec8a46a5216f3eb05f904650808434bb100d93e852d","2771a025113f0fa83e70aa3788eef2dbd77fbb7595d3d5cae6dd9159f13a7def","not_recovered","84ec5e1a462241b724bdb52169726ffe86647b20efbad04d01b949a8b9fc2a01","final_refit","planned_not_uploaded","blocked_by_nonportable_model_and_data_interfaces"
"unified_rerun_v1","v1_0604_m5_20151207_semantic_knn_tcn_s13","M5","semantic_knn_tcn","2015-12-07","13","checkpoint_final.pt","<local-archive>/统一重跑实验_20260826/outputs/full_unified_run_v1/stage1/v1_0604_m5_20151207_semantic_knn_tcn_s13/checkpoint_final.pt","unified_rerun_v1_checkpoints_m5.zip","f67d60efd91d73f4ffe9a3cf5896ee0fadddab48d092c3c80756a1ca26cd16c0","656008","c2b54a0154df27bd11af352ae22d426037f77b41b4f630fc7bd9736676b69aeb","13bbd0783324ce85b39cae07cb5771f177e71b990393b99f044442775374d2db","bf2b27b248d7c3e0b01bae3f394119765f2052a6cb075702220ac85305472fa8","not_recovered","24f14f88e9945d2a7fb67744b119a74daf41bf279d2a3b941fb03feff77657e4","final_refit","planned_not_uploaded","blocked_by_nonportable_model_and_data_interfaces"
"unified_rerun_v1","v1_0605_m5_20151207_semantic_knn_tcn_s29","M5","semantic_knn_tcn","2015-12-07","29","checkpoint_final.pt","<local-archive>/统一重跑实验_20260826/outputs/full_unified_run_v1/stage1/v1_0605_m5_20151207_semantic_knn_tcn_s29/checkpoint_final.pt","unified_rerun_v1_checkpoints_m5.zip","15fd6e82016924040c4782a4e7c9a3dafc9d097a8fae9fd0776a21f6804bc4a1","656136","1aee62f0359927045a1d7aea048c8a245c4f8bfa4bbd1d94b289edb7ff2064e2","58d398613fd4333cfa73290d65e11d59941fcf664364e7ddc3cd36e59444e9e0","ac0a0f9bd3d7f106e4432224c93424fa6c795f9b442ce95411f555643e1680ca","not_recovered","24f14f88e9945d2a7fb67744b119a74daf41bf279d2a3b941fb03feff77657e4","final_refit","planned_not_uploaded","blocked_by_nonportable_model_and_data_interfaces"
"unified_rerun_v1","v1_0606_m5_20151207_semantic_knn_tcn_s47","M5","semantic_knn_tcn","2015-12-07","47","checkpoint_final.pt","<local-archive>/统一重跑实验_20260826/outputs/full_unified_run_v1/stage1/v1_0606_m5_20151207_semantic_knn_tcn_s47/checkpoint_final.pt","unified_rerun_v1_checkpoints_m5.zip","7a536c187060d18ab6bd54f9106be1916adc6209a173a759f4acc51b760b57e2","656136","bb5ebe3321854dad57f91232ca62c5dd25c48a4a585e5afaa56d913ff5fd48b5","f5ffcee5da85c7256d2fb20eb0a6404e3f85f11d36032cb4b22239f98deadb0e","3a2ab46bdefa75cbb0803616a78d758f5c2f686c8b33f47f566ecfad140e3c2c","not_recovered","24f14f88e9945d2a7fb67744b119a74daf41bf279d2a3b941fb03feff77657e4","final_refit","planned_not_uploaded","blocked_by_nonportable_model_and_data_interfaces"
"unified_rerun_v1","v1_0607_m5_20160104_semantic_knn_tcn_s13","M5","semantic_knn_tcn","2016-01-04","13","checkpoint_final.pt","<local-archive>/统一重跑实验_20260826/outputs/full_unified_run_v1/stage1/v1_0607_m5_20160104_semantic_knn_tcn_s13/checkpoint_final.pt","unified_rerun_v1_checkpoints_m5.zip","a75bf10fa67f16ad2d79dde8f5d2419528e9f97a7dcfac77b97dd1a75fc8c527","656392","9756ac08cd86d4de67d8568a83baccb5d18a775d68737157b68b970cce4916c7","f2ba5f8bac054d2233e1ff4e1333e859d034385fa2acc3640618e9b81c48a95b","849c700c47b23ca3beaf41b8586a25e9ed6c9071254ae9b22cc07c38c126535e","not_recovered","f363d22b50ee5ecf935d764748129bbf4e83b2417ab50854a465cae0c12fccbf","final_refit","planned_not_uploaded","blocked_by_nonportable_model_and_data_interfaces"
"unified_rerun_v1","v1_0608_m5_20160104_semantic_knn_tcn_s29","M5","semantic_knn_tcn","2016-01-04","29","checkpoint_final.pt","<local-archive>/统一重跑实验_20260826/outputs/full_unified_run_v1/stage1/v1_0608_m5_20160104_semantic_knn_tcn_s29/checkpoint_final.pt","unified_rerun_v1_checkpoints_m5.zip","961fbf681f5375092bc801d3a09bb4a293e864b52a027ddcee2942f0c333b000","655368","5d622c43cc87f6a761ed438cc9816410eb06997453f078abd2dbfdc0b5baa79f","9757f699c7462085c36edad054ffd01f560bcb72ce489e8d8b9dd4e30e598d90","1ddec69fd060b1c42fdd27350b604b0c15e9c700d46924859d22e7874b71a924","not_recovered","f363d22b50ee5ecf935d764748129bbf4e83b2417ab50854a465cae0c12fccbf","final_refit","planned_not_uploaded","blocked_by_nonportable_model_and_data_interfaces"
"unified_rerun_v1","v1_0609_m5_20160104_semantic_knn_tcn_s47","M5","semantic_knn_tcn","2016-01-04","47","checkpoint_final.pt","<local-archive>/统一重跑实验_20260826/outputs/full_unified_run_v1/stage1/v1_0609_m5_20160104_semantic_knn_tcn_s47/checkpoint_final.pt","unified_rerun_v1_checkpoints_m5.zip","67ac1ffa44b285f5269e31f6c23dfbfd9c7fca83f7f7c9f4a625aa7066ab7c6a","654984","8c131c33adc45aa0694803e12f38aa7fb31e8b221d90d6042bf3bcb4d237abba","57637cf1efc92f71bce67dd64b0b7f22f1f57ef8aef6aff0521df2bedbb8a8d3","f406b957cddd0ab3ccbef978d1a1b708a23e21f0ac7afb9548520e544b4c2ff0","not_recovered","f363d22b50ee5ecf935d764748129bbf4e83b2417ab50854a465cae0c12fccbf","final_refit","planned_not_uploaded","blocked_by_nonportable_model_and_data_interfaces"
"unified_rerun_v1","v1_0610_m5_20160201_semantic_knn_tcn_s13","M5","semantic_knn_tcn","2016-02-01","13","checkpoint_final.pt","<local-archive>/统一重跑实验_20260826/outputs/full_unified_run_v1/stage1/v1_0610_m5_20160201_semantic_knn_tcn_s13/checkpoint_final.pt","unified_rerun_v1_checkpoints_m5.zip","84a285a43398089e77653e3b299decff1ce2fcde41a9e51f6c609f0a4cdce9a4","655304","60b10e7dc53e58d9f2a5c7849a98ddac3eaadccd847b5a8619dddd786b20bd7e","10a17f58e4633a74ff86086d21d3adfb78dcfd4f46e7a52e38eb3f4565483380","452758388469d3d7ccc050e724a6bcec841218fb5684f15549f500f5b19a8443","not_recovered","84ec5e1a462241b724bdb52169726ffe86647b20efbad04d01b949a8b9fc2a01","final_refit","planned_not_uploaded","blocked_by_nonportable_model_and_data_interfaces"
"unified_rerun_v1","v1_0611_m5_20160201_semantic_knn_tcn_s29","M5","semantic_knn_tcn","2016-02-01","29","checkpoint_final.pt","<local-archive>/统一重跑实验_20260826/outputs/full_unified_run_v1/stage1/v1_0611_m5_20160201_semantic_knn_tcn_s29/checkpoint_final.pt","unified_rerun_v1_checkpoints_m5.zip","09c6b06a879fd78a59319508f541f835755cba53c4304b8a38d4a7ea4e09f68c","655368","a5c2e6e3123a1c39bbdf08f19121be623c25078eb707e0bfe5bd6138dd4511e9","c93f08dc28f35c80bbce3ef903dda0c47166cd032253d9bb756b2faab813ad80","76433bc91d4a551b7d513b5ef7435c1bc9eb5fbef09b6f53a604752e2be12e19","not_recovered","84ec5e1a462241b724bdb52169726ffe86647b20efbad04d01b949a8b9fc2a01","final_refit","planned_not_uploaded","blocked_by_nonportable_model_and_data_interfaces"
"unified_rerun_v1","v1_0612_m5_20160201_semantic_knn_tcn_s47","M5","semantic_knn_tcn","2016-02-01","47","checkpoint_final.pt","<local-archive>/统一重跑实验_20260826/outputs/full_unified_run_v1/stage1/v1_0612_m5_20160201_semantic_knn_tcn_s47/checkpoint_final.pt","unified_rerun_v1_checkpoints_m5.zip","59441ce3ee4a155a5a62627d3f60c68b7392c8e4f93c5b61b27881384f661ae7","655880","885a9825838ed3700d910c84fcc097f00dcd4bcce5f6c64517ba7be956308978","8aedf0d6b1c8354613a3cbc8b70841b228cbb455ff48bfec3443233b9c6d2d70","eaeba0932bfe1146396d41f5a990f13088efd89febe75b4011808d24eacd4e50","not_recovered","84ec5e1a462241b724bdb52169726ffe86647b20efbad04d01b949a8b9fc2a01","final_refit","planned_not_uploaded","blocked_by_nonportable_model_and_data_interfaces"
"unified_rerun_v1","v1_0622_m5_20151207_semantic_placebo_tcn_s13","M5","semantic_placebo_tcn","2015-12-07","13","checkpoint_final.pt","<local-archive>/统一重跑实验_20260826/outputs/full_unified_run_v1/stage1/v1_0622_m5_20151207_semantic_placebo_tcn_s13/checkpoint_final.pt","unified_rerun_v1_checkpoints_m5.zip","3452ee6b987a23f08cafbbd950350f3b8426798ca947867881c6c8544e4061bd","656456","5087cc1a95da5db9cebc7454d3f8399573da9324f039d9cb990cf32b26f9f76d","62c4bcb3c6164dab7b469b0240584d5362d2523b6a9adbbab01012ac417679da","2df67f1023f87ab6664eb182dda2dd3cf101367ea090584ca94d9436fe34c1ef","not_recovered","24f14f88e9945d2a7fb67744b119a74daf41bf279d2a3b941fb03feff77657e4","final_refit","planned_not_uploaded","blocked_by_nonportable_model_and_data_interfaces"
"unified_rerun_v1","v1_0623_m5_20151207_semantic_placebo_tcn_s29","M5","semantic_placebo_tcn","2015-12-07","29","checkpoint_final.pt","<local-archive>/统一重跑实验_20260826/outputs/full_unified_run_v1/stage1/v1_0623_m5_20151207_semantic_placebo_tcn_s29/checkpoint_final.pt","unified_rerun_v1_checkpoints_m5.zip","ee075bbff30932a2a6f546f6fd66f2b6a2103a1b372f4d9bbd943b596934145b","655752","47f8024df1c1445f438ee2fed41286e596c9a814a7991e786792205de43928c8","23da4feefcfb0d81764d94ee3ef6d8259ce16e1535fc243e367252d810bf8b82","d4daa784b2c32ce6d7e5612026ae8fefb88bb63bde739fd9e987e586096a4652","not_recovered","24f14f88e9945d2a7fb67744b119a74daf41bf279d2a3b941fb03feff77657e4","final_refit","planned_not_uploaded","blocked_by_nonportable_model_and_data_interfaces"
"unified_rerun_v1","v1_0624_m5_20151207_semantic_placebo_tcn_s47","M5","semantic_placebo_tcn","2015-12-07","47","checkpoint_final.pt","<local-archive>/统一重跑实验_20260826/outputs/full_unified_run_v1/stage1/v1_0624_m5_20151207_semantic_placebo_tcn_s47/checkpoint_final.pt","unified_rerun_v1_checkpoints_m5.zip","1f2f90cfbd302e625094e69d16d83907ae44a46509425fb7f5a2af0c4ad040d6","655304","0a8ce5f4ec4a9be24084b7b6eea5be6f8175360a7b263a8b3a6d0e5b6fb1566a","ef245fa07f54e094acbfd788620ad4d0167dc826baf4e029a45fc34a9d7a7542","286620cb6ecddf9242c808943fab7108407fb3877507374d18f339544de382b1","not_recovered","24f14f88e9945d2a7fb67744b119a74daf41bf279d2a3b941fb03feff77657e4","final_refit","planned_not_uploaded","blocked_by_nonportable_model_and_data_interfaces"
"unified_rerun_v1","v1_0625_m5_20160104_semantic_placebo_tcn_s13","M5","semantic_placebo_tcn","2016-01-04","13","checkpoint_final.pt","<local-archive>/统一重跑实验_20260826/outputs/full_unified_run_v1/stage1/v1_0625_m5_20160104_semantic_placebo_tcn_s13/checkpoint_final.pt","unified_rerun_v1_checkpoints_m5.zip","0ac5f8f0bfb907281ac58e2d28157d91c099d02f4391efbc30de8af4a772b91b","654984","e70b290c38ae23f8e80ec8ab383683beabb39d59cfac3fb29699342fd6c9a804","d7177204bdb0fdcf715c4b31d10d16f70d7f83dba41a9de95c37680d49915b48","3b502c936bc7708653309a23529368f40339532270f1a33f08a1437708a35bc9","not_recovered","f363d22b50ee5ecf935d764748129bbf4e83b2417ab50854a465cae0c12fccbf","final_refit","planned_not_uploaded","blocked_by_nonportable_model_and_data_interfaces"
"unified_rerun_v1","v1_0626_m5_20160104_semantic_placebo_tcn_s29","M5","semantic_placebo_tcn","2016-01-04","29","checkpoint_final.pt","<local-archive>/统一重跑实验_20260826/outputs/full_unified_run_v1/stage1/v1_0626_m5_20160104_semantic_placebo_tcn_s29/checkpoint_final.pt","unified_rerun_v1_checkpoints_m5.zip","0b4a4fcaf7f438ae7e1300389eca68615808cf87c9aa79e47240599177c95551","655304","5fed5a29f855f4fbee841bcafad28f75cd63f71a50cd35239f3bfa412d9c2b79","69fb48d62eacff111603254cfe370cd956f25e85dcafcd25ba9df1ba216e2292","7cb093b9bb33eb69c25e0bdaf3b84353d97f5064b36e241ab692efe1fa18ac09","not_recovered","f363d22b50ee5ecf935d764748129bbf4e83b2417ab50854a465cae0c12fccbf","final_refit","planned_not_uploaded","blocked_by_nonportable_model_and_data_interfaces"
"unified_rerun_v1","v1_0627_m5_20160104_semantic_placebo_tcn_s47","M5","semantic_placebo_tcn","2016-01-04","47","checkpoint_final.pt","<local-archive>/统一重跑实验_20260826/outputs/full_unified_run_v1/stage1/v1_0627_m5_20160104_semantic_placebo_tcn_s47/checkpoint_final.pt","unified_rerun_v1_checkpoints_m5.zip","2c2f7a90c10a4686dd1c861e1bfa69ff37970ead1cdcb467eff429465b8db123","654984","224e6f3c561cda7430a0864635ab8184ae06d87013e03c4cf956e861321a32c6","f749c8363717db214f0d82c416e53785753ab6b2f4645c158e3ed105ae2d7a23","5cd2aad2439bbedfdc381afa82d4031a5396788788e05a53f6574a86d5471315","not_recovered","f363d22b50ee5ecf935d764748129bbf4e83b2417ab50854a465cae0c12fccbf","final_refit","planned_not_uploaded","blocked_by_nonportable_model_and_data_interfaces"
"unified_rerun_v1","v1_0628_m5_20160201_semantic_placebo_tcn_s13","M5","semantic_placebo_tcn","2016-02-01","13","checkpoint_final.pt","<local-archive>/统一重跑实验_20260826/outputs/full_unified_run_v1/stage1/v1_0628_m5_20160201_semantic_placebo_tcn_s13/checkpoint_final.pt","unified_rerun_v1_checkpoints_m5.zip","6052b1e101fe5e3bc48f5196016a14ef997941fe43293910509d55afea19fe9a","655304","ecc9f0a1c68291caba43ac631b33a8d38e0cd6789458ffe86c922ed7bbe1558c","51cfeb2398b9452adcf61da05f966d09c7dd807194e221e43e5e87efec538490","fdd9db00d9b05fa7644050000d5dbbbfd87c6205079a5838d0ac0c48b1d96496","not_recovered","84ec5e1a462241b724bdb52169726ffe86647b20efbad04d01b949a8b9fc2a01","final_refit","planned_not_uploaded","blocked_by_nonportable_model_and_data_interfaces"
"unified_rerun_v1","v1_0629_m5_20160201_semantic_placebo_tcn_s29","M5","semantic_placebo_tcn","2016-02-01","29","checkpoint_final.pt","<local-archive>/统一重跑实验_20260826/outputs/full_unified_run_v1/stage1/v1_0629_m5_20160201_semantic_placebo_tcn_s29/checkpoint_final.pt","unified_rerun_v1_checkpoints_m5.zip","65912369c1439f359cfb283890d8c6d5c9a8d4e6ee28f90daf420f90ff349457","656072","a0eec844f6b765bbe48c6d66704cc74d4548563e5fb2b13796e04ca9ccbf5f1e","4b558fb5b5162a9e1ac1a9ee53f348e0e0cf4d020bb512b0f4a62e30f2fc7c84","bb9ae71953e09c6240fd05de36fa702e4fc92498ed1fda143a2ed1d0437187a9","not_recovered","84ec5e1a462241b724bdb52169726ffe86647b20efbad04d01b949a8b9fc2a01","final_refit","planned_not_uploaded","blocked_by_nonportable_model_and_data_interfaces"
"unified_rerun_v1","v1_0630_m5_20160201_semantic_placebo_tcn_s47","M5","semantic_placebo_tcn","2016-02-01","47","checkpoint_final.pt","<local-archive>/统一重跑实验_20260826/outputs/full_unified_run_v1/stage1/v1_0630_m5_20160201_semantic_placebo_tcn_s47/checkpoint_final.pt","unified_rerun_v1_checkpoints_m5.zip","89858ac75f8a2928f487aeadaeceb3a66b58c036d3853b25317d1b8ec79449b5","655176","1ed971c52d6ab1634ac07892bff01f6d30235e99aa1e2c960471ff2a0f62c88c","e601a4e3ada29c912bdf3df82a9040636e236d87813a15da73ea0fea7ea7bc22","bf8c48e528e9a2da8f6af344cb23d7f416b954b106374c5407027bc61cd072af","not_recovered","84ec5e1a462241b724bdb52169726ffe86647b20efbad04d01b949a8b9fc2a01","final_refit","planned_not_uploaded","blocked_by_nonportable_model_and_data_interfaces"
"unified_rerun_v1","v1_0046_m5_20151207_tcn_business_s13","M5","tcn_business","2015-12-07","13","checkpoint_final.pt","<local-archive>/统一重跑实验_20260826/outputs/full_unified_run_v1/stage2/v1_0046_m5_20151207_tcn_business_s13/checkpoint_final.pt","unified_rerun_v1_checkpoints_m5.zip","46a60d2aabfc6304675d649e940d060d60f44f065048f15ee694750e62c3bff2","558664","9264d61111a839be521e4519d10e6b8af3297bd02f58e5895d3e963bbee47b74","177a74faf81f70f79af1c65757573dcf41fbe5e1383a247ef0aed5e0a4be247f","eed07074b284bd17b90d3abfe4ab8d0843b9cc4f65d72f48c2a4808cd86c9b08","not_recovered","24f14f88e9945d2a7fb67744b119a74daf41bf279d2a3b941fb03feff77657e4","final_refit","planned_not_uploaded","blocked_by_nonportable_model_and_data_interfaces"
"unified_rerun_v1","v1_0047_m5_20151207_tcn_business_s29","M5","tcn_business","2015-12-07","29","checkpoint_final.pt","<local-archive>/统一重跑实验_20260826/outputs/full_unified_run_v1/stage2/v1_0047_m5_20151207_tcn_business_s29/checkpoint_final.pt","unified_rerun_v1_checkpoints_m5.zip","f0828525a118aaff1876d375f4a010ea3b95ee48afc812827219b00debe6672f","558536","acbdca1942b5a71a2d1f4bfa13b0ede7d5a6070e70b6525f14ae57dcab7c1a93","4a3fe4cb72991176d5c58bf985d4116313e5c02addedf5cd988f6f0c0d7481a1","3e7ae9a53969db3acc82d9c339db052c7b3cb3372b2b20473481088a7a344183","not_recovered","24f14f88e9945d2a7fb67744b119a74daf41bf279d2a3b941fb03feff77657e4","final_refit","planned_not_uploaded","blocked_by_nonportable_model_and_data_interfaces"
"unified_rerun_v1","v1_0048_m5_20151207_tcn_business_s47","M5","tcn_business","2015-12-07","47","checkpoint_final.pt","<local-archive>/统一重跑实验_20260826/outputs/full_unified_run_v1/stage2/v1_0048_m5_20151207_tcn_business_s47/checkpoint_final.pt","unified_rerun_v1_checkpoints_m5.zip","de1b3809d15c3651a9441c1cf3c101800e3444ee606265d5bb52641f3d203acf","558280","7d34f43294b87187dad7418f7f8db12f8b65404a600d642a2e2e7ed6332225e2","7ae666d64dc1157d56117a479b4d3ce5752ba28f8d84429577493a077073621d","99478c890329ca53f8c1594eb03387f90871ec6444b0d2a2e60344d5e8786bc9","not_recovered","24f14f88e9945d2a7fb67744b119a74daf41bf279d2a3b941fb03feff77657e4","final_refit","planned_not_uploaded","blocked_by_nonportable_model_and_data_interfaces"
"unified_rerun_v1","v1_0049_m5_20160104_tcn_business_s13","M5","tcn_business","2016-01-04","13","checkpoint_final.pt","<local-archive>/统一重跑实验_20260826/outputs/full_unified_run_v1/stage2/v1_0049_m5_20160104_tcn_business_s13/checkpoint_final.pt","unified_rerun_v1_checkpoints_m5.zip","405c86617ec35bbcabba97139f80fdbe462b6412ddc37320ff90f154e310e709","558536","979308dc166f658ad6e68f35b45eba2151d16a1ccc7d530eb70f2be66dc98a60","fdf85035754d2d646e6ed0f7ff2bd3099ecef1963aaed82355fbdf4a86c1081d","472135ef56ab1ae83402aaf6244396cdfebfea5b88bcd5869900e8d3fa24693a","not_recovered","f363d22b50ee5ecf935d764748129bbf4e83b2417ab50854a465cae0c12fccbf","final_refit","planned_not_uploaded","blocked_by_nonportable_model_and_data_interfaces"
"unified_rerun_v1","v1_0050_m5_20160104_tcn_business_s29","M5","tcn_business","2016-01-04","29","checkpoint_final.pt","<local-archive>/统一重跑实验_20260826/outputs/full_unified_run_v1/stage2/v1_0050_m5_20160104_tcn_business_s29/checkpoint_final.pt","unified_rerun_v1_checkpoints_m5.zip","2594b48ec78ddcced804a42326c602ea72ea6405e70977ee2e4d338f1664a7e9","558856","9a3a9f34f358d57b3724aacd709f154dd568ff866a83c67505d93e74ce71d1b7","88cb95cb42546aa1d58a7a4e7fbed26c41e867d6fb4c20f201ba765710452588","d885aaab5892c87bc22fdf271ffc96af6abfdec2c0f7f5e6ec3268aded8cc198","not_recovered","f363d22b50ee5ecf935d764748129bbf4e83b2417ab50854a465cae0c12fccbf","final_refit","planned_not_uploaded","blocked_by_nonportable_model_and_data_interfaces"
"unified_rerun_v1","v1_0051_m5_20160104_tcn_business_s47","M5","tcn_business","2016-01-04","47","checkpoint_final.pt","<local-archive>/统一重跑实验_20260826/outputs/full_unified_run_v1/stage2/v1_0051_m5_20160104_tcn_business_s47/checkpoint_final.pt","unified_rerun_v1_checkpoints_m5.zip","19eda22aaac17b97e52a92745f504b2e4f6cab368a73abb0f160a4154c042cdd","558728","a7bd70087f04987891acc3dd47c1ac1209ee8c118f102bc2776409557ba948d6","0dd98747b34dc74c6eec01cc4b8ef0954e8eaf1abde0add8f03ce0283e6d6a7f","17087884a756cdbc9f9bd3f450828b57a99ee30f183a120e1c1b0c43969d812b","not_recovered","f363d22b50ee5ecf935d764748129bbf4e83b2417ab50854a465cae0c12fccbf","final_refit","planned_not_uploaded","blocked_by_nonportable_model_and_data_interfaces"
"unified_rerun_v1","v1_0052_m5_20160201_tcn_business_s13","M5","tcn_business","2016-02-01","13","checkpoint_final.pt","<local-archive>/统一重跑实验_20260826/outputs/full_unified_run_v1/stage2/v1_0052_m5_20160201_tcn_business_s13/checkpoint_final.pt","unified_rerun_v1_checkpoints_m5.zip","a2b2a76a80054ba0a80795225c6e2f72db99d842171d83cebf3647b152291f3a","558792","ef8173c5c6278b3ba66307ace2bd8b6f450f6967f7fea1b6e2d3b99e95f52b19","67853528514c622e33b836c2e9caa4f4a9f611066b4b90fbf2abad40e43629ae","e3a8ed79a6bf1411ec0c9b3565df21c4e4d962782abbb1831883b05eb3684a5e","not_recovered","84ec5e1a462241b724bdb52169726ffe86647b20efbad04d01b949a8b9fc2a01","final_refit","planned_not_uploaded","blocked_by_nonportable_model_and_data_interfaces"
"unified_rerun_v1","v1_0053_m5_20160201_tcn_business_s29","M5","tcn_business","2016-02-01","29","checkpoint_final.pt","<local-archive>/统一重跑实验_20260826/outputs/full_unified_run_v1/stage2/v1_0053_m5_20160201_tcn_business_s29/checkpoint_final.pt","unified_rerun_v1_checkpoints_m5.zip","6c2e0fc08398b7504a4797ded1f23864485dce7750011b22b081073f0006f34c","558920","89645e9fc33312f57a1b47fa587de97977600af40a5c977962814642c8e326e6","a99c398583476b2d19826fcf787c5354b04221805a6fdcad2bc543e302afed73","df1d2e7a3c08b9578d44464a321263bce1954ba3d2e8f6945d721df46d680569","not_recovered","84ec5e1a462241b724bdb52169726ffe86647b20efbad04d01b949a8b9fc2a01","final_refit","planned_not_uploaded","blocked_by_nonportable_model_and_data_interfaces"
"unified_rerun_v1","v1_0054_m5_20160201_tcn_business_s47","M5","tcn_business","2016-02-01","47","checkpoint_final.pt","<local-archive>/统一重跑实验_20260826/outputs/full_unified_run_v1/stage2/v1_0054_m5_20160201_tcn_business_s47/checkpoint_final.pt","unified_rerun_v1_checkpoints_m5.zip","d95a40c3fb9795d7ff57363bb758933b5012aa655b2cf465a00e9fe2ea46a0b8","559048","fdf4114d73ae6770e48d3267fedb2b04cb74d86ba2a05cc0cacc421d358bfdb0","31fda135dcaa22b29a49bdc7d1037b05629a0ab241d369ad71dca02c60139fc7","5be0f9feab1649e66a4f9c7a0781bda0496595cdbbb3b740abb1992de300e569","not_recovered","84ec5e1a462241b724bdb52169726ffe86647b20efbad04d01b949a8b9fc2a01","final_refit","planned_not_uploaded","blocked_by_nonportable_model_and_data_interfaces"
"unified_rerun_v1","v1_0019_m5_20151207_tcn_no_graph_s13","M5","tcn_no_graph","2015-12-07","13","checkpoint_final.pt","<local-archive>/统一重跑实验_20260826/outputs/full_unified_run_v1/stage1/v1_0019_m5_20151207_tcn_no_graph_s13/checkpoint_final.pt","unified_rerun_v1_checkpoints_m5.zip","c32520903c6281559c19df32e0906a69defcd9cce6e2febc9e4d97d7c3f4b4ea","558344","cdb968b853d6c1cf6bd11c79713984737938cbe2ae16b84f38c8cbcf98af15ff","598fd2a612fdcddb3476b88d1192a3abb7010dbb1dd5d69c99e129f3ac54cd51","45e7cddb6c70270de0c51d770f7de6f19c25f6800e12da674f5053e1dfb344df","not_recovered","24f14f88e9945d2a7fb67744b119a74daf41bf279d2a3b941fb03feff77657e4","final_refit","planned_not_uploaded","blocked_by_nonportable_model_and_data_interfaces"
"unified_rerun_v1","v1_0020_m5_20151207_tcn_no_graph_s29","M5","tcn_no_graph","2015-12-07","29","checkpoint_final.pt","<local-archive>/统一重跑实验_20260826/outputs/full_unified_run_v1/stage1/v1_0020_m5_20151207_tcn_no_graph_s29/checkpoint_final.pt","unified_rerun_v1_checkpoints_m5.zip","385f6563b2a25467b3bab87df57c0ad09bb47dfcf21c41e00e04a3a10e10fbc3","559688","9e4e85e40b6cfb4ca10819cc4b501c3824f22aac6a5123d8c7ece91c379838ca","669e0605071eea1afb97a89e4d1fc4eba97d42a922f23b37489a35efba5bb000","d622e22c321f74e3a7fa3ed7a2890a663cc746b21cd798b360d556342cc70e1c","not_recovered","24f14f88e9945d2a7fb67744b119a74daf41bf279d2a3b941fb03feff77657e4","final_refit","planned_not_uploaded","blocked_by_nonportable_model_and_data_interfaces"
"unified_rerun_v1","v1_0021_m5_20151207_tcn_no_graph_s47","M5","tcn_no_graph","2015-12-07","47","checkpoint_final.pt","<local-archive>/统一重跑实验_20260826/outputs/full_unified_run_v1/stage1/v1_0021_m5_20151207_tcn_no_graph_s47/checkpoint_final.pt","unified_rerun_v1_checkpoints_m5.zip","ca609aa876409ab57dbcc7d42fcfabaf5f5c55eaa6873c0d1d8889ca1aa21c5f","559816","563ecc4af29085cb6793928268da032c6810dc32ff6237ec40d1eec39a92dfd3","ecdb0935dbdd253c73a773447b1f781b08daf5ee52c958f3dde03caf610c33fc","9c1c3b85f6e7dc641fc31968d93f5b652878c233fe0c81cdfc9eabb8c8734d2e","not_recovered","24f14f88e9945d2a7fb67744b119a74daf41bf279d2a3b941fb03feff77657e4","final_refit","planned_not_uploaded","blocked_by_nonportable_model_and_data_interfaces"
"unified_rerun_v1","v1_0022_m5_20160104_tcn_no_graph_s13","M5","tcn_no_graph","2016-01-04","13","checkpoint_final.pt","<local-archive>/统一重跑实验_20260826/outputs/full_unified_run_v1/stage1/v1_0022_m5_20160104_tcn_no_graph_s13/checkpoint_final.pt","unified_rerun_v1_checkpoints_m5.zip","f0500db1b3049083519118dc16cd3d54a113c6caaa68af2e490030de19967820","558024","603a115c824452c1a4531a2109917bf95724839126cafd81adc7442738ccdc06","9b79304ef9ba0cfb825fa32266255c052a5aac3e119041755bf90de79c891a60","ed059a423401665a5e9b13a6f7de7f800b4777374f68c67301c529f1d0d22f2d","not_recovered","f363d22b50ee5ecf935d764748129bbf4e83b2417ab50854a465cae0c12fccbf","final_refit","planned_not_uploaded","blocked_by_nonportable_model_and_data_interfaces"
"unified_rerun_v1","v1_0023_m5_20160104_tcn_no_graph_s29","M5","tcn_no_graph","2016-01-04","29","checkpoint_final.pt","<local-archive>/统一重跑实验_20260826/outputs/full_unified_run_v1/stage1/v1_0023_m5_20160104_tcn_no_graph_s29/checkpoint_final.pt","unified_rerun_v1_checkpoints_m5.zip","99300bb5863c87b7ed344d58984fff7dd11fc7e186a727c43e726a17b3b9947a","558984","cb995aa36bcd94cec33f6db784055e65b108bd2bc6d88b0babfad0c27840df84","abf257cae4c17d881188db3e2ca54a2d2597ad5f71bc3f3ba1d73400d975cfd1","1ce9c8a33035750267c2cb934a144e3eb35c86e8b3e47c6c862066ad3e876492","not_recovered","f363d22b50ee5ecf935d764748129bbf4e83b2417ab50854a465cae0c12fccbf","final_refit","planned_not_uploaded","blocked_by_nonportable_model_and_data_interfaces"
"unified_rerun_v1","v1_0024_m5_20160104_tcn_no_graph_s47","M5","tcn_no_graph","2016-01-04","47","checkpoint_final.pt","<local-archive>/统一重跑实验_20260826/outputs/full_unified_run_v1/stage1/v1_0024_m5_20160104_tcn_no_graph_s47/checkpoint_final.pt","unified_rerun_v1_checkpoints_m5.zip","a2d1b3f92cb349670ff58c877d806748662d681d6afc378f091244a6729499b4","558664","f9230f47b3532e4811909a0aaadcf92d2931c4fd33d73099eea58be60c0e596e","7383f66e9984c3e35b303167fe675352356847905cd338c3708a9d1584c4c911","a13720b096be7bafc47bd8e27208f76e69b607d63e08d2f282b9d2bccaaa7762","not_recovered","f363d22b50ee5ecf935d764748129bbf4e83b2417ab50854a465cae0c12fccbf","final_refit","planned_not_uploaded","blocked_by_nonportable_model_and_data_interfaces"
"unified_rerun_v1","v1_0025_m5_20160201_tcn_no_graph_s13","M5","tcn_no_graph","2016-02-01","13","checkpoint_final.pt","<local-archive>/统一重跑实验_20260826/outputs/full_unified_run_v1/stage1/v1_0025_m5_20160201_tcn_no_graph_s13/checkpoint_final.pt","unified_rerun_v1_checkpoints_m5.zip","ae880238e68d29b1280834e3bc5e2334fd09a015f9cee82fc672b896a8a10068","559304","ccd35bfa39d7985a0ae14da977448ce59a0562bb865f69ecf92e4a1a7067a529","6d95b4846d1630dc94f90b4a4f843f575e5bc7fa608e327aa0478db41851b48d","67ef38747882c37672c715b72d67094953466821c16d1784baa7f8e181242cbd","not_recovered","84ec5e1a462241b724bdb52169726ffe86647b20efbad04d01b949a8b9fc2a01","final_refit","planned_not_uploaded","blocked_by_nonportable_model_and_data_interfaces"
"unified_rerun_v1","v1_0026_m5_20160201_tcn_no_graph_s29","M5","tcn_no_graph","2016-02-01","29","checkpoint_final.pt","<local-archive>/统一重跑实验_20260826/outputs/full_unified_run_v1/stage1/v1_0026_m5_20160201_tcn_no_graph_s29/checkpoint_final.pt","unified_rerun_v1_checkpoints_m5.zip","8926c63d54c8cb6737c36a88520440785a42d66497765732b414f5122cee156d","558792","c847aa7b808be69aed1cbd2075bc8f14af88eb6b47e5993025c8bd037c2eb45a","3ffba7917e10fdaf66e1df90a790ec6fa79af2b3f2d92c9421a1aa7e2da3ec32","f1a5ba60b37b01866818c9bbdca565eb01a43744851dac9cabf040d6b46ef40c","not_recovered","84ec5e1a462241b724bdb52169726ffe86647b20efbad04d01b949a8b9fc2a01","final_refit","planned_not_uploaded","blocked_by_nonportable_model_and_data_interfaces"
"unified_rerun_v1","v1_0027_m5_20160201_tcn_no_graph_s47","M5","tcn_no_graph","2016-02-01","47","checkpoint_final.pt","<local-archive>/统一重跑实验_20260826/outputs/full_unified_run_v1/stage1/v1_0027_m5_20160201_tcn_no_graph_s47/checkpoint_final.pt","unified_rerun_v1_checkpoints_m5.zip","084ca52978678cd302541169e72af1cb37edcaab73d84365e0a26d0c0c7a340d","558920","de1bacae7d923adb8357e7090eb86e40ec3a4b4933d083390f27a96308535b45","240e9c7a6ac274ae84b456390b3b3bf4ef2fe2c92f46e65040309e1782370811","b608e1d40bb6f5d1823ed182df706cab9b7a77a71874e0b6c971c3091320c269","not_recovered","84ec5e1a462241b724bdb52169726ffe86647b20efbad04d01b949a8b9fc2a01","final_refit","planned_not_uploaded","blocked_by_nonportable_model_and_data_interfaces"
"unified_rerun_v1","v1_0100_m5_20151207_tcn_stat_confidence_s13","M5","tcn_stat_confidence","2015-12-07","13","checkpoint_final.pt","<local-archive>/统一重跑实验_20260826/outputs/full_unified_run_v1/stage1/v1_0100_m5_20151207_tcn_stat_confidence_s13/checkpoint_final.pt","unified_rerun_v1_checkpoints_m5.zip","b73580803c8c4a20dca83b88d0ad6d7fa67c5330254af5cb6f8181e037c1d88e","558856","15d66f0cefee4528b7296dd2f9beb1cdb41650e52701310bc743f5ff87f0eae6","357eae4510e29ee108aad24c50aa70a8e22a9905286515ee509268ddd3d2d228","7d61aa7b412974e88c461a1d0a148ec160c98e49103881b590e12e947201d636","not_recovered","24f14f88e9945d2a7fb67744b119a74daf41bf279d2a3b941fb03feff77657e4","final_refit","planned_not_uploaded","blocked_by_nonportable_model_and_data_interfaces"
"unified_rerun_v1","v1_0101_m5_20151207_tcn_stat_confidence_s29","M5","tcn_stat_confidence","2015-12-07","29","checkpoint_final.pt","<local-archive>/统一重跑实验_20260826/outputs/full_unified_run_v1/stage1/v1_0101_m5_20151207_tcn_stat_confidence_s29/checkpoint_final.pt","unified_rerun_v1_checkpoints_m5.zip","f0db11baf4c622d2917f21decb0bf76ee34a64bb3232842bf4746fa97986de1f","559752","20a38a03192acb76c893dd35ea536a925dab83e298125338802409f78b08ce02","418d043165499de1ff3a58bab2c43bbae788486c96b6a14ca7ae755432d135f3","ae4630828201a94b901e194131ff1db1f4910d7658fda7f9f7ed87f852766ae0","not_recovered","24f14f88e9945d2a7fb67744b119a74daf41bf279d2a3b941fb03feff77657e4","final_refit","planned_not_uploaded","blocked_by_nonportable_model_and_data_interfaces"
"unified_rerun_v1","v1_0102_m5_20151207_tcn_stat_confidence_s47","M5","tcn_stat_confidence","2015-12-07","47","checkpoint_final.pt","<local-archive>/统一重跑实验_20260826/outputs/full_unified_run_v1/stage1/v1_0102_m5_20151207_tcn_stat_confidence_s47/checkpoint_final.pt","unified_rerun_v1_checkpoints_m5.zip","645dd6fe7f2cd1cecb27c890e1571eb19775b89dd8c16d2b3f0597a8bef3d92f","559624","e1cca98f86585964e5bb500d8a20fe834c96ca530294d00948d7646cf8e4fbed","bb401f44de6d856ac331ba3bc88aa9dd5fc26f9dad2f1d82232548c3a9026a49","a02693130508caa091063885dcb5c3271d99725cc547fe5126b68b4537433f67","not_recovered","24f14f88e9945d2a7fb67744b119a74daf41bf279d2a3b941fb03feff77657e4","final_refit","planned_not_uploaded","blocked_by_nonportable_model_and_data_interfaces"
"unified_rerun_v1","v1_0103_m5_20160104_tcn_stat_confidence_s13","M5","tcn_stat_confidence","2016-01-04","13","checkpoint_final.pt","<local-archive>/统一重跑实验_20260826/outputs/full_unified_run_v1/stage1/v1_0103_m5_20160104_tcn_stat_confidence_s13/checkpoint_final.pt","unified_rerun_v1_checkpoints_m5.zip","e0ebb04f428400b3bffb2b6698cf89caf994a0c3c335454b5d293922c988ad29","558856","986dea87ac5756625c4505c1cb30577a9edd2c322b278697e2ffbfd10811029e","ced0815844b279e44319581142fdc3d1ab8d73479965620ce50bd6ab44165877","95b253de049a101cd633949eb97b31ef25f8fb9500f9339c310040f62df2c649","not_recovered","f363d22b50ee5ecf935d764748129bbf4e83b2417ab50854a465cae0c12fccbf","final_refit","planned_not_uploaded","blocked_by_nonportable_model_and_data_interfaces"
"unified_rerun_v1","v1_0104_m5_20160104_tcn_stat_confidence_s29","M5","tcn_stat_confidence","2016-01-04","29","checkpoint_final.pt","<local-archive>/统一重跑实验_20260826/outputs/full_unified_run_v1/stage1/v1_0104_m5_20160104_tcn_stat_confidence_s29/checkpoint_final.pt","unified_rerun_v1_checkpoints_m5.zip","85ab4cc144ebcede3ae1314cbd2ee0acf162d7bbe55e273917cafe929725a2c6","558792","20d68a33c84931c2f0b4367509519b75cd8fcfb993b599d13a193da48d93a108","25f76f4bbb9073d553dd2c4fdb21adcbf0d93b4d50712358fe3465f459788752","737d630b49ea2d28e94e848d7cccdfb6a746af5bb8272d4c2727d12e01e7e04e","not_recovered","f363d22b50ee5ecf935d764748129bbf4e83b2417ab50854a465cae0c12fccbf","final_refit","planned_not_uploaded","blocked_by_nonportable_model_and_data_interfaces"
"unified_rerun_v1","v1_0105_m5_20160104_tcn_stat_confidence_s47","M5","tcn_stat_confidence","2016-01-04","47","checkpoint_final.pt","<local-archive>/统一重跑实验_20260826/outputs/full_unified_run_v1/stage1/v1_0105_m5_20160104_tcn_stat_confidence_s47/checkpoint_final.pt","unified_rerun_v1_checkpoints_m5.zip","0c08584919140bbee129e4fda595053e0a88378cb45c47e6f8c3d098f534c77e","558216","083e2ea05fa2da56a2197517bd43b81938489b2b834dee78db9ed196c84d599f","3b9f020f45c93a44e523e5e0dbabf6eae0b17c55a7b35f1fd71d4d55de3ed74e","736f59ac48f8aceb604c3566bef494b5133668214575c1b299e82c5f0d713cd7","not_recovered","f363d22b50ee5ecf935d764748129bbf4e83b2417ab50854a465cae0c12fccbf","final_refit","planned_not_uploaded","blocked_by_nonportable_model_and_data_interfaces"
"unified_rerun_v1","v1_0106_m5_20160201_tcn_stat_confidence_s13","M5","tcn_stat_confidence","2016-02-01","13","checkpoint_final.pt","<local-archive>/统一重跑实验_20260826/outputs/full_unified_run_v1/stage1/v1_0106_m5_20160201_tcn_stat_confidence_s13/checkpoint_final.pt","unified_rerun_v1_checkpoints_m5.zip","a52d9682eef5a9e152064af4440eb75d8ed669e08ba8335ee7dbfc86a6802d58","558600","5b588243fa150fd533621283d3a9a57ccef3acd7ce0b22ec0feda8800cb1064d","973b3b6485a3065d2104f392da4b732c4f9cdcff05e360545f477e2d9235ec65","76f613a73e6a57816e6eb5d17c5bd7e4862e3b934abcfdb6c03c37b7adf50b82","not_recovered","84ec5e1a462241b724bdb52169726ffe86647b20efbad04d01b949a8b9fc2a01","final_refit","planned_not_uploaded","blocked_by_nonportable_model_and_data_interfaces"
"unified_rerun_v1","v1_0107_m5_20160201_tcn_stat_confidence_s29","M5","tcn_stat_confidence","2016-02-01","29","checkpoint_final.pt","<local-archive>/统一重跑实验_20260826/outputs/full_unified_run_v1/stage1/v1_0107_m5_20160201_tcn_stat_confidence_s29/checkpoint_final.pt","unified_rerun_v1_checkpoints_m5.zip","010d245f69ab4ce0fcb3d11154b69b456c93b7042a261422f0eb862a9e8c062a","558920","e5be1b09661d372e7b1550aecc64a4c23c6ee3b5e9df9639acb4d15686fc7325","f9d96adcce9e8f9945ab41f5a5632aa5736f28100d9ce2238a867fc99f473728","0c489d5090ebb5d23ebccc9a978670b6abfc307185805cfddb82024a551f25d6","not_recovered","84ec5e1a462241b724bdb52169726ffe86647b20efbad04d01b949a8b9fc2a01","final_refit","planned_not_uploaded","blocked_by_nonportable_model_and_data_interfaces"
"unified_rerun_v1","v1_0108_m5_20160201_tcn_stat_confidence_s47","M5","tcn_stat_confidence","2016-02-01","47","checkpoint_final.pt","<local-archive>/统一重跑实验_20260826/outputs/full_unified_run_v1/stage1/v1_0108_m5_20160201_tcn_stat_confidence_s47/checkpoint_final.pt","unified_rerun_v1_checkpoints_m5.zip","82fe64a88d6e7140a7ab78d6681a73bfe2e343ad7c71a9317c8139aca9b3fcd8","559624","7e4a4124faa7cd12f19ccf930d105035027d558e00736931e243c96eca7ce560","7a29da03ccf85093961e767f4688965c08b9f8fcac5050cc92d3d72ae9f3e954","cce46b94d81791c198e3f11df032d7bf5282e77b7bb07be141b51c15ff0c1492","not_recovered","84ec5e1a462241b724bdb52169726ffe86647b20efbad04d01b949a8b9fc2a01","final_refit","planned_not_uploaded","blocked_by_nonportable_model_and_data_interfaces"
"unified_rerun_v1","v1_0073_m5_20151207_tcn_stat_equal_s13","M5","tcn_stat_equal","2015-12-07","13","checkpoint_final.pt","<local-archive>/统一重跑实验_20260826/outputs/full_unified_run_v1/stage2/v1_0073_m5_20151207_tcn_stat_equal_s13/checkpoint_final.pt","unified_rerun_v1_checkpoints_m5.zip","66cbbe6c702f43b0a48877d3585b244f80ef047331f8bad36d7c0302b49c4bc6","559816","42afacbd2e696b7e24a50fde145810bf7a9dbae2ab29eb74dfec100951aff398","5210f78eab29bdbd5410054282775a3f0348d1ccf8275b9098b012a94d200905","53ad015afd450be4950cd93e83643e0b0197319af787366b99506a149eecfa4d","not_recovered","24f14f88e9945d2a7fb67744b119a74daf41bf279d2a3b941fb03feff77657e4","final_refit","planned_not_uploaded","blocked_by_nonportable_model_and_data_interfaces"
"unified_rerun_v1","v1_0074_m5_20151207_tcn_stat_equal_s29","M5","tcn_stat_equal","2015-12-07","29","checkpoint_final.pt","<local-archive>/统一重跑实验_20260826/outputs/full_unified_run_v1/stage2/v1_0074_m5_20151207_tcn_stat_equal_s29/checkpoint_final.pt","unified_rerun_v1_checkpoints_m5.zip","49cbf15f8b728968bc1b487d066014b5d929ecdfb972cd27dd0b8a5e5c14d7a5","559688","729882539bbab4ad352e58851c00e8dc3b0c2337f67ab36d2b1de47ce5ec6c70","ae2825f5f5aec99ddf6d066c8dc2ae2ceb8a80c3ea075e313db81e46c8f0f2f4","94215be013207c1fa04f4fe38c5b3a1877339b9d87f79cf9e5d412acb2c38632","not_recovered","24f14f88e9945d2a7fb67744b119a74daf41bf279d2a3b941fb03feff77657e4","final_refit","planned_not_uploaded","blocked_by_nonportable_model_and_data_interfaces"
"unified_rerun_v1","v1_0075_m5_20151207_tcn_stat_equal_s47","M5","tcn_stat_equal","2015-12-07","47","checkpoint_final.pt","<local-archive>/统一重跑实验_20260826/outputs/full_unified_run_v1/stage2/v1_0075_m5_20151207_tcn_stat_equal_s47/checkpoint_final.pt","unified_rerun_v1_checkpoints_m5.zip","3f3ffc965e79d62f5027652a7e6322f9a5708be559f549c6cb04b29f79bfa2ca","559560","1fc49fe4030bf8a716d46df356d858c2ea269828134fecdce43b0386a26fd1e9","b96ffc155e2246407cca50c1b55900f97ea601b9cded48c5843b0666d563c760","191c5cc5d0bf3a6573e70d117854658b85235808331f1f4c01dcd84f94fe2b1c","not_recovered","24f14f88e9945d2a7fb67744b119a74daf41bf279d2a3b941fb03feff77657e4","final_refit","planned_not_uploaded","blocked_by_nonportable_model_and_data_interfaces"
"unified_rerun_v1","v1_0076_m5_20160104_tcn_stat_equal_s13","M5","tcn_stat_equal","2016-01-04","13","checkpoint_final.pt","<local-archive>/统一重跑实验_20260826/outputs/full_unified_run_v1/stage2/v1_0076_m5_20160104_tcn_stat_equal_s13/checkpoint_final.pt","unified_rerun_v1_checkpoints_m5.zip","6e94f3acb4cf549c539e98f6140a1cf93c107c22ae0cd2c1ee267026513147d2","558344","80e236da9bed58cb6b0892961a2f8167be0ebbe181b8b0147f3a961d02fd1830","8848e4c3f603f8c2366d384b8578b6ed9a7b0e8464f07e26b2726132b4c46457","af20df6fad1057d4a1775e9cd2765f2de11ee8b98f6291df79f1c6106f7c8844","not_recovered","f363d22b50ee5ecf935d764748129bbf4e83b2417ab50854a465cae0c12fccbf","final_refit","planned_not_uploaded","blocked_by_nonportable_model_and_data_interfaces"
"unified_rerun_v1","v1_0077_m5_20160104_tcn_stat_equal_s29","M5","tcn_stat_equal","2016-01-04","29","checkpoint_final.pt","<local-archive>/统一重跑实验_20260826/outputs/full_unified_run_v1/stage2/v1_0077_m5_20160104_tcn_stat_equal_s29/checkpoint_final.pt","unified_rerun_v1_checkpoints_m5.zip","ea098542f3db95c71a43c2a7a6662296b2ebdc6b81c0e35e8fd4443a325daec9","559816","46b80a3ae58189e027629bf4e829e29dd077db5cf476ace4a108653857f69f84","769d1f61e6c2e166b5cdf37cebd9b8dcd35abb81175bcb76f34e109e2cc5e636","29c5cc5388abcced5c671a40018ddaaea332014f259b0d75d108466ded392a1d","not_recovered","f363d22b50ee5ecf935d764748129bbf4e83b2417ab50854a465cae0c12fccbf","final_refit","planned_not_uploaded","blocked_by_nonportable_model_and_data_interfaces"
"unified_rerun_v1","v1_0078_m5_20160104_tcn_stat_equal_s47","M5","tcn_stat_equal","2016-01-04","47","checkpoint_final.pt","<local-archive>/统一重跑实验_20260826/outputs/full_unified_run_v1/stage2/v1_0078_m5_20160104_tcn_stat_equal_s47/checkpoint_final.pt","unified_rerun_v1_checkpoints_m5.zip","2ac2cd167f4420566b45197f0e10a2312ffa023b4ad2608fa7ed43af6308eb7d","558664","cffa1fe88fdcbbfb8d286a005bb685f419ec9db0468f79d288f3f38d77a44909","b6aaa0dfb7747cde389864eec84e664c405474b570f02c2158175c94d00c59c2","1136d82cf13c53c272946e7b8bb616db330e32fb1908c8f6f779e2347503409f","not_recovered","f363d22b50ee5ecf935d764748129bbf4e83b2417ab50854a465cae0c12fccbf","final_refit","planned_not_uploaded","blocked_by_nonportable_model_and_data_interfaces"
"unified_rerun_v1","v1_0079_m5_20160201_tcn_stat_equal_s13","M5","tcn_stat_equal","2016-02-01","13","checkpoint_final.pt","<local-archive>/统一重跑实验_20260826/outputs/full_unified_run_v1/stage2/v1_0079_m5_20160201_tcn_stat_equal_s13/checkpoint_final.pt","unified_rerun_v1_checkpoints_m5.zip","1676f32f91738b1e9a250c00cacd3897556488cfa7a380272a18b00294f75a10","558600","6ed57cc3c68562a251ab596cea8a7590d6b9de4dd93d47776ef75306fe1fdc24","5e8230d63ed15e1c8e3672ea03370914f477e5339676ad753de9e34281bc7e7a","5fe28b52ebd81c94b5e22265c1d6a0f46d448e921f807d73b292d0ae58d3754b","not_recovered","84ec5e1a462241b724bdb52169726ffe86647b20efbad04d01b949a8b9fc2a01","final_refit","planned_not_uploaded","blocked_by_nonportable_model_and_data_interfaces"
"unified_rerun_v1","v1_0080_m5_20160201_tcn_stat_equal_s29","M5","tcn_stat_equal","2016-02-01","29","checkpoint_final.pt","<local-archive>/统一重跑实验_20260826/outputs/full_unified_run_v1/stage2/v1_0080_m5_20160201_tcn_stat_equal_s29/checkpoint_final.pt","unified_rerun_v1_checkpoints_m5.zip","231d9b55013533aebdd63468d106fb0bee29ebc5662826d8cadfa436b197684f","559240","ac2bd6be92a2ad49bfb279d28cc06daac69e2f4237416119ab1ff24e1de0ea8b","30138430fb76db3e67208a1863e0720c6b3755221cb0209d5a09b33cdf3cf04d","b0c804941878b775c796185a336cfb51d4fd1ee0ffa02290fce07ef67ea9ad1f","not_recovered","84ec5e1a462241b724bdb52169726ffe86647b20efbad04d01b949a8b9fc2a01","final_refit","planned_not_uploaded","blocked_by_nonportable_model_and_data_interfaces"
"unified_rerun_v1","v1_0081_m5_20160201_tcn_stat_equal_s47","M5","tcn_stat_equal","2016-02-01","47","checkpoint_final.pt","<local-archive>/统一重跑实验_20260826/outputs/full_unified_run_v1/stage2/v1_0081_m5_20160201_tcn_stat_equal_s47/checkpoint_final.pt","unified_rerun_v1_checkpoints_m5.zip","e8d86cd2e27ce08e0c453a8c835fa4452f53c11476c2655d597440265c6910fc","559176","91963fbaf965ea52f8ce7201f7b13551fe194bc9b47cd08327431d9d07d57e34","e592d5a74e354b3b4e4767288a5717feb542cb91d173c8a40db74782d5582b07","9700565dada176be4164278df01a1b0f1e24078570fdf96122b4a9f0c800602e","not_recovered","84ec5e1a462241b724bdb52169726ffe86647b20efbad04d01b949a8b9fc2a01","final_refit","planned_not_uploaded","blocked_by_nonportable_model_and_data_interfaces"
"unified_rerun_v1","v1_0127_m5_20151207_tcn_stat_placebo_s13","M5","tcn_stat_placebo","2015-12-07","13","checkpoint_final.pt","<local-archive>/统一重跑实验_20260826/outputs/full_unified_run_v1/stage2/v1_0127_m5_20151207_tcn_stat_placebo_s13/checkpoint_final.pt","unified_rerun_v1_checkpoints_m5.zip","fbe4998f1baa117478c176e3dda36c86be2fb14da2995da3f42bf8b7d076cb3d","559752","ff28a81b50ed31a56cd03eccaf4a524b2da57ce774973057f7fbb112f92e998e","d59c2d12770321d75fad4948c9d9efa275b8bad72791ef9ad5615e3ec23fe5f3","2daf83e189c3ab6ade816c85c4534b9309ccec288cf401d463f7f498d88a0ddb","not_recovered","24f14f88e9945d2a7fb67744b119a74daf41bf279d2a3b941fb03feff77657e4","final_refit","planned_not_uploaded","blocked_by_nonportable_model_and_data_interfaces"
"unified_rerun_v1","v1_0128_m5_20151207_tcn_stat_placebo_s29","M5","tcn_stat_placebo","2015-12-07","29","checkpoint_final.pt","<local-archive>/统一重跑实验_20260826/outputs/full_unified_run_v1/stage2/v1_0128_m5_20151207_tcn_stat_placebo_s29/checkpoint_final.pt","unified_rerun_v1_checkpoints_m5.zip","94bd2da5fc47a13716d018cfc5441e62f4e708096c065f50fa7d4a0d0493d66e","559624","0afa401bb8ab9a921fef1ae1a69dac6e668ad56b6776bf2de18099ec12586dfc","a2b126c84d4a7c33b330ed1497089ee9ac5ad9a77daa6d137647e787f786c316","918f83c12d2e80c10caa8ed06a236d9a1f85b1b943ea043dbb5bddc77e4408e9","not_recovered","24f14f88e9945d2a7fb67744b119a74daf41bf279d2a3b941fb03feff77657e4","final_refit","planned_not_uploaded","blocked_by_nonportable_model_and_data_interfaces"
"unified_rerun_v1","v1_0129_m5_20151207_tcn_stat_placebo_s47","M5","tcn_stat_placebo","2015-12-07","47","checkpoint_final.pt","<local-archive>/统一重跑实验_20260826/outputs/full_unified_run_v1/stage2/v1_0129_m5_20151207_tcn_stat_placebo_s47/checkpoint_final.pt","unified_rerun_v1_checkpoints_m5.zip","b466560c614bcd78afac53c8393b1535b5044cdc7a866295e36d71067e19371d","559624","e524a86ad9ea501c298569495aac2a65c53555ea8419daa4448db0fcba74e4cc","62c7bc4bbf4533db577b7851000da13c16c9ed6ce7de31d1e26da87950876a38","0dadb291f669d77b8469cb20e7b499ed9d4585883eb1e7520385335835baffa2","not_recovered","24f14f88e9945d2a7fb67744b119a74daf41bf279d2a3b941fb03feff77657e4","final_refit","planned_not_uploaded","blocked_by_nonportable_model_and_data_interfaces"
"unified_rerun_v1","v1_0130_m5_20160104_tcn_stat_placebo_s13","M5","tcn_stat_placebo","2016-01-04","13","checkpoint_final.pt","<local-archive>/统一重跑实验_20260826/outputs/full_unified_run_v1/stage2/v1_0130_m5_20160104_tcn_stat_placebo_s13/checkpoint_final.pt","unified_rerun_v1_checkpoints_m5.zip","aceb38112b1017887467f2851ee478fbd41b558bf1cb348efa3af9a766ab3117","559624","19e1f10983a9ec65693bafa5fced5b831a34b1ab06d506b543d5f27bb3036fae","2e6c9a3184d74727af850be82b9dc30d07aa6766c284057e3a8e3a9da306c84d","781fc1bc6379cad2091a6c4972be24d6eafd32c75282c1253681612b38a58624","not_recovered","f363d22b50ee5ecf935d764748129bbf4e83b2417ab50854a465cae0c12fccbf","final_refit","planned_not_uploaded","blocked_by_nonportable_model_and_data_interfaces"
"unified_rerun_v1","v1_0131_m5_20160104_tcn_stat_placebo_s29","M5","tcn_stat_placebo","2016-01-04","29","checkpoint_final.pt","<local-archive>/统一重跑实验_20260826/outputs/full_unified_run_v1/stage2/v1_0131_m5_20160104_tcn_stat_placebo_s29/checkpoint_final.pt","unified_rerun_v1_checkpoints_m5.zip","7c0f405b3f3809340355f54b9102e84f071dd78cfd1349c0d2e14d01b5af1c74","559048","b02cdf396f700d16e5920e0be7d9ec86fbb8404baec1f1f56bc8df03ca546833","ea4b4f9b482d257ebc5e998e2cf307c731e91003b6d94587f6e133460c51ffaa","5bc06a0370cbc503ec1225307bb1199e23d3ca603344c0f3e207a7e52d12e128","not_recovered","f363d22b50ee5ecf935d764748129bbf4e83b2417ab50854a465cae0c12fccbf","final_refit","planned_not_uploaded","blocked_by_nonportable_model_and_data_interfaces"
"unified_rerun_v1","v1_0132_m5_20160104_tcn_stat_placebo_s47","M5","tcn_stat_placebo","2016-01-04","47","checkpoint_final.pt","<local-archive>/统一重跑实验_20260826/outputs/full_unified_run_v1/stage2/v1_0132_m5_20160104_tcn_stat_placebo_s47/checkpoint_final.pt","unified_rerun_v1_checkpoints_m5.zip","dbdbd06706250c37eb349a3689b3c3f0ba19b758b4f94c7cd0912c895ec248b1","558664","704824e09599b9c7887d45f4346417d382cb787c8dce06a130f6253240864db8","650f2707b76c17c6d7dccb7e28ef041b8eebf6209d51b104b1022a61250bd29f","3b80690e813301864fb2930e6eb505e6c6cb0c32912d950b52da6fc461c5eae9","not_recovered","f363d22b50ee5ecf935d764748129bbf4e83b2417ab50854a465cae0c12fccbf","final_refit","planned_not_uploaded","blocked_by_nonportable_model_and_data_interfaces"
"unified_rerun_v1","v1_0133_m5_20160201_tcn_stat_placebo_s13","M5","tcn_stat_placebo","2016-02-01","13","checkpoint_final.pt","<local-archive>/统一重跑实验_20260826/outputs/full_unified_run_v1/stage2/v1_0133_m5_20160201_tcn_stat_placebo_s13/checkpoint_final.pt","unified_rerun_v1_checkpoints_m5.zip","4189c442bd5beef43050f5449c9fd5929a4bbc5cd890b56c3488f690c649dd71","558664","598c30262a9cb77bf2ab41b37b051bc365e00f25c7c8d148e3c0dd7de986fcb8","6e37fd43f795028520d70d26fd93cb1bab745d10008a1133ab2b5b5f42d90a8f","3c9aee648217a224651ae5be389683b6caf37b034c59d7367cd394b0052e5c7d","not_recovered","84ec5e1a462241b724bdb52169726ffe86647b20efbad04d01b949a8b9fc2a01","final_refit","planned_not_uploaded","blocked_by_nonportable_model_and_data_interfaces"
"unified_rerun_v1","v1_0134_m5_20160201_tcn_stat_placebo_s29","M5","tcn_stat_placebo","2016-02-01","29","checkpoint_final.pt","<local-archive>/统一重跑实验_20260826/outputs/full_unified_run_v1/stage2/v1_0134_m5_20160201_tcn_stat_placebo_s29/checkpoint_final.pt","unified_rerun_v1_checkpoints_m5.zip","f2ac342c3602bc875543a8ace82cfde56aea6077b7c7692b3483c46b9133164e","558536","fac52cdb79abd1ad746206a96cb7352399fc664ec01e4632a459ad9d21bb885d","31f6d9ba26b10037bb0089ff24a1a6937720417c042001cc467a2e1a4b5b479a","a5f83b0920491d93a6a2bbf62e4941ffb9d8be5f0cbe07ebcb26a6d5fefe2fef","not_recovered","84ec5e1a462241b724bdb52169726ffe86647b20efbad04d01b949a8b9fc2a01","final_refit","planned_not_uploaded","blocked_by_nonportable_model_and_data_interfaces"
"unified_rerun_v1","v1_0135_m5_20160201_tcn_stat_placebo_s47","M5","tcn_stat_placebo","2016-02-01","47","checkpoint_final.pt","<local-archive>/统一重跑实验_20260826/outputs/full_unified_run_v1/stage2/v1_0135_m5_20160201_tcn_stat_placebo_s47/checkpoint_final.pt","unified_rerun_v1_checkpoints_m5.zip","46bb8eab95b909dfd5dc86f9fab4377ad2911689ba028541bfbc4edcbdfb6494","559432","30de6178bd75e08aefe57caf43eb26db76aae83660477a569d68c95a6d793261","37217121a3042ce9f7115989b680ad613958cb5db146167d64b981ec5a23079e","5a9415338f7ab2255d6ee84d1afc16f98a620ffbbd9ef9ed3528e56ac63c20b6","not_recovered","84ec5e1a462241b724bdb52169726ffe86647b20efbad04d01b949a8b9fc2a01","final_refit","planned_not_uploaded","blocked_by_nonportable_model_and_data_interfaces"
"unified_rerun_v1","v1_0154_m5_20151207_tcn_target_only_s13","M5","tcn_target_only","2015-12-07","13","checkpoint_final.pt","<local-archive>/统一重跑实验_20260826/outputs/full_unified_run_v1/stage2/v1_0154_m5_20151207_tcn_target_only_s13/checkpoint_final.pt","unified_rerun_v1_checkpoints_m5.zip","2fbc7e5251befb7d5e0291fd0a2f3cd4e4ff18db2b8f7e10da8a46d2194edaa4","233360","cc06a2373aaf0b22148d2827ed61f4b356b3a61a05d5093d7185c58bc482ee7f","59ce057c6f0ffd14359555fbbd80e21a938160eb24ff515138c4f62ddaa9a0b3","87e74addc341fa0f486ade39ca512ae71f289032fc738d28a52db971d337b7e0","not_recovered","24f14f88e9945d2a7fb67744b119a74daf41bf279d2a3b941fb03feff77657e4","final_refit","planned_not_uploaded","blocked_by_nonportable_model_and_data_interfaces"
"unified_rerun_v1","v1_0155_m5_20151207_tcn_target_only_s29","M5","tcn_target_only","2015-12-07","29","checkpoint_final.pt","<local-archive>/统一重跑实验_20260826/outputs/full_unified_run_v1/stage2/v1_0155_m5_20151207_tcn_target_only_s29/checkpoint_final.pt","unified_rerun_v1_checkpoints_m5.zip","9634e90dd083f012d6c556cbcffdaca7d3fb0788bf9883259a7c454616f9ea9a","234064","c29d209cff2a6d27d6bf47e5ae9a64f6f7a831537ada1e4d766fd0410854476e","e8f5ce6299bd9acd7ebffbc4fc00453b33db8eacf897b7aba2f8a0930a5208df","877c8ff346f436a2f61bc5d0c13e4b95fa2f23ebd102a8ef4e25e050dd403ce1","not_recovered","24f14f88e9945d2a7fb67744b119a74daf41bf279d2a3b941fb03feff77657e4","final_refit","planned_not_uploaded","blocked_by_nonportable_model_and_data_interfaces"
"unified_rerun_v1","v1_0156_m5_20151207_tcn_target_only_s47","M5","tcn_target_only","2015-12-07","47","checkpoint_final.pt","<local-archive>/统一重跑实验_20260826/outputs/full_unified_run_v1/stage2/v1_0156_m5_20151207_tcn_target_only_s47/checkpoint_final.pt","unified_rerun_v1_checkpoints_m5.zip","13408f249cd7e07d43df4db87ea0a1dc272f842f49390b8c7e73c8403424fb61","233360","8a87d9a677daaeaaac2a1fff40ec792b2d4638cb3bd932599d25f7de3c5720c3","0ed2e63354a4c5bfffafe021e95c0a1387611c228fa1d7aef6401affebba2c24","6b85bdeaa6edc53ee84ae2a7eeb9b6748bd999e567522a4d448586a4717e795e","not_recovered","24f14f88e9945d2a7fb67744b119a74daf41bf279d2a3b941fb03feff77657e4","final_refit","planned_not_uploaded","blocked_by_nonportable_model_and_data_interfaces"
"unified_rerun_v1","v1_0157_m5_20160104_tcn_target_only_s13","M5","tcn_target_only","2016-01-04","13","checkpoint_final.pt","<local-archive>/统一重跑实验_20260826/outputs/full_unified_run_v1/stage2/v1_0157_m5_20160104_tcn_target_only_s13/checkpoint_final.pt","unified_rerun_v1_checkpoints_m5.zip","3fcc20f9a03fe930e4fe7e973833a0dd2174b2a01df535826f24877cd4c07132","232272","918d212afbcf0de90cf936213a730a4f41ef55a0b6c1351285e26396ae5be1ee","9f00d05a62636b6a2b651a007b8c53c65cf4d43a89211cc17c755051dfe2566c","07dd2edc68e3602d5729062131d9e3a5b88a4c3724bb87d9eeab1f3be3313483","not_recovered","f363d22b50ee5ecf935d764748129bbf4e83b2417ab50854a465cae0c12fccbf","final_refit","planned_not_uploaded","blocked_by_nonportable_model_and_data_interfaces"
"unified_rerun_v1","v1_0158_m5_20160104_tcn_target_only_s29","M5","tcn_target_only","2016-01-04","29","checkpoint_final.pt","<local-archive>/统一重跑实验_20260826/outputs/full_unified_run_v1/stage2/v1_0158_m5_20160104_tcn_target_only_s29/checkpoint_final.pt","unified_rerun_v1_checkpoints_m5.zip","5ed1d4e42e052961b4608333d6f755a3eee659c3bfbedbf0c89598f55865fafd","234128","f0b4afcd962f25745e43d6a6c482d5ef9a30207d1a6d89706b8008ba829560f9","19949923ad96ffeade60d08e7f0dc1274d18a07d1027b02cc7692488eabe6edd","74f0be0145c415a5027927526d144498ed651f2d4e7ee55fd055283ef7956433","not_recovered","f363d22b50ee5ecf935d764748129bbf4e83b2417ab50854a465cae0c12fccbf","final_refit","planned_not_uploaded","blocked_by_nonportable_model_and_data_interfaces"
"unified_rerun_v1","v1_0159_m5_20160104_tcn_target_only_s47","M5","tcn_target_only","2016-01-04","47","checkpoint_final.pt","<local-archive>/统一重跑实验_20260826/outputs/full_unified_run_v1/stage2/v1_0159_m5_20160104_tcn_target_only_s47/checkpoint_final.pt","unified_rerun_v1_checkpoints_m5.zip","674730c63d7e2bcc7586a16910c66aa467d1a2adc06b87c0e0caa6e8f768ad34","232272","27db8b9ee62a4a037a3c3b3554fb9803dd95b692a4f3f657048ed6ec73ae0dfc","50115c80b7b1b6fa897e6ae726b36f6c905ab4eee844c2982c5b47d299c01aec","5a29ac401d348a7d04809f60c4c994a113535ed89d8d5352681dc5c7d37508c8","not_recovered","f363d22b50ee5ecf935d764748129bbf4e83b2417ab50854a465cae0c12fccbf","final_refit","planned_not_uploaded","blocked_by_nonportable_model_and_data_interfaces"
"unified_rerun_v1","v1_0160_m5_20160201_tcn_target_only_s13","M5","tcn_target_only","2016-02-01","13","checkpoint_final.pt","<local-archive>/统一重跑实验_20260826/outputs/full_unified_run_v1/stage2/v1_0160_m5_20160201_tcn_target_only_s13/checkpoint_final.pt","unified_rerun_v1_checkpoints_m5.zip","148ae52ccd3abef4b0fbced3e13df74b74df756c4d4c99def23571c9f9667c92","233424","a8291ff4c59fc4c3d955582ad75f49208d0410acc411e89bfb941cc860a41b7f","d00234be5e35b822862441c696b08902ff53942b99400f378f5e59edf88461fb","d6fbdc92b4a703f2dac151156fd73578ee7388ad9d478b10366cdd530ffe3908","not_recovered","84ec5e1a462241b724bdb52169726ffe86647b20efbad04d01b949a8b9fc2a01","final_refit","planned_not_uploaded","blocked_by_nonportable_model_and_data_interfaces"
"unified_rerun_v1","v1_0161_m5_20160201_tcn_target_only_s29","M5","tcn_target_only","2016-02-01","29","checkpoint_final.pt","<local-archive>/统一重跑实验_20260826/outputs/full_unified_run_v1/stage2/v1_0161_m5_20160201_tcn_target_only_s29/checkpoint_final.pt","unified_rerun_v1_checkpoints_m5.zip","3f38902af2ad14c10b0d0dc976f959bb7a05cc2a8303e6a57004a1522a9a14f0","233552","6e472d8924958e5882587084c39817cbf94a67c49f29a444b49ade146a1f8ad7","d0d1c6c2513958172ab698675f379e9fb8ade8ad916dd55b65cb987a6421d9bb","5e9b1e4b5852e67cac6cad3fe71c2e7486e1f05c3a9ba55f57978c15aa4a6a88","not_recovered","84ec5e1a462241b724bdb52169726ffe86647b20efbad04d01b949a8b9fc2a01","final_refit","planned_not_uploaded","blocked_by_nonportable_model_and_data_interfaces"
"unified_rerun_v1","v1_0162_m5_20160201_tcn_target_only_s47","M5","tcn_target_only","2016-02-01","47","checkpoint_final.pt","<local-archive>/统一重跑实验_20260826/outputs/full_unified_run_v1/stage2/v1_0162_m5_20160201_tcn_target_only_s47/checkpoint_final.pt","unified_rerun_v1_checkpoints_m5.zip","1b5d7f0146d4bbe8d3dd3ae7d3b726c79c5f32f60132e4671239027666f305da","233936","0bed3672d60525f3a022834cbc97ea16e305378087bc064bccb830c7fcbe83fc","2f3d1a986d62f12994ae94e591c631b0babd02eef7aa90206df4a01bc957d685","404cb783a141c567e2c14e081420bca0ab88f5a6b19deb7c3cb4b3ed8f66a14d","not_recovered","84ec5e1a462241b724bdb52169726ffe86647b20efbad04d01b949a8b9fc2a01","final_refit","planned_not_uploaded","blocked_by_nonportable_model_and_data_interfaces"
"unified_rerun_v1","v1_0289_m5_20151207_timemixerpp_s13","M5","timemixerpp","2015-12-07","13","checkpoint_final.pt","<local-archive>/统一重跑实验_20260826/outputs/full_unified_run_v1/stage2/v1_0289_m5_20151207_timemixerpp_s13/checkpoint_final.pt","unified_rerun_v1_checkpoints_m5.zip","c5f6634d457772a54513b784373e45da577bb4cb8f565342eac746cfed3b51e9","2565534","313372e418f1311bac387b94dc6a74e3004a615d3c47412325b77f414e443731","e4b37ac50503b057a2330490ed2023abcd2f4e680b8adcd629e238e37d6df6bd","155243878170d0031bdf0499b5907f29e55d410890349706879a4e7a6359a6a9","not_recovered","24f14f88e9945d2a7fb67744b119a74daf41bf279d2a3b941fb03feff77657e4","final_refit","planned_not_uploaded","blocked_by_nonportable_model_and_data_interfaces"
"unified_rerun_v1","v1_0290_m5_20151207_timemixerpp_s29","M5","timemixerpp","2015-12-07","29","checkpoint_final.pt","<local-archive>/统一重跑实验_20260826/outputs/full_unified_run_v1/stage2/v1_0290_m5_20151207_timemixerpp_s29/checkpoint_final.pt","unified_rerun_v1_checkpoints_m5.zip","5f803a611843b52cda60bebdf363a3ab38d49f8d90aecf575adbeb71ed125895","2565342","f3bf3bfc030ca18a780bff3119a433e47b349e15572d6419b2f2476283bb6001","5dbedc102d63a79b208d09d463f16ced4a37d3d8e350e0e852fc9f90c5c252f3","42a2d7f0f80b833654cdc32e5d391550b0f9acac1de6e865de3213f70e97dba0","not_recovered","24f14f88e9945d2a7fb67744b119a74daf41bf279d2a3b941fb03feff77657e4","final_refit","planned_not_uploaded","blocked_by_nonportable_model_and_data_interfaces"
"unified_rerun_v1","v1_0291_m5_20151207_timemixerpp_s47","M5","timemixerpp","2015-12-07","47","checkpoint_final.pt","<local-archive>/统一重跑实验_20260826/outputs/full_unified_run_v1/stage2/v1_0291_m5_20151207_timemixerpp_s47/checkpoint_final.pt","unified_rerun_v1_checkpoints_m5.zip","393b1ecc343656546d07ac3e2f0d4047bbb3207a53d7825323b248cd75a97d0b","2565470","e3f2b451476338f4f711b1f0ccaff74786eedb2f80b0003e4cf3dcf2ac3de55d","d775999ff9f406e58c65d05fae74407baf0f2c43976bfa589d7cc9ad3f268096","3043d990eb65bec96b9dd7c14f5be24f58626ff207bc16ab16cd4f62c06e1f66","not_recovered","24f14f88e9945d2a7fb67744b119a74daf41bf279d2a3b941fb03feff77657e4","final_refit","planned_not_uploaded","blocked_by_nonportable_model_and_data_interfaces"
"unified_rerun_v1","v1_0292_m5_20160104_timemixerpp_s13","M5","timemixerpp","2016-01-04","13","checkpoint_final.pt","<local-archive>/统一重跑实验_20260826/outputs/full_unified_run_v1/stage2/v1_0292_m5_20160104_timemixerpp_s13/checkpoint_final.pt","unified_rerun_v1_checkpoints_m5.zip","884f396321d40033ac852002494cbbd50ca31e96bbf803fe42a85b2147e9b0d3","2565534","38cf09845ba3fa3de405f99ba04dd90c654bb02a8e2b351d8158ad6cb2d833ce","f6e23a2c20de2b616f9e0731fbefb9cd9bb212819acfa096a6050a8b8a8e2f4e","924697910f4ea9f4cd4015b0a1071f45284a345d7b69d217124ade27560cf796","not_recovered","f363d22b50ee5ecf935d764748129bbf4e83b2417ab50854a465cae0c12fccbf","final_refit","planned_not_uploaded","blocked_by_nonportable_model_and_data_interfaces"
"unified_rerun_v1","v1_0293_m5_20160104_timemixerpp_s29","M5","timemixerpp","2016-01-04","29","checkpoint_final.pt","<local-archive>/统一重跑实验_20260826/outputs/full_unified_run_v1/stage2/v1_0293_m5_20160104_timemixerpp_s29/checkpoint_final.pt","unified_rerun_v1_checkpoints_m5.zip","a904f0abb1d5bf73669a0a35a2ced96c9f9a11cf11dee84a27f44a2c28bcb01b","2565982","850f451c3fe6f09a7949080ec42874a7d61205d97046473ae7c27d7d4e9f2c3e","02fe6e39351530fe2744ccb230c422f353aa82e0056b16a1aa964343fff1eed9","6499051afce1a4b38f0cd802072872d500105957cae43d0fb6a7a86a691ec707","not_recovered","f363d22b50ee5ecf935d764748129bbf4e83b2417ab50854a465cae0c12fccbf","final_refit","planned_not_uploaded","blocked_by_nonportable_model_and_data_interfaces"
"unified_rerun_v1","v1_0294_m5_20160104_timemixerpp_s47","M5","timemixerpp","2016-01-04","47","checkpoint_final.pt","<local-archive>/统一重跑实验_20260826/outputs/full_unified_run_v1/stage2/v1_0294_m5_20160104_timemixerpp_s47/checkpoint_final.pt","unified_rerun_v1_checkpoints_m5.zip","2bb0fa6c3069b83b7d89294ac10812d9021248529eab7b4cddb95d4f44f6cf71","2565790","85dae0ad61e4875f837306a8b56bd60b419324f76501b6f85d32fdb555f066ec","566e2d5985e3f451985a5076bb35517153b26e8487f6c9532310164caa98225e","7e44389ee001e09b6239ae1350ce14e4918dfa5599a976f6d8bca00d4de5014c","not_recovered","f363d22b50ee5ecf935d764748129bbf4e83b2417ab50854a465cae0c12fccbf","final_refit","planned_not_uploaded","blocked_by_nonportable_model_and_data_interfaces"
"unified_rerun_v1","v1_0295_m5_20160201_timemixerpp_s13","M5","timemixerpp","2016-02-01","13","checkpoint_final.pt","<local-archive>/统一重跑实验_20260826/outputs/full_unified_run_v1/stage2/v1_0295_m5_20160201_timemixerpp_s13/checkpoint_final.pt","unified_rerun_v1_checkpoints_m5.zip","52f77c5bf654ad8a632885ef6e3091b4f2ca0ba95fffd95d58088c64f7dbe017","2565214","fcf294336af90b0e7b859f8e55a4c8d09a91581ab484a9c4bf063ec91da21eb5","34446b8b9b9bfa7d1ffbd8388e04dfab5dc24a1c0538461b766a6314ffbba686","ec7b0b9edd8d53981c298cb80808e2811c33ad805f34b62ad2d6110f0d92368b","not_recovered","84ec5e1a462241b724bdb52169726ffe86647b20efbad04d01b949a8b9fc2a01","final_refit","planned_not_uploaded","blocked_by_nonportable_model_and_data_interfaces"
"unified_rerun_v1","v1_0296_m5_20160201_timemixerpp_s29","M5","timemixerpp","2016-02-01","29","checkpoint_final.pt","<local-archive>/统一重跑实验_20260826/outputs/full_unified_run_v1/stage2/v1_0296_m5_20160201_timemixerpp_s29/checkpoint_final.pt","unified_rerun_v1_checkpoints_m5.zip","1e8467acee64670a30e68a060d9d7f275c0202d954efa96f83140c3e41ba3460","2565342","6757e4a8317af22e4d2aff45d7d308c30666bd2e9201ad37760a771677d923ea","8e538b645d448a11b8015d5b2e8d3a66a9fcf68e27843586c71abf721f349511","7bc45e5dbe468c879b15ac3b5e5da51e87ffc63595d99917306dbab1349ed63a","not_recovered","84ec5e1a462241b724bdb52169726ffe86647b20efbad04d01b949a8b9fc2a01","final_refit","planned_not_uploaded","blocked_by_nonportable_model_and_data_interfaces"
"unified_rerun_v1","v1_0297_m5_20160201_timemixerpp_s47","M5","timemixerpp","2016-02-01","47","checkpoint_final.pt","<local-archive>/统一重跑实验_20260826/outputs/full_unified_run_v1/stage2/v1_0297_m5_20160201_timemixerpp_s47/checkpoint_final.pt","unified_rerun_v1_checkpoints_m5.zip","fcd3f848f463adb2496fd7c19f14f46dc1e3f5cda38561e7f2b0d348f26ef003","2565598","1c8b84bcbe09e52f7d4ebb9f098057ecb445b6a32d4b396572e028cb47f03a96","92ddf46980b8ce2c4c8c5df02013d03e0de2953587a89edd111e9bccb15be3c8","b68c33d1ed68ed867860cb3ace6f28f6da3a1d23e2259be9b5a941b9eefe461e","not_recovered","84ec5e1a462241b724bdb52169726ffe86647b20efbad04d01b949a8b9fc2a01","final_refit","planned_not_uploaded","blocked_by_nonportable_model_and_data_interfaces"
"unified_rerun_v1","v1_0199_store_item_20170522_dlinear_s13","Store Item","dlinear","2017-05-22","13","checkpoint_final.pt","<local-archive>/统一重跑实验_20260826/outputs/full_unified_run_v1/stage2/v1_0199_store_item_20170522_dlinear_s13/checkpoint_final.pt","unified_rerun_v1_checkpoints_store_item.zip","08780f71e11780307bbeae390362458826fd9c6e7d07f23aba7adefba48fb82d","79816","b6d083cce62bbe21cce560ce0a2006f65c7eda54e890d1dcf70170b3b64e5f0c","5a6c389ec52a6387c3c5897fb1b93470239bc850efb2d44a906da94c948a2ee9","67f8ec060892777e61e08ac01887bb4b82f880c7ccc283041552549cc5892ce9","not_recovered","96f573b570f1b2d301538d41f90dacef49f3190e6f15d4c0105641fefebfcd31","final_refit","planned_not_uploaded","blocked_by_nonportable_model_and_data_interfaces"
"unified_rerun_v1","v1_0200_store_item_20170522_dlinear_s29","Store Item","dlinear","2017-05-22","29","checkpoint_final.pt","<local-archive>/统一重跑实验_20260826/outputs/full_unified_run_v1/stage2/v1_0200_store_item_20170522_dlinear_s29/checkpoint_final.pt","unified_rerun_v1_checkpoints_store_item.zip","67262287922d5aa3bc433b709ad98bd85b3330c4bb5586108a95d6520409e6df","80456","ee07f85a730c28e712deecb7415aa7ba7d848692bacb5ff567191da6522fca4a","ec9b422c4ce3f3f53a6cac46bde10b2932ff1c51112cd1424252c00cea7d43aa","f6222af83a1b91ad92b25da983be8f86963ea1d2289ce76da9a21ffc98ed532e","not_recovered","96f573b570f1b2d301538d41f90dacef49f3190e6f15d4c0105641fefebfcd31","final_refit","planned_not_uploaded","blocked_by_nonportable_model_and_data_interfaces"
"unified_rerun_v1","v1_0201_store_item_20170522_dlinear_s47","Store Item","dlinear","2017-05-22","47","checkpoint_final.pt","<local-archive>/统一重跑实验_20260826/outputs/full_unified_run_v1/stage2/v1_0201_store_item_20170522_dlinear_s47/checkpoint_final.pt","unified_rerun_v1_checkpoints_store_item.zip","442079950c198d68791c95d6f02f4a8911ea005987e8ad0184419f2b803932b4","79496","ff777894b1a276ab13a487ffe564e6b02f1f39f3c5329ae1d616bd7c4a8f8af8","1c4e9fb46722e6cf39720c3d97837aee73253b5eb1256fa2124af295b48615b1","a693d7ad962bf63fb6a438bad0458eb54fad111aa1b4ac5316cf308b7e7b6e08","not_recovered","96f573b570f1b2d301538d41f90dacef49f3190e6f15d4c0105641fefebfcd31","final_refit","planned_not_uploaded","blocked_by_nonportable_model_and_data_interfaces"
"unified_rerun_v1","v1_0202_store_item_20170619_dlinear_s13","Store Item","dlinear","2017-06-19","13","checkpoint_final.pt","<local-archive>/统一重跑实验_20260826/outputs/full_unified_run_v1/stage2/v1_0202_store_item_20170619_dlinear_s13/checkpoint_final.pt","unified_rerun_v1_checkpoints_store_item.zip","20d46f4fae7e09e0463dc67a050f71498060f74738b4ff2dcc65766c540ce3e7","79816","37d937ca96e702c5658b752d360541ca26f2fa2188cd9901e8389c6d202299d6","01991a43b3d53153d0dd2886ae5105233fe91993830daf26aefb39c0cb0d4921","49af82baf9ddd15ab33f271a1574cfeca16db74d9b19c1425ad84be55fa3c5cc","not_recovered","28beca4732b3f14a100f847605d2098885a415ba97668113a3ccce044ffb107d","final_refit","planned_not_uploaded","blocked_by_nonportable_model_and_data_interfaces"
"unified_rerun_v1","v1_0203_store_item_20170619_dlinear_s29","Store Item","dlinear","2017-06-19","29","checkpoint_final.pt","<local-archive>/统一重跑实验_20260826/outputs/full_unified_run_v1/stage2/v1_0203_store_item_20170619_dlinear_s29/checkpoint_final.pt","unified_rerun_v1_checkpoints_store_item.zip","5424bf3235a4b1a8ece397d86740d7c09014e1de94fd974ac89e630f43446975","80008","65dc8aa52a9547481ac96a621e61a27216d8e88e41e31a462f8c559cbf9bfacb","29604f8b1f3a7358ad3b2f524c30d18937c4d55d77e16a41c9ea910de4c1afd9","de967ab76260a2655910ca4ccb3ecb72681a8d9a64222018e89a6ff486554f4d","not_recovered","28beca4732b3f14a100f847605d2098885a415ba97668113a3ccce044ffb107d","final_refit","planned_not_uploaded","blocked_by_nonportable_model_and_data_interfaces"
"unified_rerun_v1","v1_0204_store_item_20170619_dlinear_s47","Store Item","dlinear","2017-06-19","47","checkpoint_final.pt","<local-archive>/统一重跑实验_20260826/outputs/full_unified_run_v1/stage2/v1_0204_store_item_20170619_dlinear_s47/checkpoint_final.pt","unified_rerun_v1_checkpoints_store_item.zip","40619e48868fe16634e21d029c69a992f62a719d5b61d6f9d7db0bf0fc86c219","79752","ab69988e41f892332bb74ebc6c8b0306105a4022a2bc02495ce8417cee485e17","443cabcd487f5a34175e0ae929f918c3398b640c7e6f0436e164b1e5145eda69","820284eff1f6bf8fd8582b2aee7ca9c46ac487609b5447904df95515d9e7f366","not_recovered","28beca4732b3f14a100f847605d2098885a415ba97668113a3ccce044ffb107d","final_refit","planned_not_uploaded","blocked_by_nonportable_model_and_data_interfaces"
"unified_rerun_v1","v1_0205_store_item_20170717_dlinear_s13","Store Item","dlinear","2017-07-17","13","checkpoint_final.pt","<local-archive>/统一重跑实验_20260826/outputs/full_unified_run_v1/stage2/v1_0205_store_item_20170717_dlinear_s13/checkpoint_final.pt","unified_rerun_v1_checkpoints_store_item.zip","23e5adba53f2f1c5e3674a0c84407a08a4f2849693bebe2add638110f5beebc9","79752","68145ed4364cc57c5277b6a28252ec211e3f4451e260c6114559965ecde783eb","839d3f2f4d2dc98062306f520de423c8aad91f6b629bf7949e9152e639d8bd7a","6d4bf0bc321ef5a492d569199c872394c591045e20e82d3ac20ec5b01311161d","not_recovered","cb704e15bf73a80e87151fc7a786498308b0888b5b69c93a6c61d1fdd789036d","final_refit","planned_not_uploaded","blocked_by_nonportable_model_and_data_interfaces"
"unified_rerun_v1","v1_0206_store_item_20170717_dlinear_s29","Store Item","dlinear","2017-07-17","29","checkpoint_final.pt","<local-archive>/统一重跑实验_20260826/outputs/full_unified_run_v1/stage2/v1_0206_store_item_20170717_dlinear_s29/checkpoint_final.pt","unified_rerun_v1_checkpoints_store_item.zip","2fafeb44179399350cd23b0247556c1592c0122197666592169d4a32104839be","79048","c951570385cb0dd5832ce92c35f9d9b8a43f66d51ee1228d03936ce69595a3fc","f9da6f1a4e59e1e863d7a21f179265f374f0cd0337ae33cd3aac566e0549be0a","ac209f83071fe005318a862bdc4ea3e153b4a50bbd713f5afbce56fc12371730","not_recovered","cb704e15bf73a80e87151fc7a786498308b0888b5b69c93a6c61d1fdd789036d","final_refit","planned_not_uploaded","blocked_by_nonportable_model_and_data_interfaces"
"unified_rerun_v1","v1_0207_store_item_20170717_dlinear_s47","Store Item","dlinear","2017-07-17","47","checkpoint_final.pt","<local-archive>/统一重跑实验_20260826/outputs/full_unified_run_v1/stage2/v1_0207_store_item_20170717_dlinear_s47/checkpoint_final.pt","unified_rerun_v1_checkpoints_store_item.zip","fe5079dc0294fcc5aaad8686763064f989d0056d5a5455f376a32d38a07e628f","79624","c2165f248e6e5c125a94fe52dfcc57ba8a2c369979f0257a5c244b965cbfab6a","801fd5c2f8a458a4d5e2f3f5ac369b119732303f676eec76f2869993dc0d55dc","65d4a9e42e2cf77aeec8cb33be72a2d388c63408b3f5b51156d105a2a66bca97","not_recovered","cb704e15bf73a80e87151fc7a786498308b0888b5b69c93a6c61d1fdd789036d","final_refit","planned_not_uploaded","blocked_by_nonportable_model_and_data_interfaces"
"unified_rerun_v1","v1_0016_store_item_20170522_global_lightgbm_s13","Store Item","global_lightgbm","2017-05-22","13","checkpoint_final.pt","<local-archive>/统一重跑实验_20260826/outputs/full_unified_run_v1/stage2/v1_0016_store_item_20170522_global_lightgbm_s13/checkpoint_final.pt","unified_rerun_v1_checkpoints_store_item.zip","8b5f6afd5045490377e59cb8cf305e74a45d9a4ae61c0b363b8d5510979a72d0","2054880","6353e4510642790e2b34d4dc062224959a9c5c29aebc7914a3ac20604fa9a1c6","89339dcb69465e49acaa883aa2745ce199215ebfad402983554232edf13ad58e","a7a932a80138f812303582e4fba4a21601d73105850c5f797da2f7bf1436b83f","not_recovered","96f573b570f1b2d301538d41f90dacef49f3190e6f15d4c0105641fefebfcd31","final_refit","planned_not_uploaded","blocked_by_nonportable_model_and_data_interfaces"
"unified_rerun_v1","v1_0017_store_item_20170619_global_lightgbm_s13","Store Item","global_lightgbm","2017-06-19","13","checkpoint_final.pt","<local-archive>/统一重跑实验_20260826/outputs/full_unified_run_v1/stage2/v1_0017_store_item_20170619_global_lightgbm_s13/checkpoint_final.pt","unified_rerun_v1_checkpoints_store_item.zip","366c3dba3641d382ce592ae469f8fb62e020df88ce1bde286e56b81486e33ab8","2053984","6a973b6a490676fb5f02bc7ef9f9bf1473cd4bc83f8661114ddb195c0d9ac43e","fbde90d6c7b9b51defa2b0da9b0f453385fede72744e0fbbdb168bb599228348","569db926c470d9caad48dea784d2a06362ce9cd943ff7e9ba25bdeca7f836745","not_recovered","28beca4732b3f14a100f847605d2098885a415ba97668113a3ccce044ffb107d","final_refit","planned_not_uploaded","blocked_by_nonportable_model_and_data_interfaces"
"unified_rerun_v1","v1_0018_store_item_20170717_global_lightgbm_s13","Store Item","global_lightgbm","2017-07-17","13","checkpoint_final.pt","<local-archive>/统一重跑实验_20260826/outputs/full_unified_run_v1/stage2/v1_0018_store_item_20170717_global_lightgbm_s13/checkpoint_final.pt","unified_rerun_v1_checkpoints_store_item.zip","dc06771f0d10395015c5763ba958da0634bc5b54d735a56ae852ec4ae5ee7a9a","2054048","a529940eff759348e127c64d74552c367a3bfaa943c40c6e7e0e18b2c6a8730a","a39f31d0b381c1cb78eb02a68f4a51654774469142826c691d614b5c59e7d34c","23b23f1c0e70efa24b60151bafdcbc0fd1638f16827d82a3513a134af5795e00","not_recovered","cb704e15bf73a80e87151fc7a786498308b0888b5b69c93a6c61d1fdd789036d","final_refit","planned_not_uploaded","blocked_by_nonportable_model_and_data_interfaces"
"unified_rerun_v1","v1_0361_store_item_20170522_gts_native_s13","Store Item","gts_native","2017-05-22","13","checkpoint_final.pt","<local-archive>/统一重跑实验_20260826/outputs/full_unified_run_v1/stage1/v1_0361_store_item_20170522_gts_native_s13/checkpoint_final.pt","unified_rerun_v1_checkpoints_store_item.zip","eebda6dfbea0d3c48556602a5410c8a7d5952dcec96739c00990927f64118821","1643018","68fdaccd7c2dfd9cd33e3ab1817e74c1fab59102ec4eb8668dad90d7b6564882","d4ceaa67f24a59d10c84dfee53a36a4b8e9ade2aa04a16c71f0b8046ccbfa0b8","47dd3a1131a076da28c2a0fa39c2410f7d4df9ce5ccf2d73499dfe793edf5818","not_recovered","96f573b570f1b2d301538d41f90dacef49f3190e6f15d4c0105641fefebfcd31","final_refit","planned_not_uploaded","blocked_by_nonportable_model_and_data_interfaces"
"unified_rerun_v1","v1_0362_store_item_20170522_gts_native_s29","Store Item","gts_native","2017-05-22","29","checkpoint_final.pt","<local-archive>/统一重跑实验_20260826/outputs/full_unified_run_v1/stage1/v1_0362_store_item_20170522_gts_native_s29/checkpoint_final.pt","unified_rerun_v1_checkpoints_store_item.zip","9dc7398b85025882b96f4da2fe3da321dadddbb61bd8f2321eface79cf968f26","1643146","c6f60f364ff3fdcce5057fdb48d92831c42502214c65cfeebb65c99661cc441e","468deefeaf2dbc8c86dea1c744513f491d7c40606879b75bd1d478fd3e2f4064","e575eebf0d60e3a90a6e88140a5c6ceb87dd7d9c21d88f5ddd298f94bbc9768a","not_recovered","96f573b570f1b2d301538d41f90dacef49f3190e6f15d4c0105641fefebfcd31","final_refit","planned_not_uploaded","blocked_by_nonportable_model_and_data_interfaces"
"unified_rerun_v1","v1_0363_store_item_20170522_gts_native_s47","Store Item","gts_native","2017-05-22","47","checkpoint_final.pt","<local-archive>/统一重跑实验_20260826/outputs/full_unified_run_v1/stage1/v1_0363_store_item_20170522_gts_native_s47/checkpoint_final.pt","unified_rerun_v1_checkpoints_store_item.zip","1a98b177b42b444e9091369adf96b0303f63271a08ceb8ab000862294ecfc069","1643082","30986f25a3c58397e9496b50a1b52d90808dcb740f1da60f66abfa447f5eb440","db4f84bf2f96700e0308eb85f76ec1d734d4849c5350cb4ec41ac77684d66c20","cb80216189e7e207464425687e21575c7024e383805a8a7c3db75b81e04fd306","not_recovered","96f573b570f1b2d301538d41f90dacef49f3190e6f15d4c0105641fefebfcd31","final_refit","planned_not_uploaded","blocked_by_nonportable_model_and_data_interfaces"
"unified_rerun_v1","v1_0364_store_item_20170619_gts_native_s13","Store Item","gts_native","2017-06-19","13","checkpoint_final.pt","<local-archive>/统一重跑实验_20260826/outputs/full_unified_run_v1/stage1/v1_0364_store_item_20170619_gts_native_s13/checkpoint_final.pt","unified_rerun_v1_checkpoints_store_item.zip","b55c7e8959f1f671940bdb33989bb536f39fdfbe3d67f67c2ea54b6c87261b97","1643146","d7d2f0b5bd3d67d2534782335d1ac4748b9877a8d1dedad0a3df14b3e21b1d2a","790fa56dce68e0546ead556dd11e65be8ad2473f9164e011f9b89abc27885cf2","e5b22aeec43d89b2288c993495958f32309c5e5b4f48c5fc546dee6d9761e4ce","not_recovered","28beca4732b3f14a100f847605d2098885a415ba97668113a3ccce044ffb107d","final_refit","planned_not_uploaded","blocked_by_nonportable_model_and_data_interfaces"
"unified_rerun_v1","v1_0365_store_item_20170619_gts_native_s29","Store Item","gts_native","2017-06-19","29","checkpoint_final.pt","<local-archive>/统一重跑实验_20260826/outputs/full_unified_run_v1/stage1/v1_0365_store_item_20170619_gts_native_s29/checkpoint_final.pt","unified_rerun_v1_checkpoints_store_item.zip","7efc56fb90dae5eabc385ff6375dec8af6ce038fc23e4ee4475ca71dcee621cc","1642314","05d1aa29f2321869359e307a26b9f8d477b448db20a211a1fec2324d39153bd6","6a1f4d5ffe3299a97544496164bfad3844b605c61765955fc19fa75f0b012ce5","d4e0600fedd77d9d504c89d07e140d06b40660970a5bdac7e3b63b733014ce21","not_recovered","28beca4732b3f14a100f847605d2098885a415ba97668113a3ccce044ffb107d","final_refit","planned_not_uploaded","blocked_by_nonportable_model_and_data_interfaces"
"unified_rerun_v1","v1_0366_store_item_20170619_gts_native_s47","Store Item","gts_native","2017-06-19","47","checkpoint_final.pt","<local-archive>/统一重跑实验_20260826/outputs/full_unified_run_v1/stage1/v1_0366_store_item_20170619_gts_native_s47/checkpoint_final.pt","unified_rerun_v1_checkpoints_store_item.zip","7c1134e7e1803891de3b331478a68b640bd361a654a612d0d9ab580182ffc0d3","1643082","53680d29f61f4467403bafe440a3517a2ffda6074643ebc80e39dcb319af2577","084faf8912ea902ccceec45b93c9ce0d6789ee57d4274b757e37a7a7f530cf98","7e28a61d9ae4e92e4f13562b862d88246ccb356593a3e6d926c27902da9d0735","not_recovered","28beca4732b3f14a100f847605d2098885a415ba97668113a3ccce044ffb107d","final_refit","planned_not_uploaded","blocked_by_nonportable_model_and_data_interfaces"
"unified_rerun_v1","v1_0367_store_item_20170717_gts_native_s13","Store Item","gts_native","2017-07-17","13","checkpoint_final.pt","<local-archive>/统一重跑实验_20260826/outputs/full_unified_run_v1/stage1/v1_0367_store_item_20170717_gts_native_s13/checkpoint_final.pt","unified_rerun_v1_checkpoints_store_item.zip","848db0d45e03fe33a396fe1327eb64de9ce976b54f930b762b5275e5c3ff903f","1643146","3667a4272506ef8a0abe453dc66803f7b848280b0b56505d6d32f89958c06281","c9fd2fe873a307be66b80053ee48e7dc6368b2aa2e6dc08ce0b49890453f5b0b","4cc97007fa9dddf9b6384e4b4a450570f6239ff203f586aece45340793308242","not_recovered","cb704e15bf73a80e87151fc7a786498308b0888b5b69c93a6c61d1fdd789036d","final_refit","planned_not_uploaded","blocked_by_nonportable_model_and_data_interfaces"
"unified_rerun_v1","v1_0368_store_item_20170717_gts_native_s29","Store Item","gts_native","2017-07-17","29","checkpoint_final.pt","<local-archive>/统一重跑实验_20260826/outputs/full_unified_run_v1/stage1/v1_0368_store_item_20170717_gts_native_s29/checkpoint_final.pt","unified_rerun_v1_checkpoints_store_item.zip","41880617ad5036150e705ee24db34261c94be902b4349ba13ec29c01f2e7eaaa","1642698","3725dadb230928646dccae14610bab8dfebef9967dde24c008afe7c6e31426da","492bbcebfce201072d4dd29cd32208388e1640664bb8e6b8c3a8488741a3f11f","d7f851d502fa062c45aa20416d5b4ff6f3eefae25b69f381c9c175caec6d4024","not_recovered","cb704e15bf73a80e87151fc7a786498308b0888b5b69c93a6c61d1fdd789036d","final_refit","planned_not_uploaded","blocked_by_nonportable_model_and_data_interfaces"
"unified_rerun_v1","v1_0369_store_item_20170717_gts_native_s47","Store Item","gts_native","2017-07-17","47","checkpoint_final.pt","<local-archive>/统一重跑实验_20260826/outputs/full_unified_run_v1/stage1/v1_0369_store_item_20170717_gts_native_s47/checkpoint_final.pt","unified_rerun_v1_checkpoints_store_item.zip","5a48726e53dc1fcbd411dba3edf3ddb9737f9bcb8d3da85fb8bcae3d62284ac0","1642122","c1e6244db2614b7338adf58064d89c4373eb2c87b347ea0dc87450872cd8b78e","946f9c90c658b1df8b7a18279a95d9989d5e1e5b751cf4ae443fdcb110edc4e2","6a85c8d249329f602a46e0519f21bed15aa475ab0444fec3477690dd1b8bdf54","not_recovered","cb704e15bf73a80e87151fc7a786498308b0888b5b69c93a6c61d1fdd789036d","final_refit","planned_not_uploaded","blocked_by_nonportable_model_and_data_interfaces"
"unified_rerun_v1","v1_0388_store_item_20170522_gts_no_graph_s13","Store Item","gts_no_graph","2017-05-22","13","checkpoint_final.pt","<local-archive>/统一重跑实验_20260826/outputs/full_unified_run_v1/stage1/v1_0388_store_item_20170522_gts_no_graph_s13/checkpoint_final.pt","unified_rerun_v1_checkpoints_store_item.zip","87df8fd655c00316cde6a71d9eacc297ad15130c61aef386a71d0ff16d39ccdd","609098","e0b358262c8f78e429e73063d5f0ce218351b9224a1acbdb0929f3c614b960a0","d1cc21691ed93166b1c4794da5cbd2bb40fa198d1c671768ca2fc42069d27186","69579fc394f46b0c2fc32d70227bcca5cec92320b0b10cf7a8e4ff92542232a6","not_recovered","96f573b570f1b2d301538d41f90dacef49f3190e6f15d4c0105641fefebfcd31","final_refit","planned_not_uploaded","blocked_by_nonportable_model_and_data_interfaces"
"unified_rerun_v1","v1_0389_store_item_20170522_gts_no_graph_s29","Store Item","gts_no_graph","2017-05-22","29","checkpoint_final.pt","<local-archive>/统一重跑实验_20260826/outputs/full_unified_run_v1/stage1/v1_0389_store_item_20170522_gts_no_graph_s29/checkpoint_final.pt","unified_rerun_v1_checkpoints_store_item.zip","0e542fa5bd112388a7762b6c05fb921e8d97ac3a0d375efe6cb7a39e31d0e790","609098","5c80339b805bf7186d8c2675aee77f5a55c0e5b16f8c89e9120da0f6e18bcaef","34edbfe296dcfe4784fc34868c347731a377d325428c0af96fa91f14a402e657","e0756bf38ee8b4164d3a10452c40666227baa874e4fa6be208b0ca0a7f2775b4","not_recovered","96f573b570f1b2d301538d41f90dacef49f3190e6f15d4c0105641fefebfcd31","final_refit","planned_not_uploaded","blocked_by_nonportable_model_and_data_interfaces"
"unified_rerun_v1","v1_0390_store_item_20170522_gts_no_graph_s47","Store Item","gts_no_graph","2017-05-22","47","checkpoint_final.pt","<local-archive>/统一重跑实验_20260826/outputs/full_unified_run_v1/stage1/v1_0390_store_item_20170522_gts_no_graph_s47/checkpoint_final.pt","unified_rerun_v1_checkpoints_store_item.zip","8cd4d0babd8dd906878b6b0c87facaf6e4c011ac68e3106cbb46061bc0c20a2b","609098","13c4a0e6787cd66829978df25634a7825787eb0906ad6b2cb2faf276e5ec95b2","44d6bb53e347841402485565e392bd43fa16dac79fdc4c47fbb8a167bbf3b2ce","de4a43a1761d0de46d6994cdb03cbd7d2e6a9942eb939e36630608c1ed60eaa5","not_recovered","96f573b570f1b2d301538d41f90dacef49f3190e6f15d4c0105641fefebfcd31","final_refit","planned_not_uploaded","blocked_by_nonportable_model_and_data_interfaces"
"unified_rerun_v1","v1_0391_store_item_20170619_gts_no_graph_s13","Store Item","gts_no_graph","2017-06-19","13","checkpoint_final.pt","<local-archive>/统一重跑实验_20260826/outputs/full_unified_run_v1/stage1/v1_0391_store_item_20170619_gts_no_graph_s13/checkpoint_final.pt","unified_rerun_v1_checkpoints_store_item.zip","abd387ea159accd480fbe4bbb15b68b00e5a3a955681dd737110449f8c2209ea","609098","e885a45c42cfe8c635bb689cb929efb1e45b5fec75fe54ceb966280f75ebbb5e","8fe64b9bfc794d00d45c2fc3e2e12f5f28896e51642a2bf9474c7261853bc87f","eee55eefa5656d39a11311873e4e8293818a45fa9810ccdc9b3bc9ea16b325c5","not_recovered","28beca4732b3f14a100f847605d2098885a415ba97668113a3ccce044ffb107d","final_refit","planned_not_uploaded","blocked_by_nonportable_model_and_data_interfaces"
"unified_rerun_v1","v1_0392_store_item_20170619_gts_no_graph_s29","Store Item","gts_no_graph","2017-06-19","29","checkpoint_final.pt","<local-archive>/统一重跑实验_20260826/outputs/full_unified_run_v1/stage1/v1_0392_store_item_20170619_gts_no_graph_s29/checkpoint_final.pt","unified_rerun_v1_checkpoints_store_item.zip","b7db1bfb3df97b8cfd1206e195b91935ef6871202408b25c1731df7fddc2f622","609098","f192a661f3028c7a35bc880b9232099943543a300f277c4ce932a488fd4289eb","4b65abacb52c1f021bad63506c70da67575deb96ed7048eefc6afcc13ebc41a7","346339f94153f1f02c1518bb2c96da27c83f72782f3d698e35f01e03dbf74509","not_recovered","28beca4732b3f14a100f847605d2098885a415ba97668113a3ccce044ffb107d","final_refit","planned_not_uploaded","blocked_by_nonportable_model_and_data_interfaces"
"unified_rerun_v1","v1_0393_store_item_20170619_gts_no_graph_s47","Store Item","gts_no_graph","2017-06-19","47","checkpoint_final.pt","<local-archive>/统一重跑实验_20260826/outputs/full_unified_run_v1/stage1/v1_0393_store_item_20170619_gts_no_graph_s47/checkpoint_final.pt","unified_rerun_v1_checkpoints_store_item.zip","6c5ba7681ce8b0fcab4fe9c7172ed0a500c8de76e955ef5dedacdf0867a77a47","609098","e9fc3ee9be82d85ddb5be3cf02c73b755614e5d4ef89215c5767b63f96204f94","a8fc8918314e9b9ea0e9c673c02ca08089fd1ff3c0ea0700e549d734b39fc6fe","43b554d3d07fff10a2bd4a0e2d6c36c6b3a447a6eed2d7949e7bf0a944e56e0b","not_recovered","28beca4732b3f14a100f847605d2098885a415ba97668113a3ccce044ffb107d","final_refit","planned_not_uploaded","blocked_by_nonportable_model_and_data_interfaces"
"unified_rerun_v1","v1_0394_store_item_20170717_gts_no_graph_s13","Store Item","gts_no_graph","2017-07-17","13","checkpoint_final.pt","<local-archive>/统一重跑实验_20260826/outputs/full_unified_run_v1/stage1/v1_0394_store_item_20170717_gts_no_graph_s13/checkpoint_final.pt","unified_rerun_v1_checkpoints_store_item.zip","13bc9fd3ccdee874dd4ee50c13b9f4a5fbd97622da9ea85ef4e4eb03a596be15","609098","a67cb791847bd2c88259400188e6d5cd183cb1be29d8373c280457e4b6a454d8","62d21505c931837c8311529700ed7db46ab04d0c5f0e21c17c672f2f2841e06e","c6f0d2a62c7168cd8c8a6f09a139ccdbf7c2fd7f5a9cd2d18a0f6a0ba51adb36","not_recovered","cb704e15bf73a80e87151fc7a786498308b0888b5b69c93a6c61d1fdd789036d","final_refit","planned_not_uploaded","blocked_by_nonportable_model_and_data_interfaces"
"unified_rerun_v1","v1_0395_store_item_20170717_gts_no_graph_s29","Store Item","gts_no_graph","2017-07-17","29","checkpoint_final.pt","<local-archive>/统一重跑实验_20260826/outputs/full_unified_run_v1/stage1/v1_0395_store_item_20170717_gts_no_graph_s29/checkpoint_final.pt","unified_rerun_v1_checkpoints_store_item.zip","a85f2c99a306c82cd27c6fe77da18e499eab0c8875ae49531f56900c4e923d96","609034","804ce8c2a1a29ca5f711eed00db21ff4c22ac3c2799ae54e9c5c412c282b37f0","0dd83011ee1c7f78874a2c33e6bc9fe9d4bdfb121461e1e800e0607b193b60a0","f5066464b3ce74951b747aaaa5a40b1bbcd40af5652b1194423f58f1a553d9d8","not_recovered","cb704e15bf73a80e87151fc7a786498308b0888b5b69c93a6c61d1fdd789036d","final_refit","planned_not_uploaded","blocked_by_nonportable_model_and_data_interfaces"
"unified_rerun_v1","v1_0396_store_item_20170717_gts_no_graph_s47","Store Item","gts_no_graph","2017-07-17","47","checkpoint_final.pt","<local-archive>/统一重跑实验_20260826/outputs/full_unified_run_v1/stage1/v1_0396_store_item_20170717_gts_no_graph_s47/checkpoint_final.pt","unified_rerun_v1_checkpoints_store_item.zip","14fc0d66aa51bc5d72b3d10fa326e84a6179a42c62edefd5a60bcc2df09dbe80","609098","aa40df478b1bf72fa75e73b233e24deb7feb41bcea6e1e69bd0b69d7c6281eb1","3f6e5dc47a118c6b198bdc10856a9101321298c67222bb3cf4f2b1901e0c794e","b3243aefb4ad392bc1f6e35bce45394f69935fe996dafb769aed8aed7ea22591","not_recovered","cb704e15bf73a80e87151fc7a786498308b0888b5b69c93a6c61d1fdd789036d","final_refit","planned_not_uploaded","blocked_by_nonportable_model_and_data_interfaces"
"unified_rerun_v1","v1_0415_store_item_20170522_gts_placebo_s13","Store Item","gts_placebo","2017-05-22","13","checkpoint_final.pt","<local-archive>/统一重跑实验_20260826/outputs/full_unified_run_v1/stage1/v1_0415_store_item_20170522_gts_placebo_s13/checkpoint_final.pt","unified_rerun_v1_checkpoints_store_item.zip","6929a6316d40e84344a957b53916d42f087f169441ddb5d9aa6a062a25076055","1643146","0b21c3941258ffce6a7efe9c3537066b341aa9f6e120503b1b61373f47afa1f5","8be3f7ab01d254d62e8b47c4818a90b20d4b63226074fc5c0851d8a9c3cb368d","27857a0760577fecb9e3104cc19130feaa4cb80b806e298442c4d50e141faf5c","not_recovered","96f573b570f1b2d301538d41f90dacef49f3190e6f15d4c0105641fefebfcd31","final_refit","planned_not_uploaded","blocked_by_nonportable_model_and_data_interfaces"
"unified_rerun_v1","v1_0416_store_item_20170522_gts_placebo_s29","Store Item","gts_placebo","2017-05-22","29","checkpoint_final.pt","<local-archive>/统一重跑实验_20260826/outputs/full_unified_run_v1/stage1/v1_0416_store_item_20170522_gts_placebo_s29/checkpoint_final.pt","unified_rerun_v1_checkpoints_store_item.zip","bfdbbe9186f4bbe61312f1e2a0fdd7c75097136b2d05036370e3d256e001bb4c","1642314","c7b8cb15f7b9f3dbd9a748dda70054220c55fb810d3ec8b64f6467a38b77faf6","8f598e583098c9226b362c7b761bc7482675564632866a81e2b8b5ec88f6663c","904fd212cdf357723b1bbeb2814579df83d873af41fa841774fcaa4018253054","not_recovered","96f573b570f1b2d301538d41f90dacef49f3190e6f15d4c0105641fefebfcd31","final_refit","planned_not_uploaded","blocked_by_nonportable_model_and_data_interfaces"
"unified_rerun_v1","v1_0417_store_item_20170522_gts_placebo_s47","Store Item","gts_placebo","2017-05-22","47","checkpoint_final.pt","<local-archive>/统一重跑实验_20260826/outputs/full_unified_run_v1/stage1/v1_0417_store_item_20170522_gts_placebo_s47/checkpoint_final.pt","unified_rerun_v1_checkpoints_store_item.zip","9afdf47f85e88dee006874a188fa25cd777073c1e97e979d887e9cee0d994904","1643082","33b500a84b4414f6997e12eb353f6491091904cb5d7c96518aee7293dad4e082","ffd653df87e1a02b20f6a213c1a82afecb2293c620644525f7bdebba00277d3b","61bf763a11a62ef48cbc86f2e66ace3773a8ef3fadb23f30c44e905113db4175","not_recovered","96f573b570f1b2d301538d41f90dacef49f3190e6f15d4c0105641fefebfcd31","final_refit","planned_not_uploaded","blocked_by_nonportable_model_and_data_interfaces"
"unified_rerun_v1","v1_0418_store_item_20170619_gts_placebo_s13","Store Item","gts_placebo","2017-06-19","13","checkpoint_final.pt","<local-archive>/统一重跑实验_20260826/outputs/full_unified_run_v1/stage1/v1_0418_store_item_20170619_gts_placebo_s13/checkpoint_final.pt","unified_rerun_v1_checkpoints_store_item.zip","b9f0c710dbdf6ce46abbd614f3d98d881f7158c34408a6fdf85941b98f55ac31","1641994","55367ab6a7d54fed4d45c0400a2009093f44cd54eb1a5f05a65d13ac5743dee1","747cc325dafbd1f096a3f755cae9ae1ca0432e8dba7909dd315da4cbdcc822f5","08d9ad70dcd9e225c45a50d8c9e80365b8194c14391461f16dab97e6f9a59b1e","not_recovered","28beca4732b3f14a100f847605d2098885a415ba97668113a3ccce044ffb107d","final_refit","planned_not_uploaded","blocked_by_nonportable_model_and_data_interfaces"
"unified_rerun_v1","v1_0419_store_item_20170619_gts_placebo_s29","Store Item","gts_placebo","2017-06-19","29","checkpoint_final.pt","<local-archive>/统一重跑实验_20260826/outputs/full_unified_run_v1/stage1/v1_0419_store_item_20170619_gts_placebo_s29/checkpoint_final.pt","unified_rerun_v1_checkpoints_store_item.zip","9226437be940de698a021888816178e5f70213704b8b8f24180c15f5bb2a2c68","1641802","d1cc262f2c82b18ddace2f1d0ce0ab11df61a03989f7947f417e8a3050e48df5","ec504580d89985d176c44ed1daecb2c61fa916c739b4223440798f574b7c400e","745da6bc5fb776840c017cabce66ec4ee8e80d7fd5af6e356b9c356a91ee7359","not_recovered","28beca4732b3f14a100f847605d2098885a415ba97668113a3ccce044ffb107d","final_refit","planned_not_uploaded","blocked_by_nonportable_model_and_data_interfaces"
"unified_rerun_v1","v1_0420_store_item_20170619_gts_placebo_s47","Store Item","gts_placebo","2017-06-19","47","checkpoint_final.pt","<local-archive>/统一重跑实验_20260826/outputs/full_unified_run_v1/stage1/v1_0420_store_item_20170619_gts_placebo_s47/checkpoint_final.pt","unified_rerun_v1_checkpoints_store_item.zip","1baa8376f37a0c1c44da6e54ccbb2c11cf30e831711eb9a70db34e9ed6cd1e09","1643082","5ff8f455e9258e6f2ebcdb5d1b15f2f15ba396c112f2524e144cc8d2ce0fe078","3ac1f12e8695b4a1755ffc8d0288626efd7637b9090d238022ecdc3b214093db","517f474ca91eb3287cb0be9d6d40688f0c469115b376a6e9d6f382071d64fd32","not_recovered","28beca4732b3f14a100f847605d2098885a415ba97668113a3ccce044ffb107d","final_refit","planned_not_uploaded","blocked_by_nonportable_model_and_data_interfaces"
"unified_rerun_v1","v1_0421_store_item_20170717_gts_placebo_s13","Store Item","gts_placebo","2017-07-17","13","checkpoint_final.pt","<local-archive>/统一重跑实验_20260826/outputs/full_unified_run_v1/stage1/v1_0421_store_item_20170717_gts_placebo_s13/checkpoint_final.pt","unified_rerun_v1_checkpoints_store_item.zip","a7aace913f5fb16990ce9f718d886d9a84753694681e5ab8d9a33cf8c0cb5f94","1643082","6516e0a60c51ee5bb5d5c85c807ac4d9f53cd26a5546f20a019c44fd2aacc6f3","06026f150370cdc47514d439cab3d1680bf76e423872f80a025bb4de1ef81d4b","94a26e59558aecac6984ffda249bf1c7502927bf0a592c05f45a0aac27f270ae","not_recovered","cb704e15bf73a80e87151fc7a786498308b0888b5b69c93a6c61d1fdd789036d","final_refit","planned_not_uploaded","blocked_by_nonportable_model_and_data_interfaces"
"unified_rerun_v1","v1_0422_store_item_20170717_gts_placebo_s29","Store Item","gts_placebo","2017-07-17","29","checkpoint_final.pt","<local-archive>/统一重跑实验_20260826/outputs/full_unified_run_v1/stage1/v1_0422_store_item_20170717_gts_placebo_s29/checkpoint_final.pt","unified_rerun_v1_checkpoints_store_item.zip","8c52e39db020d6b5e26b90e8110acf9f3cbab89be7c71a2920fc41ec845a2599","1641674","f0e599014bbfb989ab0a08142ef84e0d0a04922ea610bc85455df1b86534841a","9f911a898ff3a9f88c6358cc6d7e21a5ed15727282076b26dd55be775b28b02b","9740a77a83cb5769a6c6e67d793bc76dfa82e7bae7dbf1b9dff42293f933e937","not_recovered","cb704e15bf73a80e87151fc7a786498308b0888b5b69c93a6c61d1fdd789036d","final_refit","planned_not_uploaded","blocked_by_nonportable_model_and_data_interfaces"
"unified_rerun_v1","v1_0423_store_item_20170717_gts_placebo_s47","Store Item","gts_placebo","2017-07-17","47","checkpoint_final.pt","<local-archive>/统一重跑实验_20260826/outputs/full_unified_run_v1/stage1/v1_0423_store_item_20170717_gts_placebo_s47/checkpoint_final.pt","unified_rerun_v1_checkpoints_store_item.zip","f8f9aae0382787fdc423c1c2ee937dd7896e749fdfd9203842a1e45fa42bb6f9","1643082","34b1dd929c16ba16befe802d35022740fbe6806aa0ab66b29d3565e51bc89d1b","59e2c2e350d62db1437b833da9f5f303d5c7a10e9433a877090fa5d4828a548b","66b3cdcceb89feb97e62244066596ea7c12accde359725c9f7f7f64d24628dce","not_recovered","cb704e15bf73a80e87151fc7a786498308b0888b5b69c93a6c61d1fdd789036d","final_refit","planned_not_uploaded","blocked_by_nonportable_model_and_data_interfaces"
"unified_rerun_v1","v1_0280_store_item_20170522_itransformer_s13","Store Item","itransformer","2017-05-22","13","checkpoint_final.pt","<local-archive>/统一重跑实验_20260826/outputs/full_unified_run_v1/stage2/v1_0280_store_item_20170522_itransformer_s13/checkpoint_final.pt","unified_rerun_v1_checkpoints_store_item.zip","91935049827680c8b45763810221e7e3c2e35ad6baed6b7602c47748889f8b85","955438","05019fa8cea760c4251cb298006f249721fd8c165a1c97916ea8f45e09d77c62","1fc3706b78004c4797db87bb8c1f23698e1a845b55a68afdf7ed578fbdda7985","df916cee3b6843948933062fdadfb74a4bb277d4f634ce1f77d87e7920cde5e8","not_recovered","96f573b570f1b2d301538d41f90dacef49f3190e6f15d4c0105641fefebfcd31","final_refit","planned_not_uploaded","blocked_by_nonportable_model_and_data_interfaces"
"unified_rerun_v1","v1_0281_store_item_20170522_itransformer_s29","Store Item","itransformer","2017-05-22","29","checkpoint_final.pt","<local-archive>/统一重跑实验_20260826/outputs/full_unified_run_v1/stage2/v1_0281_store_item_20170522_itransformer_s29/checkpoint_final.pt","unified_rerun_v1_checkpoints_store_item.zip","bd266c9b38025b27b5d19877589963c94418498d17da02c941ebf651c6e70e80","955566","ca50a2e51545fd138247ffe156ef3105fb9f1dd177d6bdaf955f2a639f4db853","430c4e2ce008a71a76d7708184cef57dd2c33c12f2ac91e9ad5194190a2021ed","f24512e2dde5a42056db05948a99f695d579c26fc92907e46247c29447ffbdd3","not_recovered","96f573b570f1b2d301538d41f90dacef49f3190e6f15d4c0105641fefebfcd31","final_refit","planned_not_uploaded","blocked_by_nonportable_model_and_data_interfaces"
"unified_rerun_v1","v1_0282_store_item_20170522_itransformer_s47","Store Item","itransformer","2017-05-22","47","checkpoint_final.pt","<local-archive>/统一重跑实验_20260826/outputs/full_unified_run_v1/stage2/v1_0282_store_item_20170522_itransformer_s47/checkpoint_final.pt","unified_rerun_v1_checkpoints_store_item.zip","7db44a887c1e26015db857912064d3f8c7f95f10bab2ae0e26e1a479717f8403","955246","60ea255f87c385ad854fc733356597394d56bbaf98cb9ecb7610a88f2837079a","78108f48ef3d51eedd23d50fe87d8790f505d48cf66b1e58b8d8b5fcd3015845","08069b0aacac2b4ef27bf3bbc56ce625965979c4ba230e78e785446e0be9d9a4","not_recovered","96f573b570f1b2d301538d41f90dacef49f3190e6f15d4c0105641fefebfcd31","final_refit","planned_not_uploaded","blocked_by_nonportable_model_and_data_interfaces"
"unified_rerun_v1","v1_0283_store_item_20170619_itransformer_s13","Store Item","itransformer","2017-06-19","13","checkpoint_final.pt","<local-archive>/统一重跑实验_20260826/outputs/full_unified_run_v1/stage2/v1_0283_store_item_20170619_itransformer_s13/checkpoint_final.pt","unified_rerun_v1_checkpoints_store_item.zip","ac4d2236ff64dd3e09731dbe4a373cccb53ae37f4dafe751d7036958a32242ff","955246","8a4d7ed2274f0e71b706c3cc82da13eb5eda90b3ecdcb57f8f53c07269864702","e5d13e3609d547f447dc5b4fd9b1a0b71369f34612dfd2a21769b79e3bfdeea3","1e6b93179dcc4fb25ee9c6b6663dab94603b5848bb456132789de739f39710b8","not_recovered","28beca4732b3f14a100f847605d2098885a415ba97668113a3ccce044ffb107d","final_refit","planned_not_uploaded","blocked_by_nonportable_model_and_data_interfaces"
"unified_rerun_v1","v1_0284_store_item_20170619_itransformer_s29","Store Item","itransformer","2017-06-19","29","checkpoint_final.pt","<local-archive>/统一重跑实验_20260826/outputs/full_unified_run_v1/stage2/v1_0284_store_item_20170619_itransformer_s29/checkpoint_final.pt","unified_rerun_v1_checkpoints_store_item.zip","ce129499a5b6dac3e3db0ad8a9917c09e0948616556b9143fedacd6b0a402e8c","955438","14684e99e40c90896aa9cb68cbe93418efc9f71eb1ada359bdc87c430c17dadc","93c38f24b8057d6deaf0a15020484b55ca01a6e84cfd7db3ca5579298906e3d5","788fd7be7f2adc0555262ffc7c22168cb0c20ecfdb0bffa035807c5de86b0f55","not_recovered","28beca4732b3f14a100f847605d2098885a415ba97668113a3ccce044ffb107d","final_refit","planned_not_uploaded","blocked_by_nonportable_model_and_data_interfaces"
"unified_rerun_v1","v1_0285_store_item_20170619_itransformer_s47","Store Item","itransformer","2017-06-19","47","checkpoint_final.pt","<local-archive>/统一重跑实验_20260826/outputs/full_unified_run_v1/stage2/v1_0285_store_item_20170619_itransformer_s47/checkpoint_final.pt","unified_rerun_v1_checkpoints_store_item.zip","5590814c03063dc3a0332a9556debdf703bce3e8e85be413fa436cdde5d96d45","955886","fcfa9e96981dd49ad0ce80c4b76a1f0ff209145092959e7ea2cbc5766e0f8b98","7525936e2b4a663f880ab99375706b4949aa4c6082fced7729d6b834d0ca559f","f1e3d929ae861c42483ed35f6d2fbc923c3a01c226962355f6e5dacfbf151eaf","not_recovered","28beca4732b3f14a100f847605d2098885a415ba97668113a3ccce044ffb107d","final_refit","planned_not_uploaded","blocked_by_nonportable_model_and_data_interfaces"
"unified_rerun_v1","v1_0286_store_item_20170717_itransformer_s13","Store Item","itransformer","2017-07-17","13","checkpoint_final.pt","<local-archive>/统一重跑实验_20260826/outputs/full_unified_run_v1/stage2/v1_0286_store_item_20170717_itransformer_s13/checkpoint_final.pt","unified_rerun_v1_checkpoints_store_item.zip","6ba0cc391526a8b1f255ebeb90b2d39cb094b0e1583b09b74ccb0219e89b6488","955246","13de538c741f587c257135d532dfb39a4aaeb7623d2ab3e2c746842b64496114","ed400c402e047811642c3ec50de80993f8f03c8c378ed614010d060c39561e17","b6b5b2b9747a53e87bf9d4c471d58e9a53c28495aca42f9a68bee1ffa9f81df6","not_recovered","cb704e15bf73a80e87151fc7a786498308b0888b5b69c93a6c61d1fdd789036d","final_refit","planned_not_uploaded","blocked_by_nonportable_model_and_data_interfaces"
"unified_rerun_v1","v1_0287_store_item_20170717_itransformer_s29","Store Item","itransformer","2017-07-17","29","checkpoint_final.pt","<local-archive>/统一重跑实验_20260826/outputs/full_unified_run_v1/stage2/v1_0287_store_item_20170717_itransformer_s29/checkpoint_final.pt","unified_rerun_v1_checkpoints_store_item.zip","1b6095ca5104c21dca1c1be064302b567673225bf7c4aa4cc041531d6d16a894","956334","0781a29e4f364243b789e9323ccd63bbe533a47a0c02e9f34bf2c5f6d7e85bbd","960d6a5f219cf92befaf0128b92b8f895b74d8f9bad21aad7c3d34b53716c3af","0efda072658a6e244690ccd64636f0f1b771a3ff8e2f67693cc847f602e3f3ee","not_recovered","cb704e15bf73a80e87151fc7a786498308b0888b5b69c93a6c61d1fdd789036d","final_refit","planned_not_uploaded","blocked_by_nonportable_model_and_data_interfaces"
"unified_rerun_v1","v1_0288_store_item_20170717_itransformer_s47","Store Item","itransformer","2017-07-17","47","checkpoint_final.pt","<local-archive>/统一重跑实验_20260826/outputs/full_unified_run_v1/stage2/v1_0288_store_item_20170717_itransformer_s47/checkpoint_final.pt","unified_rerun_v1_checkpoints_store_item.zip","1de9cf457a0db91fe67e453ddf5a23c70eeb94360a21dbf34308af79bcb0d1c0","955630","62beba5d198d142387ab9efd31645520a23c04ac4b690c425fc07d3df8d5906f","368bb0391a90b393ae536c80dc27bee104c3dc66aec919909cccd2303ed35937","0f763b8151e04cea6259fc479aea80e6acf8b1c0637797c0f0203f4a699dd814","not_recovered","cb704e15bf73a80e87151fc7a786498308b0888b5b69c93a6c61d1fdd789036d","final_refit","planned_not_uploaded","blocked_by_nonportable_model_and_data_interfaces"
"unified_rerun_v1","v1_0523_store_item_20170522_mage_native_s13","Store Item","mage_native","2017-05-22","13","checkpoint_final.pt","<local-archive>/统一重跑实验_20260826/outputs/full_unified_run_v1/stage1/v1_0523_store_item_20170522_mage_native_s13/checkpoint_final.pt","unified_rerun_v1_checkpoints_store_item.zip","32874ab0f30c3de773e6fd9386f27dd205558aa6804c3ebf6ae873676dd3d7ed","2324554","26f3a6167d6cc2a810e41b1c2d67befb1771f988ac3ae42efa903481cf675702","2cdc1f7a4f332713d6b9c62b310ffe9b740f7b7f830356b45ebdd69569745d2c","3731142c6298e8aec8a26626c676279cfcb37e862488963d6b5802b6879ef666","not_recovered","96f573b570f1b2d301538d41f90dacef49f3190e6f15d4c0105641fefebfcd31","final_refit","planned_not_uploaded","blocked_by_nonportable_model_and_data_interfaces"
"unified_rerun_v1","v1_0524_store_item_20170522_mage_native_s29","Store Item","mage_native","2017-05-22","29","checkpoint_final.pt","<local-archive>/统一重跑实验_20260826/outputs/full_unified_run_v1/stage1/v1_0524_store_item_20170522_mage_native_s29/checkpoint_final.pt","unified_rerun_v1_checkpoints_store_item.zip","86deef46bb519571467d65b5d957fc79bc3d38f0c279c68663fca4f6b016d9a0","2324426","7c5f97809bae644a4160415adb19ddb8ecb51ee48eb9c3b89479921e1286a823","417020421b66549de64665da920690968dfea1c9c7af16c676d72cc39ee56272","9fde5ca90964a9193b0725fce223b3d76d089c770d7b776c6e71880d87e36f7b","not_recovered","96f573b570f1b2d301538d41f90dacef49f3190e6f15d4c0105641fefebfcd31","final_refit","planned_not_uploaded","blocked_by_nonportable_model_and_data_interfaces"
"unified_rerun_v1","v1_0525_store_item_20170522_mage_native_s47","Store Item","mage_native","2017-05-22","47","checkpoint_final.pt","<local-archive>/统一重跑实验_20260826/outputs/full_unified_run_v1/stage1/v1_0525_store_item_20170522_mage_native_s47/checkpoint_final.pt","unified_rerun_v1_checkpoints_store_item.zip","7612ed3dd620670293fdf86b008b414b436e702e1109f01fd595598fa0b134ae","2324106","44052b34bdeb0b91daddf416072131c0e598528c77cf747cac73004425df1d29","8eb4c38242629d8d217742500de360efdca06cea0178a43d9d7abcf7667d3b85","06574240031fae120b856cb48881158d4cb47a8b6b4b5bf746bd364f20dc9a4d","not_recovered","96f573b570f1b2d301538d41f90dacef49f3190e6f15d4c0105641fefebfcd31","final_refit","planned_not_uploaded","blocked_by_nonportable_model_and_data_interfaces"
"unified_rerun_v1","v1_0526_store_item_20170619_mage_native_s13","Store Item","mage_native","2017-06-19","13","checkpoint_final.pt","<local-archive>/统一重跑实验_20260826/outputs/full_unified_run_v1/stage1/v1_0526_store_item_20170619_mage_native_s13/checkpoint_final.pt","unified_rerun_v1_checkpoints_store_item.zip","49207311d4530013fd1cc2587512066632878ed73f46073bb1dce17df4a4cc0c","2324554","7e496319acd60efed7a0b424cbd2fd50aec4f8598698bee2fb5d33b84ee23668","7190a93ff9d46cc618bdb125577e4292eb21ca269bbeda53ad5f0ddab3fc8f95","57d7197d105b0d8ab980e3c8820b68d8d1310bd9f1a546bf8c20ad73b4d02b35","not_recovered","28beca4732b3f14a100f847605d2098885a415ba97668113a3ccce044ffb107d","final_refit","planned_not_uploaded","blocked_by_nonportable_model_and_data_interfaces"
"unified_rerun_v1","v1_0527_store_item_20170619_mage_native_s29","Store Item","mage_native","2017-06-19","29","checkpoint_final.pt","<local-archive>/统一重跑实验_20260826/outputs/full_unified_run_v1/stage1/v1_0527_store_item_20170619_mage_native_s29/checkpoint_final.pt","unified_rerun_v1_checkpoints_store_item.zip","ecd48cf505efac98f9b21940ecd2f7c5a21a7bf6ec626b205b19352fd0f93f08","2324874","5ba93dfb63e6175d2dc9dc99595c3548238b68911fc7370cb316652a55147c38","06201153390539c44eee73ac2420ad9fc6640c0704ecc5ec1616f3ea21a7cdba","f46a8810afd3de47c8ebd90bd205a768ebacadaf1c7ec16b19e55c0a13075807","not_recovered","28beca4732b3f14a100f847605d2098885a415ba97668113a3ccce044ffb107d","final_refit","planned_not_uploaded","blocked_by_nonportable_model_and_data_interfaces"
"unified_rerun_v1","v1_0528_store_item_20170619_mage_native_s47","Store Item","mage_native","2017-06-19","47","checkpoint_final.pt","<local-archive>/统一重跑实验_20260826/outputs/full_unified_run_v1/stage1/v1_0528_store_item_20170619_mage_native_s47/checkpoint_final.pt","unified_rerun_v1_checkpoints_store_item.zip","ff12724dce259cbcda49eef797e03574d7712d86d86a4d54828432a4a9f937c1","2324746","09bfa798e9b01d3b3ea2cd4bfc9f868278489cd0102c93ce825b7c4d724cafe1","3571a19d00c6c7e6ea1a1a67319c742d2da08ea256e2768d3ffd41956e747cfd","9f02575d03708016fda878bd1a031423e8b863e7ea1ffc9ca85a54d397a488ee","not_recovered","28beca4732b3f14a100f847605d2098885a415ba97668113a3ccce044ffb107d","final_refit","planned_not_uploaded","blocked_by_nonportable_model_and_data_interfaces"
"unified_rerun_v1","v1_0529_store_item_20170717_mage_native_s13","Store Item","mage_native","2017-07-17","13","checkpoint_final.pt","<local-archive>/统一重跑实验_20260826/outputs/full_unified_run_v1/stage1/v1_0529_store_item_20170717_mage_native_s13/checkpoint_final.pt","unified_rerun_v1_checkpoints_store_item.zip","ecafc837c1c26bd7a7f5eb36864d94430b654a095ba0b2d80387653bf5042adc","2324874","dc4dbadf8b936f47525e8408a0fb96ae7bdccc9d63bf28c3288277f803c2b920","8fb088a5a03ba2bd3381772d6043cbab73f6f412671f1917ac2e93094c3d74fd","cbaa6965625496c23e71730819e657bdbc157cdde29384288ab8162fbb08eec0","not_recovered","cb704e15bf73a80e87151fc7a786498308b0888b5b69c93a6c61d1fdd789036d","final_refit","planned_not_uploaded","blocked_by_nonportable_model_and_data_interfaces"
"unified_rerun_v1","v1_0530_store_item_20170717_mage_native_s29","Store Item","mage_native","2017-07-17","29","checkpoint_final.pt","<local-archive>/统一重跑实验_20260826/outputs/full_unified_run_v1/stage1/v1_0530_store_item_20170717_mage_native_s29/checkpoint_final.pt","unified_rerun_v1_checkpoints_store_item.zip","c06ba1264949b2e25b705580480ca64794641cd322db7af77aba7780e60daf6e","2324874","9401a68cdf12593eca165ec1d826d519283d4e2e5558e3bedcadc74200f93a44","0051e029ada1437a535a5fd3d310f0015a19b57d0ccd1459bf1cec1e36536876","72cad3f1c9b83f4ee3be05330301ba1accc2d90317667bd402e75bdbef1dcc71","not_recovered","cb704e15bf73a80e87151fc7a786498308b0888b5b69c93a6c61d1fdd789036d","final_refit","planned_not_uploaded","blocked_by_nonportable_model_and_data_interfaces"
"unified_rerun_v1","v1_0531_store_item_20170717_mage_native_s47","Store Item","mage_native","2017-07-17","47","checkpoint_final.pt","<local-archive>/统一重跑实验_20260826/outputs/full_unified_run_v1/stage1/v1_0531_store_item_20170717_mage_native_s47/checkpoint_final.pt","unified_rerun_v1_checkpoints_store_item.zip","77395ad7bbf4b57c91dff048994660f12be1a9d9e8c2272864b3ac1a95ff89b6","2324298","68f2e850d483d8d8de5842738ceb42459daee4e838a608ddb57295d19c563e01","68ba5d3f8d603d7e44c8cb0a85ca2b668700415167e3c095778329b2b70ca7e6","7044ab35926432d6e22d29ed98cd00e92952dadf5bcbdfafb1103e3553292ead","not_recovered","cb704e15bf73a80e87151fc7a786498308b0888b5b69c93a6c61d1fdd789036d","final_refit","planned_not_uploaded","blocked_by_nonportable_model_and_data_interfaces"
"unified_rerun_v1","v1_0550_store_item_20170522_mage_no_graph_s13","Store Item","mage_no_graph","2017-05-22","13","checkpoint_final.pt","<local-archive>/统一重跑实验_20260826/outputs/full_unified_run_v1/stage1/v1_0550_store_item_20170522_mage_no_graph_s13/checkpoint_final.pt","unified_rerun_v1_checkpoints_store_item.zip","204cf4bcc715f23f0ac3725629d80b5db1f959fe4aea718fb0a09779df404ef1","2324554","94f160437e4fd7c03e4f5ee02ebb43a7ef0899e61cca876b999a727f3e0fd6cf","55a5703dd3982b0fc14e4472e9d0d8d678e7dcc9dc509050b4b644af109b3a25","c76d046e4d37fbeacef085019050116c4b7bd1986c667a9eec24ce37701d5957","not_recovered","96f573b570f1b2d301538d41f90dacef49f3190e6f15d4c0105641fefebfcd31","final_refit","planned_not_uploaded","blocked_by_nonportable_model_and_data_interfaces"
"unified_rerun_v1","v1_0551_store_item_20170522_mage_no_graph_s29","Store Item","mage_no_graph","2017-05-22","29","checkpoint_final.pt","<local-archive>/统一重跑实验_20260826/outputs/full_unified_run_v1/stage1/v1_0551_store_item_20170522_mage_no_graph_s29/checkpoint_final.pt","unified_rerun_v1_checkpoints_store_item.zip","f94e6af1c5b6572ec4d182b083527dbe07f9a8aa7c837f284a5bb8df15844b3f","2324234","f5865e9c5021666f51977c0f94187b795b9108bc9d0abf9fcad72dc8563c546f","229bb62facacafe4a8e5f817297456a182539af32b954477607bd8d79529bf15","e86327ac7eb7b6c831a523fe09143f4494d814aecc2c66afb9ad9d36f0c6cc4d","not_recovered","96f573b570f1b2d301538d41f90dacef49f3190e6f15d4c0105641fefebfcd31","final_refit","planned_not_uploaded","blocked_by_nonportable_model_and_data_interfaces"
"unified_rerun_v1","v1_0552_store_item_20170522_mage_no_graph_s47","Store Item","mage_no_graph","2017-05-22","47","checkpoint_final.pt","<local-archive>/统一重跑实验_20260826/outputs/full_unified_run_v1/stage1/v1_0552_store_item_20170522_mage_no_graph_s47/checkpoint_final.pt","unified_rerun_v1_checkpoints_store_item.zip","19ad62ad64cbf0b590f909787df04ff21c8cd0803d25ad5ea795b9c9a5db162f","2324746","09b76be302ef68db71233c43775aff7c41d2177a30b3f4bdb065c450d69ad917","bdf814e5ae51224bd80c94b282ec5680c7e46c9bb428d759fa50986a5bf6b1e2","5d909e0e56ff56678a15dda747b6c5adf8f8e2e89453ca5b82608ec75d59c9e4","not_recovered","96f573b570f1b2d301538d41f90dacef49f3190e6f15d4c0105641fefebfcd31","final_refit","planned_not_uploaded","blocked_by_nonportable_model_and_data_interfaces"
"unified_rerun_v1","v1_0553_store_item_20170619_mage_no_graph_s13","Store Item","mage_no_graph","2017-06-19","13","checkpoint_final.pt","<local-archive>/统一重跑实验_20260826/outputs/full_unified_run_v1/stage1/v1_0553_store_item_20170619_mage_no_graph_s13/checkpoint_final.pt","unified_rerun_v1_checkpoints_store_item.zip","4b7c71508df088306984df2930833f6a99c29f342940faafdaa73a8699fbeee9","2324554","8fb3d9eacbbc2be97fc6d411b8225e887f693df336d7bcbae9a3c536eac8b645","e186a6b537e36cef857ed4a57c533ba6b6a7b0d9e34bbaa0d58554f2d6211bd7","2c6576b838dd3f64cd71827316075e20ed098e1d85154a27e5ef7820eb2fce8d","not_recovered","28beca4732b3f14a100f847605d2098885a415ba97668113a3ccce044ffb107d","final_refit","planned_not_uploaded","blocked_by_nonportable_model_and_data_interfaces"
"unified_rerun_v1","v1_0554_store_item_20170619_mage_no_graph_s29","Store Item","mage_no_graph","2017-06-19","29","checkpoint_final.pt","<local-archive>/统一重跑实验_20260826/outputs/full_unified_run_v1/stage1/v1_0554_store_item_20170619_mage_no_graph_s29/checkpoint_final.pt","unified_rerun_v1_checkpoints_store_item.zip","5f13d43950215b3c84fa8ff8d928e812e896d5c3d7a590381aa1112f634892d8","2324234","e6f38665316f275b4edb2489960cc1fdfd52a7228c5c7b438d0b5bb6ca075f04","903235c43b1b8111b8684cb0e8e0fd092104d766f07a645389b224dd17af4f1f","cc1cb4763be86d484492d67263c85fcf34d832eeb35fa6951ffafd92d3ded17f","not_recovered","28beca4732b3f14a100f847605d2098885a415ba97668113a3ccce044ffb107d","final_refit","planned_not_uploaded","blocked_by_nonportable_model_and_data_interfaces"
"unified_rerun_v1","v1_0555_store_item_20170619_mage_no_graph_s47","Store Item","mage_no_graph","2017-06-19","47","checkpoint_final.pt","<local-archive>/统一重跑实验_20260826/outputs/full_unified_run_v1/stage1/v1_0555_store_item_20170619_mage_no_graph_s47/checkpoint_final.pt","unified_rerun_v1_checkpoints_store_item.zip","d1cc75026e1a10fe3c8082c7e18794af7fdb295bf968952824bdcf6d4eb09075","2324746","3f83bf15c06e3f3e3ec0eaf785b5a66642068437907edbef7d92a859bda28c80","0700b26e4cbc438990237ee5b33fa7e2d4faccc1a567bd4f6af0e2c4ca1d9ee1","7ff0b00919dc39cc8084b9c963c36177563ffc68e4598330c6f2286baa8dce5a","not_recovered","28beca4732b3f14a100f847605d2098885a415ba97668113a3ccce044ffb107d","final_refit","planned_not_uploaded","blocked_by_nonportable_model_and_data_interfaces"
"unified_rerun_v1","v1_0556_store_item_20170717_mage_no_graph_s13","Store Item","mage_no_graph","2017-07-17","13","checkpoint_final.pt","<local-archive>/统一重跑实验_20260826/outputs/full_unified_run_v1/stage1/v1_0556_store_item_20170717_mage_no_graph_s13/checkpoint_final.pt","unified_rerun_v1_checkpoints_store_item.zip","cde97f06a7b91c94bc592e40893a5f32011ce0d1a3ed8eb026d1f522fde102b2","2324874","bed2b918282e6f349ac88c4bc6e06adfd259932fdef74f561286ec50e024cbce","d3e4a39c366cf2f0d24637dbc1f80faac8cb2f89628966e833e3b0e610201761","37533e205a16fd947b2f0016005fbbc5b16583fe5b1d1831395c185e57a579b8","not_recovered","cb704e15bf73a80e87151fc7a786498308b0888b5b69c93a6c61d1fdd789036d","final_refit","planned_not_uploaded","blocked_by_nonportable_model_and_data_interfaces"
"unified_rerun_v1","v1_0557_store_item_20170717_mage_no_graph_s29","Store Item","mage_no_graph","2017-07-17","29","checkpoint_final.pt","<local-archive>/统一重跑实验_20260826/outputs/full_unified_run_v1/stage1/v1_0557_store_item_20170717_mage_no_graph_s29/checkpoint_final.pt","unified_rerun_v1_checkpoints_store_item.zip","f1cba797842de02209eb288cd438e4862d5424a14d9fdc06fb5e5e60ccd7daf6","2324554","a0defeb059502a80535631eeeebe24b4e7b65625985d47745b521e210ab8266d","ba5a2a2d2c647cf762bc634572b0620ee2eda77f91023bdff741104c0dcde149","0bb691dc251bc5c44c84633470ede2027ea2ac6c6295eb73306ec5244c2d3ba6","not_recovered","cb704e15bf73a80e87151fc7a786498308b0888b5b69c93a6c61d1fdd789036d","final_refit","planned_not_uploaded","blocked_by_nonportable_model_and_data_interfaces"
"unified_rerun_v1","v1_0558_store_item_20170717_mage_no_graph_s47","Store Item","mage_no_graph","2017-07-17","47","checkpoint_final.pt","<local-archive>/统一重跑实验_20260826/outputs/full_unified_run_v1/stage1/v1_0558_store_item_20170717_mage_no_graph_s47/checkpoint_final.pt","unified_rerun_v1_checkpoints_store_item.zip","1c59404503061a7ba7f26e99ccffb3871d1b8696fdd502d800ee9472865c66f8","2324298","318565ce1aad5c55ffc81ce9707ca969bd0eb0602b782b6afcfd683510eb89ee","4820a1226e8688622f52bd891d23b7c19a6f9acac6aaf02b6e89d7cddb7cf4a8","1ca79882b526b2a40957d3a36ef1dfd34cbf1bd9ec866d712ea9b073c5043774","not_recovered","cb704e15bf73a80e87151fc7a786498308b0888b5b69c93a6c61d1fdd789036d","final_refit","planned_not_uploaded","blocked_by_nonportable_model_and_data_interfaces"
"unified_rerun_v1","v1_0577_store_item_20170522_mage_placebo_s13","Store Item","mage_placebo","2017-05-22","13","checkpoint_final.pt","<local-archive>/统一重跑实验_20260826/outputs/full_unified_run_v1/stage1/v1_0577_store_item_20170522_mage_placebo_s13/checkpoint_final.pt","unified_rerun_v1_checkpoints_store_item.zip","6abeeb01fcd7ebdb99c917a1319fafcd67afa05549216ce966c5c48d5a06eca6","2324554","d353f48d0a02235aaeb3710789647fb880dbba71ea5d40835a0c0f7637fcebd5","a9c41a1cdedb9cd36768b39de93c13ddff0cd82ada93ab83c3323efaa12a6531","6faf022f31fd38214109a1d98dc3f00343ced699927cc9b559c663d0e1386f0c","not_recovered","96f573b570f1b2d301538d41f90dacef49f3190e6f15d4c0105641fefebfcd31","final_refit","planned_not_uploaded","blocked_by_nonportable_model_and_data_interfaces"
"unified_rerun_v1","v1_0578_store_item_20170522_mage_placebo_s29","Store Item","mage_placebo","2017-05-22","29","checkpoint_final.pt","<local-archive>/统一重跑实验_20260826/outputs/full_unified_run_v1/stage1/v1_0578_store_item_20170522_mage_placebo_s29/checkpoint_final.pt","unified_rerun_v1_checkpoints_store_item.zip","2a107fb289ee616b50141e31cf3d795a607e4809fcf5cb743b9c3ce71ddb60ec","2324426","25f6698f6d3f339503f5a743a33d488e991987c73cce3b59ebb6803d71c6b927","18e61490a01ca66fddf4c07c7c73d46945a1eb5be2b84a84e21f46810443469a","f7012ace00ab6d8195a29047c2cdad0043e944a0cf77d688f6cb4386d4199feb","not_recovered","96f573b570f1b2d301538d41f90dacef49f3190e6f15d4c0105641fefebfcd31","final_refit","planned_not_uploaded","blocked_by_nonportable_model_and_data_interfaces"
"unified_rerun_v1","v1_0579_store_item_20170522_mage_placebo_s47","Store Item","mage_placebo","2017-05-22","47","checkpoint_final.pt","<local-archive>/统一重跑实验_20260826/outputs/full_unified_run_v1/stage1/v1_0579_store_item_20170522_mage_placebo_s47/checkpoint_final.pt","unified_rerun_v1_checkpoints_store_item.zip","8de39a1e5f5d89df9de232bc9b5e3da6a9e22d0e141e9b72e2de13a3209d9dbc","2324106","0f60e88390b7dcf409962d00ca04691f4af832760a7ef683e66ac76952c10b3e","107180b29a7db1a3b5e7920cde4798c1462af0392b8fff824103157958e1cc42","cbdc061acce17052f5514fd81efe82ce2ce2e8794d53a011afeafddd0dbac87d","not_recovered","96f573b570f1b2d301538d41f90dacef49f3190e6f15d4c0105641fefebfcd31","final_refit","planned_not_uploaded","blocked_by_nonportable_model_and_data_interfaces"
"unified_rerun_v1","v1_0580_store_item_20170619_mage_placebo_s13","Store Item","mage_placebo","2017-06-19","13","checkpoint_final.pt","<local-archive>/统一重跑实验_20260826/outputs/full_unified_run_v1/stage1/v1_0580_store_item_20170619_mage_placebo_s13/checkpoint_final.pt","unified_rerun_v1_checkpoints_store_item.zip","0f58f8b9747920f7516b209e382cc9ef734d5b997d885c82d59814de006a1819","2324554","18c69ebc07f0739abde49a09d56c99218334999e86ed4031663517d047e641c1","ee679d07df201d52f9f28024fc52196a488cab6ffbb1310499cd63748f0d4fca","0b7ab7cacc7a53af9e3991c3a1c0a06b4d105983941f56dfd8ab43b6484a3956","not_recovered","28beca4732b3f14a100f847605d2098885a415ba97668113a3ccce044ffb107d","final_refit","planned_not_uploaded","blocked_by_nonportable_model_and_data_interfaces"
"unified_rerun_v1","v1_0581_store_item_20170619_mage_placebo_s29","Store Item","mage_placebo","2017-06-19","29","checkpoint_final.pt","<local-archive>/统一重跑实验_20260826/outputs/full_unified_run_v1/stage1/v1_0581_store_item_20170619_mage_placebo_s29/checkpoint_final.pt","unified_rerun_v1_checkpoints_store_item.zip","b7d22c6e67ec12f18711d3366878361c450cd233d40846b085e4d4b15f233d4f","2324874","b6a8af8e4ff29631e51fd664cb0b39adba6a48d79c4257a257be108c4f8bdd33","9c5452f33d45381c4a4bc6e1ccff791269715b61ad8a4766419c86d1467dbfd2","7e3548606a0fcaa2941acc9537824a68eae9ceca00cd3b1f2ed39c06b2942f3d","not_recovered","28beca4732b3f14a100f847605d2098885a415ba97668113a3ccce044ffb107d","final_refit","planned_not_uploaded","blocked_by_nonportable_model_and_data_interfaces"
"unified_rerun_v1","v1_0582_store_item_20170619_mage_placebo_s47","Store Item","mage_placebo","2017-06-19","47","checkpoint_final.pt","<local-archive>/统一重跑实验_20260826/outputs/full_unified_run_v1/stage1/v1_0582_store_item_20170619_mage_placebo_s47/checkpoint_final.pt","unified_rerun_v1_checkpoints_store_item.zip","ada0f6a43e9f908fa192ffcb50be7e94b3f447371b49c393d0c97bde0c6426d6","2324746","b84d3815d4bbd11d77c7fde1b5fbd2f514abb35c657ba956173f826183dfc356","32eb9cf84fa7c6b97d48648e38e0ab7fd1a1d1a746267645a66cc85ee215f871","0b7fad4904aafffb69cbd9f031be700177e4bd962466cbf12d4ab3769615fbc2","not_recovered","28beca4732b3f14a100f847605d2098885a415ba97668113a3ccce044ffb107d","final_refit","planned_not_uploaded","blocked_by_nonportable_model_and_data_interfaces"
"unified_rerun_v1","v1_0583_store_item_20170717_mage_placebo_s13","Store Item","mage_placebo","2017-07-17","13","checkpoint_final.pt","<local-archive>/统一重跑实验_20260826/outputs/full_unified_run_v1/stage1/v1_0583_store_item_20170717_mage_placebo_s13/checkpoint_final.pt","unified_rerun_v1_checkpoints_store_item.zip","b7a592b180fbeedc8c3d0c64af7d7defc7dbf23caa16ed2e94cc7adb634768c9","2324874","0a4cdfacf84f90d536809072c4b840d19034d8ddc02bd98c6131d18c21162620","4a4f7b795f7fd7520cda9471f39ffbf3cd21234235077ab5c6da7a3b767a1b63","b229786251162fdf0dec863f6ecd36e766bc1c64a3272dafcdd820d65d962e32","not_recovered","cb704e15bf73a80e87151fc7a786498308b0888b5b69c93a6c61d1fdd789036d","final_refit","planned_not_uploaded","blocked_by_nonportable_model_and_data_interfaces"
"unified_rerun_v1","v1_0584_store_item_20170717_mage_placebo_s29","Store Item","mage_placebo","2017-07-17","29","checkpoint_final.pt","<local-archive>/统一重跑实验_20260826/outputs/full_unified_run_v1/stage1/v1_0584_store_item_20170717_mage_placebo_s29/checkpoint_final.pt","unified_rerun_v1_checkpoints_store_item.zip","b881926a51ce878ee4e8be72b114bb9c01f57ded0f62c9550a7191aa2f7dade3","2324874","2c5bd71a0abf2af0c10eb5ec9fe3da9d5ea78c4edcde47a2d30fe431949df721","6057264697ecb859df17b431579586fa98721c5ca24c50a54e37a814b0d189c3","c14bde0035cee8f99b430d2318c3596c325e5e2a1ff4bb463bd4fe5fa23f0e6f","not_recovered","cb704e15bf73a80e87151fc7a786498308b0888b5b69c93a6c61d1fdd789036d","final_refit","planned_not_uploaded","blocked_by_nonportable_model_and_data_interfaces"
"unified_rerun_v1","v1_0585_store_item_20170717_mage_placebo_s47","Store Item","mage_placebo","2017-07-17","47","checkpoint_final.pt","<local-archive>/统一重跑实验_20260826/outputs/full_unified_run_v1/stage1/v1_0585_store_item_20170717_mage_placebo_s47/checkpoint_final.pt","unified_rerun_v1_checkpoints_store_item.zip","886dc0ca84f84dd48ff57f9a0dbbfe9d873b821d9294269e2078fc0da268cf01","2324298","058a154cf76ba1dcf6c6a676294c9df8a3fc15606cf48c06b51c226fcbf7da1a","c6a0e1e5f10af42372ee3c64d437bf9a829435b5eb8f0831c374ae0bd440666e","b5c40e933ba031ce9b67692ce9380744bb666f7fc2126c6a0adb2121eee37a1e","not_recovered","cb704e15bf73a80e87151fc7a786498308b0888b5b69c93a6c61d1fdd789036d","final_refit","planned_not_uploaded","blocked_by_nonportable_model_and_data_interfaces"
"unified_rerun_v1","v1_0334_store_item_20170522_mixlinear_s13","Store Item","mixlinear","2017-05-22","13","checkpoint_final.pt","<local-archive>/统一重跑实验_20260826/outputs/full_unified_run_v1/stage2/v1_0334_store_item_20170522_mixlinear_s13/checkpoint_final.pt","unified_rerun_v1_checkpoints_store_item.zip","42f7fff7411a347d3217820c115a22da1b75ecf1552c5f07672f1484e21b7f37","23868","ef4f212c9c0b6fb574982a3bfc0baff95e4c491686637baac82962087411818a","356fbf36bb003c9da533d222828b58b9215205b587ffe45032c140c106056209","326556584be03936255ab06831ea63b59d9d2c45c4025fc0f087b07d1475ff3b","not_recovered","96f573b570f1b2d301538d41f90dacef49f3190e6f15d4c0105641fefebfcd31","final_refit","planned_not_uploaded","blocked_by_nonportable_model_and_data_interfaces"
"unified_rerun_v1","v1_0335_store_item_20170522_mixlinear_s29","Store Item","mixlinear","2017-05-22","29","checkpoint_final.pt","<local-archive>/统一重跑实验_20260826/outputs/full_unified_run_v1/stage2/v1_0335_store_item_20170522_mixlinear_s29/checkpoint_final.pt","unified_rerun_v1_checkpoints_store_item.zip","8558a01ba8ee2e15c3e2d867125a61fabc406f5de0d194cd0b4e7b81ab046f6e","23612","35cc314a4f8a23142d49e73bf03cb9d4e31ff29bff5bc6a4932ee2aa995e825c","d71746f9e14a18f9930b719cbc011a958a31c4a8ecb48d9701b50389e63185f6","435bee19579fe14d2a888419224e0fdbeeb175f16090478a0c9082e0e8e572c6","not_recovered","96f573b570f1b2d301538d41f90dacef49f3190e6f15d4c0105641fefebfcd31","final_refit","planned_not_uploaded","blocked_by_nonportable_model_and_data_interfaces"
"unified_rerun_v1","v1_0336_store_item_20170522_mixlinear_s47","Store Item","mixlinear","2017-05-22","47","checkpoint_final.pt","<local-archive>/统一重跑实验_20260826/outputs/full_unified_run_v1/stage2/v1_0336_store_item_20170522_mixlinear_s47/checkpoint_final.pt","unified_rerun_v1_checkpoints_store_item.zip","9794d3b74a5f7cfae15ca564e2645e239f1e29415df8662a802b9629cdf33e52","23676","93e08fd538bf7f84ac479baaac36ed6d9ff8d0b9fb72d989d5a3607d42a915cd","18839cc1770325da44adbed1ef2cbed4c75840b5168a25ca357f4d010d8da92f","81bd8ca98ec3898e4cc1bd55ec72fd16cfa7deb182764630f29cab22231d1056","not_recovered","96f573b570f1b2d301538d41f90dacef49f3190e6f15d4c0105641fefebfcd31","final_refit","planned_not_uploaded","blocked_by_nonportable_model_and_data_interfaces"
"unified_rerun_v1","v1_0337_store_item_20170619_mixlinear_s13","Store Item","mixlinear","2017-06-19","13","checkpoint_final.pt","<local-archive>/统一重跑实验_20260826/outputs/full_unified_run_v1/stage2/v1_0337_store_item_20170619_mixlinear_s13/checkpoint_final.pt","unified_rerun_v1_checkpoints_store_item.zip","367ea6b985e5037021bdaea997ff2f448b42c616182fd3bf4299c58db0b1de42","24060","c8050f4c5569a1103fe221ad1628c52c0c8d94c151f89cddcbbfae4af6b7ad88","78442031da0dffbb7d5a06344bbf5b56a151ee355e34dfdfdc98e3e71f442960","5efa6c35f1781dd4b922d026fb1f791bd7aaa3d032392d65182b789d9ac41265","not_recovered","28beca4732b3f14a100f847605d2098885a415ba97668113a3ccce044ffb107d","final_refit","planned_not_uploaded","blocked_by_nonportable_model_and_data_interfaces"
"unified_rerun_v1","v1_0338_store_item_20170619_mixlinear_s29","Store Item","mixlinear","2017-06-19","29","checkpoint_final.pt","<local-archive>/统一重跑实验_20260826/outputs/full_unified_run_v1/stage2/v1_0338_store_item_20170619_mixlinear_s29/checkpoint_final.pt","unified_rerun_v1_checkpoints_store_item.zip","aa31e111886272c8b6cbda89a8263055b27b2e925d3cac7e2c8416b48eff6745","23804","3d2769a1b46a421704033e8175ba295971c6d39e4ada5c721376f361e1bc1a16","8d5329d96f9b7ae67b6972c87d6257f4e09491e9befc9c4c75c8da8249b39da9","2bf546e2149a838a784fac4f75aacddcbcad77b87b134c06309f6ea8b773203e","not_recovered","28beca4732b3f14a100f847605d2098885a415ba97668113a3ccce044ffb107d","final_refit","planned_not_uploaded","blocked_by_nonportable_model_and_data_interfaces"
"unified_rerun_v1","v1_0339_store_item_20170619_mixlinear_s47","Store Item","mixlinear","2017-06-19","47","checkpoint_final.pt","<local-archive>/统一重跑实验_20260826/outputs/full_unified_run_v1/stage2/v1_0339_store_item_20170619_mixlinear_s47/checkpoint_final.pt","unified_rerun_v1_checkpoints_store_item.zip","a9f25a88cdfa0a14c9b3f0d25454536842ab3d473845810f6d062c93ebc2fec9","23868","dfa541c38d91424cc9e300a6358ceb45807b0da0e5d51c982c1c185c5d1c22c5","1f255563f15126c8c62c2678562aaebdf39c5220580696d0b6b02a894c89b7b3","709a8c22cca448c79505724a51725d91d9a82a788d3c692a38dbec4037176078","not_recovered","28beca4732b3f14a100f847605d2098885a415ba97668113a3ccce044ffb107d","final_refit","planned_not_uploaded","blocked_by_nonportable_model_and_data_interfaces"
"unified_rerun_v1","v1_0340_store_item_20170717_mixlinear_s13","Store Item","mixlinear","2017-07-17","13","checkpoint_final.pt","<local-archive>/统一重跑实验_20260826/outputs/full_unified_run_v1/stage2/v1_0340_store_item_20170717_mixlinear_s13/checkpoint_final.pt","unified_rerun_v1_checkpoints_store_item.zip","4459bdae9ca67f01c1991131cfdccad1e723c92e5275cbd0918340c0c293a94a","23996","21b636516b7acef0956d1a8ce330245902bfb5a58296cff7ba84a6a4a557a00a","d77aa51d8a36af96bb761f9da99a727d61894ee00ba7f471d9a42f1e2ee321e0","9d6d837818456298bd24b5842216dc4832f373ecff4d3f82ee0a17f6ff29901f","not_recovered","cb704e15bf73a80e87151fc7a786498308b0888b5b69c93a6c61d1fdd789036d","final_refit","planned_not_uploaded","blocked_by_nonportable_model_and_data_interfaces"
"unified_rerun_v1","v1_0341_store_item_20170717_mixlinear_s29","Store Item","mixlinear","2017-07-17","29","checkpoint_final.pt","<local-archive>/统一重跑实验_20260826/outputs/full_unified_run_v1/stage2/v1_0341_store_item_20170717_mixlinear_s29/checkpoint_final.pt","unified_rerun_v1_checkpoints_store_item.zip","99f2910deb55dafba759bf08b1b95da20410ed8a4939a1e224ada4ea803985c9","23676","8c4bc11d1893825a78bb1f39a9bd5dfe2fae45fa39484a00fd9c824179bde687","956179bb222fb3d7a1b5dcff32ec452b015e4ac5f911f22486c239adc155cc74","99c0e7353a20acdf0f19f196b8fd9a3be0f09131bfd2ef213b979464a1592d43","not_recovered","cb704e15bf73a80e87151fc7a786498308b0888b5b69c93a6c61d1fdd789036d","final_refit","planned_not_uploaded","blocked_by_nonportable_model_and_data_interfaces"
"unified_rerun_v1","v1_0342_store_item_20170717_mixlinear_s47","Store Item","mixlinear","2017-07-17","47","checkpoint_final.pt","<local-archive>/统一重跑实验_20260826/outputs/full_unified_run_v1/stage2/v1_0342_store_item_20170717_mixlinear_s47/checkpoint_final.pt","unified_rerun_v1_checkpoints_store_item.zip","9b6db682c27e1c853a3301940d2d7af5ddc872f1033ef4d74b15ebb0a39f2255","23868","1b0e5ceae1bcfc13fb1e8b024e10ed46b15219aa911f25ed8a1e74a3e68f7671","4c25a1ed0e4d472165c679dfe8f11a81186c67085d5a2f57e045b1ed29aa5e9f","e4b966d63bd2b5aa1df6a48299b02b23f72b7d11ad9ce6c5f52ed2ce984e276f","not_recovered","cb704e15bf73a80e87151fc7a786498308b0888b5b69c93a6c61d1fdd789036d","final_refit","planned_not_uploaded","blocked_by_nonportable_model_and_data_interfaces"
"unified_rerun_v1","v1_0442_store_item_20170522_mtgnn_native_s13","Store Item","mtgnn_native","2017-05-22","13","checkpoint_final.pt","<local-archive>/统一重跑实验_20260826/outputs/full_unified_run_v1/stage1/v1_0442_store_item_20170522_mtgnn_native_s13/checkpoint_final.pt","unified_rerun_v1_checkpoints_store_item.zip","7114e42f8e7b3addbd06ec06830d27062b0f36bc62fc4dc7f6c6d971f31af192","22859872","917d97053e921ddd5831c1eeedc078614879cb1bd28643c7154817968fa94172","cdbacc65c2a878d972c71c96ab1d6c4e99d5252dfcf92ff2c5d06a88ed09caf9","22cad95a442d6b27a2303855efe4c13dd5b81b00c8f37cde01dc0f44d530b406","not_recovered","96f573b570f1b2d301538d41f90dacef49f3190e6f15d4c0105641fefebfcd31","final_refit","planned_not_uploaded","blocked_by_nonportable_model_and_data_interfaces"
"unified_rerun_v1","v1_0443_store_item_20170522_mtgnn_native_s29","Store Item","mtgnn_native","2017-05-22","29","checkpoint_final.pt","<local-archive>/统一重跑实验_20260826/outputs/full_unified_run_v1/stage1/v1_0443_store_item_20170522_mtgnn_native_s29/checkpoint_final.pt","unified_rerun_v1_checkpoints_store_item.zip","4c84fde92a89491e0ef7053dfb58575ff4ece76c6e21a426eb76924a15273c72","22859552","eafab07a168ca131d477dd472f8d06d6f1c1a6e5a35d971d7f7f929b554098ea","ba8b2a229bca4e5bdece12f05003317fa0f083aee6eabbb0918ff96c1b435cec","f9a0f081bf3dfde684b5fd8da1e888766716b22986912680e85e81a1acef9424","not_recovered","96f573b570f1b2d301538d41f90dacef49f3190e6f15d4c0105641fefebfcd31","final_refit","planned_not_uploaded","blocked_by_nonportable_model_and_data_interfaces"
"unified_rerun_v1","v1_0444_store_item_20170522_mtgnn_native_s47","Store Item","mtgnn_native","2017-05-22","47","checkpoint_final.pt","<local-archive>/统一重跑实验_20260826/outputs/full_unified_run_v1/stage1/v1_0444_store_item_20170522_mtgnn_native_s47/checkpoint_final.pt","unified_rerun_v1_checkpoints_store_item.zip","11fec801a1f9811d37fa8b3fca5f124accf999bab7f1082a6fba24cc8999437d","22859168","53dd02d1284d02efeed3002219437cb9eb2d81dda393b371044c6b8c8b2eeaa6","c2bd57d35cced8cf2062aa9de887bd167ac6b54479cc2a5f10010afeafd7d8f0","d991ded4cd52a6375903fb732053d8576a9be493a0dde8172bb966dc02e64d33","not_recovered","96f573b570f1b2d301538d41f90dacef49f3190e6f15d4c0105641fefebfcd31","final_refit","planned_not_uploaded","blocked_by_nonportable_model_and_data_interfaces"
"unified_rerun_v1","v1_0445_store_item_20170619_mtgnn_native_s13","Store Item","mtgnn_native","2017-06-19","13","checkpoint_final.pt","<local-archive>/统一重跑实验_20260826/outputs/full_unified_run_v1/stage1/v1_0445_store_item_20170619_mtgnn_native_s13/checkpoint_final.pt","unified_rerun_v1_checkpoints_store_item.zip","127e3085c53cde33c2ea7aef247b33a6d251f3cf61708e53167656c1162384b4","22859104","d1b364a75c96bdffbc00f668f338ca4023f9ec414c09494441fdd50b93b6e501","53f33b1cb6894d848b6b8b3ea5ec0f87af7fe097cee210508be3a5bc0fd94023","c58c84a5be842521fefe82c4bafdcbd7f4f1d60ea519b14ed8dd31f858976cf4","not_recovered","28beca4732b3f14a100f847605d2098885a415ba97668113a3ccce044ffb107d","final_refit","planned_not_uploaded","blocked_by_nonportable_model_and_data_interfaces"
"unified_rerun_v1","v1_0446_store_item_20170619_mtgnn_native_s29","Store Item","mtgnn_native","2017-06-19","29","checkpoint_final.pt","<local-archive>/统一重跑实验_20260826/outputs/full_unified_run_v1/stage1/v1_0446_store_item_20170619_mtgnn_native_s29/checkpoint_final.pt","unified_rerun_v1_checkpoints_store_item.zip","8d20b011c837fb2543dc861ab9f804875d921e1d1005c390bc140d3716dd3814","22859168","aa833f1c6435aa27ae573fc39e786cda644e1fc12b29f1cc09b85a1421dc63cc","34e7d0b66fe317bc5277bcd6b5dba5dd9a6f205ff45a28a69bef5310049ac79f","78a38f164f7dbfe4517d570419781c04e6b51268e6135bb474e54cb12f745c2b","not_recovered","28beca4732b3f14a100f847605d2098885a415ba97668113a3ccce044ffb107d","final_refit","planned_not_uploaded","blocked_by_nonportable_model_and_data_interfaces"
"unified_rerun_v1","v1_0447_store_item_20170619_mtgnn_native_s47","Store Item","mtgnn_native","2017-06-19","47","checkpoint_final.pt","<local-archive>/统一重跑实验_20260826/outputs/full_unified_run_v1/stage1/v1_0447_store_item_20170619_mtgnn_native_s47/checkpoint_final.pt","unified_rerun_v1_checkpoints_store_item.zip","510b5d4c1fa8d96fa59919338e893f02a1b48b1b0ca80c075e85c7cc320f86bb","22859168","1ed2b99082754db46fcc79f248dbc89175585b2ee71cba37bb7e0f9cea7b487f","4584f60b769d5d07e42c5144a85c074e03c39cd3ebe62af311c19169992a0da3","fe757ed19cd9d5195f0ba545930f3aefc9a20072b78db740511aa437859e1cfd","not_recovered","28beca4732b3f14a100f847605d2098885a415ba97668113a3ccce044ffb107d","final_refit","planned_not_uploaded","blocked_by_nonportable_model_and_data_interfaces"
"unified_rerun_v1","v1_0448_store_item_20170717_mtgnn_native_s13","Store Item","mtgnn_native","2017-07-17","13","checkpoint_final.pt","<local-archive>/统一重跑实验_20260826/outputs/full_unified_run_v1/stage1/v1_0448_store_item_20170717_mtgnn_native_s13/checkpoint_final.pt","unified_rerun_v1_checkpoints_store_item.zip","9967a9561303c90b0438504c1a6bbf9a80546ac782450823ae0cd78f277033ed","22859040","4c93fa9f6e88138d9b49a6dd2e347f4665fdc03858c47378fdf15815167016fb","0b3a3d24300b3a44139357b31a9cd6929f1893d7a156358d6a328179b94b518d","e74aa47f06d0f9fbf81ce639784b41df3428b0959198e1bd651c22906b9d197e","not_recovered","cb704e15bf73a80e87151fc7a786498308b0888b5b69c93a6c61d1fdd789036d","final_refit","planned_not_uploaded","blocked_by_nonportable_model_and_data_interfaces"
"unified_rerun_v1","v1_0449_store_item_20170717_mtgnn_native_s29","Store Item","mtgnn_native","2017-07-17","29","checkpoint_final.pt","<local-archive>/统一重跑实验_20260826/outputs/full_unified_run_v1/stage1/v1_0449_store_item_20170717_mtgnn_native_s29/checkpoint_final.pt","unified_rerun_v1_checkpoints_store_item.zip","026d772424087249e00ea613faf33f9612814c9dd75fd65909f141c433e0a9cd","22859104","b39a4fe566e84e086324645be45e9e322ff79e1adfbfaf9bd9660cc1c3943729","b001d0c736debec190d231741ff857bb713d8e9aa382c9a695e79f0d4678ac9e","340724367ee98a5af79ceda1626a9251853fe08e0ed9989c4d0fea8180be243e","not_recovered","cb704e15bf73a80e87151fc7a786498308b0888b5b69c93a6c61d1fdd789036d","final_refit","planned_not_uploaded","blocked_by_nonportable_model_and_data_interfaces"
"unified_rerun_v1","v1_0450_store_item_20170717_mtgnn_native_s47","Store Item","mtgnn_native","2017-07-17","47","checkpoint_final.pt","<local-archive>/统一重跑实验_20260826/outputs/full_unified_run_v1/stage1/v1_0450_store_item_20170717_mtgnn_native_s47/checkpoint_final.pt","unified_rerun_v1_checkpoints_store_item.zip","a8c9d7b504bd3a846be695a928665999f20c3f3ed8088799b33e08e93dfaa551","22859040","2a31cf619a46e94f098acc63752771207a40106416a084f3ad22c203e492a48f","bcfe417800e5bb66a18e5881431f70f59a38945e6db33adb7683cb10f409dcf8","767add15c366f513ae67a7c882723f502419cab948b84041ed6b9fbb95aa70ef","not_recovered","cb704e15bf73a80e87151fc7a786498308b0888b5b69c93a6c61d1fdd789036d","final_refit","planned_not_uploaded","blocked_by_nonportable_model_and_data_interfaces"
"unified_rerun_v1","v1_0469_store_item_20170522_mtgnn_no_graph_s13","Store Item","mtgnn_no_graph","2017-05-22","13","checkpoint_final.pt","<local-archive>/统一重跑实验_20260826/outputs/full_unified_run_v1/stage1/v1_0469_store_item_20170522_mtgnn_no_graph_s13/checkpoint_final.pt","unified_rerun_v1_checkpoints_store_item.zip","abdb87061129fe3dee4c4f1f6a81f226df0df311fb99a1cce0b16adece5303a6","22791876","c7bafdc2d194eddb54f075915564a02102983de472ae5586a98c3e93bda36559","d0b534eb101bc3b7cc1bece838bf0215bbfe95412adac17c6371614d847bbf71","0b737497754466828c1293f93f7c3a13db78082cfe83930c8dafc2ff8b50fe53","not_recovered","96f573b570f1b2d301538d41f90dacef49f3190e6f15d4c0105641fefebfcd31","final_refit","planned_not_uploaded","blocked_by_nonportable_model_and_data_interfaces"
"unified_rerun_v1","v1_0470_store_item_20170522_mtgnn_no_graph_s29","Store Item","mtgnn_no_graph","2017-05-22","29","checkpoint_final.pt","<local-archive>/统一重跑实验_20260826/outputs/full_unified_run_v1/stage1/v1_0470_store_item_20170522_mtgnn_no_graph_s29/checkpoint_final.pt","unified_rerun_v1_checkpoints_store_item.zip","484aeb2cbb8d4d5c11c937aff697fecebb0df695198cd32235650e9a24fe1ecf","22791876","044c91be0022f3320ad963f8e3f94aae9709811cc37126c2a6323da171a5fdf9","9553f6e93fe91363ac6158d76556311be21e44e7cc5a93e42fd971a73c376c43","3f91211ab46bbd5491a7abdd890bad0a4af7e1fc079613f06598731b86caae35","not_recovered","96f573b570f1b2d301538d41f90dacef49f3190e6f15d4c0105641fefebfcd31","final_refit","planned_not_uploaded","blocked_by_nonportable_model_and_data_interfaces"
"unified_rerun_v1","v1_0471_store_item_20170522_mtgnn_no_graph_s47","Store Item","mtgnn_no_graph","2017-05-22","47","checkpoint_final.pt","<local-archive>/统一重跑实验_20260826/outputs/full_unified_run_v1/stage1/v1_0471_store_item_20170522_mtgnn_no_graph_s47/checkpoint_final.pt","unified_rerun_v1_checkpoints_store_item.zip","12fb0732f3c6addc8ca97acd3e65df86582eab8931531afc409d3d2ad796e61e","22791108","1dca0ebd5c78077f3c4285a2d35602e7c66fe88beff56c099f9204162a451e3b","4dfe8aaf3735f7fdb452f3bd904e49295fdf4a2b3d1bacc283205f40ef2576b7","0a4b5a8285679c41f03f4db05ca86534f8f52bbc363e6131bb46085c268e8921","not_recovered","96f573b570f1b2d301538d41f90dacef49f3190e6f15d4c0105641fefebfcd31","final_refit","planned_not_uploaded","blocked_by_nonportable_model_and_data_interfaces"
"unified_rerun_v1","v1_0472_store_item_20170619_mtgnn_no_graph_s13","Store Item","mtgnn_no_graph","2017-06-19","13","checkpoint_final.pt","<local-archive>/统一重跑实验_20260826/outputs/full_unified_run_v1/stage1/v1_0472_store_item_20170619_mtgnn_no_graph_s13/checkpoint_final.pt","unified_rerun_v1_checkpoints_store_item.zip","fa36e492d545c70c9d0d1d50c07f0cddccf26f4c396ce4e68f58094c570d244a","22791108","5003ffe48f6353eb8e8152f744e6f2edcdb5e3b99c7f41c6c8f06a2374194420","5b56259bd8eb75c754f04f717b349bfdb522fdcba7e30c13d43d4b3f83af0902","b123ccb80ff4e702e3f3b0d4fff5ecbcc82374ef9d7e9a5bc68f0c1f910dd575","not_recovered","28beca4732b3f14a100f847605d2098885a415ba97668113a3ccce044ffb107d","final_refit","planned_not_uploaded","blocked_by_nonportable_model_and_data_interfaces"
"unified_rerun_v1","v1_0473_store_item_20170619_mtgnn_no_graph_s29","Store Item","mtgnn_no_graph","2017-06-19","29","checkpoint_final.pt","<local-archive>/统一重跑实验_20260826/outputs/full_unified_run_v1/stage1/v1_0473_store_item_20170619_mtgnn_no_graph_s29/checkpoint_final.pt","unified_rerun_v1_checkpoints_store_item.zip","52ac257181509eb392cb3f8049eb15e244f9eea37b4c0fd07b06841a6e88f061","22791620","bdbe31b4ac8e87fd0cf0cea03782a0b4b7747ba0d5b46f6f9c935ceefed95abe","12864dca24d791636cae16f17d47b8ef0cb17d7f09737a9daf2f3ce041caf992","4734b67f79c12e9827378b1858d199b7bea8d1f7509e2ae021930938ef1cbc60","not_recovered","28beca4732b3f14a100f847605d2098885a415ba97668113a3ccce044ffb107d","final_refit","planned_not_uploaded","blocked_by_nonportable_model_and_data_interfaces"
"unified_rerun_v1","v1_0474_store_item_20170619_mtgnn_no_graph_s47","Store Item","mtgnn_no_graph","2017-06-19","47","checkpoint_final.pt","<local-archive>/统一重跑实验_20260826/outputs/full_unified_run_v1/stage1/v1_0474_store_item_20170619_mtgnn_no_graph_s47/checkpoint_final.pt","unified_rerun_v1_checkpoints_store_item.zip","b692f2ea684b60eb9fb9206c458d376fa41ef6cd46e2a80665c44510ebc27248","22791172","0337f7130983c9b1a04826222622d579aeba0c32e721b83aeaceea8e27825fa4","532c0f57bb0513e20963d830a16580225b6dabf3c92e4795c696e4c0636d0f22","89c7fa5ac0511dbaea9f9cbcd81d9b55ac4af2bef136d1e19caf29d4bb752e24","not_recovered","28beca4732b3f14a100f847605d2098885a415ba97668113a3ccce044ffb107d","final_refit","planned_not_uploaded","blocked_by_nonportable_model_and_data_interfaces"
"unified_rerun_v1","v1_0475_store_item_20170717_mtgnn_no_graph_s13","Store Item","mtgnn_no_graph","2017-07-17","13","checkpoint_final.pt","<local-archive>/统一重跑实验_20260826/outputs/full_unified_run_v1/stage1/v1_0475_store_item_20170717_mtgnn_no_graph_s13/checkpoint_final.pt","unified_rerun_v1_checkpoints_store_item.zip","b510bc1f19dba1beedda53f64f5cc37cf021f0eaf6123b3506c14a88f079409a","22791044","738f718424a97fd573d7d1e0b3e8304ce8346082357328f729755e4cec18fe94","efab5c1c4f4f19e33be11a8f2d61b16ceb6054a10e4a0f051512363c75513219","c4d56ebc016051fd6faf7ce218db5137b7906ef4c16f71650d63ea56c4bd6632","not_recovered","cb704e15bf73a80e87151fc7a786498308b0888b5b69c93a6c61d1fdd789036d","final_refit","planned_not_uploaded","blocked_by_nonportable_model_and_data_interfaces"
"unified_rerun_v1","v1_0476_store_item_20170717_mtgnn_no_graph_s29","Store Item","mtgnn_no_graph","2017-07-17","29","checkpoint_final.pt","<local-archive>/统一重跑实验_20260826/outputs/full_unified_run_v1/stage1/v1_0476_store_item_20170717_mtgnn_no_graph_s29/checkpoint_final.pt","unified_rerun_v1_checkpoints_store_item.zip","1506ec9d51da14045c28d74bc2d3a632026b3ed53b465fae364cdea4d661c335","22791428","68f165b366afdebc013d406cf6ca3f03c8dbfcac13b8617d694e8a9d9c2bdc68","8087345ef5f94eb0018ee20fe1848015de7074802cee50211a9b69ff428e94cc","3ca76d7cb54e3f3a854f28b9e4115d56872ef38397bd634104293803a3af9d32","not_recovered","cb704e15bf73a80e87151fc7a786498308b0888b5b69c93a6c61d1fdd789036d","final_refit","planned_not_uploaded","blocked_by_nonportable_model_and_data_interfaces"
"unified_rerun_v1","v1_0477_store_item_20170717_mtgnn_no_graph_s47","Store Item","mtgnn_no_graph","2017-07-17","47","checkpoint_final.pt","<local-archive>/统一重跑实验_20260826/outputs/full_unified_run_v1/stage1/v1_0477_store_item_20170717_mtgnn_no_graph_s47/checkpoint_final.pt","unified_rerun_v1_checkpoints_store_item.zip","f30c2f9c4322784e9c7b0e3a941cd49eae5020444fba2cc14e9f4df39842bdfd","22790980","edc5ffede02ac42d44ccd6ffe8cd721b20e40cba874984c6156bc9413010bad2","012ac4e0b2ed759d773da8dc878d2c0010f3537229298d29c9ccacb032e0a3ac","6ebd8099c21732ffa9e15d4a7bd75d3646aa3e08d1e228d920e3d4e172ef5d31","not_recovered","cb704e15bf73a80e87151fc7a786498308b0888b5b69c93a6c61d1fdd789036d","final_refit","planned_not_uploaded","blocked_by_nonportable_model_and_data_interfaces"
"unified_rerun_v1","v1_0496_store_item_20170522_mtgnn_placebo_s13","Store Item","mtgnn_placebo","2017-05-22","13","checkpoint_final.pt","<local-archive>/统一重跑实验_20260826/outputs/full_unified_run_v1/stage1/v1_0496_store_item_20170522_mtgnn_placebo_s13/checkpoint_final.pt","unified_rerun_v1_checkpoints_store_item.zip","56d99adb6711b02f0dbb7432ace8bd3de160f9381b30f7887b77372c6026b456","22859872","517b8b4cfd1b8b84fcd87d3da90d183d183977de442857fb3c4e2e2cfe85f3fa","b8fd15cb05ee67dad4d2886ba83131b96546bd86f80f56c8ed2354a9d071ccd5","f6843770d8cf48703232a53f6b9f1756cec450d9b340d66ba9b45a570ba9a16a","not_recovered","96f573b570f1b2d301538d41f90dacef49f3190e6f15d4c0105641fefebfcd31","final_refit","planned_not_uploaded","blocked_by_nonportable_model_and_data_interfaces"
"unified_rerun_v1","v1_0497_store_item_20170522_mtgnn_placebo_s29","Store Item","mtgnn_placebo","2017-05-22","29","checkpoint_final.pt","<local-archive>/统一重跑实验_20260826/outputs/full_unified_run_v1/stage1/v1_0497_store_item_20170522_mtgnn_placebo_s29/checkpoint_final.pt","unified_rerun_v1_checkpoints_store_item.zip","0df4cb9d77f051631344c279e727ebd632b7951efab63cc6c5cb77fba6ae4dd4","22860320","c07558bc3a7e5187da75be05ab45240f6cf43d14ecbe6334cb6b760c6674e91e","3b12b733e624dc63e07533afb0708f5e56f03a65b95aedace1c9bf7f47e51873","6579a6c7fc898cc0b83c2d4d44f30af9ca50bc78827b8f3edfd366bf6709ea58","not_recovered","96f573b570f1b2d301538d41f90dacef49f3190e6f15d4c0105641fefebfcd31","final_refit","planned_not_uploaded","blocked_by_nonportable_model_and_data_interfaces"
"unified_rerun_v1","v1_0498_store_item_20170522_mtgnn_placebo_s47","Store Item","mtgnn_placebo","2017-05-22","47","checkpoint_final.pt","<local-archive>/统一重跑实验_20260826/outputs/full_unified_run_v1/stage1/v1_0498_store_item_20170522_mtgnn_placebo_s47/checkpoint_final.pt","unified_rerun_v1_checkpoints_store_item.zip","5168c812ca70045476a406006f44275cdcbee9f919edb6076cb476bf0876bcbd","22859168","8d8c9f3ccacb3528737e74d7431909da10ee4e7304c917d42e0389ebf1000ed1","66754657b2e7222f2a35bf46a6caccaa78d4f5c442d2ced0dd43dcc66bdb0369","cfeb077da047b984e4b22070d59cd83ef9db809e74df7968d2b28572afb04091","not_recovered","96f573b570f1b2d301538d41f90dacef49f3190e6f15d4c0105641fefebfcd31","final_refit","planned_not_uploaded","blocked_by_nonportable_model_and_data_interfaces"
"unified_rerun_v1","v1_0499_store_item_20170619_mtgnn_placebo_s13","Store Item","mtgnn_placebo","2017-06-19","13","checkpoint_final.pt","<local-archive>/统一重跑实验_20260826/outputs/full_unified_run_v1/stage1/v1_0499_store_item_20170619_mtgnn_placebo_s13/checkpoint_final.pt","unified_rerun_v1_checkpoints_store_item.zip","b1a1fd936a4ea16215531dd2e41d29a3bf8cd95b49f86afdf0527e099810c3e2","22859104","546860704e809abb196fdd14415b0b0e4e2c40f0a1b7dddfaf7e9ac5e8cd5196","a4c3f34208d1dd8dae2de390a1e6993a51f26c446a706cd9b8449b6b9bb2ce8b","208ec0e69a5a931d58819c70e50533f7c1b9994dd6d4bc32f15b45c59fa48c4c","not_recovered","28beca4732b3f14a100f847605d2098885a415ba97668113a3ccce044ffb107d","final_refit","planned_not_uploaded","blocked_by_nonportable_model_and_data_interfaces"
"unified_rerun_v1","v1_0500_store_item_20170619_mtgnn_placebo_s29","Store Item","mtgnn_placebo","2017-06-19","29","checkpoint_final.pt","<local-archive>/统一重跑实验_20260826/outputs/full_unified_run_v1/stage1/v1_0500_store_item_20170619_mtgnn_placebo_s29/checkpoint_final.pt","unified_rerun_v1_checkpoints_store_item.zip","9395e25a29ae5ef6f29ac05d80ef31368c59e3b90c3b8bc037ecf7807805fc15","22859360","dc0fb1d09083b95ec0c082bf0a6808885b653e205a4ab16177682733158ecf83","60b9a493256df14f08f179f1fb5a542c5ca0e51c90aac1f4be8ec87e297528f4","4a6fe8c6b392413e54e96e8e71344c1367a4cdd9921da7c7092a62f40d24f68d","not_recovered","28beca4732b3f14a100f847605d2098885a415ba97668113a3ccce044ffb107d","final_refit","planned_not_uploaded","blocked_by_nonportable_model_and_data_interfaces"
"unified_rerun_v1","v1_0501_store_item_20170619_mtgnn_placebo_s47","Store Item","mtgnn_placebo","2017-06-19","47","checkpoint_final.pt","<local-archive>/统一重跑实验_20260826/outputs/full_unified_run_v1/stage1/v1_0501_store_item_20170619_mtgnn_placebo_s47/checkpoint_final.pt","unified_rerun_v1_checkpoints_store_item.zip","1cdc2be50b05b9472af5a151191275614f86456e75f2943dd9cf7b5dec4ced9a","22859168","1217f44ef2ab4e3baf8381ec6182cdc7ff9383dddaafc20ecaf9aa2bccde04a3","c943b4f4eee8e53505f3f9eb2ae7df01134a04e5e9e6c15653ff2f8e96c638f2","50d55254d5307125e7b52a3058140b13ca164c7fa6bd4e3865bbd3bef4f528ae","not_recovered","28beca4732b3f14a100f847605d2098885a415ba97668113a3ccce044ffb107d","final_refit","planned_not_uploaded","blocked_by_nonportable_model_and_data_interfaces"
"unified_rerun_v1","v1_0502_store_item_20170717_mtgnn_placebo_s13","Store Item","mtgnn_placebo","2017-07-17","13","checkpoint_final.pt","<local-archive>/统一重跑实验_20260826/outputs/full_unified_run_v1/stage1/v1_0502_store_item_20170717_mtgnn_placebo_s13/checkpoint_final.pt","unified_rerun_v1_checkpoints_store_item.zip","051145e1857edd22ae51c8fc8e9ddadf6b9c98deb9c97e0b14cbb5dfb2ab3b79","22859040","00b24199e6848029a27512bd0691c7365aea5c723af215d7104a95604021cbd3","167f19e2d64aa3cbbb734ab8ea8c9f978abd2b67827771e0f96407315ddd4623","acf5c687214cd50e87b0d7719c8fe59ce7058f44dde491cc2d433be3261db182","not_recovered","cb704e15bf73a80e87151fc7a786498308b0888b5b69c93a6c61d1fdd789036d","final_refit","planned_not_uploaded","blocked_by_nonportable_model_and_data_interfaces"
"unified_rerun_v1","v1_0503_store_item_20170717_mtgnn_placebo_s29","Store Item","mtgnn_placebo","2017-07-17","29","checkpoint_final.pt","<local-archive>/统一重跑实验_20260826/outputs/full_unified_run_v1/stage1/v1_0503_store_item_20170717_mtgnn_placebo_s29/checkpoint_final.pt","unified_rerun_v1_checkpoints_store_item.zip","e338a2806f6cad9dc24146c388a635989df0eec45fb4547e996b15a3c782cf32","22859104","55c3a497fba1cbf0b3cbc99a22010f3fe5ef9ec8ffb7c921cebe100b52790498","c202441ed8f8fabbc4fa881f508173a7b3b3c4c891b0b84bb3c583c22d0a3ac0","882739aab3437cdd0b349f1fabb598486ab7feac27811676a1d8fe48d3cf5abf","not_recovered","cb704e15bf73a80e87151fc7a786498308b0888b5b69c93a6c61d1fdd789036d","final_refit","planned_not_uploaded","blocked_by_nonportable_model_and_data_interfaces"
"unified_rerun_v1","v1_0504_store_item_20170717_mtgnn_placebo_s47","Store Item","mtgnn_placebo","2017-07-17","47","checkpoint_final.pt","<local-archive>/统一重跑实验_20260826/outputs/full_unified_run_v1/stage1/v1_0504_store_item_20170717_mtgnn_placebo_s47/checkpoint_final.pt","unified_rerun_v1_checkpoints_store_item.zip","99acf67c0a27075691669417a57c6731008b01e695e793b0943b8b1e2934247c","22859040","aa673a916f3caf870424ce1fa93970ed4ef2806cb057d2fc526f4403c1170502","d7906d28384d8f32306b6b1012c026392ba98d74242da4965e27bf21903d9a2a","be440547e19fbd0b00d34d585b818be69817c2e864a9b7d12e92a581703e1945","not_recovered","cb704e15bf73a80e87151fc7a786498308b0888b5b69c93a6c61d1fdd789036d","final_refit","planned_not_uploaded","blocked_by_nonportable_model_and_data_interfaces"
"unified_rerun_v1","v1_0226_store_item_20170522_nlinear_s13","Store Item","nlinear","2017-05-22","13","checkpoint_final.pt","<local-archive>/统一重跑实验_20260826/outputs/full_unified_run_v1/stage2/v1_0226_store_item_20170522_nlinear_s13/checkpoint_final.pt","unified_rerun_v1_checkpoints_store_item.zip","4575bda55a54c76acd56db4f2bf4698b01f85e7acf7edf422650efe18c93cad2","49632","a9f5eccceb6c5c5360a050bc2b131dd44bb9809ed9776d1d3aa737185e6dbb6b","91a543e8058a3a9e700ee944c7f5894789a7bde4b85b5a12ebda27471690f9a8","a65d469b2e23ae5403413c47f84d86a7589056626475a9f6a0bec1c8ebb45750","not_recovered","96f573b570f1b2d301538d41f90dacef49f3190e6f15d4c0105641fefebfcd31","final_refit","planned_not_uploaded","blocked_by_nonportable_model_and_data_interfaces"
"unified_rerun_v1","v1_0227_store_item_20170522_nlinear_s29","Store Item","nlinear","2017-05-22","29","checkpoint_final.pt","<local-archive>/统一重跑实验_20260826/outputs/full_unified_run_v1/stage2/v1_0227_store_item_20170522_nlinear_s29/checkpoint_final.pt","unified_rerun_v1_checkpoints_store_item.zip","273da43c0005c2e4c366f677785409b8fe693c36a4f2129ec6b82877b236c881","49568","83110b7fb2d92cfd5a1785dac8e061038f8fe3c46f569fd4b6c52d319429d3bc","614292f5b46edfdf8106b4995ee59c3b4dfbdd551c824949b4e1473c71f42f5c","32c8c25fa757cc96acdec69abb0baac10f57e02731f6ad8e5da329eee26cce1f","not_recovered","96f573b570f1b2d301538d41f90dacef49f3190e6f15d4c0105641fefebfcd31","final_refit","planned_not_uploaded","blocked_by_nonportable_model_and_data_interfaces"
"unified_rerun_v1","v1_0228_store_item_20170522_nlinear_s47","Store Item","nlinear","2017-05-22","47","checkpoint_final.pt","<local-archive>/统一重跑实验_20260826/outputs/full_unified_run_v1/stage2/v1_0228_store_item_20170522_nlinear_s47/checkpoint_final.pt","unified_rerun_v1_checkpoints_store_item.zip","ed329437b30ede78a14b658c2e46cf498af4c5e522cdb37da955e70bf154edea","49568","ffae9eb5e9b33fb51e61eedf84a1ca98b1a5b468d143d09e756a5eebed6a0fee","ca068dea5246b43e261d44e9d2c63c8195f18b23ca4bda1a9870f6c22c2f4ece","d909d55ea51c804d35c5f8caa6a3e71f6114aa049925afc84dbbba79f97830ea","not_recovered","96f573b570f1b2d301538d41f90dacef49f3190e6f15d4c0105641fefebfcd31","final_refit","planned_not_uploaded","blocked_by_nonportable_model_and_data_interfaces"
"unified_rerun_v1","v1_0229_store_item_20170619_nlinear_s13","Store Item","nlinear","2017-06-19","13","checkpoint_final.pt","<local-archive>/统一重跑实验_20260826/outputs/full_unified_run_v1/stage2/v1_0229_store_item_20170619_nlinear_s13/checkpoint_final.pt","unified_rerun_v1_checkpoints_store_item.zip","a751e09e6330fa5f6956e5f36b7ab0a4a1dc9599e4c8439e858da6de568e92b6","49632","2e9e7323bdc3aafa821dff7f8e1ba2033804f24881d23a400e2e05728cdec142","95b5b71d980ee03a93d14df5d6a4b27eddc8c06f1fa5ee31eb13fe9e5d8e208d","9e48750e73d9213dd53ccdc306b1ed3c96879def89580c81d7a8b597bc1f31cb","not_recovered","28beca4732b3f14a100f847605d2098885a415ba97668113a3ccce044ffb107d","final_refit","planned_not_uploaded","blocked_by_nonportable_model_and_data_interfaces"
"unified_rerun_v1","v1_0230_store_item_20170619_nlinear_s29","Store Item","nlinear","2017-06-19","29","checkpoint_final.pt","<local-archive>/统一重跑实验_20260826/outputs/full_unified_run_v1/stage2/v1_0230_store_item_20170619_nlinear_s29/checkpoint_final.pt","unified_rerun_v1_checkpoints_store_item.zip","f1dd7ae7903fca6c963fdbdf45291d4998c8101923f701aa4540c3b56d50308d","49568","c884361a50e30426837b8dcc93a414293a76d8e38e052e058aea33edbe019b3b","f296df50ddecb487ec1868e1f3a95e3ca5c28dd177e4761347cde2d5179c72da","c566b9c5cdf2f335967bdc398079a0a7bbc2e629d4c74c704810a8eb2e707c37","not_recovered","28beca4732b3f14a100f847605d2098885a415ba97668113a3ccce044ffb107d","final_refit","planned_not_uploaded","blocked_by_nonportable_model_and_data_interfaces"
"unified_rerun_v1","v1_0231_store_item_20170619_nlinear_s47","Store Item","nlinear","2017-06-19","47","checkpoint_final.pt","<local-archive>/统一重跑实验_20260826/outputs/full_unified_run_v1/stage2/v1_0231_store_item_20170619_nlinear_s47/checkpoint_final.pt","unified_rerun_v1_checkpoints_store_item.zip","a387443f00b2602bcb55695f1832d522a1c9bb433fefc51ecfc1e08fca226765","49568","dbde6a2ae6ca1b25903cdffcc6da78f72ca8f93dc95ca4c8fe3b0d2e0c5308f6","be3e8da0c69552feb37418e1e9d69d63f4a0a9e7e475c83da7b33e35bda45eab","1efcd333825019db3c530b2ef4bf02c9a9335a6fe93d67e098c11f27cb58610a","not_recovered","28beca4732b3f14a100f847605d2098885a415ba97668113a3ccce044ffb107d","final_refit","planned_not_uploaded","blocked_by_nonportable_model_and_data_interfaces"
"unified_rerun_v1","v1_0232_store_item_20170717_nlinear_s13","Store Item","nlinear","2017-07-17","13","checkpoint_final.pt","<local-archive>/统一重跑实验_20260826/outputs/full_unified_run_v1/stage2/v1_0232_store_item_20170717_nlinear_s13/checkpoint_final.pt","unified_rerun_v1_checkpoints_store_item.zip","597743ab201fad3046b20cda8aea19b123f2bfc3070a9c8f052498bef9acf370","49568","56661db565e70b409a82e2d2c688ce23155f44a7e79ca6dcfcc23bd1dc72c0af","11b6be1c8450873ae4175b5332dbbfb3a268db7dcd2b6707e6a2bdf729d70b01","cef1ee2f5d19e9b3a2efd7d3c7e586608fcb80cadc02ddc641e4a12a453d36bc","not_recovered","cb704e15bf73a80e87151fc7a786498308b0888b5b69c93a6c61d1fdd789036d","final_refit","planned_not_uploaded","blocked_by_nonportable_model_and_data_interfaces"
"unified_rerun_v1","v1_0233_store_item_20170717_nlinear_s29","Store Item","nlinear","2017-07-17","29","checkpoint_final.pt","<local-archive>/统一重跑实验_20260826/outputs/full_unified_run_v1/stage2/v1_0233_store_item_20170717_nlinear_s29/checkpoint_final.pt","unified_rerun_v1_checkpoints_store_item.zip","dfa74c007fa0a2bfdfad968ec10995616f9040c2a89f2c30571d1e443a46e4dd","49568","2828cb5e80e42f5b3bc716e57eb9f7e2bc41914f903042761687a56c506eb9c5","63478438bc3091ee3a25e7379b1bb87f006a75d75837ddef90979eb9d2a75f64","4d43a903373bfe530adec69960fd0e546a2b9ba1889001b911987c6f6d329a49","not_recovered","cb704e15bf73a80e87151fc7a786498308b0888b5b69c93a6c61d1fdd789036d","final_refit","planned_not_uploaded","blocked_by_nonportable_model_and_data_interfaces"
"unified_rerun_v1","v1_0234_store_item_20170717_nlinear_s47","Store Item","nlinear","2017-07-17","47","checkpoint_final.pt","<local-archive>/统一重跑实验_20260826/outputs/full_unified_run_v1/stage2/v1_0234_store_item_20170717_nlinear_s47/checkpoint_final.pt","unified_rerun_v1_checkpoints_store_item.zip","1464502ebb03cddfb9b9c4541c0921ef8c85207de7bb949cb218a7bec4e210a0","49568","1839e760fb468c30152f2401cca08d2062ebdea0d570722a61d74df570b07672","7c2b2fed9bc7d24152eb943e4f424b50bf4535e4f3351161fcdd9c5f701da0c1","0412e5184621ae176cd491ded205b9d62a2171a4d22a147b3cd3faebbdc35050","not_recovered","cb704e15bf73a80e87151fc7a786498308b0888b5b69c93a6c61d1fdd789036d","final_refit","planned_not_uploaded","blocked_by_nonportable_model_and_data_interfaces"
"unified_rerun_v1","v1_0253_store_item_20170522_patchtst_s13","Store Item","patchtst","2017-05-22","13","checkpoint_final.pt","<local-archive>/统一重跑实验_20260826/outputs/full_unified_run_v1/stage2/v1_0253_store_item_20170522_patchtst_s13/checkpoint_final.pt","unified_rerun_v1_checkpoints_store_item.zip","b2be0840fafba1abf7565ae6ef4898a3a653057f87539f1b02513dc3bbaf70ad","1201674","b5a04b885882b64a2189448394bbea530bae4ceff8efc8bce1ec962fd29a59b2","9b9d98694ddb4504c23851331691698f3ea6840bb629b62c66da0993ed1082dd","53a57f02df156be3e7977dcbfe4976d337e25582ca5590b08d6f37a3ed44c2fe","not_recovered","96f573b570f1b2d301538d41f90dacef49f3190e6f15d4c0105641fefebfcd31","final_refit","planned_not_uploaded","blocked_by_nonportable_model_and_data_interfaces"
"unified_rerun_v1","v1_0254_store_item_20170522_patchtst_s29","Store Item","patchtst","2017-05-22","29","checkpoint_final.pt","<local-archive>/统一重跑实验_20260826/outputs/full_unified_run_v1/stage2/v1_0254_store_item_20170522_patchtst_s29/checkpoint_final.pt","unified_rerun_v1_checkpoints_store_item.zip","6979c6484a59b770cc6747c7dcbc359f8141c00fd88507e0b18f8b8017ec2650","1202378","a25451f06e0392e560a18a5e8f873bb924c4bad2cf892a41d916481d4dd72a90","410842d6072dab3ae72871110e341feef72bbcadf34b89b022293b64e5f59fd9","60791357b627f8ab87a2d2c193bd58933fa8f039c857e3de6f9ab50fe80b02ee","not_recovered","96f573b570f1b2d301538d41f90dacef49f3190e6f15d4c0105641fefebfcd31","final_refit","planned_not_uploaded","blocked_by_nonportable_model_and_data_interfaces"
"unified_rerun_v1","v1_0255_store_item_20170522_patchtst_s47","Store Item","patchtst","2017-05-22","47","checkpoint_final.pt","<local-archive>/统一重跑实验_20260826/outputs/full_unified_run_v1/stage2/v1_0255_store_item_20170522_patchtst_s47/checkpoint_final.pt","unified_rerun_v1_checkpoints_store_item.zip","25f3fa4c3d64430accd42a42a671243e219f84970f6d1e5fb556af6a61ac2460","1202698","e750df355f6c1fba2186fb28a2f23e9100f719fc26e3d8d97df52d11e7b8289d","5295d2f3d0fce00afe31838b1bb6e3616ca5d4aaebe1b24acc0e12af200823ef","ec23b9b5ff6b1244a812240a2c017bce024f16c16f1839888707e666ea8c7e13","not_recovered","96f573b570f1b2d301538d41f90dacef49f3190e6f15d4c0105641fefebfcd31","final_refit","planned_not_uploaded","blocked_by_nonportable_model_and_data_interfaces"
"unified_rerun_v1","v1_0256_store_item_20170619_patchtst_s13","Store Item","patchtst","2017-06-19","13","checkpoint_final.pt","<local-archive>/统一重跑实验_20260826/outputs/full_unified_run_v1/stage2/v1_0256_store_item_20170619_patchtst_s13/checkpoint_final.pt","unified_rerun_v1_checkpoints_store_item.zip","843e165e5816eee7c7273a7d28287e93297c9c4902895caac8a8b7239c6339fb","1201866","4d2660f826827d9fc880873f585aaca707dd51c2cd320b84ac6cb336d4aa3898","fafa659650ab58142252010e667a8b394b260df42723bfae9f05089a0845520a","64480cf8448f509cc7087faf718c7bdc78156da2838dc1f2dccca0030a44f9d7","not_recovered","28beca4732b3f14a100f847605d2098885a415ba97668113a3ccce044ffb107d","final_refit","planned_not_uploaded","blocked_by_nonportable_model_and_data_interfaces"
"unified_rerun_v1","v1_0257_store_item_20170619_patchtst_s29","Store Item","patchtst","2017-06-19","29","checkpoint_final.pt","<local-archive>/统一重跑实验_20260826/outputs/full_unified_run_v1/stage2/v1_0257_store_item_20170619_patchtst_s29/checkpoint_final.pt","unified_rerun_v1_checkpoints_store_item.zip","1a04b7d1c216687c91cfbf19772b0069f4af7ebe4ff71dcbe8aa166f60bb0530","1201354","c8514ed383dd36d2ef28a3ce0dc3825ece9d725ebaed57a6046ff771c7f46e2f","402408e9c7f163c002738d0489a24747b40853139cf1cfa665913ef18d4b2997","6586fd133e772131c03a514fbe599b71659d163efe73e4f4f6f5841d25b07145","not_recovered","28beca4732b3f14a100f847605d2098885a415ba97668113a3ccce044ffb107d","final_refit","planned_not_uploaded","blocked_by_nonportable_model_and_data_interfaces"
"unified_rerun_v1","v1_0258_store_item_20170619_patchtst_s47","Store Item","patchtst","2017-06-19","47","checkpoint_final.pt","<local-archive>/统一重跑实验_20260826/outputs/full_unified_run_v1/stage2/v1_0258_store_item_20170619_patchtst_s47/checkpoint_final.pt","unified_rerun_v1_checkpoints_store_item.zip","818c1e5357730ab760cfbce259e5d871539446a1a6d65cf108a2cc8482d80ebe","1201738","8bfd185078a372ee56d21b3160a3e43d00b37eeb8fe5dcf2ce12a7aa1816725d","27ee605046b36c00504df708e94666ea96fd476c68dc89237877cc2491f58a90","dbb0b7298040101d9f7da911816e241999d3825f3ea9179189dc99b24a1b11ba","not_recovered","28beca4732b3f14a100f847605d2098885a415ba97668113a3ccce044ffb107d","final_refit","planned_not_uploaded","blocked_by_nonportable_model_and_data_interfaces"
"unified_rerun_v1","v1_0259_store_item_20170717_patchtst_s13","Store Item","patchtst","2017-07-17","13","checkpoint_final.pt","<local-archive>/统一重跑实验_20260826/outputs/full_unified_run_v1/stage2/v1_0259_store_item_20170717_patchtst_s13/checkpoint_final.pt","unified_rerun_v1_checkpoints_store_item.zip","27ffc8c44943146faacb8d49456180113a36d1262551d14734330c98001aba24","1201226","1614f48acba680d62be02a2ae9fda257bc204736a1e01c043bf686b117dbe2cb","f0619f0a035884e1ea55cfdd2d345a6155790f8a938b97b24d984d150e4d6820","e85745d9d5d09efd691ec546faf41f1e60434e31bdf5ca731e9c72c4d7f769f7","not_recovered","cb704e15bf73a80e87151fc7a786498308b0888b5b69c93a6c61d1fdd789036d","final_refit","planned_not_uploaded","blocked_by_nonportable_model_and_data_interfaces"
"unified_rerun_v1","v1_0260_store_item_20170717_patchtst_s29","Store Item","patchtst","2017-07-17","29","checkpoint_final.pt","<local-archive>/统一重跑实验_20260826/outputs/full_unified_run_v1/stage2/v1_0260_store_item_20170717_patchtst_s29/checkpoint_final.pt","unified_rerun_v1_checkpoints_store_item.zip","189202b8c4fd534b865455b27e40884c60ad0aed4b3be7703a01c0ef00600cd5","1201290","2ebd541e38833863a66a3e526777632b98cbae402364b5f2aaea98ce55827a17","510356c6cc9f98dc315bdc028d86a51d55f72731660c3a52d16d2fdbdcd01acc","d80aab66627c4fe28c64747acaac6760957646868379ce2cd34459cea7ef5bb4","not_recovered","cb704e15bf73a80e87151fc7a786498308b0888b5b69c93a6c61d1fdd789036d","final_refit","planned_not_uploaded","blocked_by_nonportable_model_and_data_interfaces"
"unified_rerun_v1","v1_0261_store_item_20170717_patchtst_s47","Store Item","patchtst","2017-07-17","47","checkpoint_final.pt","<local-archive>/统一重跑实验_20260826/outputs/full_unified_run_v1/stage2/v1_0261_store_item_20170717_patchtst_s47/checkpoint_final.pt","unified_rerun_v1_checkpoints_store_item.zip","8333e7d8e55e5e814aee2a30748ca5c25d390f538cdbd9f5477f9f27b0e3c117","1201162","b285d91acf0f3212f0b1ece9f91108631b8284f063dc63833cc2d760f914ae1e","08ed52b6286744d515475ac52f8cc2864d63c89514330dba4f600a1cb590e310","32ee0bd2f11fd4609b51c01b4e439f5555bf284d594affe25e2fc8321c615c2b","not_recovered","cb704e15bf73a80e87151fc7a786498308b0888b5b69c93a6c61d1fdd789036d","final_refit","planned_not_uploaded","blocked_by_nonportable_model_and_data_interfaces"
"unified_rerun_v1","v1_0007_store_item_20170522_seasonal_naive_s13","Store Item","seasonal_naive","2017-05-22","13","checkpoint_final.pt","<local-archive>/统一重跑实验_20260826/outputs/full_unified_run_v1/stage2/v1_0007_store_item_20170522_seasonal_naive_s13/checkpoint_final.pt","unified_rerun_v1_checkpoints_store_item.zip","a9f6f85d5cbd31f4c5a2c9f05341634c1402abed8a5bb5e8aef34c630a5b6ef2","1568","5a5f8ee93f5ebba80d2693a4dfe34fbf594fd1e2fc1dea209a93ebdc823a6ead","3b95b239ceb93ac12a3dc1fd53cdd9e66e05ba7598b1bccc3f0d2972421e1c1b","6f6822366742aa72aa046001f9cf1c1aa8bd8a63deba820688b16c37bbf29a7f","not_recovered","96f573b570f1b2d301538d41f90dacef49f3190e6f15d4c0105641fefebfcd31","final_refit","planned_not_uploaded","blocked_by_nonportable_model_and_data_interfaces"
"unified_rerun_v1","v1_0008_store_item_20170619_seasonal_naive_s13","Store Item","seasonal_naive","2017-06-19","13","checkpoint_final.pt","<local-archive>/统一重跑实验_20260826/outputs/full_unified_run_v1/stage2/v1_0008_store_item_20170619_seasonal_naive_s13/checkpoint_final.pt","unified_rerun_v1_checkpoints_store_item.zip","bd7eb58b0d78ebb5f6dade7c0e27e679ad884d12777c011409971776309aca94","1568","24395fb15a6e7975f41038513717b4b54f6556d53c1861cf608359b66e04b987","5e5717f31e67d48cad51a836c95ec2f16c15be0487b3eb784135d7ae739d8c4d","09aa3775bfeaad1625c23ffba7b74520f7110a08c8fc7e6df3f2816374d7cd59","not_recovered","28beca4732b3f14a100f847605d2098885a415ba97668113a3ccce044ffb107d","final_refit","planned_not_uploaded","blocked_by_nonportable_model_and_data_interfaces"
"unified_rerun_v1","v1_0009_store_item_20170717_seasonal_naive_s13","Store Item","seasonal_naive","2017-07-17","13","checkpoint_final.pt","<local-archive>/统一重跑实验_20260826/outputs/full_unified_run_v1/stage2/v1_0009_store_item_20170717_seasonal_naive_s13/checkpoint_final.pt","unified_rerun_v1_checkpoints_store_item.zip","ce1bbe46d77cd234515b160f80035c8874da90f069003a3119f0abc2b55f1afc","1568","6a004c55e2410c7b1450a9dea08d0c5ea56fd08ae4ca9cb8b240f05ea4a88e11","f0684c22c3c966bb0aaa412405124434d712628dfe87838733fa72a06ae9f0c5","6be72428bb813e6578de79f206e21532f2d7b3743b96fb1d48e48337e563db7f","not_recovered","cb704e15bf73a80e87151fc7a786498308b0888b5b69c93a6c61d1fdd789036d","final_refit","planned_not_uploaded","blocked_by_nonportable_model_and_data_interfaces"
"unified_rerun_v1","v1_0064_store_item_20170522_tcn_business_s13","Store Item","tcn_business","2017-05-22","13","checkpoint_final.pt","<local-archive>/统一重跑实验_20260826/outputs/full_unified_run_v1/stage2/v1_0064_store_item_20170522_tcn_business_s13/checkpoint_final.pt","unified_rerun_v1_checkpoints_store_item.zip","48bd1987317a653c6ee9ee6f0602212af08aba2db5c860ee6ff0e070b69cc9f9","559496","da9931e700fd5c81223df41048b599780ab6e0b333cf4da89fb5af992b6465be","55a0dfc3d97ac37d8fbd8a4c28fe288e3b2510abcb2a0078a5c3285c5a7c3c08","7e9e5ab6f8f36f28f8cb9baf9777be512cf210cccf91cd6816d9d6f7f06face2","not_recovered","96f573b570f1b2d301538d41f90dacef49f3190e6f15d4c0105641fefebfcd31","final_refit","planned_not_uploaded","blocked_by_nonportable_model_and_data_interfaces"
"unified_rerun_v1","v1_0065_store_item_20170522_tcn_business_s29","Store Item","tcn_business","2017-05-22","29","checkpoint_final.pt","<local-archive>/统一重跑实验_20260826/outputs/full_unified_run_v1/stage2/v1_0065_store_item_20170522_tcn_business_s29/checkpoint_final.pt","unified_rerun_v1_checkpoints_store_item.zip","c5bc2f05e43f6ddd1d8c040e62ec321ddd14ad217e237b159d0d80e3eadb010d","559240","d63b0095fd9f828796abeeecadb16640c8d9a1b1eb5e152d2fac21ae5da4a714","f2252c66578d907ee69608a6c6983f601f9864953f9602a680aa4f07cdc2fe5b","950ec92f372db144cc605b69a625331d00a52e8cd49571e25bba9c20b9d573b9","not_recovered","96f573b570f1b2d301538d41f90dacef49f3190e6f15d4c0105641fefebfcd31","final_refit","planned_not_uploaded","blocked_by_nonportable_model_and_data_interfaces"
"unified_rerun_v1","v1_0066_store_item_20170522_tcn_business_s47","Store Item","tcn_business","2017-05-22","47","checkpoint_final.pt","<local-archive>/统一重跑实验_20260826/outputs/full_unified_run_v1/stage2/v1_0066_store_item_20170522_tcn_business_s47/checkpoint_final.pt","unified_rerun_v1_checkpoints_store_item.zip","e71685f2e33025b2d60d750359e46eda446cd40f88d9f959136ddda4796b4727","558664","2690f3f93846891a7fd41d9a0a4f1ac2435c99c735045ba155b3ae20aa0d7441","3ee34a50247de50fde9e527e0e4d6c19a8ae5b7cafa234c7a382485a7c778393","077316332e5e09ffe9dcb75dee1590955c3368ced86a12ada18afeda352c2fc8","not_recovered","96f573b570f1b2d301538d41f90dacef49f3190e6f15d4c0105641fefebfcd31","final_refit","planned_not_uploaded","blocked_by_nonportable_model_and_data_interfaces"
"unified_rerun_v1","v1_0067_store_item_20170619_tcn_business_s13","Store Item","tcn_business","2017-06-19","13","checkpoint_final.pt","<local-archive>/统一重跑实验_20260826/outputs/full_unified_run_v1/stage2/v1_0067_store_item_20170619_tcn_business_s13/checkpoint_final.pt","unified_rerun_v1_checkpoints_store_item.zip","f2bb36dab5b2c9dd2b3581b69a00c1a874e8b5e905fb652af96a81908bfa2e03","558472","b100603da91a7ad2816cdb30321e2d646b20f3e00829be62e99d069942d2dc10","bab3f68518aaec31932bde5dc3c5242f1568563e9f8e2cce1588c3118e412122","664ec805433a25d24f4fa1ece3d48fe3c0d17432361c93d0a5d2646435d77adf","not_recovered","28beca4732b3f14a100f847605d2098885a415ba97668113a3ccce044ffb107d","final_refit","planned_not_uploaded","blocked_by_nonportable_model_and_data_interfaces"
"unified_rerun_v1","v1_0068_store_item_20170619_tcn_business_s29","Store Item","tcn_business","2017-06-19","29","checkpoint_final.pt","<local-archive>/统一重跑实验_20260826/outputs/full_unified_run_v1/stage2/v1_0068_store_item_20170619_tcn_business_s29/checkpoint_final.pt","unified_rerun_v1_checkpoints_store_item.zip","bed8f674eb272e8839c6904e0fa5a73893108dc250b9487b14d166e851d18f57","558920","d49446d76cdffc6e7e05307553196c0bee89372167bfe21ba16f3a1d111fc368","53ef633f3fb6124adfbcec9eab1ac38c00f10b5680baf19b00ff1c002afa9db4","655265f858818f962e5a492e3834b29d13f1591d32d4c61c6d89c58de4c440a7","not_recovered","28beca4732b3f14a100f847605d2098885a415ba97668113a3ccce044ffb107d","final_refit","planned_not_uploaded","blocked_by_nonportable_model_and_data_interfaces"
"unified_rerun_v1","v1_0069_store_item_20170619_tcn_business_s47","Store Item","tcn_business","2017-06-19","47","checkpoint_final.pt","<local-archive>/统一重跑实验_20260826/outputs/full_unified_run_v1/stage2/v1_0069_store_item_20170619_tcn_business_s47/checkpoint_final.pt","unified_rerun_v1_checkpoints_store_item.zip","238a49c84f1ba067d35a2034bfd9f5134fec72bc5a72c6319c3fbffeda9c28ab","558664","e1aeab752deb88486fefa6756190ef782e6e67755fb9c0bfa254884f5bf2a0f7","da880785e91f8057f13120a178bf22c9c3a7f06817cef96ca864dac65270dbac","69f9921fa7fc08897457f04b82b2ebde2096f9f8a7632c00ea6699440b125cb9","not_recovered","28beca4732b3f14a100f847605d2098885a415ba97668113a3ccce044ffb107d","final_refit","planned_not_uploaded","blocked_by_nonportable_model_and_data_interfaces"
"unified_rerun_v1","v1_0070_store_item_20170717_tcn_business_s13","Store Item","tcn_business","2017-07-17","13","checkpoint_final.pt","<local-archive>/统一重跑实验_20260826/outputs/full_unified_run_v1/stage2/v1_0070_store_item_20170717_tcn_business_s13/checkpoint_final.pt","unified_rerun_v1_checkpoints_store_item.zip","b5170f717546129cf554ee3f4345c62523e53079c97c3af58541d6b9d11e1a21","558536","db54c8e350f17a138bcff5c72ae6c2a6113235711e3cd23fdae413f0c265cbb9","f0ebb6031da33ffed7042cf40efd77ceb6e5a515f4842ac03a1636123bd63571","8d36614bd57f4a8b23021cc975956017c2c157b65d4595e9ae5d53904af50d6e","not_recovered","cb704e15bf73a80e87151fc7a786498308b0888b5b69c93a6c61d1fdd789036d","final_refit","planned_not_uploaded","blocked_by_nonportable_model_and_data_interfaces"
"unified_rerun_v1","v1_0071_store_item_20170717_tcn_business_s29","Store Item","tcn_business","2017-07-17","29","checkpoint_final.pt","<local-archive>/统一重跑实验_20260826/outputs/full_unified_run_v1/stage2/v1_0071_store_item_20170717_tcn_business_s29/checkpoint_final.pt","unified_rerun_v1_checkpoints_store_item.zip","12dd130bb6599f773738865cbab5f09847dacc934ebcdad9f00588acf13ff6ff","558920","020a4f2fd66b8a80a41d36eef8671a51d94abfa8554566ee4cd5fdeef6b5511a","574928babf14c8b59fd43d35be375f242f2d679c61741243a20db34eda9ddf1e","efb4604817cb054c02f902247e503dbfd91367728ded32288136113b215bbc7a","not_recovered","cb704e15bf73a80e87151fc7a786498308b0888b5b69c93a6c61d1fdd789036d","final_refit","planned_not_uploaded","blocked_by_nonportable_model_and_data_interfaces"
"unified_rerun_v1","v1_0072_store_item_20170717_tcn_business_s47","Store Item","tcn_business","2017-07-17","47","checkpoint_final.pt","<local-archive>/统一重跑实验_20260826/outputs/full_unified_run_v1/stage2/v1_0072_store_item_20170717_tcn_business_s47/checkpoint_final.pt","unified_rerun_v1_checkpoints_store_item.zip","8123ac7b07514bf72b8be4456072fb6f2a2fb83c6791d6e061946cb0422fd29b","558984","95f346ed5f89b3a3d46b8067fb3b209013aec05c240816910070ffb67cabed0f","f16373bf23a4dbc0a2c28601e8b10c362dabb234ad654f3d8eb91b75b673ea82","b99b5c770834fde991ac21930698546d9c3b59afbfa5e39a0bd88ef83e73e4b2","not_recovered","cb704e15bf73a80e87151fc7a786498308b0888b5b69c93a6c61d1fdd789036d","final_refit","planned_not_uploaded","blocked_by_nonportable_model_and_data_interfaces"
"unified_rerun_v1","v1_0037_store_item_20170522_tcn_no_graph_s13","Store Item","tcn_no_graph","2017-05-22","13","checkpoint_final.pt","<local-archive>/统一重跑实验_20260826/outputs/full_unified_run_v1/stage1/v1_0037_store_item_20170522_tcn_no_graph_s13/checkpoint_final.pt","unified_rerun_v1_checkpoints_store_item.zip","77c6e134e4bf6b2b06b56c1e174e67a9d37e548b63b838ad40c5bd88a1c1a9cd","558600","2caf2e1b390b98578e6235f6474b6bb9bec26edeb7777c60a358f5c8d83bd3fe","0577bae8871b56e85ff38fc48cde5c7ff33130636eb88a930f43a1724168e829","220f9665b8db7751f8720227508ddcbe7037915a4d765075a6a96994ce587575","not_recovered","96f573b570f1b2d301538d41f90dacef49f3190e6f15d4c0105641fefebfcd31","final_refit","planned_not_uploaded","blocked_by_nonportable_model_and_data_interfaces"
"unified_rerun_v1","v1_0038_store_item_20170522_tcn_no_graph_s29","Store Item","tcn_no_graph","2017-05-22","29","checkpoint_final.pt","<local-archive>/统一重跑实验_20260826/outputs/full_unified_run_v1/stage1/v1_0038_store_item_20170522_tcn_no_graph_s29/checkpoint_final.pt","unified_rerun_v1_checkpoints_store_item.zip","119f6ca78f7d6f1b9ec5f5053a381f8678f4a85d7c38a4be92dabcb06dffe50c","558280","7291d265aa96d9b98b58d34d4d80c9bb31879d61ce926459bc193403b57a612f","7668ddaeffdbd9a536f17b9fcdb75ddcf261f5105654ace44368646f8ab46ce9","ca5bad1f04f5baf7be8fe1423150358f09e4068954e9ff3c577371b3258409d5","not_recovered","96f573b570f1b2d301538d41f90dacef49f3190e6f15d4c0105641fefebfcd31","final_refit","planned_not_uploaded","blocked_by_nonportable_model_and_data_interfaces"
"unified_rerun_v1","v1_0039_store_item_20170522_tcn_no_graph_s47","Store Item","tcn_no_graph","2017-05-22","47","checkpoint_final.pt","<local-archive>/统一重跑实验_20260826/outputs/full_unified_run_v1/stage1/v1_0039_store_item_20170522_tcn_no_graph_s47/checkpoint_final.pt","unified_rerun_v1_checkpoints_store_item.zip","b3a0ec7b1e6ef02cd7e07336ac7f003bf22cd8f9fe8aef0e66ad820ab885558b","558408","61979f1082f73fe6e80f4abd1f46b4b08440160adfdd45e8327f1ba1d93481b1","9b7b83ad6b07923835a6751c7906cef858837e451b5ce1635b8181e64cdcd14f","8555ba46dd13099b4c6fdf458f0e3034f3b1c7b32848f23c8e6bd66f8fcaacb4","not_recovered","96f573b570f1b2d301538d41f90dacef49f3190e6f15d4c0105641fefebfcd31","final_refit","planned_not_uploaded","blocked_by_nonportable_model_and_data_interfaces"
"unified_rerun_v1","v1_0040_store_item_20170619_tcn_no_graph_s13","Store Item","tcn_no_graph","2017-06-19","13","checkpoint_final.pt","<local-archive>/统一重跑实验_20260826/outputs/full_unified_run_v1/stage1/v1_0040_store_item_20170619_tcn_no_graph_s13/checkpoint_final.pt","unified_rerun_v1_checkpoints_store_item.zip","90afda88371aa48a0ec2be000994cae7dccec2156fdfca2a893f94e56dcd59f5","558536","ae7ab5b45762863259dd2e6dd2c7f801114e09d194aca7abb549a709aa765ffa","78841b9c4194a142d47e44c663737f15a7459551956e25292bc48bf741ad2431","da1f3393612a6d3060bacd3e87af577f9d2b31292d52e758b11c61fd2b156a96","not_recovered","28beca4732b3f14a100f847605d2098885a415ba97668113a3ccce044ffb107d","final_refit","planned_not_uploaded","blocked_by_nonportable_model_and_data_interfaces"
"unified_rerun_v1","v1_0041_store_item_20170619_tcn_no_graph_s29","Store Item","tcn_no_graph","2017-06-19","29","checkpoint_final.pt","<local-archive>/统一重跑实验_20260826/outputs/full_unified_run_v1/stage1/v1_0041_store_item_20170619_tcn_no_graph_s29/checkpoint_final.pt","unified_rerun_v1_checkpoints_store_item.zip","51fdf97b0f92f9fadbd5fe6519149de1c2774c3f40dbc4847729f838d27f4447","558408","29e40e09e30481dc2225b8f7c12f0f1ec1254e4640f6f52b643194a4fd81e45b","cf614ab32865108202246fbc62aeab1495727200a59baa315d7ad4d5592a1d73","f619453a721dcae09b8ed834b59ba7b150cd4acbbbdb9214e2db34c0f01de37b","not_recovered","28beca4732b3f14a100f847605d2098885a415ba97668113a3ccce044ffb107d","final_refit","planned_not_uploaded","blocked_by_nonportable_model_and_data_interfaces"
"unified_rerun_v1","v1_0042_store_item_20170619_tcn_no_graph_s47","Store Item","tcn_no_graph","2017-06-19","47","checkpoint_final.pt","<local-archive>/统一重跑实验_20260826/outputs/full_unified_run_v1/stage1/v1_0042_store_item_20170619_tcn_no_graph_s47/checkpoint_final.pt","unified_rerun_v1_checkpoints_store_item.zip","a26b60360081814fd4c8e65e480436fc20e7b7d1a73f913b8c11013d8a6cc97b","558408","63c11cacf27046e8841adfb8fafa040b466f6e40d4c33e3850eafabfb4bebeb6","db41a15976bd9eae21e57cefe415aed7985763f5bc4db3c0ef5fe439264d6764","df3216f06417400fe987da843270b39fc0caec135296b9d13a2d3ffaa99060b5","not_recovered","28beca4732b3f14a100f847605d2098885a415ba97668113a3ccce044ffb107d","final_refit","planned_not_uploaded","blocked_by_nonportable_model_and_data_interfaces"
"unified_rerun_v1","v1_0043_store_item_20170717_tcn_no_graph_s13","Store Item","tcn_no_graph","2017-07-17","13","checkpoint_final.pt","<local-archive>/统一重跑实验_20260826/outputs/full_unified_run_v1/stage1/v1_0043_store_item_20170717_tcn_no_graph_s13/checkpoint_final.pt","unified_rerun_v1_checkpoints_store_item.zip","d8b14c1c8c384eb4a2157f1f72076fea2f466a5d68209b6fc265506c3e0ce29a","558152","2d7edbb87a17e1059e136993ab39b85dc6e3f8a91a8289d191a57c0cdeaeac5f","7e3b9bc01cc359d11d3aba2091be88884ba7460e510f0cbdff05b69c19b06069","e35b684e7f7d33360fa4feee8c9f22328b01449c9986f663aaf5a855265e613e","not_recovered","cb704e15bf73a80e87151fc7a786498308b0888b5b69c93a6c61d1fdd789036d","final_refit","planned_not_uploaded","blocked_by_nonportable_model_and_data_interfaces"
"unified_rerun_v1","v1_0044_store_item_20170717_tcn_no_graph_s29","Store Item","tcn_no_graph","2017-07-17","29","checkpoint_final.pt","<local-archive>/统一重跑实验_20260826/outputs/full_unified_run_v1/stage1/v1_0044_store_item_20170717_tcn_no_graph_s29/checkpoint_final.pt","unified_rerun_v1_checkpoints_store_item.zip","bb9591c9704239599017a1c2c3bbc2ade5fac27118c3580a0f2db801a0be404c","558472","3265a621316f534df6ddbefa5e6c8f59f15689b4cd7ecb5fbf69e15b0e763962","0d8cf0a9f083a85274dc608ea5e7bc76e486cba4f10ae47157ade29e09b5d8d8","59c8dd03100512409cbede877ffc50db6f89103d028ed56655fb39513d2aafb2","not_recovered","cb704e15bf73a80e87151fc7a786498308b0888b5b69c93a6c61d1fdd789036d","final_refit","planned_not_uploaded","blocked_by_nonportable_model_and_data_interfaces"
"unified_rerun_v1","v1_0045_store_item_20170717_tcn_no_graph_s47","Store Item","tcn_no_graph","2017-07-17","47","checkpoint_final.pt","<local-archive>/统一重跑实验_20260826/outputs/full_unified_run_v1/stage1/v1_0045_store_item_20170717_tcn_no_graph_s47/checkpoint_final.pt","unified_rerun_v1_checkpoints_store_item.zip","bc4b49404cc020d29ab7285129a1a977297599b18e9d9ecc5f0405247da7b805","558216","bc0f141ea4708be7c7c7048f9c810eec91f1ffbae4a187bc2b18d0052ef8928c","c97be41d103c68ac4931338c14c9a369569ab4ae8bd14027442aa6c4ecc67298","2b908c534bce4fed30cc267804d3d06115f4650ba6f5eaa5eed6b2efada5b43e","not_recovered","cb704e15bf73a80e87151fc7a786498308b0888b5b69c93a6c61d1fdd789036d","final_refit","planned_not_uploaded","blocked_by_nonportable_model_and_data_interfaces"
"unified_rerun_v1","v1_0118_store_item_20170522_tcn_stat_confidence_s13","Store Item","tcn_stat_confidence","2017-05-22","13","checkpoint_final.pt","<local-archive>/统一重跑实验_20260826/outputs/full_unified_run_v1/stage1/v1_0118_store_item_20170522_tcn_stat_confidence_s13/checkpoint_final.pt","unified_rerun_v1_checkpoints_store_item.zip","ac0812475dca7cd400775e831038471e88588dcb5a2a186a7da609f6bf28cfd6","559880","443eb028c995d290115e656d4c34b950d148c7974e4ff1e36dbf7e33708bd385","71a327ffa43f58ecb8f39b5f2062b8110f82dc5d2c5e1ff347188c17c7f4520f","eaa428358c6d3f46c651e2fb56933177c208cb0358361f2368dc0b9746b66e4c","not_recovered","96f573b570f1b2d301538d41f90dacef49f3190e6f15d4c0105641fefebfcd31","final_refit","planned_not_uploaded","blocked_by_nonportable_model_and_data_interfaces"
"unified_rerun_v1","v1_0119_store_item_20170522_tcn_stat_confidence_s29","Store Item","tcn_stat_confidence","2017-05-22","29","checkpoint_final.pt","<local-archive>/统一重跑实验_20260826/outputs/full_unified_run_v1/stage1/v1_0119_store_item_20170522_tcn_stat_confidence_s29/checkpoint_final.pt","unified_rerun_v1_checkpoints_store_item.zip","3315dd89bd9142517e2836457d8d241a43fd8d29dd09ef1359d9ab1ef0e86978","558216","b6a4de031dd011882a9dec6b95c66be74740387eedd0f88e1c22a968bc9e8f23","8d548d260896183052485154525eb482d4bcee6c4b0e9f938f34562dbb1520ff","7e96d6f4e4a67a35a5191cb88d7bf3ccac5fd0fee27e71ab3ae2895ba3e5e421","not_recovered","96f573b570f1b2d301538d41f90dacef49f3190e6f15d4c0105641fefebfcd31","final_refit","planned_not_uploaded","blocked_by_nonportable_model_and_data_interfaces"
"unified_rerun_v1","v1_0120_store_item_20170522_tcn_stat_confidence_s47","Store Item","tcn_stat_confidence","2017-05-22","47","checkpoint_final.pt","<local-archive>/统一重跑实验_20260826/outputs/full_unified_run_v1/stage1/v1_0120_store_item_20170522_tcn_stat_confidence_s47/checkpoint_final.pt","unified_rerun_v1_checkpoints_store_item.zip","91271db73b365598e9e4b4944227bfb6a7424a18cc2f5c796f46893aa1fa9773","559688","28821f8d83ce582528a14052c103cb01f5ca241d9fd2970a3425c03984172e1b","9dbfaa1deae3618a834102a00b9cbb522376fe4ee15f665e303b93937debc420","b280f619817b668f3d6822657cebf1850f7373ff2623bc4c577a63bdd9d0ce1f","not_recovered","96f573b570f1b2d301538d41f90dacef49f3190e6f15d4c0105641fefebfcd31","final_refit","planned_not_uploaded","blocked_by_nonportable_model_and_data_interfaces"
"unified_rerun_v1","v1_0121_store_item_20170619_tcn_stat_confidence_s13","Store Item","tcn_stat_confidence","2017-06-19","13","checkpoint_final.pt","<local-archive>/统一重跑实验_20260826/outputs/full_unified_run_v1/stage1/v1_0121_store_item_20170619_tcn_stat_confidence_s13/checkpoint_final.pt","unified_rerun_v1_checkpoints_store_item.zip","d2a7a380574582a1570210042dcbc7921c6c9024f0cf8c5e1934b8c2c87b2397","559880","6bd8e12f6d83fee0931eb224447d2fd9066350bf27bd891d39f08de44eeb9a22","635c6db471637c69fd31fa3f8232b58dfdf6b98e7db5556ec20fca7acec8b89e","c755e71549e30d01ae6773931c191ca24f35e52f198ff81b0a5922a1d41c5c53","not_recovered","28beca4732b3f14a100f847605d2098885a415ba97668113a3ccce044ffb107d","final_refit","planned_not_uploaded","blocked_by_nonportable_model_and_data_interfaces"
"unified_rerun_v1","v1_0122_store_item_20170619_tcn_stat_confidence_s29","Store Item","tcn_stat_confidence","2017-06-19","29","checkpoint_final.pt","<local-archive>/统一重跑实验_20260826/outputs/full_unified_run_v1/stage1/v1_0122_store_item_20170619_tcn_stat_confidence_s29/checkpoint_final.pt","unified_rerun_v1_checkpoints_store_item.zip","7b821c0e28fa70bbb77c4419c87696aad7e537a40f8e8247f9a91a8c3dd08376","559752","10c64637f6405634846affcf9d3ab98bb138b26cf17b1063ee65f9b805720c08","9da21b6c66f36394a62a6baf5573cd20f11c02fdd9ad4a8939ac74443b4245ea","ecf478b95c88e0db2ee305bbbd14588b418676715c95618bcdb9da96d2b1eee6","not_recovered","28beca4732b3f14a100f847605d2098885a415ba97668113a3ccce044ffb107d","final_refit","planned_not_uploaded","blocked_by_nonportable_model_and_data_interfaces"
"unified_rerun_v1","v1_0123_store_item_20170619_tcn_stat_confidence_s47","Store Item","tcn_stat_confidence","2017-06-19","47","checkpoint_final.pt","<local-archive>/统一重跑实验_20260826/outputs/full_unified_run_v1/stage1/v1_0123_store_item_20170619_tcn_stat_confidence_s47/checkpoint_final.pt","unified_rerun_v1_checkpoints_store_item.zip","6bed7a060402b451e98bde72c50fb0bb7b17c837524838325a156f4089beb10b","559816","563bc6052de1929b9d60c45166f8c0010a20f88694f9bcb704da90d219314b34","5364b238124fb90f25f42bd3425beb5eab12f02d9cd5854283d155de5d4e1cd7","e4a195cf3a53352aa2598a2b64690ef8fb02ebea999412d0031d2d5099c548b7","not_recovered","28beca4732b3f14a100f847605d2098885a415ba97668113a3ccce044ffb107d","final_refit","planned_not_uploaded","blocked_by_nonportable_model_and_data_interfaces"
"unified_rerun_v1","v1_0124_store_item_20170717_tcn_stat_confidence_s13","Store Item","tcn_stat_confidence","2017-07-17","13","checkpoint_final.pt","<local-archive>/统一重跑实验_20260826/outputs/full_unified_run_v1/stage1/v1_0124_store_item_20170717_tcn_stat_confidence_s13/checkpoint_final.pt","unified_rerun_v1_checkpoints_store_item.zip","43f5b1a8a8c02ae7e5bd55bdd6acc4387a1abfadc5ed70c122cc30afc4e5a3a5","559496","c02c33b3fd2dfe10c42ae3cc1ecbdc0b2919e4ab2f0e0842da7122d0a938fe07","6d4135912434a8641094001a16f6f8daae073f381648446adf72ebe273332a77","342a1f6e26771332e28e1b7b2c2cefefae4d0fa18ea86396e3832cb34f33b3e2","not_recovered","cb704e15bf73a80e87151fc7a786498308b0888b5b69c93a6c61d1fdd789036d","final_refit","planned_not_uploaded","blocked_by_nonportable_model_and_data_interfaces"
"unified_rerun_v1","v1_0125_store_item_20170717_tcn_stat_confidence_s29","Store Item","tcn_stat_confidence","2017-07-17","29","checkpoint_final.pt","<local-archive>/统一重跑实验_20260826/outputs/full_unified_run_v1/stage1/v1_0125_store_item_20170717_tcn_stat_confidence_s29/checkpoint_final.pt","unified_rerun_v1_checkpoints_store_item.zip","16f530fb184ced377d7e27da4f32987956e87324779c54bf08cd456ef056fa3d","559688","407115f7afba1bf8394e4130c57eecaa70ccb61acf64f26bcfc8acc6f6e08da8","56a79383ff467c747d2e6465951cd44a8ea18248e8c223407c81d58c7c4adf4f","91ea3498477ffa1d4b5e5408fc8f0dfe0e092740bbba8eec5c06c79e3ceece06","not_recovered","cb704e15bf73a80e87151fc7a786498308b0888b5b69c93a6c61d1fdd789036d","final_refit","planned_not_uploaded","blocked_by_nonportable_model_and_data_interfaces"
"unified_rerun_v1","v1_0126_store_item_20170717_tcn_stat_confidence_s47","Store Item","tcn_stat_confidence","2017-07-17","47","checkpoint_final.pt","<local-archive>/统一重跑实验_20260826/outputs/full_unified_run_v1/stage1/v1_0126_store_item_20170717_tcn_stat_confidence_s47/checkpoint_final.pt","unified_rerun_v1_checkpoints_store_item.zip","972711bcd96921be8ceed06f796923a7a7956bf4a685ad908f8f7c2dce4b5cac","559624","2cfa29cc2449ae124d856dce70104e0cb33eee69d71e1c2e1fa4231d1145d270","71420d4afdce5cacc4f6c04f5d497336b13bec30d593a00d8e94b0b4bb9ff1f5","330498ba56b37d438822f6a2efeac359d376dcf7195e024d070e27fff60bf898","not_recovered","cb704e15bf73a80e87151fc7a786498308b0888b5b69c93a6c61d1fdd789036d","final_refit","planned_not_uploaded","blocked_by_nonportable_model_and_data_interfaces"
"unified_rerun_v1","v1_0091_store_item_20170522_tcn_stat_equal_s13","Store Item","tcn_stat_equal","2017-05-22","13","checkpoint_final.pt","<local-archive>/统一重跑实验_20260826/outputs/full_unified_run_v1/stage2/v1_0091_store_item_20170522_tcn_stat_equal_s13/checkpoint_final.pt","unified_rerun_v1_checkpoints_store_item.zip","01d2c1cc907f705fb1bb990c9c4c3d2d9bb73060b46b5bce6b72d9eef91470d7","559880","80cbfa4c9e58055b38b9dc2fb96c163beb47346bf93f6c0e0793e5e0fc336852","60aaa8beee13acbbdce82dcfef1a8ce4218e9cd6ec00e6d73719dd0e81cd9c35","202639a326271dc74c2a8c0319bfe92ed2c153ec2b71cd875ed3304624752ec1","not_recovered","96f573b570f1b2d301538d41f90dacef49f3190e6f15d4c0105641fefebfcd31","final_refit","planned_not_uploaded","blocked_by_nonportable_model_and_data_interfaces"
"unified_rerun_v1","v1_0092_store_item_20170522_tcn_stat_equal_s29","Store Item","tcn_stat_equal","2017-05-22","29","checkpoint_final.pt","<local-archive>/统一重跑实验_20260826/outputs/full_unified_run_v1/stage2/v1_0092_store_item_20170522_tcn_stat_equal_s29/checkpoint_final.pt","unified_rerun_v1_checkpoints_store_item.zip","8d08d826222a2e4e2adfbcc423bc12b0a65797bebab89e426910bab55125bef7","558216","ca2be95c3b9022eea3567b0ab23e82a1b67de8786ecad76f266183677f77e00d","b286d40e27609ba9e89f0844c2f6e47df3f304b0a3d43ce73fb176292e42f64f","f74c7564ee60b211d54de7a6c4aa9a85930fbfd4b0672bd1c13a8d80c5d42afe","not_recovered","96f573b570f1b2d301538d41f90dacef49f3190e6f15d4c0105641fefebfcd31","final_refit","planned_not_uploaded","blocked_by_nonportable_model_and_data_interfaces"
"unified_rerun_v1","v1_0093_store_item_20170522_tcn_stat_equal_s47","Store Item","tcn_stat_equal","2017-05-22","47","checkpoint_final.pt","<local-archive>/统一重跑实验_20260826/outputs/full_unified_run_v1/stage2/v1_0093_store_item_20170522_tcn_stat_equal_s47/checkpoint_final.pt","unified_rerun_v1_checkpoints_store_item.zip","7d92360abb32313c4e776e3fa600a52f95555e371a6a5e0afd6389ea0a51cef1","559688","90320443a83fcf6c97973a05fec2a1ef908bd93430a287c9c8cf4870c81c39db","0ab70a56f5ecf7c4bdd148908812f889a1d29daee65a2775735a3d872b463431","f13e21c9c4489e4e9040e06c9823c39a83c8f0542764402c46fae0f5dc9e87de","not_recovered","96f573b570f1b2d301538d41f90dacef49f3190e6f15d4c0105641fefebfcd31","final_refit","planned_not_uploaded","blocked_by_nonportable_model_and_data_interfaces"
"unified_rerun_v1","v1_0094_store_item_20170619_tcn_stat_equal_s13","Store Item","tcn_stat_equal","2017-06-19","13","checkpoint_final.pt","<local-archive>/统一重跑实验_20260826/outputs/full_unified_run_v1/stage2/v1_0094_store_item_20170619_tcn_stat_equal_s13/checkpoint_final.pt","unified_rerun_v1_checkpoints_store_item.zip","3f7cef614dc6d761503d569d9091ffe3a14311c470d863222b55562040d539a8","559880","2c6c0bbf516a126eab544c765360c9b1315b4e905279922f43ef0fd8bab7f650","8cea6b68c304b5b43d1f0d038f8b02006fdd9c8f1110c57f98f32a2cf5a4ea49","53a356921f7868e92fac0bb6388064c3c946409c61d7b8c4a78d1bbf6ab8d826","not_recovered","28beca4732b3f14a100f847605d2098885a415ba97668113a3ccce044ffb107d","final_refit","planned_not_uploaded","blocked_by_nonportable_model_and_data_interfaces"
"unified_rerun_v1","v1_0095_store_item_20170619_tcn_stat_equal_s29","Store Item","tcn_stat_equal","2017-06-19","29","checkpoint_final.pt","<local-archive>/统一重跑实验_20260826/outputs/full_unified_run_v1/stage2/v1_0095_store_item_20170619_tcn_stat_equal_s29/checkpoint_final.pt","unified_rerun_v1_checkpoints_store_item.zip","5cd2f4591e6c8e62b0f4074391a75fb084e5ca67b8b430399f46e66ff70c17e3","559816","4a96f8c57fe27eec374047e5dca06e3598f9cc94482b2c89f1bd44faa5e374f6","f8dc0a9f126814452e15313cea727fdce8659918c6053fc6810091e140c5a979","636ee288e03ebacc1cb105804edc06987c1ecc8de35b959ad6cab14c9b191abe","not_recovered","28beca4732b3f14a100f847605d2098885a415ba97668113a3ccce044ffb107d","final_refit","planned_not_uploaded","blocked_by_nonportable_model_and_data_interfaces"
"unified_rerun_v1","v1_0096_store_item_20170619_tcn_stat_equal_s47","Store Item","tcn_stat_equal","2017-06-19","47","checkpoint_final.pt","<local-archive>/统一重跑实验_20260826/outputs/full_unified_run_v1/stage2/v1_0096_store_item_20170619_tcn_stat_equal_s47/checkpoint_final.pt","unified_rerun_v1_checkpoints_store_item.zip","2d521ed0a3b9cb0707c8138d8b553e37cae095402002f0407705b3566c946cd8","559816","056b6b48e08d2c611394bf9221dc2ef8d11d956524a445d098754709cc4208f0","9eeeb19cb92fd377675b37a65307de6da4cc26238a2a1c5181b37ba7a52c042f","9772023b4831c81a09aa8bd12982bf3a776f8dda3dee2d6b0b957de37b6fda97","not_recovered","28beca4732b3f14a100f847605d2098885a415ba97668113a3ccce044ffb107d","final_refit","planned_not_uploaded","blocked_by_nonportable_model_and_data_interfaces"
"unified_rerun_v1","v1_0097_store_item_20170717_tcn_stat_equal_s13","Store Item","tcn_stat_equal","2017-07-17","13","checkpoint_final.pt","<local-archive>/统一重跑实验_20260826/outputs/full_unified_run_v1/stage2/v1_0097_store_item_20170717_tcn_stat_equal_s13/checkpoint_final.pt","unified_rerun_v1_checkpoints_store_item.zip","332760a9b2d36259cf3830c469c6fee4471be611831bad6382e481ae891699e8","559496","6cac66d9c9c0000de8791176fa789e329f059d2a0e1cb91f86587832be06145e","8630faaedf11884dfd202f378f355f8e79a579533a9ff5ec661fe495a38f543c","c100cd85cf48274b6b52be9444c47f39a3b55778e03aa908229b40751cce2e20","not_recovered","cb704e15bf73a80e87151fc7a786498308b0888b5b69c93a6c61d1fdd789036d","final_refit","planned_not_uploaded","blocked_by_nonportable_model_and_data_interfaces"
"unified_rerun_v1","v1_0098_store_item_20170717_tcn_stat_equal_s29","Store Item","tcn_stat_equal","2017-07-17","29","checkpoint_final.pt","<local-archive>/统一重跑实验_20260826/outputs/full_unified_run_v1/stage2/v1_0098_store_item_20170717_tcn_stat_equal_s29/checkpoint_final.pt","unified_rerun_v1_checkpoints_store_item.zip","aa52e2a4a5ab18fa8c54ed542ee2ee237e8577ce7a680ba51478aac59d99d4a1","559688","45d8b614b92c0f2f5b3d73c423d9e8412f0d6695fac75f6146ea7790fefdf441","834292a2d8110ad4894eee25aa10381056fdc42f3880ddf5c0307aa36c25dbc1","66da204c5bcf5fa0caa1c6d436c6c8bf85ba02c55052ca82f580df6f67491832","not_recovered","cb704e15bf73a80e87151fc7a786498308b0888b5b69c93a6c61d1fdd789036d","final_refit","planned_not_uploaded","blocked_by_nonportable_model_and_data_interfaces"
"unified_rerun_v1","v1_0099_store_item_20170717_tcn_stat_equal_s47","Store Item","tcn_stat_equal","2017-07-17","47","checkpoint_final.pt","<local-archive>/统一重跑实验_20260826/outputs/full_unified_run_v1/stage2/v1_0099_store_item_20170717_tcn_stat_equal_s47/checkpoint_final.pt","unified_rerun_v1_checkpoints_store_item.zip","4dd3d30df5bfd8b6059aeefa3458c37759b2cf3c296bbb4db551974d4a11c16e","559624","42cfb82d894fc25328c74956084c9a219f39d3243e3c589042eed293b358e893","64f2022bb1599a314ea2d22ecfe253213b9388434acf0208749fe19dfd0df440","b1913b2175cfa6eda4904e9c374d52f03a45f3c8a9faf90e7b49aa71bc466191","not_recovered","cb704e15bf73a80e87151fc7a786498308b0888b5b69c93a6c61d1fdd789036d","final_refit","planned_not_uploaded","blocked_by_nonportable_model_and_data_interfaces"
"unified_rerun_v1","v1_0145_store_item_20170522_tcn_stat_placebo_s13","Store Item","tcn_stat_placebo","2017-05-22","13","checkpoint_final.pt","<local-archive>/统一重跑实验_20260826/outputs/full_unified_run_v1/stage2/v1_0145_store_item_20170522_tcn_stat_placebo_s13/checkpoint_final.pt","unified_rerun_v1_checkpoints_store_item.zip","5f58fa237dbb2b894423b9af61699b9150e1f5bb8fe8020f744cda6409f21937","559496","f402e46e3c6980f8b99279f0346008b3483881c08e3f3a122633852fa64029b6","050356a91d7d31dc434946c4810f844ec2274fb85f0546a8d461d21d2dcfd0f5","691ba1a6e20e4029aa579be0ca4ba86502104a770eba1d105cae31d5f75155df","not_recovered","96f573b570f1b2d301538d41f90dacef49f3190e6f15d4c0105641fefebfcd31","final_refit","planned_not_uploaded","blocked_by_nonportable_model_and_data_interfaces"
"unified_rerun_v1","v1_0146_store_item_20170522_tcn_stat_placebo_s29","Store Item","tcn_stat_placebo","2017-05-22","29","checkpoint_final.pt","<local-archive>/统一重跑实验_20260826/outputs/full_unified_run_v1/stage2/v1_0146_store_item_20170522_tcn_stat_placebo_s29/checkpoint_final.pt","unified_rerun_v1_checkpoints_store_item.zip","6a0a4699fc4888035f88afc84d5d40bca94b5c4b997454cddcb82fcc6d83d11b","559816","b1a1dd565c982ccc56727fcfb8638ea895c090b3e04d2c36bcfe85e20224f8cb","2dd822ce037f126c72a7a94e9866f07dab9be9c8d197429659e04faf5a1e9530","c155a7c2402b0fc52ef6972fd867777b495d40c6dfaff667f3580d0f62fa66ec","not_recovered","96f573b570f1b2d301538d41f90dacef49f3190e6f15d4c0105641fefebfcd31","final_refit","planned_not_uploaded","blocked_by_nonportable_model_and_data_interfaces"
"unified_rerun_v1","v1_0147_store_item_20170522_tcn_stat_placebo_s47","Store Item","tcn_stat_placebo","2017-05-22","47","checkpoint_final.pt","<local-archive>/统一重跑实验_20260826/outputs/full_unified_run_v1/stage2/v1_0147_store_item_20170522_tcn_stat_placebo_s47/checkpoint_final.pt","unified_rerun_v1_checkpoints_store_item.zip","ae4e279bac309d6793e9d57536c1d7175fdefebd5d5af3a567b902af4efb4113","559816","43e40b2fa2dfcd08d9c4140530183735c01a6040551c1f143bd11edafef85533","cf65c775f65788cdefee5ffa86ea72a2fc78b0dc9c0d00127b79906f8fb5a39f","8eb7612681b319065287c5b2209da72f47015561388cc829c2128141616393f5","not_recovered","96f573b570f1b2d301538d41f90dacef49f3190e6f15d4c0105641fefebfcd31","final_refit","planned_not_uploaded","blocked_by_nonportable_model_and_data_interfaces"
"unified_rerun_v1","v1_0148_store_item_20170619_tcn_stat_placebo_s13","Store Item","tcn_stat_placebo","2017-06-19","13","checkpoint_final.pt","<local-archive>/统一重跑实验_20260826/outputs/full_unified_run_v1/stage2/v1_0148_store_item_20170619_tcn_stat_placebo_s13/checkpoint_final.pt","unified_rerun_v1_checkpoints_store_item.zip","5d197895d7e3bada3bc47017e40d844beafdceb764e675815c6874ea5b16ba08","559880","35b954dbea453df6f0bb16b82429ddbd7f0d4f0ff3728d6d050b9b061e6d4010","38786738c12b32c7e423ddde0314c08cff5a8f059f23bebfc1862904e3a5ed9e","9d68d179398febbe8b026a9bc5eef6af092eac5c0f8a8042842dc92110bd5496","not_recovered","28beca4732b3f14a100f847605d2098885a415ba97668113a3ccce044ffb107d","final_refit","planned_not_uploaded","blocked_by_nonportable_model_and_data_interfaces"
"unified_rerun_v1","v1_0149_store_item_20170619_tcn_stat_placebo_s29","Store Item","tcn_stat_placebo","2017-06-19","29","checkpoint_final.pt","<local-archive>/统一重跑实验_20260826/outputs/full_unified_run_v1/stage2/v1_0149_store_item_20170619_tcn_stat_placebo_s29/checkpoint_final.pt","unified_rerun_v1_checkpoints_store_item.zip","f44e430b8c5eca7641101ee03e710bcb2d45185cf759481cb450fe0c8077fdd3","559752","2a955f32a7b88f3fcc58ee1c035add697fa02a88bc178826962e8286c5ccf3f9","3cdbaa0d5c6aaec7493c05df16c8352e0f02362056dbf1d2d3f8b353e7e24156","bfe95a7c853da28d62c191ea8f23c43ebbda71a82adae48ef559cd6af0fe3a11","not_recovered","28beca4732b3f14a100f847605d2098885a415ba97668113a3ccce044ffb107d","final_refit","planned_not_uploaded","blocked_by_nonportable_model_and_data_interfaces"
"unified_rerun_v1","v1_0150_store_item_20170619_tcn_stat_placebo_s47","Store Item","tcn_stat_placebo","2017-06-19","47","checkpoint_final.pt","<local-archive>/统一重跑实验_20260826/outputs/full_unified_run_v1/stage2/v1_0150_store_item_20170619_tcn_stat_placebo_s47/checkpoint_final.pt","unified_rerun_v1_checkpoints_store_item.zip","174754e32da248c248796bff2ba97e3525436742077368d6a1133ceb0fb4f922","559816","6540310188393a3dd875b97e704117dac2c8215457b4afcc578caff70f7da8d1","81434e37890810bbfcc7c4eb7e75e1116486783e25541d244ec6c898ca26db3b","acc7a606978a1ca7d67fe0e587d3476031519a3fdd0490980a414ac417441647","not_recovered","28beca4732b3f14a100f847605d2098885a415ba97668113a3ccce044ffb107d","final_refit","planned_not_uploaded","blocked_by_nonportable_model_and_data_interfaces"
"unified_rerun_v1","v1_0151_store_item_20170717_tcn_stat_placebo_s13","Store Item","tcn_stat_placebo","2017-07-17","13","checkpoint_final.pt","<local-archive>/统一重跑实验_20260826/outputs/full_unified_run_v1/stage2/v1_0151_store_item_20170717_tcn_stat_placebo_s13/checkpoint_final.pt","unified_rerun_v1_checkpoints_store_item.zip","b8071f710ada40830db2571d1bfe0a6e938c88486a014eca8f3da96acf5f1f56","559560","f6cc0dbd4e549ad440391f565717e2b12cdc22a2c69934c3d3c898ee0ac1ed5d","2b87e51a6379b266d990ba59f6b594cb7587b30cca5c2d8fc595220802b200f2","fc1fe77812f7523e928e31ef949c77f733728fe87a399cc5fecb2087e52806ac","not_recovered","cb704e15bf73a80e87151fc7a786498308b0888b5b69c93a6c61d1fdd789036d","final_refit","planned_not_uploaded","blocked_by_nonportable_model_and_data_interfaces"
"unified_rerun_v1","v1_0152_store_item_20170717_tcn_stat_placebo_s29","Store Item","tcn_stat_placebo","2017-07-17","29","checkpoint_final.pt","<local-archive>/统一重跑实验_20260826/outputs/full_unified_run_v1/stage2/v1_0152_store_item_20170717_tcn_stat_placebo_s29/checkpoint_final.pt","unified_rerun_v1_checkpoints_store_item.zip","562cb3d1cdc03181cfd566062c4636dda323ffeb1b8916ddb0539409f4572bcf","559368","ec63046e1ee5b28a1adb95a2d279236128396e7afb2cdbdced220daa77712fa2","b8a37d6a8e77f895ee7e6d50fad003091d7427b2254c112e7b89cf0e8ff31cd2","ef1f28063ea37b47b36023b4a8e71e00b4a4a300452b03cb74eb458c2aa0752f","not_recovered","cb704e15bf73a80e87151fc7a786498308b0888b5b69c93a6c61d1fdd789036d","final_refit","planned_not_uploaded","blocked_by_nonportable_model_and_data_interfaces"
"unified_rerun_v1","v1_0153_store_item_20170717_tcn_stat_placebo_s47","Store Item","tcn_stat_placebo","2017-07-17","47","checkpoint_final.pt","<local-archive>/统一重跑实验_20260826/outputs/full_unified_run_v1/stage2/v1_0153_store_item_20170717_tcn_stat_placebo_s47/checkpoint_final.pt","unified_rerun_v1_checkpoints_store_item.zip","6b2640478a7672e2e42dfe03c99d96ef9e796520dbdf8411d8a8834e583d81b8","559624","cf56f8dcbab23007dba4a5d4da3545643ad43520f882372ec9d7efbb1e265f10","bcd440276034b19c2765ef6664095fa096c153c1a1f15c79c961397152879a55","ed2b63e9457c658ed52787525059d329f6c08226f2e7f1cc8d85f3414ba60ec3","not_recovered","cb704e15bf73a80e87151fc7a786498308b0888b5b69c93a6c61d1fdd789036d","final_refit","planned_not_uploaded","blocked_by_nonportable_model_and_data_interfaces"
"unified_rerun_v1","v1_0172_store_item_20170522_tcn_target_only_s13","Store Item","tcn_target_only","2017-05-22","13","checkpoint_final.pt","<local-archive>/统一重跑实验_20260826/outputs/full_unified_run_v1/stage2/v1_0172_store_item_20170522_tcn_target_only_s13/checkpoint_final.pt","unified_rerun_v1_checkpoints_store_item.zip","a162d2685a48239a9ce4213a106d1658b6c092053e8d129b0e989dd8a6e7be5b","232528","e87bfadc98342196e0dcbb04eb2d083f7d4e0af28ef0b37999336be43623605c","e38849a5491317bf534723a73133ecd4ae889c35374e6cb28e12673510ff05df","c170e242049ccaaaea06023d4e6ffb8ff29045416e533e3531788dc1b75a4311","not_recovered","96f573b570f1b2d301538d41f90dacef49f3190e6f15d4c0105641fefebfcd31","final_refit","planned_not_uploaded","blocked_by_nonportable_model_and_data_interfaces"
"unified_rerun_v1","v1_0173_store_item_20170522_tcn_target_only_s29","Store Item","tcn_target_only","2017-05-22","29","checkpoint_final.pt","<local-archive>/统一重跑实验_20260826/outputs/full_unified_run_v1/stage2/v1_0173_store_item_20170522_tcn_target_only_s29/checkpoint_final.pt","unified_rerun_v1_checkpoints_store_item.zip","de5682b5e53cf1a065f8c6ef29bdd64841e469eed7d93ab2f71b193a3ae8fb48","233104","ef7ea62e096acf1675d2a14fd13d815ef9ebd188f65218d6f099e6b6b1d893bb","e6b382eafeafcf1e69ec488959ae68e666327d2bcc4a40b2e78f2974b998a99f","80bdf43d0c8d34690fe42e5f793c9e2dbdc275ec896c9c0330aa5dd39a171ce9","not_recovered","96f573b570f1b2d301538d41f90dacef49f3190e6f15d4c0105641fefebfcd31","final_refit","planned_not_uploaded","blocked_by_nonportable_model_and_data_interfaces"
"unified_rerun_v1","v1_0174_store_item_20170522_tcn_target_only_s47","Store Item","tcn_target_only","2017-05-22","47","checkpoint_final.pt","<local-archive>/统一重跑实验_20260826/outputs/full_unified_run_v1/stage2/v1_0174_store_item_20170522_tcn_target_only_s47/checkpoint_final.pt","unified_rerun_v1_checkpoints_store_item.zip","65eaa908e7cdd367e5856174ba7763af72123c242b4342facc9ff5b5cb0f3840","233488","1ca1d5be6c072e57c7eed6d5464a1c3b8c42ac711403bf517b60297852e80851","a1882429bcfccdf9d1e95b13aea00f232ac7875aab110f380b2d4c71cd2462e9","cdbf592ef022fd72bfea2ac04513fd3be76ed9f3aee47105ed2ceaad9b6cb037","not_recovered","96f573b570f1b2d301538d41f90dacef49f3190e6f15d4c0105641fefebfcd31","final_refit","planned_not_uploaded","blocked_by_nonportable_model_and_data_interfaces"
"unified_rerun_v1","v1_0175_store_item_20170619_tcn_target_only_s13","Store Item","tcn_target_only","2017-06-19","13","checkpoint_final.pt","<local-archive>/统一重跑实验_20260826/outputs/full_unified_run_v1/stage2/v1_0175_store_item_20170619_tcn_target_only_s13/checkpoint_final.pt","unified_rerun_v1_checkpoints_store_item.zip","22bbf27204915468dc029055138d2f78183cf7186295849609109d1a86f67d37","232528","3d77d4b27da189bc9fbe70d8b7306eec611b35714efa1a5043643133d4640e56","e9b0f8ba4bc11c97ab34bc55a9cdb3b198a0ec21955db8c9cf521acfdc8ce651","914a995a08039d23b09362125ce774f6f0a6322bbacd0f099ca0e78dadf0834c","not_recovered","28beca4732b3f14a100f847605d2098885a415ba97668113a3ccce044ffb107d","final_refit","planned_not_uploaded","blocked_by_nonportable_model_and_data_interfaces"
"unified_rerun_v1","v1_0176_store_item_20170619_tcn_target_only_s29","Store Item","tcn_target_only","2017-06-19","29","checkpoint_final.pt","<local-archive>/统一重跑实验_20260826/outputs/full_unified_run_v1/stage2/v1_0176_store_item_20170619_tcn_target_only_s29/checkpoint_final.pt","unified_rerun_v1_checkpoints_store_item.zip","86f87a7ef8f7777d64a88d371737ce88baac7f84a49a4a2be12c88d0b085ae07","233168","86e439fba7008aa17f960862d8fdbb121547a5a1bae3916b93c14bd46b74de19","105703d468247f6fbcf3eb3ae5c95d5f5731540b39dc8e7d1b75a940204628c2","e912046dc661fa60eab625c6bed0ab9881327d3b33a852a9c80d7b6192d92944","not_recovered","28beca4732b3f14a100f847605d2098885a415ba97668113a3ccce044ffb107d","final_refit","planned_not_uploaded","blocked_by_nonportable_model_and_data_interfaces"
"unified_rerun_v1","v1_0177_store_item_20170619_tcn_target_only_s47","Store Item","tcn_target_only","2017-06-19","47","checkpoint_final.pt","<local-archive>/统一重跑实验_20260826/outputs/full_unified_run_v1/stage2/v1_0177_store_item_20170619_tcn_target_only_s47/checkpoint_final.pt","unified_rerun_v1_checkpoints_store_item.zip","074e0bcae8da7f77f01d10cb9e923636048cc7dae9d0472eb27149e954a7a3e1","233552","2a5528db4ae22f5bef852bd8acde9d66790f6d796282bd6d36762caadc8ef82d","3c11ce57673ad6923ffea819b1baea964bf078795961a178ef6605557d7064c3","56fd0b5574260b081931bfee426d13c4c0c9a34ce48193d8260e119f994431a3","not_recovered","28beca4732b3f14a100f847605d2098885a415ba97668113a3ccce044ffb107d","final_refit","planned_not_uploaded","blocked_by_nonportable_model_and_data_interfaces"
"unified_rerun_v1","v1_0178_store_item_20170717_tcn_target_only_s13","Store Item","tcn_target_only","2017-07-17","13","checkpoint_final.pt","<local-archive>/统一重跑实验_20260826/outputs/full_unified_run_v1/stage2/v1_0178_store_item_20170717_tcn_target_only_s13/checkpoint_final.pt","unified_rerun_v1_checkpoints_store_item.zip","5a3b4629acb3ea3b8e91e86f34fd58417eee9448dd859ef90b6c8ed07b4679fa","232528","8c1d2af131f5f75ae4e4f2ed569622c1df8565ec511db0dd7371a4204c748f43","d2f13315b4621da6d2aecf0454745a884258aa6879d65141529d5fd0c78e8b38","ccc2b686f89f75bf0e19a180996d897ab00c8987218001f4b7ab154e63354140","not_recovered","cb704e15bf73a80e87151fc7a786498308b0888b5b69c93a6c61d1fdd789036d","final_refit","planned_not_uploaded","blocked_by_nonportable_model_and_data_interfaces"
"unified_rerun_v1","v1_0179_store_item_20170717_tcn_target_only_s29","Store Item","tcn_target_only","2017-07-17","29","checkpoint_final.pt","<local-archive>/统一重跑实验_20260826/outputs/full_unified_run_v1/stage2/v1_0179_store_item_20170717_tcn_target_only_s29/checkpoint_final.pt","unified_rerun_v1_checkpoints_store_item.zip","9f85a10f46096a0e4859f4094fe944332c8ba83ab4a2db25b25db51e92ad2669","233488","7d74ab7abeafcdcb799217b5e7fc0760cf08fc4c1c775c99529f5496dfba8b68","9594994aa71160087aadddbcb9b7f9c56342a811f4932828ef198276e5ab3ca9","4b12ef2af8607f3cd1e2b4dbdcfb8320eca8edc7680e2da05b2f4c50865c6170","not_recovered","cb704e15bf73a80e87151fc7a786498308b0888b5b69c93a6c61d1fdd789036d","final_refit","planned_not_uploaded","blocked_by_nonportable_model_and_data_interfaces"
"unified_rerun_v1","v1_0180_store_item_20170717_tcn_target_only_s47","Store Item","tcn_target_only","2017-07-17","47","checkpoint_final.pt","<local-archive>/统一重跑实验_20260826/outputs/full_unified_run_v1/stage2/v1_0180_store_item_20170717_tcn_target_only_s47/checkpoint_final.pt","unified_rerun_v1_checkpoints_store_item.zip","1ad3b55424bca7208d79f94d276862644626e1b8d2914ec81eb30140e541f5d0","234192","c503007feec25003c519047e40ec16a6e128e01000c550d7d4bb5b3d7f1df2d4","a0f3b0e529b0635f6c899d22130983d81fc4abca2abfa95ea2b96d3c72f9e4da","ec47e6ea68d5aa9ab2e53ef632539ec900c8840064985216b6f440b45b528742","not_recovered","cb704e15bf73a80e87151fc7a786498308b0888b5b69c93a6c61d1fdd789036d","final_refit","planned_not_uploaded","blocked_by_nonportable_model_and_data_interfaces"
"unified_rerun_v1","v1_0307_store_item_20170522_timemixerpp_s13","Store Item","timemixerpp","2017-05-22","13","checkpoint_final.pt","<local-archive>/统一重跑实验_20260826/outputs/full_unified_run_v1/stage2/v1_0307_store_item_20170522_timemixerpp_s13/checkpoint_final.pt","unified_rerun_v1_checkpoints_store_item.zip","fe942b1f00fbd8ca3f114f9a932f6c129da0064fe5f991e197c26a2f0fef4ddf","2566302","fcebb88a24c9829181dc8cc17f3ac08c2d90aba043342570a674cdc30eed95f8","42cfd2ca3e449dfc49e5fa0a3b7f1aafa52efba92b0006d0af25b34c8d1bf066","b751488321976f773e703dbcfe501de8e72ac90ca5875844c8087406211e70ee","not_recovered","96f573b570f1b2d301538d41f90dacef49f3190e6f15d4c0105641fefebfcd31","final_refit","planned_not_uploaded","blocked_by_nonportable_model_and_data_interfaces"
"unified_rerun_v1","v1_0308_store_item_20170522_timemixerpp_s29","Store Item","timemixerpp","2017-05-22","29","checkpoint_final.pt","<local-archive>/统一重跑实验_20260826/outputs/full_unified_run_v1/stage2/v1_0308_store_item_20170522_timemixerpp_s29/checkpoint_final.pt","unified_rerun_v1_checkpoints_store_item.zip","59c7aaadf05bdb0969c1856bcab58ce75e3e519419e0523ba01329ac043f3e53","2566302","3c1cd0f5a807b81156a981cbe92d61a0af5c5e3ef5bcb06cd064c1b80a291b1d","ccd34ec16fedb73ccce81e334780cfc749d49eef05c109a7f0770cbaa07f9e6f","b9f47fdf5d0cd06c0a50a0410a2a4a9fb81e65c4630e0dcef0eb66c3bcca605f","not_recovered","96f573b570f1b2d301538d41f90dacef49f3190e6f15d4c0105641fefebfcd31","final_refit","planned_not_uploaded","blocked_by_nonportable_model_and_data_interfaces"
"unified_rerun_v1","v1_0309_store_item_20170522_timemixerpp_s47","Store Item","timemixerpp","2017-05-22","47","checkpoint_final.pt","<local-archive>/统一重跑实验_20260826/outputs/full_unified_run_v1/stage2/v1_0309_store_item_20170522_timemixerpp_s47/checkpoint_final.pt","unified_rerun_v1_checkpoints_store_item.zip","e26c8cce95ef8915a279c2925b3c767476f160aa96d47d0a0b6dfeca7a0d9f9b","2566110","efdae8ee8c84fe1fb1d409457dc44a762396694427332d708051f378e2199805","c68d215c5fb83289c3888508f1669dbea56a12e0e10b3694491089bd27978119","eb47d4179e1ee794b4b96891b6294a022e325b953a15dc69344aa9db7b51ab9c","not_recovered","96f573b570f1b2d301538d41f90dacef49f3190e6f15d4c0105641fefebfcd31","final_refit","planned_not_uploaded","blocked_by_nonportable_model_and_data_interfaces"
"unified_rerun_v1","v1_0310_store_item_20170619_timemixerpp_s13","Store Item","timemixerpp","2017-06-19","13","checkpoint_final.pt","<local-archive>/统一重跑实验_20260826/outputs/full_unified_run_v1/stage2/v1_0310_store_item_20170619_timemixerpp_s13/checkpoint_final.pt","unified_rerun_v1_checkpoints_store_item.zip","2eea9a35b2a1eb0bc64687231d942225ec4f83e80ae26af1e69c9a4bbc16d672","2565406","e23d8b7926b5c4363cae24bb4a246ded2832aa25aeeeabffd4462a5560d0f5ef","d72a990732bf1ae7cd757e91da8291b4a8abec2451b981a5532901708909162b","5b78c8859da9011933efc8cb0fe13f0e0f7fa2f484e7364401a1243419b0a4bc","not_recovered","28beca4732b3f14a100f847605d2098885a415ba97668113a3ccce044ffb107d","final_refit","planned_not_uploaded","blocked_by_nonportable_model_and_data_interfaces"
"unified_rerun_v1","v1_0311_store_item_20170619_timemixerpp_s29","Store Item","timemixerpp","2017-06-19","29","checkpoint_final.pt","<local-archive>/统一重跑实验_20260826/outputs/full_unified_run_v1/stage2/v1_0311_store_item_20170619_timemixerpp_s29/checkpoint_final.pt","unified_rerun_v1_checkpoints_store_item.zip","fae1bde709bb7154c0fd0f3c97fd96dcfc6cda07074c1717bac460942cfa3a11","2565598","f8467136a5e5e961b9b063b7d022605734d78a65309ee2994fc76ac7248363ba","a716aedb5aae5f845e309e2c3e9fadfb5283ce337225ee57502445def3a30c1b","3f2fc30a87c54e6405a3f0f55bbb8630276c657391bb024609613dc7adb8314e","not_recovered","28beca4732b3f14a100f847605d2098885a415ba97668113a3ccce044ffb107d","final_refit","planned_not_uploaded","blocked_by_nonportable_model_and_data_interfaces"
"unified_rerun_v1","v1_0312_store_item_20170619_timemixerpp_s47","Store Item","timemixerpp","2017-06-19","47","checkpoint_final.pt","<local-archive>/统一重跑实验_20260826/outputs/full_unified_run_v1/stage2/v1_0312_store_item_20170619_timemixerpp_s47/checkpoint_final.pt","unified_rerun_v1_checkpoints_store_item.zip","7aa96a8785b12619108f13b3ced9c07b2121683da1446c52f609d907cb65cf93","2566302","ba04a588c479e934afc2e58f97a3f130fb59bf3cd2a1f78a3ec7360b3fae0d82","7dad04548cd844d7636b6a2ab40e57ea86b7616dc999d38ab4abce05a8c6fd35","4129e629b7bf6a7238f65f9928b9a150da8baf752f55a75e6ad857af17a2c137","not_recovered","28beca4732b3f14a100f847605d2098885a415ba97668113a3ccce044ffb107d","final_refit","planned_not_uploaded","blocked_by_nonportable_model_and_data_interfaces"
"unified_rerun_v1","v1_0313_store_item_20170717_timemixerpp_s13","Store Item","timemixerpp","2017-07-17","13","checkpoint_final.pt","<local-archive>/统一重跑实验_20260826/outputs/full_unified_run_v1/stage2/v1_0313_store_item_20170717_timemixerpp_s13/checkpoint_final.pt","unified_rerun_v1_checkpoints_store_item.zip","89ee2890c2049fdadea07feb3ff206e081e51e7d2eba832203c08db0f21ed8b1","2566430","a6bc64e02c65f109da2c22992879668df7137c6abb9c69dbad5673bb4d7ad409","ca8b2fbca1aaab786e778ceda58f1b3950f476a12427420d6a628f93a07b786b","654c01944e6f17735a974c190fee491f0b699131051a5cd66bc97fd43cb53d28","not_recovered","cb704e15bf73a80e87151fc7a786498308b0888b5b69c93a6c61d1fdd789036d","final_refit","planned_not_uploaded","blocked_by_nonportable_model_and_data_interfaces"
"unified_rerun_v1","v1_0314_store_item_20170717_timemixerpp_s29","Store Item","timemixerpp","2017-07-17","29","checkpoint_final.pt","<local-archive>/统一重跑实验_20260826/outputs/full_unified_run_v1/stage2/v1_0314_store_item_20170717_timemixerpp_s29/checkpoint_final.pt","unified_rerun_v1_checkpoints_store_item.zip","fcc76cd9b94a58f8b8f90318f6a13d6e6a12678e9742dea8507fbd7ac15e044c","2565470","ec54b07e9a3fcb5349038a53c2aeb51d1fd9fd64e8ce97bae1b5ffec66f5c5a8","8aa6b285eca90f17251001720de437476773c01a656607905b445ec02758f0e1","f99424e60f0445c02b51c7897cd8b7174af72f016bb9f0e7dce91c85ef9144b9","not_recovered","cb704e15bf73a80e87151fc7a786498308b0888b5b69c93a6c61d1fdd789036d","final_refit","planned_not_uploaded","blocked_by_nonportable_model_and_data_interfaces"
"unified_rerun_v1","v1_0315_store_item_20170717_timemixerpp_s47","Store Item","timemixerpp","2017-07-17","47","checkpoint_final.pt","<local-archive>/统一重跑实验_20260826/outputs/full_unified_run_v1/stage2/v1_0315_store_item_20170717_timemixerpp_s47/checkpoint_final.pt","unified_rerun_v1_checkpoints_store_item.zip","0efb5836ad9f18f56fc0a3d2b5dfdaa3d65b3e6177d37d2be71e4a9c5d029aaa","2565534","f1d60c84493953f94246d46ff4b5c81b81f3a66565760db6f44b5104303ee301","f27e4c3c05555d5adfb23085dac839a53d1d398571bf5e0dc174de8f971f65a6","a6bc1fc8cf95123397878f47c6010dcb0ff1db6caf71074c5be9832764e6c4f9","not_recovered","cb704e15bf73a80e87151fc7a786498308b0888b5b69c93a6c61d1fdd789036d","final_refit","planned_not_uploaded","blocked_by_nonportable_model_and_data_interfaces"
